feature,metadata,value,maaslin_coef,maaslin_q,maaslin_joint_q,key,parameter,aldex_est,aldex_q,s_var,key_guess
Holdemania,timepoint,48H,9.472102500106848,2.4841928981741933e-5,1.5693580312401862e-5,Holdemania||timepoint||48H,timepoint48H,6.085632760771216,0.00119823372744826,0.25,Holdemania||timepoint48H
Holdemania,timepoint,48H,9.472102500106848,2.4841928981741933e-5,1.5693580312401862e-5,Holdemania||timepoint||48H,carbohydrateRDC:timepoint48H,2.109930663713581,0.5559455837316807,0.25,Holdemania||carbohydrateRDC:timepoint48H
Holdemania,timepoint,48H,9.472102500106848,2.4841928981741933e-5,1.5693580312401862e-5,Holdemania||timepoint||48H,carbohydrateSDC:timepoint48H,0.9417424799600383,0.931441615881348,0.25,Holdemania||carbohydrateSDC:timepoint48H
Clostridium,timepoint,48H,5.356919897742121,7.887020867802863e-5,8.541472207535557e-5,Clostridium||timepoint||48H,timepoint48H,7.647137353725004,7.274901489450928e-6,0.25,Clostridium||timepoint48H
Clostridium,timepoint,48H,5.356919897742121,7.887020867802863e-5,8.541472207535557e-5,Clostridium||timepoint||48H,carbohydrateRDC:timepoint48H,1.750037571161022,0.5701678809700003,0.25,Clostridium||carbohydrateRDC:timepoint48H
Clostridium,timepoint,48H,5.356919897742121,7.887020867802863e-5,8.541472207535557e-5,Clostridium||timepoint||48H,carbohydrateSDC:timepoint48H,0.5259839102344607,0.962559428100742,0.25,Clostridium||carbohydrateSDC:timepoint48H
Erysipelatoclostridium,timepoint,48H,4.628143766283849,0.00238112201779064,0.00245584682067949,Erysipelatoclostridium||timepoint||48H,timepoint48H,0.8860858713225639,0.9051067140072516,0.25,Erysipelatoclostridium||timepoint48H
Erysipelatoclostridium,timepoint,48H,4.628143766283849,0.00238112201779064,0.00245584682067949,Erysipelatoclostridium||timepoint||48H,carbohydrateRDC:timepoint48H,1.1953445588853624,0.7109901671514894,0.25,Erysipelatoclostridium||carbohydrateRDC:timepoint48H
Erysipelatoclostridium,timepoint,48H,4.628143766283849,0.00238112201779064,0.00245584682067949,Erysipelatoclostridium||timepoint||48H,carbohydrateSDC:timepoint48H,0.8941558931781904,0.9421837545947116,0.25,Erysipelatoclostridium||carbohydrateSDC:timepoint48H
Eggerthella,timepoint,48H,3.9867718441269058,0.00399600122698986,0.00432736354541409,Eggerthella||timepoint||48H,timepoint48H,6.001402855084357,2.696016409168944e-4,0.25,Eggerthella||timepoint48H
Eggerthella,timepoint,48H,3.9867718441269058,0.00399600122698986,0.00432736354541409,Eggerthella||timepoint||48H,carbohydrateRDC:timepoint48H,1.5198623005662066,0.5971415480934426,0.25,Eggerthella||carbohydrateRDC:timepoint48H
Eggerthella,timepoint,48H,3.9867718441269058,0.00399600122698986,0.00432736354541409,Eggerthella||timepoint||48H,carbohydrateSDC:timepoint48H,0.5532768959900318,0.9490780948917944,0.25,Eggerthella||carbohydrateSDC:timepoint48H
Bacteroides,timepoint,48H,6.524628581838714,0.00858778793771199,4.173198894929027e-4,Bacteroides||timepoint||48H,timepoint48H,14.08098388665732,4.8238323058225063e-14,0.25,Bacteroides||timepoint48H
Bacteroides,timepoint,48H,6.524628581838714,0.00858778793771199,4.173198894929027e-4,Bacteroides||timepoint||48H,carbohydrateRDC:timepoint48H,1.2380558501074654,0.7072771115791358,0.25,Bacteroides||carbohydrateRDC:timepoint48H
Bacteroides,timepoint,48H,6.524628581838714,0.00858778793771199,4.173198894929027e-4,Bacteroides||timepoint||48H,carbohydrateSDC:timepoint48H,0.7554577454962714,0.9474034718684816,0.25,Bacteroides||carbohydrateSDC:timepoint48H
Bifidobacterium,carbohydrate,SDC:timepoint48H,3.276407949966832,0.07453893945839182,0.08483796037425158,Bifidobacterium||carbohydrate||SDC:timepoint48H,carbohydrateRDC,-1.1656085072826874,0.7064618251521337,0.25,Bifidobacterium||carbohydrateRDC
Bifidobacterium,carbohydrate,SDC:timepoint48H,3.276407949966832,0.07453893945839182,0.08483796037425158,Bifidobacterium||carbohydrate||SDC:timepoint48H,carbohydrateSDC,0.1330734720974961,1,0.25,Bifidobacterium||carbohydrateSDC
Bifidobacterium,carbohydrate,SDC:timepoint48H,3.276407949966832,0.07453893945839182,0.08483796037425158,Bifidobacterium||carbohydrate||SDC:timepoint48H,timepoint48H,0.26836987607150836,0.9991158330782032,0.25,Bifidobacterium||timepoint48H
Bifidobacterium,carbohydrate,SDC:timepoint48H,3.276407949966832,0.07453893945839182,0.08483796037425158,Bifidobacterium||carbohydrate||SDC:timepoint48H,carbohydrateRDC:timepoint48H,4.316423836297224,0.22046229369499945,0.25,Bifidobacterium||carbohydrateRDC:timepoint48H
Bifidobacterium,carbohydrate,SDC:timepoint48H,3.276407949966832,0.07453893945839182,0.08483796037425158,Bifidobacterium||carbohydrate||SDC:timepoint48H,carbohydrateSDC:timepoint48H,3.2602644794924425,0.6841605453394017,0.25,Bifidobacterium||carbohydrateSDC:timepoint48H
Paenibacillus,timepoint,48H,2.8427980428410775,0.0891248783704603,0.01166538647309463,Paenibacillus||timepoint||48H,timepoint48H,-3.5972692495310303,0.5482822017060631,0.25,Paenibacillus||timepoint48H
Paenibacillus,timepoint,48H,2.8427980428410775,0.0891248783704603,0.01166538647309463,Paenibacillus||timepoint||48H,carbohydrateRDC:timepoint48H,2.1962151056607135,0.5530753031448552,0.25,Paenibacillus||carbohydrateRDC:timepoint48H
Paenibacillus,timepoint,48H,2.8427980428410775,0.0891248783704603,0.01166538647309463,Paenibacillus||timepoint||48H,carbohydrateSDC:timepoint48H,1.7427696009148106,0.902329965449975,0.25,Paenibacillus||carbohydrateSDC:timepoint48H
Terrisporobacter,obesity_group,obesity,-1.7111599303123417,0.12102821199038534,0.12534074753176389,Terrisporobacter||obesity_group||obesity,obesity_groupobesity,-3.5876865962945628,0.25971388350978125,0.25,Terrisporobacter||obesity_groupobesity
Fusicatenibacter,carbohydrate,SDC:timepoint48H,3.776598994136799,0.12493994496465824,0.12948065064404163,Fusicatenibacter||carbohydrate||SDC:timepoint48H,carbohydrateRDC,-0.8008326632397791,0.7604676489930458,0.25,Fusicatenibacter||carbohydrateRDC
Fusicatenibacter,carbohydrate,SDC:timepoint48H,3.776598994136799,0.12493994496465824,0.12948065064404163,Fusicatenibacter||carbohydrate||SDC:timepoint48H,carbohydrateSDC,0.4656494969216269,1,0.25,Fusicatenibacter||carbohydrateSDC
Fusicatenibacter,carbohydrate,SDC:timepoint48H,3.776598994136799,0.12493994496465824,0.12948065064404163,Fusicatenibacter||carbohydrate||SDC:timepoint48H,timepoint48H,-2.3713319577910315,0.8182681969127906,0.25,Fusicatenibacter||timepoint48H
Fusicatenibacter,carbohydrate,SDC:timepoint48H,3.776598994136799,0.12493994496465824,0.12948065064404163,Fusicatenibacter||carbohydrate||SDC:timepoint48H,carbohydrateRDC:timepoint48H,2.6563677267805574,0.4617535577374844,0.25,Fusicatenibacter||carbohydrateRDC:timepoint48H
Fusicatenibacter,carbohydrate,SDC:timepoint48H,3.776598994136799,0.12493994496465824,0.12948065064404163,Fusicatenibacter||carbohydrate||SDC:timepoint48H,carbohydrateSDC:timepoint48H,4.30843911795709,0.5812375885148636,0.25,Fusicatenibacter||carbohydrateSDC:timepoint48H
Bifidobacterium,carbohydrate,RDC:timepoint48H,3.0155901908511544,0.12919080573337732,0.13465271566056938,Bifidobacterium||carbohydrate||RDC:timepoint48H,carbohydrateRDC,-1.1656085072826874,0.7064618251521337,0.25,Bifidobacterium||carbohydrateRDC
Bifidobacterium,carbohydrate,RDC:timepoint48H,3.0155901908511544,0.12919080573337732,0.13465271566056938,Bifidobacterium||carbohydrate||RDC:timepoint48H,carbohydrateSDC,0.1330734720974961,1,0.25,Bifidobacterium||carbohydrateSDC
Bifidobacterium,carbohydrate,RDC:timepoint48H,3.0155901908511544,0.12919080573337732,0.13465271566056938,Bifidobacterium||carbohydrate||RDC:timepoint48H,timepoint48H,0.26836987607150836,0.9991158330782032,0.25,Bifidobacterium||timepoint48H
Bifidobacterium,carbohydrate,RDC:timepoint48H,3.0155901908511544,0.12919080573337732,0.13465271566056938,Bifidobacterium||carbohydrate||RDC:timepoint48H,carbohydrateRDC:timepoint48H,4.316423836297224,0.22046229369499945,0.25,Bifidobacterium||carbohydrateRDC:timepoint48H
Bifidobacterium,carbohydrate,RDC:timepoint48H,3.0155901908511544,0.12919080573337732,0.13465271566056938,Bifidobacterium||carbohydrate||RDC:timepoint48H,carbohydrateSDC:timepoint48H,3.2602644794924425,0.6841605453394017,0.25,Bifidobacterium||carbohydrateSDC:timepoint48H
Lachnoclostridium,timepoint,48H,2.68765676278415,0.12919080573337732,0.1394013270289033,Lachnoclostridium||timepoint||48H,timepoint48H,2.645337631136192,0.19105077001265663,0.25,Lachnoclostridium||timepoint48H
Lachnoclostridium,timepoint,48H,2.68765676278415,0.12919080573337732,0.1394013270289033,Lachnoclostridium||timepoint||48H,carbohydrateRDC:timepoint48H,0.43554984881100506,0.8889295682318676,0.25,Lachnoclostridium||carbohydrateRDC:timepoint48H
Lachnoclostridium,timepoint,48H,2.68765676278415,0.12919080573337732,0.1394013270289033,Lachnoclostridium||timepoint||48H,carbohydrateSDC:timepoint48H,-0.1570195482648399,0.9991022691597377,0.25,Lachnoclostridium||carbohydrateSDC:timepoint48H
Turicibacter,carbohydrate,SDC:timepoint48H,3.3764061601880244,0.13891039291774174,0.14983675946303948,Turicibacter||carbohydrate||SDC:timepoint48H,carbohydrateRDC,-1.4977693485192427,0.7097485238466421,0.25,Turicibacter||carbohydrateRDC
Turicibacter,carbohydrate,SDC:timepoint48H,3.3764061601880244,0.13891039291774174,0.14983675946303948,Turicibacter||carbohydrate||SDC:timepoint48H,carbohydrateSDC,-0.34746369691449364,1,0.25,Turicibacter||carbohydrateSDC
Turicibacter,carbohydrate,SDC:timepoint48H,3.3764061601880244,0.13891039291774174,0.14983675946303948,Turicibacter||carbohydrate||SDC:timepoint48H,timepoint48H,0.00146750045501066,0.997665305152928,0.25,Turicibacter||timepoint48H
Turicibacter,carbohydrate,SDC:timepoint48H,3.3764061601880244,0.13891039291774174,0.14983675946303948,Turicibacter||carbohydrate||SDC:timepoint48H,carbohydrateRDC:timepoint48H,2.776835618289368,0.45785440340536776,0.25,Turicibacter||carbohydrateRDC:timepoint48H
Turicibacter,carbohydrate,SDC:timepoint48H,3.3764061601880244,0.13891039291774174,0.14983675946303948,Turicibacter||carbohydrate||SDC:timepoint48H,carbohydrateSDC:timepoint48H,1.715152572405218,0.895166603958311,0.25,Turicibacter||carbohydrateSDC:timepoint48H
Escherichia,timepoint,48H,4.353042902984831,0.1956847311210567,0.00120335854817557,Escherichia||timepoint||48H,timepoint48H,11.817822766700338,2.61061922658216e-10,0.25,Escherichia||timepoint48H
Escherichia,timepoint,48H,4.353042902984831,0.1956847311210567,0.00120335854817557,Escherichia||timepoint||48H,carbohydrateRDC:timepoint48H,2.6329091589177276,0.4951891627676879,0.25,Escherichia||carbohydrateRDC:timepoint48H
Escherichia,timepoint,48H,4.353042902984831,0.1956847311210567,0.00120335854817557,Escherichia||timepoint||48H,carbohydrateSDC:timepoint48H,1.7690346579847502,0.8885028307381596,0.25,Escherichia||carbohydrateSDC:timepoint48H
Intestinibacter,timepoint,48H,2.5203259511572793,0.21578102522043596,0.24687834146417656,Intestinibacter||timepoint||48H,timepoint48H,2.2807168162025393,0.39533891425001205,0.25,Intestinibacter||timepoint48H
Intestinibacter,timepoint,48H,2.5203259511572793,0.21578102522043596,0.24687834146417656,Intestinibacter||timepoint||48H,carbohydrateRDC:timepoint48H,1.8625239941782643,0.558501614453007,0.25,Intestinibacter||carbohydrateRDC:timepoint48H
Intestinibacter,timepoint,48H,2.5203259511572793,0.21578102522043596,0.24687834146417656,Intestinibacter||timepoint||48H,carbohydrateSDC:timepoint48H,0.4889399247102847,0.9634454000464978,0.25,Intestinibacter||carbohydrateSDC:timepoint48H
Roseburia,timepoint,48H,2.4816060827166173,0.24046912904985715,0.27007281572886527,Roseburia||timepoint||48H,timepoint48H,1.7464600314298329,0.6749679522544921,0.25,Roseburia||timepoint48H
Roseburia,timepoint,48H,2.4816060827166173,0.24046912904985715,0.27007281572886527,Roseburia||timepoint||48H,carbohydrateRDC:timepoint48H,2.3695336673826843,0.5236782532680999,0.25,Roseburia||carbohydrateRDC:timepoint48H
Roseburia,timepoint,48H,2.4816060827166173,0.24046912904985715,0.27007281572886527,Roseburia||timepoint||48H,carbohydrateSDC:timepoint48H,0.3734791371158808,0.9659639286522944,0.25,Roseburia||carbohydrateSDC:timepoint48H
Parabacteroides,timepoint,48H,5.48385740368631,0.2412022043101733,3.2714522387865074e-5,Parabacteroides||timepoint||48H,timepoint48H,12.56756271872181,9.657723116599884e-12,0.25,Parabacteroides||timepoint48H
Parabacteroides,timepoint,48H,5.48385740368631,0.2412022043101733,3.2714522387865074e-5,Parabacteroides||timepoint||48H,carbohydrateRDC:timepoint48H,0.3363710306242139,0.8741243747339781,0.25,Parabacteroides||carbohydrateRDC:timepoint48H
Parabacteroides,timepoint,48H,5.48385740368631,0.2412022043101733,3.2714522387865074e-5,Parabacteroides||timepoint||48H,carbohydrateSDC:timepoint48H,1.0566976511297814,0.9354729298520528,0.25,Parabacteroides||carbohydrateSDC:timepoint48H
Gordonibacter,timepoint,48H,2.1604395078353025,0.2550857161416294,0.28964501697685874,Gordonibacter||timepoint||48H,timepoint48H,0.764813938251037,0.9201531783786882,0.25,Gordonibacter||timepoint48H
Gordonibacter,timepoint,48H,2.1604395078353025,0.2550857161416294,0.28964501697685874,Gordonibacter||timepoint||48H,carbohydrateRDC:timepoint48H,2.06028935488853,0.5531527353819774,0.25,Gordonibacter||carbohydrateRDC:timepoint48H
Gordonibacter,timepoint,48H,2.1604395078353025,0.2550857161416294,0.28964501697685874,Gordonibacter||timepoint||48H,carbohydrateSDC:timepoint48H,2.053750484045855,0.8764448901896287,0.25,Gordonibacter||carbohydrateSDC:timepoint48H
f__Ruminococcaceae,timepoint,48H,2.0110227902607427,0.26072542924805586,0.29570448924234316,f__Ruminococcaceae||timepoint||48H,timepoint48H,1.8722250090311263,0.45210850544925374,0.25,f__Ruminococcaceae||timepoint48H
f__Ruminococcaceae,timepoint,48H,2.0110227902607427,0.26072542924805586,0.29570448924234316,f__Ruminococcaceae||timepoint||48H,carbohydrateRDC:timepoint48H,0.4745415913567904,0.8811835102153893,0.25,f__Ruminococcaceae||carbohydrateRDC:timepoint48H
f__Ruminococcaceae,timepoint,48H,2.0110227902607427,0.26072542924805586,0.29570448924234316,f__Ruminococcaceae||timepoint||48H,carbohydrateSDC:timepoint48H,-0.0581296106802353,0.9989899091444538,0.25,f__Ruminococcaceae||carbohydrateSDC:timepoint48H
Dorea,carbohydrate,SDC:timepoint48H,2.3757329995399923,0.30643221862699993,0.345956856548648,Dorea||carbohydrate||SDC:timepoint48H,carbohydrateRDC,-1.4509986427343262,0.7064618251521337,0.25,Dorea||carbohydrateRDC
Dorea,carbohydrate,SDC:timepoint48H,2.3757329995399923,0.30643221862699993,0.345956856548648,Dorea||carbohydrate||SDC:timepoint48H,carbohydrateSDC,0.00782676549188774,1,0.25,Dorea||carbohydrateSDC
Dorea,carbohydrate,SDC:timepoint48H,2.3757329995399923,0.30643221862699993,0.345956856548648,Dorea||carbohydrate||SDC:timepoint48H,timepoint48H,-1.723312225546493,0.963319121714049,0.25,Dorea||timepoint48H
Dorea,carbohydrate,SDC:timepoint48H,2.3757329995399923,0.30643221862699993,0.345956856548648,Dorea||carbohydrate||SDC:timepoint48H,carbohydrateRDC:timepoint48H,2.9418636462937378,0.4405240049858738,0.25,Dorea||carbohydrateRDC:timepoint48H
Dorea,carbohydrate,SDC:timepoint48H,2.3757329995399923,0.30643221862699993,0.345956856548648,Dorea||carbohydrate||SDC:timepoint48H,carbohydrateSDC:timepoint48H,1.4621106924372826,0.8973515722021589,0.25,Dorea||carbohydrateSDC:timepoint48H
Turicibacter,carbohydrate,RDC:timepoint48H,2.8191386816438233,0.3128740633762838,0.3605971398381945,Turicibacter||carbohydrate||RDC:timepoint48H,carbohydrateRDC,-1.4977693485192427,0.7097485238466421,0.25,Turicibacter||carbohydrateRDC
Turicibacter,carbohydrate,RDC:timepoint48H,2.8191386816438233,0.3128740633762838,0.3605971398381945,Turicibacter||carbohydrate||RDC:timepoint48H,carbohydrateSDC,-0.34746369691449364,1,0.25,Turicibacter||carbohydrateSDC
Turicibacter,carbohydrate,RDC:timepoint48H,2.8191386816438233,0.3128740633762838,0.3605971398381945,Turicibacter||carbohydrate||RDC:timepoint48H,timepoint48H,0.00146750045501066,0.997665305152928,0.25,Turicibacter||timepoint48H
Turicibacter,carbohydrate,RDC:timepoint48H,2.8191386816438233,0.3128740633762838,0.3605971398381945,Turicibacter||carbohydrate||RDC:timepoint48H,carbohydrateRDC:timepoint48H,2.776835618289368,0.45785440340536776,0.25,Turicibacter||carbohydrateRDC:timepoint48H
Turicibacter,carbohydrate,RDC:timepoint48H,2.8191386816438233,0.3128740633762838,0.3605971398381945,Turicibacter||carbohydrate||RDC:timepoint48H,carbohydrateSDC:timepoint48H,1.715152572405218,0.895166603958311,0.25,Turicibacter||carbohydrateSDC:timepoint48H
f__Coriobacteriaceae,carbohydrate,SDC:timepoint48H,4.248601065671028,0.3142000580587448,0.36169875988379024,f__Coriobacteriaceae||carbohydrate||SDC:timepoint48H,carbohydrateRDC,-0.2714070012987587,0.8872201753753803,0.25,f__Coriobacteriaceae||carbohydrateRDC
f__Coriobacteriaceae,carbohydrate,SDC:timepoint48H,4.248601065671028,0.3142000580587448,0.36169875988379024,f__Coriobacteriaceae||carbohydrate||SDC:timepoint48H,carbohydrateSDC,0.4415338619104648,1,0.25,f__Coriobacteriaceae||carbohydrateSDC
f__Coriobacteriaceae,carbohydrate,SDC:timepoint48H,4.248601065671028,0.3142000580587448,0.36169875988379024,f__Coriobacteriaceae||carbohydrate||SDC:timepoint48H,timepoint48H,0.2216537699369777,0.9734389406128756,0.25,f__Coriobacteriaceae||timepoint48H
f__Coriobacteriaceae,carbohydrate,SDC:timepoint48H,4.248601065671028,0.3142000580587448,0.36169875988379024,f__Coriobacteriaceae||carbohydrate||SDC:timepoint48H,carbohydrateRDC:timepoint48H,1.6207565620884663,0.630505744829326,0.25,f__Coriobacteriaceae||carbohydrateRDC:timepoint48H
f__Coriobacteriaceae,carbohydrate,SDC:timepoint48H,4.248601065671028,0.3142000580587448,0.36169875988379024,f__Coriobacteriaceae||carbohydrate||SDC:timepoint48H,carbohydrateSDC:timepoint48H,1.2522262935231283,0.9205361321266584,0.25,f__Coriobacteriaceae||carbohydrateSDC:timepoint48H
Dialister,carbohydrate,RDC:timepoint48H,4.383413658685289,0.35650398250284904,0.41197256800611654,Dialister||carbohydrate||RDC:timepoint48H,carbohydrateRDC,-1.4696554665252022,0.7279777558029578,0.25,Dialister||carbohydrateRDC
Dialister,carbohydrate,RDC:timepoint48H,4.383413658685289,0.35650398250284904,0.41197256800611654,Dialister||carbohydrate||RDC:timepoint48H,carbohydrateSDC,-0.2612795613303336,1,0.25,Dialister||carbohydrateSDC
Dialister,carbohydrate,RDC:timepoint48H,4.383413658685289,0.35650398250284904,0.41197256800611654,Dialister||carbohydrate||RDC:timepoint48H,timepoint48H,0.42305211262848447,0.9658408087469884,0.25,Dialister||timepoint48H
Dialister,carbohydrate,RDC:timepoint48H,4.383413658685289,0.35650398250284904,0.41197256800611654,Dialister||carbohydrate||RDC:timepoint48H,carbohydrateRDC:timepoint48H,2.6362368442684145,0.5071818482701311,0.25,Dialister||carbohydrateRDC:timepoint48H
Dialister,carbohydrate,RDC:timepoint48H,4.383413658685289,0.35650398250284904,0.41197256800611654,Dialister||carbohydrate||RDC:timepoint48H,carbohydrateSDC:timepoint48H,1.826983185833838,0.9003090931053331,0.25,Dialister||carbohydrateSDC:timepoint48H
Escherichia,carbohydrate,SDC:timepoint48H,4.234863356986472,0.3693065843603133,0.4260146836984543,Escherichia||carbohydrate||SDC:timepoint48H,carbohydrateRDC,-0.635435553286886,0.820691206337444,0.25,Escherichia||carbohydrateRDC
Escherichia,carbohydrate,SDC:timepoint48H,4.234863356986472,0.3693065843603133,0.4260146836984543,Escherichia||carbohydrate||SDC:timepoint48H,carbohydrateSDC,0.35711798717650667,1,0.25,Escherichia||carbohydrateSDC
Escherichia,carbohydrate,SDC:timepoint48H,4.234863356986472,0.3693065843603133,0.4260146836984543,Escherichia||carbohydrate||SDC:timepoint48H,timepoint48H,11.817822766700338,2.61061922658216e-10,0.25,Escherichia||timepoint48H
Escherichia,carbohydrate,SDC:timepoint48H,4.234863356986472,0.3693065843603133,0.4260146836984543,Escherichia||carbohydrate||SDC:timepoint48H,carbohydrateRDC:timepoint48H,2.6329091589177276,0.4951891627676879,0.25,Escherichia||carbohydrateRDC:timepoint48H
Escherichia,carbohydrate,SDC:timepoint48H,4.234863356986472,0.3693065843603133,0.4260146836984543,Escherichia||carbohydrate||SDC:timepoint48H,carbohydrateSDC:timepoint48H,1.7690346579847502,0.8885028307381596,0.25,Escherichia||carbohydrateSDC:timepoint48H
Turicibacter,obesity_group,obesity,-1.2648528520611078,0.3879338772198314,0.4456017221486097,Turicibacter||obesity_group||obesity,obesity_groupobesity,-1.86947523378409,0.8268325865736101,0.25,Turicibacter||obesity_groupobesity
Faecalibacterium,carbohydrate,RDC:timepoint48H,2.8973208369806276,0.4246872251995762,0.47429760925419107,Faecalibacterium||carbohydrate||RDC:timepoint48H,carbohydrateRDC,-0.63648269973518945,0.8159841187673448,0.25,Faecalibacterium||carbohydrateRDC
Faecalibacterium,carbohydrate,RDC:timepoint48H,2.8973208369806276,0.4246872251995762,0.47429760925419107,Faecalibacterium||carbohydrate||RDC:timepoint48H,carbohydrateSDC,0.6039094276657173,1,0.25,Faecalibacterium||carbohydrateSDC
Faecalibacterium,carbohydrate,RDC:timepoint48H,2.8973208369806276,0.4246872251995762,0.47429760925419107,Faecalibacterium||carbohydrate||RDC:timepoint48H,timepoint48H,0.17756030839345777,0.9977386119387548,0.25,Faecalibacterium||timepoint48H
Faecalibacterium,carbohydrate,RDC:timepoint48H,2.8973208369806276,0.4246872251995762,0.47429760925419107,Faecalibacterium||carbohydrate||RDC:timepoint48H,carbohydrateRDC:timepoint48H,3.4972147316237803,0.4305260959024649,0.25,Faecalibacterium||carbohydrateRDC:timepoint48H
Faecalibacterium,carbohydrate,RDC:timepoint48H,2.8973208369806276,0.4246872251995762,0.47429760925419107,Faecalibacterium||carbohydrate||RDC:timepoint48H,carbohydrateSDC:timepoint48H,3.466028242258904,0.7687246558235907,0.25,Faecalibacterium||carbohydrateSDC:timepoint48H
Ruminiclostridium,timepoint,48H,1.903514793949382,0.4305438235999171,0.47993769013069915,Ruminiclostridium||timepoint||48H,timepoint48H,1.2893942300660477,0.8574171507833477,0.25,Ruminiclostridium||timepoint48H
Ruminiclostridium,timepoint,48H,1.903514793949382,0.4305438235999171,0.47993769013069915,Ruminiclostridium||timepoint||48H,carbohydrateRDC:timepoint48H,1.64605789896775,0.6289164436763669,0.25,Ruminiclostridium||carbohydrateRDC:timepoint48H
Ruminiclostridium,timepoint,48H,1.903514793949382,0.4305438235999171,0.47993769013069915,Ruminiclostridium||timepoint||48H,carbohydrateSDC:timepoint48H,1.2967733171901383,0.9193522562875672,0.25,Ruminiclostridium||carbohydrateSDC:timepoint48H
Escherichia,carbohydrate,RDC:timepoint48H,4.046117968719665,0.44276014507114,0.4928495602044833,Escherichia||carbohydrate||RDC:timepoint48H,carbohydrateRDC,-0.635435553286886,0.820691206337444,0.25,Escherichia||carbohydrateRDC
Escherichia,carbohydrate,RDC:timepoint48H,4.046117968719665,0.44276014507114,0.4928495602044833,Escherichia||carbohydrate||RDC:timepoint48H,carbohydrateSDC,0.35711798717650667,1,0.25,Escherichia||carbohydrateSDC
Escherichia,carbohydrate,RDC:timepoint48H,4.046117968719665,0.44276014507114,0.4928495602044833,Escherichia||carbohydrate||RDC:timepoint48H,timepoint48H,11.817822766700338,2.61061922658216e-10,0.25,Escherichia||timepoint48H
Escherichia,carbohydrate,RDC:timepoint48H,4.046117968719665,0.44276014507114,0.4928495602044833,Escherichia||carbohydrate||RDC:timepoint48H,carbohydrateRDC:timepoint48H,2.6329091589177276,0.4951891627676879,0.25,Escherichia||carbohydrateRDC:timepoint48H
Escherichia,carbohydrate,RDC:timepoint48H,4.046117968719665,0.44276014507114,0.4928495602044833,Escherichia||carbohydrate||RDC:timepoint48H,carbohydrateSDC:timepoint48H,1.7690346579847502,0.8885028307381596,0.25,Escherichia||carbohydrateSDC:timepoint48H
Faecalibacterium,carbohydrate,SDC:timepoint48H,2.791412964788724,0.455561682517572,0.5082739468553485,Faecalibacterium||carbohydrate||SDC:timepoint48H,carbohydrateRDC,-0.63648269973518945,0.8159841187673448,0.25,Faecalibacterium||carbohydrateRDC
Faecalibacterium,carbohydrate,SDC:timepoint48H,2.791412964788724,0.455561682517572,0.5082739468553485,Faecalibacterium||carbohydrate||SDC:timepoint48H,carbohydrateSDC,0.6039094276657173,1,0.25,Faecalibacterium||carbohydrateSDC
Faecalibacterium,carbohydrate,SDC:timepoint48H,2.791412964788724,0.455561682517572,0.5082739468553485,Faecalibacterium||carbohydrate||SDC:timepoint48H,timepoint48H,0.17756030839345777,0.9977386119387548,0.25,Faecalibacterium||timepoint48H
Faecalibacterium,carbohydrate,SDC:timepoint48H,2.791412964788724,0.455561682517572,0.5082739468553485,Faecalibacterium||carbohydrate||SDC:timepoint48H,carbohydrateRDC:timepoint48H,3.4972147316237803,0.4305260959024649,0.25,Faecalibacterium||carbohydrateRDC:timepoint48H
Faecalibacterium,carbohydrate,SDC:timepoint48H,2.791412964788724,0.455561682517572,0.5082739468553485,Faecalibacterium||carbohydrate||SDC:timepoint48H,carbohydrateSDC:timepoint48H,3.466028242258904,0.7687246558235907,0.25,Faecalibacterium||carbohydrateSDC:timepoint48H
Akkermansia,timepoint,48H,2.5153129789230126,0.47504021305502286,0.08657177746667029,Akkermansia||timepoint||48H,timepoint48H,6.963327683566087,3.935216905232225e-4,0.25,Akkermansia||timepoint48H
Akkermansia,timepoint,48H,2.5153129789230126,0.47504021305502286,0.08657177746667029,Akkermansia||timepoint||48H,carbohydrateRDC:timepoint48H,-0.2706832776280569,0.964342369319102,0.25,Akkermansia||carbohydrateRDC:timepoint48H
Akkermansia,timepoint,48H,2.5153129789230126,0.47504021305502286,0.08657177746667029,Akkermansia||timepoint||48H,carbohydrateSDC:timepoint48H,-1.8929204410936495,1,0.25,Akkermansia||carbohydrateSDC:timepoint48H
Dorea,carbohydrate,RDC:timepoint48H,1.9697977047067932,0.5494940060226796,0.6096924079406629,Dorea||carbohydrate||RDC:timepoint48H,carbohydrateRDC,-1.4509986427343262,0.7064618251521337,0.25,Dorea||carbohydrateRDC
Dorea,carbohydrate,RDC:timepoint48H,1.9697977047067932,0.5494940060226796,0.6096924079406629,Dorea||carbohydrate||RDC:timepoint48H,carbohydrateSDC,0.00782676549188774,1,0.25,Dorea||carbohydrateSDC
Dorea,carbohydrate,RDC:timepoint48H,1.9697977047067932,0.5494940060226796,0.6096924079406629,Dorea||carbohydrate||RDC:timepoint48H,timepoint48H,-1.723312225546493,0.963319121714049,0.25,Dorea||timepoint48H
Dorea,carbohydrate,RDC:timepoint48H,1.9697977047067932,0.5494940060226796,0.6096924079406629,Dorea||carbohydrate||RDC:timepoint48H,carbohydrateRDC:timepoint48H,2.9418636462937378,0.4405240049858738,0.25,Dorea||carbohydrateRDC:timepoint48H
Dorea,carbohydrate,RDC:timepoint48H,1.9697977047067932,0.5494940060226796,0.6096924079406629,Dorea||carbohydrate||RDC:timepoint48H,carbohydrateSDC:timepoint48H,1.4621106924372826,0.8973515722021589,0.25,Dorea||carbohydrateSDC:timepoint48H
Collinsella,carbohydrate,RDC:timepoint48H,2.405306640538989,0.5520626845307391,0.6119384090904728,Collinsella||carbohydrate||RDC:timepoint48H,carbohydrateRDC,-2.0047945577666137,0.7076600321837951,0.25,Collinsella||carbohydrateRDC
Collinsella,carbohydrate,RDC:timepoint48H,2.405306640538989,0.5520626845307391,0.6119384090904728,Collinsella||carbohydrate||RDC:timepoint48H,carbohydrateSDC,-0.978277621278758,1,0.25,Collinsella||carbohydrateSDC
Collinsella,carbohydrate,RDC:timepoint48H,2.405306640538989,0.5520626845307391,0.6119384090904728,Collinsella||carbohydrate||RDC:timepoint48H,timepoint48H,2.7322352963463934,0.3556783568716549,0.25,Collinsella||timepoint48H
Collinsella,carbohydrate,RDC:timepoint48H,2.405306640538989,0.5520626845307391,0.6119384090904728,Collinsella||carbohydrate||RDC:timepoint48H,carbohydrateRDC:timepoint48H,4.624053917753281,0.3774297936792237,0.25,Collinsella||carbohydrateRDC:timepoint48H
Collinsella,carbohydrate,RDC:timepoint48H,2.405306640538989,0.5520626845307391,0.6119384090904728,Collinsella||carbohydrate||RDC:timepoint48H,carbohydrateSDC:timepoint48H,3.325460580729446,0.8299822847377112,0.25,Collinsella||carbohydrateSDC:timepoint48H
Lactococcus,obesity_group,obesity,1.253801717699337,0.5665188248524641,0.6317727165839195,Lactococcus||obesity_group||obesity,obesity_groupobesity,0.5636300577108061,1,0.25,Lactococcus||obesity_groupobesity
Blautia,carbohydrate,SDC:timepoint48H,1.9237935078158204,0.5864586629776709,0.4342036016116298,Blautia||carbohydrate||SDC:timepoint48H,carbohydrateRDC,-1.4101671687778758,0.7064618251521337,0.25,Blautia||carbohydrateRDC
Blautia,carbohydrate,SDC:timepoint48H,1.9237935078158204,0.5864586629776709,0.4342036016116298,Blautia||carbohydrate||SDC:timepoint48H,carbohydrateSDC,0.04151393832795844,1,0.25,Blautia||carbohydrateSDC
Blautia,carbohydrate,SDC:timepoint48H,1.9237935078158204,0.5864586629776709,0.4342036016116298,Blautia||carbohydrate||SDC:timepoint48H,timepoint48H,-0.3038439394806882,1,0.25,Blautia||timepoint48H
Blautia,carbohydrate,SDC:timepoint48H,1.9237935078158204,0.5864586629776709,0.4342036016116298,Blautia||carbohydrate||SDC:timepoint48H,carbohydrateRDC:timepoint48H,2.4338586700981257,0.4560382607634186,0.25,Blautia||carbohydrateRDC:timepoint48H
Blautia,carbohydrate,SDC:timepoint48H,1.9237935078158204,0.5864586629776709,0.4342036016116298,Blautia||carbohydrate||SDC:timepoint48H,carbohydrateSDC:timepoint48H,1.7209294021416175,0.8893020353334591,0.25,Blautia||carbohydrateSDC:timepoint48H
Clostridium,carbohydrate,SDC:timepoint48H,2.3069359094335136,0.5864586629776709,0.6562340789897076,Clostridium||carbohydrate||SDC:timepoint48H,carbohydrateRDC,-1.121652774384593,0.7336037475335895,0.25,Clostridium||carbohydrateRDC
Clostridium,carbohydrate,SDC:timepoint48H,2.3069359094335136,0.5864586629776709,0.6562340789897076,Clostridium||carbohydrate||SDC:timepoint48H,carbohydrateSDC,-0.2469763144280594,1,0.25,Clostridium||carbohydrateSDC
Clostridium,carbohydrate,SDC:timepoint48H,2.3069359094335136,0.5864586629776709,0.6562340789897076,Clostridium||carbohydrate||SDC:timepoint48H,timepoint48H,7.647137353725004,7.274901489450928e-6,0.25,Clostridium||timepoint48H
Clostridium,carbohydrate,SDC:timepoint48H,2.3069359094335136,0.5864586629776709,0.6562340789897076,Clostridium||carbohydrate||SDC:timepoint48H,carbohydrateRDC:timepoint48H,1.750037571161022,0.5701678809700003,0.25,Clostridium||carbohydrateRDC:timepoint48H
Clostridium,carbohydrate,SDC:timepoint48H,2.3069359094335136,0.5864586629776709,0.6562340789897076,Clostridium||carbohydrate||SDC:timepoint48H,carbohydrateSDC:timepoint48H,0.5259839102344607,0.962559428100742,0.25,Clostridium||carbohydrateSDC:timepoint48H
Collinsella,carbohydrate,SDC:timepoint48H,2.3245614307710407,0.5864586629776709,0.6562340789897076,Collinsella||carbohydrate||SDC:timepoint48H,carbohydrateRDC,-2.0047945577666137,0.7076600321837951,0.25,Collinsella||carbohydrateRDC
Collinsella,carbohydrate,SDC:timepoint48H,2.3245614307710407,0.5864586629776709,0.6562340789897076,Collinsella||carbohydrate||SDC:timepoint48H,carbohydrateSDC,-0.978277621278758,1,0.25,Collinsella||carbohydrateSDC
Collinsella,carbohydrate,SDC:timepoint48H,2.3245614307710407,0.5864586629776709,0.6562340789897076,Collinsella||carbohydrate||SDC:timepoint48H,timepoint48H,2.7322352963463934,0.3556783568716549,0.25,Collinsella||timepoint48H
Collinsella,carbohydrate,SDC:timepoint48H,2.3245614307710407,0.5864586629776709,0.6562340789897076,Collinsella||carbohydrate||SDC:timepoint48H,carbohydrateRDC:timepoint48H,4.624053917753281,0.3774297936792237,0.25,Collinsella||carbohydrateRDC:timepoint48H
Collinsella,carbohydrate,SDC:timepoint48H,2.3245614307710407,0.5864586629776709,0.6562340789897076,Collinsella||carbohydrate||SDC:timepoint48H,carbohydrateSDC:timepoint48H,3.325460580729446,0.8299822847377112,0.25,Collinsella||carbohydrateSDC:timepoint48H
Anaerostipes,carbohydrate,SDC:timepoint48H,2.220292167786062,0.6425968993123812,0.7093404816207732,Anaerostipes||carbohydrate||SDC:timepoint48H,carbohydrateRDC,-1.092950841101764,0.7134982300982782,0.25,Anaerostipes||carbohydrateRDC
Anaerostipes,carbohydrate,SDC:timepoint48H,2.220292167786062,0.6425968993123812,0.7093404816207732,Anaerostipes||carbohydrate||SDC:timepoint48H,carbohydrateSDC,0.03524135050460958,1,0.25,Anaerostipes||carbohydrateSDC
Anaerostipes,carbohydrate,SDC:timepoint48H,2.220292167786062,0.6425968993123812,0.7093404816207732,Anaerostipes||carbohydrate||SDC:timepoint48H,timepoint48H,-2.812642144772165,0.6726374014175993,0.25,Anaerostipes||timepoint48H
Anaerostipes,carbohydrate,SDC:timepoint48H,2.220292167786062,0.6425968993123812,0.7093404816207732,Anaerostipes||carbohydrate||SDC:timepoint48H,carbohydrateRDC:timepoint48H,1.6959283258888034,0.5659774049784525,0.25,Anaerostipes||carbohydrateRDC:timepoint48H
Anaerostipes,carbohydrate,SDC:timepoint48H,2.220292167786062,0.6425968993123812,0.7093404816207732,Anaerostipes||carbohydrate||SDC:timepoint48H,carbohydrateSDC:timepoint48H,1.7820084053281144,0.8933976710546789,0.25,Anaerostipes||carbohydrateSDC:timepoint48H
o__Clostridiales,carbohydrate,SDC:timepoint48H,2.282850754783833,0.6504478923335467,0.7093404816207732,o__Clostridiales||carbohydrate||SDC:timepoint48H,carbohydrateRDC,-1.1459391863861936,0.7491615784097008,0.25,o__Clostridiales||carbohydrateRDC
o__Clostridiales,carbohydrate,SDC:timepoint48H,2.282850754783833,0.6504478923335467,0.7093404816207732,o__Clostridiales||carbohydrate||SDC:timepoint48H,carbohydrateSDC,-0.04382816670054507,1,0.25,o__Clostridiales||carbohydrateSDC
o__Clostridiales,carbohydrate,SDC:timepoint48H,2.282850754783833,0.6504478923335467,0.7093404816207732,o__Clostridiales||carbohydrate||SDC:timepoint48H,timepoint48H,1.5965481916193311,0.6698268576451647,0.25,o__Clostridiales||timepoint48H
o__Clostridiales,carbohydrate,SDC:timepoint48H,2.282850754783833,0.6504478923335467,0.7093404816207732,o__Clostridiales||carbohydrate||SDC:timepoint48H,carbohydrateRDC:timepoint48H,2.143696185711374,0.5486471018778893,0.25,o__Clostridiales||carbohydrateRDC:timepoint48H
o__Clostridiales,carbohydrate,SDC:timepoint48H,2.282850754783833,0.6504478923335467,0.7093404816207732,o__Clostridiales||carbohydrate||SDC:timepoint48H,carbohydrateSDC:timepoint48H,1.13175708157002,0.9261753279658907,0.25,o__Clostridiales||carbohydrateSDC:timepoint48H
Romboutsia,carbohydrate,SDC:timepoint48H,1.9384512522386612,0.6504478923335467,0.7093404816207732,Romboutsia||carbohydrate||SDC:timepoint48H,carbohydrateRDC,-1.146028641553272,0.710987120870492,0.25,Romboutsia||carbohydrateRDC
Romboutsia,carbohydrate,SDC:timepoint48H,1.9384512522386612,0.6504478923335467,0.7093404816207732,Romboutsia||carbohydrate||SDC:timepoint48H,carbohydrateSDC,0.15548196501516068,1,0.25,Romboutsia||carbohydrateSDC
Romboutsia,carbohydrate,SDC:timepoint48H,1.9384512522386612,0.6504478923335467,0.7093404816207732,Romboutsia||carbohydrate||SDC:timepoint48H,timepoint48H,0.5204908286832809,0.979434430975166,0.25,Romboutsia||timepoint48H
Romboutsia,carbohydrate,SDC:timepoint48H,1.9384512522386612,0.6504478923335467,0.7093404816207732,Romboutsia||carbohydrate||SDC:timepoint48H,carbohydrateRDC:timepoint48H,2.3090126188831017,0.4638482909408044,0.25,Romboutsia||carbohydrateRDC:timepoint48H
Romboutsia,carbohydrate,SDC:timepoint48H,1.9384512522386612,0.6504478923335467,0.7093404816207732,Romboutsia||carbohydrate||SDC:timepoint48H,carbohydrateSDC:timepoint48H,1.135573465381078,0.9031752628952152,0.25,Romboutsia||carbohydrateSDC:timepoint48H
Streptococcus,carbohydrate,SDC:timepoint48H,1.7726930713507834,0.6504478923335467,0.7093404816207732,Streptococcus||carbohydrate||SDC:timepoint48H,carbohydrateRDC,-1.197552388400387,0.7067799808050851,0.25,Streptococcus||carbohydrateRDC
Streptococcus,carbohydrate,SDC:timepoint48H,1.7726930713507834,0.6504478923335467,0.7093404816207732,Streptococcus||carbohydrate||SDC:timepoint48H,carbohydrateSDC,0.1006893831548144,1,0.25,Streptococcus||carbohydrateSDC
Streptococcus,carbohydrate,SDC:timepoint48H,1.7726930713507834,0.6504478923335467,0.7093404816207732,Streptococcus||carbohydrate||SDC:timepoint48H,timepoint48H,-0.8002338185416585,1,0.25,Streptococcus||timepoint48H
Streptococcus,carbohydrate,SDC:timepoint48H,1.7726930713507834,0.6504478923335467,0.7093404816207732,Streptococcus||carbohydrate||SDC:timepoint48H,carbohydrateRDC:timepoint48H,2.9289434408721355,0.4299829158208056,0.25,Streptococcus||carbohydrateRDC:timepoint48H
Streptococcus,carbohydrate,SDC:timepoint48H,1.7726930713507834,0.6504478923335467,0.7093404816207732,Streptococcus||carbohydrate||SDC:timepoint48H,carbohydrateSDC:timepoint48H,1.5430284948564257,0.8927253286770757,0.25,Streptococcus||carbohydrateSDC:timepoint48H
Terrisporobacter,carbohydrate,SDC:timepoint48H,2.5943446126142975,0.6504478923335467,0.7093404816207732,Terrisporobacter||carbohydrate||SDC:timepoint48H,carbohydrateRDC,-0.7250741940065458,0.815787138788082,0.25,Terrisporobacter||carbohydrateRDC
Terrisporobacter,carbohydrate,SDC:timepoint48H,2.5943446126142975,0.6504478923335467,0.7093404816207732,Terrisporobacter||carbohydrate||SDC:timepoint48H,carbohydrateSDC,0.2621360629649639,1,0.25,Terrisporobacter||carbohydrateSDC
Terrisporobacter,carbohydrate,SDC:timepoint48H,2.5943446126142975,0.6504478923335467,0.7093404816207732,Terrisporobacter||carbohydrate||SDC:timepoint48H,timepoint48H,0.9301068666309936,0.8758625121028342,0.25,Terrisporobacter||timepoint48H
Terrisporobacter,carbohydrate,SDC:timepoint48H,2.5943446126142975,0.6504478923335467,0.7093404816207732,Terrisporobacter||carbohydrate||SDC:timepoint48H,carbohydrateRDC:timepoint48H,1.5124253784763992,0.637401220181447,0.25,Terrisporobacter||carbohydrateRDC:timepoint48H
Terrisporobacter,carbohydrate,SDC:timepoint48H,2.5943446126142975,0.6504478923335467,0.7093404816207732,Terrisporobacter||carbohydrate||SDC:timepoint48H,carbohydrateSDC:timepoint48H,0.6451103422808073,0.944707929370032,0.25,Terrisporobacter||carbohydrateSDC:timepoint48H
Subdoligranulum,timepoint,48H,1.50662570791827,0.663387947874255,0.4516752957710074,Subdoligranulum||timepoint||48H,timepoint48H,2.0987719111824,0.3342152489269948,0.25,Subdoligranulum||timepoint48H
Subdoligranulum,timepoint,48H,1.50662570791827,0.663387947874255,0.4516752957710074,Subdoligranulum||timepoint||48H,carbohydrateRDC:timepoint48H,1.9575392676918133,0.5085963562839547,0.25,Subdoligranulum||carbohydrateRDC:timepoint48H
Subdoligranulum,timepoint,48H,1.50662570791827,0.663387947874255,0.4516752957710074,Subdoligranulum||timepoint||48H,carbohydrateSDC:timepoint48H,0.872449064723774,0.9237411798178428,0.25,Subdoligranulum||carbohydrateSDC:timepoint48H
Eubacterium,carbohydrate,SDC:timepoint48H,1.8354944121108043,0.6664397966311089,0.7336816609722983,Eubacterium||carbohydrate||SDC:timepoint48H,carbohydrateRDC,-1.366388795226604,0.7064618251521337,0.25,Eubacterium||carbohydrateRDC
Eubacterium,carbohydrate,SDC:timepoint48H,1.8354944121108043,0.6664397966311089,0.7336816609722983,Eubacterium||carbohydrate||SDC:timepoint48H,carbohydrateSDC,0.03649007742242301,1,0.25,Eubacterium||carbohydrateSDC
Eubacterium,carbohydrate,SDC:timepoint48H,1.8354944121108043,0.6664397966311089,0.7336816609722983,Eubacterium||carbohydrate||SDC:timepoint48H,timepoint48H,-1.8415032743858992,0.9609672137643908,0.25,Eubacterium||timepoint48H
Eubacterium,carbohydrate,SDC:timepoint48H,1.8354944121108043,0.6664397966311089,0.7336816609722983,Eubacterium||carbohydrate||SDC:timepoint48H,carbohydrateRDC:timepoint48H,1.8209533910340772,0.5417781780222731,0.25,Eubacterium||carbohydrateRDC:timepoint48H
Eubacterium,carbohydrate,SDC:timepoint48H,1.8354944121108043,0.6664397966311089,0.7336816609722983,Eubacterium||carbohydrate||SDC:timepoint48H,carbohydrateSDC:timepoint48H,1.1834203035294086,0.9109752405480444,0.25,Eubacterium||carbohydrateSDC:timepoint48H
Eubacterium,timepoint,48H,-1.5185706878010241,0.6664397966311089,0.4516752957710074,Eubacterium||timepoint||48H,timepoint48H,-1.8415032743858992,0.9609672137643908,0.25,Eubacterium||timepoint48H
Eubacterium,timepoint,48H,-1.5185706878010241,0.6664397966311089,0.4516752957710074,Eubacterium||timepoint||48H,carbohydrateRDC:timepoint48H,1.8209533910340772,0.5417781780222731,0.25,Eubacterium||carbohydrateRDC:timepoint48H
Eubacterium,timepoint,48H,-1.5185706878010241,0.6664397966311089,0.4516752957710074,Eubacterium||timepoint||48H,carbohydrateSDC:timepoint48H,1.1834203035294086,0.9109752405480444,0.25,Eubacterium||carbohydrateSDC:timepoint48H
Other,timepoint,48H,1.8532932682736376,0.6766563070373702,0.7066646855143218,Other||timepoint||48H,timepoint48H,3.195474936441849,0.13997667883493034,0.25,Other||timepoint48H
Other,timepoint,48H,1.8532932682736376,0.6766563070373702,0.7066646855143218,Other||timepoint||48H,carbohydrateRDC:timepoint48H,2.1574200290423917,0.5221093780440771,0.25,Other||carbohydrateRDC:timepoint48H
Other,timepoint,48H,1.8532932682736376,0.6766563070373702,0.7066646855143218,Other||timepoint||48H,carbohydrateSDC:timepoint48H,1.501369195919134,0.9018409437288062,0.25,Other||carbohydrateSDC:timepoint48H
Coprococcus,carbohydrate,SDC:timepoint48H,2.0169774025059417,0.7049250583836,0.7602481283341215,Coprococcus||carbohydrate||SDC:timepoint48H,carbohydrateRDC,-1.0647883907268914,0.738792861062651,0.25,Coprococcus||carbohydrateRDC
Coprococcus,carbohydrate,SDC:timepoint48H,2.0169774025059417,0.7049250583836,0.7602481283341215,Coprococcus||carbohydrate||SDC:timepoint48H,carbohydrateSDC,-0.1625562911822846,1,0.25,Coprococcus||carbohydrateSDC
Coprococcus,carbohydrate,SDC:timepoint48H,2.0169774025059417,0.7049250583836,0.7602481283341215,Coprococcus||carbohydrate||SDC:timepoint48H,timepoint48H,-0.23557911714749416,0.9998203199605256,0.25,Coprococcus||timepoint48H
Coprococcus,carbohydrate,SDC:timepoint48H,2.0169774025059417,0.7049250583836,0.7602481283341215,Coprococcus||carbohydrate||SDC:timepoint48H,carbohydrateRDC:timepoint48H,2.4593588861611497,0.5112818343087202,0.25,Coprococcus||carbohydrateRDC:timepoint48H
Coprococcus,carbohydrate,SDC:timepoint48H,2.0169774025059417,0.7049250583836,0.7602481283341215,Coprococcus||carbohydrate||SDC:timepoint48H,carbohydrateSDC:timepoint48H,2.3278108931923183,0.8801781968214366,0.25,Coprococcus||carbohydrateSDC:timepoint48H
Anaerostipes,carbohydrate,RDC:timepoint48H,2.1124452119849977,0.7171627815412153,0.00495632892964878,Anaerostipes||carbohydrate||RDC:timepoint48H,carbohydrateRDC,-1.092950841101764,0.7134982300982782,0.25,Anaerostipes||carbohydrateRDC
Anaerostipes,carbohydrate,RDC:timepoint48H,2.1124452119849977,0.7171627815412153,0.00495632892964878,Anaerostipes||carbohydrate||RDC:timepoint48H,carbohydrateSDC,0.03524135050460958,1,0.25,Anaerostipes||carbohydrateSDC
Anaerostipes,carbohydrate,RDC:timepoint48H,2.1124452119849977,0.7171627815412153,0.00495632892964878,Anaerostipes||carbohydrate||RDC:timepoint48H,timepoint48H,-2.812642144772165,0.6726374014175993,0.25,Anaerostipes||timepoint48H
Anaerostipes,carbohydrate,RDC:timepoint48H,2.1124452119849977,0.7171627815412153,0.00495632892964878,Anaerostipes||carbohydrate||RDC:timepoint48H,carbohydrateRDC:timepoint48H,1.6959283258888034,0.5659774049784525,0.25,Anaerostipes||carbohydrateRDC:timepoint48H
Anaerostipes,carbohydrate,RDC:timepoint48H,2.1124452119849977,0.7171627815412153,0.00495632892964878,Anaerostipes||carbohydrate||RDC:timepoint48H,carbohydrateSDC:timepoint48H,1.7820084053281144,0.8933976710546789,0.25,Anaerostipes||carbohydrateSDC:timepoint48H
Akkermansia,carbohydrate,SDC:timepoint48H,2.4305888149729395,0.7334873762718519,0.3442407045374946,Akkermansia||carbohydrate||SDC:timepoint48H,carbohydrateRDC,0.1534602072202837,0.9553945678440672,0.25,Akkermansia||carbohydrateRDC
Akkermansia,carbohydrate,SDC:timepoint48H,2.4305888149729395,0.7334873762718519,0.3442407045374946,Akkermansia||carbohydrate||SDC:timepoint48H,carbohydrateSDC,1.0544348490348765,1,0.25,Akkermansia||carbohydrateSDC
Akkermansia,carbohydrate,SDC:timepoint48H,2.4305888149729395,0.7334873762718519,0.3442407045374946,Akkermansia||carbohydrate||SDC:timepoint48H,timepoint48H,6.963327683566087,3.935216905232225e-4,0.25,Akkermansia||timepoint48H
Akkermansia,carbohydrate,SDC:timepoint48H,2.4305888149729395,0.7334873762718519,0.3442407045374946,Akkermansia||carbohydrate||SDC:timepoint48H,carbohydrateRDC:timepoint48H,-0.2706832776280569,0.964342369319102,0.25,Akkermansia||carbohydrateRDC:timepoint48H
Akkermansia,carbohydrate,SDC:timepoint48H,2.4305888149729395,0.7334873762718519,0.3442407045374946,Akkermansia||carbohydrate||SDC:timepoint48H,carbohydrateSDC:timepoint48H,-1.8929204410936495,1,0.25,Akkermansia||carbohydrateSDC:timepoint48H
Streptococcus,carbohydrate,RDC:timepoint48H,1.6626061844728302,0.7334873762718519,0.24687834146417656,Streptococcus||carbohydrate||RDC:timepoint48H,carbohydrateRDC,-1.197552388400387,0.7067799808050851,0.25,Streptococcus||carbohydrateRDC
Streptococcus,carbohydrate,RDC:timepoint48H,1.6626061844728302,0.7334873762718519,0.24687834146417656,Streptococcus||carbohydrate||RDC:timepoint48H,carbohydrateSDC,0.1006893831548144,1,0.25,Streptococcus||carbohydrateSDC
Streptococcus,carbohydrate,RDC:timepoint48H,1.6626061844728302,0.7334873762718519,0.24687834146417656,Streptococcus||carbohydrate||RDC:timepoint48H,timepoint48H,-0.8002338185416585,1,0.25,Streptococcus||timepoint48H
Streptococcus,carbohydrate,RDC:timepoint48H,1.6626061844728302,0.7334873762718519,0.24687834146417656,Streptococcus||carbohydrate||RDC:timepoint48H,carbohydrateRDC:timepoint48H,2.9289434408721355,0.4299829158208056,0.25,Streptococcus||carbohydrateRDC:timepoint48H
Streptococcus,carbohydrate,RDC:timepoint48H,1.6626061844728302,0.7334873762718519,0.24687834146417656,Streptococcus||carbohydrate||RDC:timepoint48H,carbohydrateSDC:timepoint48H,1.5430284948564257,0.8927253286770757,0.25,Streptococcus||carbohydrateSDC:timepoint48H
Dorea,timepoint,48H,-1.3554990149610593,0.7488653614433056,0.817015471843703,Dorea||timepoint||48H,timepoint48H,-1.723312225546493,0.963319121714049,0.25,Dorea||timepoint48H
Dorea,timepoint,48H,-1.3554990149610593,0.7488653614433056,0.817015471843703,Dorea||timepoint||48H,carbohydrateRDC:timepoint48H,2.9418636462937378,0.4405240049858738,0.25,Dorea||carbohydrateRDC:timepoint48H
Dorea,timepoint,48H,-1.3554990149610593,0.7488653614433056,0.817015471843703,Dorea||timepoint||48H,carbohydrateSDC:timepoint48H,1.4621106924372826,0.8973515722021589,0.25,Dorea||carbohydrateSDC:timepoint48H
Marvinbryantia,carbohydrate,SDC:timepoint48H,2.425988673722557,0.7496476011537221,0.8170812517524795,Marvinbryantia||carbohydrate||SDC:timepoint48H,carbohydrateRDC,-1.3255453442884917,0.7190469794013413,0.25,Marvinbryantia||carbohydrateRDC
Marvinbryantia,carbohydrate,SDC:timepoint48H,2.425988673722557,0.7496476011537221,0.8170812517524795,Marvinbryantia||carbohydrate||SDC:timepoint48H,carbohydrateSDC,-0.307599420343672,1,0.25,Marvinbryantia||carbohydrateSDC
Marvinbryantia,carbohydrate,SDC:timepoint48H,2.425988673722557,0.7496476011537221,0.8170812517524795,Marvinbryantia||carbohydrate||SDC:timepoint48H,timepoint48H,-3.939663628973391,0.43730514209982,0.25,Marvinbryantia||timepoint48H
Marvinbryantia,carbohydrate,SDC:timepoint48H,2.425988673722557,0.7496476011537221,0.8170812517524795,Marvinbryantia||carbohydrate||SDC:timepoint48H,carbohydrateRDC:timepoint48H,2.8306522056582857,0.4789722198294019,0.25,Marvinbryantia||carbohydrateRDC:timepoint48H
Marvinbryantia,carbohydrate,SDC:timepoint48H,2.425988673722557,0.7496476011537221,0.8170812517524795,Marvinbryantia||carbohydrate||SDC:timepoint48H,carbohydrateSDC:timepoint48H,2.4146059630455583,0.8703025223048524,0.25,Marvinbryantia||carbohydrateSDC:timepoint48H
Romboutsia,carbohydrate,RDC:timepoint48H,1.7731043139360203,0.7603428538299839,0.824378019428919,Romboutsia||carbohydrate||RDC:timepoint48H,carbohydrateRDC,-1.146028641553272,0.710987120870492,0.25,Romboutsia||carbohydrateRDC
Romboutsia,carbohydrate,RDC:timepoint48H,1.7731043139360203,0.7603428538299839,0.824378019428919,Romboutsia||carbohydrate||RDC:timepoint48H,carbohydrateSDC,0.15548196501516068,1,0.25,Romboutsia||carbohydrateSDC
Romboutsia,carbohydrate,RDC:timepoint48H,1.7731043139360203,0.7603428538299839,0.824378019428919,Romboutsia||carbohydrate||RDC:timepoint48H,timepoint48H,0.5204908286832809,0.979434430975166,0.25,Romboutsia||timepoint48H
Romboutsia,carbohydrate,RDC:timepoint48H,1.7731043139360203,0.7603428538299839,0.824378019428919,Romboutsia||carbohydrate||RDC:timepoint48H,carbohydrateRDC:timepoint48H,2.3090126188831017,0.4638482909408044,0.25,Romboutsia||carbohydrateRDC:timepoint48H
Romboutsia,carbohydrate,RDC:timepoint48H,1.7731043139360203,0.7603428538299839,0.824378019428919,Romboutsia||carbohydrate||RDC:timepoint48H,carbohydrateSDC:timepoint48H,1.135573465381078,0.9031752628952152,0.25,Romboutsia||carbohydrateSDC:timepoint48H
Actinomyces,timepoint,48H,1.7539439399863572,0.7750299084346873,9.71944177645804e-4,Actinomyces||timepoint||48H,timepoint48H,-3.20621112829282,0.4734096286884457,0.25,Actinomyces||timepoint48H
Actinomyces,timepoint,48H,1.7539439399863572,0.7750299084346873,9.71944177645804e-4,Actinomyces||timepoint||48H,carbohydrateRDC:timepoint48H,3.185338042141381,0.4055027968957361,0.25,Actinomyces||carbohydrateRDC:timepoint48H
Actinomyces,timepoint,48H,1.7539439399863572,0.7750299084346873,9.71944177645804e-4,Actinomyces||timepoint||48H,carbohydrateSDC:timepoint48H,1.332038487388017,0.9111534099829058,0.25,Actinomyces||carbohydrateSDC:timepoint48H
Anaerostipes,timepoint,48H,-1.5878584901241934,0.7750299084346873,5.019835426270812e-5,Anaerostipes||timepoint||48H,timepoint48H,-2.812642144772165,0.6726374014175993,0.25,Anaerostipes||timepoint48H
Anaerostipes,timepoint,48H,-1.5878584901241934,0.7750299084346873,5.019835426270812e-5,Anaerostipes||timepoint||48H,carbohydrateRDC:timepoint48H,1.6959283258888034,0.5659774049784525,0.25,Anaerostipes||carbohydrateRDC:timepoint48H
Anaerostipes,timepoint,48H,-1.5878584901241934,0.7750299084346873,5.019835426270812e-5,Anaerostipes||timepoint||48H,carbohydrateSDC:timepoint48H,1.7820084053281144,0.8933976710546789,0.25,Anaerostipes||carbohydrateSDC:timepoint48H
Eggerthella,obesity_group,obesity,1.0875062283109893,0.7750299084346873,0.8377788498778611,Eggerthella||obesity_group||obesity,obesity_groupobesity,0.4245582051770599,1,0.25,Eggerthella||obesity_groupobesity
f__Christensenellaceae,carbohydrate,SDC:timepoint48H,1.9703771978506175,0.7750299084346873,0.7800800608111963,f__Christensenellaceae||carbohydrate||SDC:timepoint48H,carbohydrateRDC,-1.0144287682255548,0.7371496916894636,0.25,f__Christensenellaceae||carbohydrateRDC
f__Christensenellaceae,carbohydrate,SDC:timepoint48H,1.9703771978506175,0.7750299084346873,0.7800800608111963,f__Christensenellaceae||carbohydrate||SDC:timepoint48H,carbohydrateSDC,0.11509765225302895,1,0.25,f__Christensenellaceae||carbohydrateSDC
f__Christensenellaceae,carbohydrate,SDC:timepoint48H,1.9703771978506175,0.7750299084346873,0.7800800608111963,f__Christensenellaceae||carbohydrate||SDC:timepoint48H,timepoint48H,0.4723840798000173,0.9807169199003276,0.25,f__Christensenellaceae||timepoint48H
f__Christensenellaceae,carbohydrate,SDC:timepoint48H,1.9703771978506175,0.7750299084346873,0.7800800608111963,f__Christensenellaceae||carbohydrate||SDC:timepoint48H,carbohydrateRDC:timepoint48H,0.9512504697442912,0.7535495739359567,0.25,f__Christensenellaceae||carbohydrateRDC:timepoint48H
f__Christensenellaceae,carbohydrate,SDC:timepoint48H,1.9703771978506175,0.7750299084346873,0.7800800608111963,f__Christensenellaceae||carbohydrate||SDC:timepoint48H,carbohydrateSDC:timepoint48H,-1.031070656713004,0.9991022691597377,0.25,f__Christensenellaceae||carbohydrateSDC:timepoint48H
Other,obesity_group,obesity,1.114650575172817,0.7750299084346873,0.8377788498778611,Other||obesity_group||obesity,obesity_groupobesity,-0.44792620260299326,0.983921060382816,0.25,Other||obesity_groupobesity
Blautia,obesity_group,obesity,0.6190136815532001,0.7858750532584254,0.6573119259572299,Blautia||obesity_group||obesity,obesity_groupobesity,-0.08545766173592083,1,0.25,Blautia||obesity_groupobesity
f__Coriobacteriaceae,carbohydrate,RDC:timepoint48H,2.7688922148016832,0.7931125037066246,0.8675317713382021,f__Coriobacteriaceae||carbohydrate||RDC:timepoint48H,carbohydrateRDC,-0.2714070012987587,0.8872201753753803,0.25,f__Coriobacteriaceae||carbohydrateRDC
f__Coriobacteriaceae,carbohydrate,RDC:timepoint48H,2.7688922148016832,0.7931125037066246,0.8675317713382021,f__Coriobacteriaceae||carbohydrate||RDC:timepoint48H,carbohydrateSDC,0.4415338619104648,1,0.25,f__Coriobacteriaceae||carbohydrateSDC
f__Coriobacteriaceae,carbohydrate,RDC:timepoint48H,2.7688922148016832,0.7931125037066246,0.8675317713382021,f__Coriobacteriaceae||carbohydrate||RDC:timepoint48H,timepoint48H,0.2216537699369777,0.9734389406128756,0.25,f__Coriobacteriaceae||timepoint48H
f__Coriobacteriaceae,carbohydrate,RDC:timepoint48H,2.7688922148016832,0.7931125037066246,0.8675317713382021,f__Coriobacteriaceae||carbohydrate||RDC:timepoint48H,carbohydrateRDC:timepoint48H,1.6207565620884663,0.630505744829326,0.25,f__Coriobacteriaceae||carbohydrateRDC:timepoint48H
f__Coriobacteriaceae,carbohydrate,RDC:timepoint48H,2.7688922148016832,0.7931125037066246,0.8675317713382021,f__Coriobacteriaceae||carbohydrate||RDC:timepoint48H,carbohydrateSDC:timepoint48H,1.2522262935231283,0.9205361321266584,0.25,f__Coriobacteriaceae||carbohydrateSDC:timepoint48H
Alistipes,timepoint,48H,2.742222003153625,0.797895959431209,1.6229138382439526e-4,Alistipes||timepoint||48H,timepoint48H,9.729978717561671,1.9885518994525755e-7,0.25,Alistipes||timepoint48H
Alistipes,timepoint,48H,2.742222003153625,0.797895959431209,1.6229138382439526e-4,Alistipes||timepoint||48H,carbohydrateRDC:timepoint48H,0.3930112032851406,0.8744451812876061,0.25,Alistipes||carbohydrateRDC:timepoint48H
Alistipes,timepoint,48H,2.742222003153625,0.797895959431209,1.6229138382439526e-4,Alistipes||timepoint||48H,carbohydrateSDC:timepoint48H,-0.10388504838707184,0.9836205148613965,0.25,Alistipes||carbohydrateSDC:timepoint48H
Collinsella,obesity_group,obesity,1.1143470078364626,0.8006980492249359,0.8770115394723557,Collinsella||obesity_group||obesity,obesity_groupobesity,0.805189577814633,1,0.25,Collinsella||obesity_groupobesity
f__Lachnospiraceae,carbohydrate,SDC:timepoint48H,1.5891963411886938,0.8006980492249359,0.8770115394723557,f__Lachnospiraceae||carbohydrate||SDC:timepoint48H,carbohydrateRDC,-1.2521643377265426,0.7064618251521337,0.25,f__Lachnospiraceae||carbohydrateRDC
f__Lachnospiraceae,carbohydrate,SDC:timepoint48H,1.5891963411886938,0.8006980492249359,0.8770115394723557,f__Lachnospiraceae||carbohydrate||SDC:timepoint48H,carbohydrateSDC,0.02449669539931539,1,0.25,f__Lachnospiraceae||carbohydrateSDC
f__Lachnospiraceae,carbohydrate,SDC:timepoint48H,1.5891963411886938,0.8006980492249359,0.8770115394723557,f__Lachnospiraceae||carbohydrate||SDC:timepoint48H,timepoint48H,0.9336621616736758,0.9189477934475808,0.25,f__Lachnospiraceae||timepoint48H
f__Lachnospiraceae,carbohydrate,SDC:timepoint48H,1.5891963411886938,0.8006980492249359,0.8770115394723557,f__Lachnospiraceae||carbohydrate||SDC:timepoint48H,carbohydrateRDC:timepoint48H,1.6406772303569417,0.5400503002863329,0.25,f__Lachnospiraceae||carbohydrateRDC:timepoint48H
f__Lachnospiraceae,carbohydrate,SDC:timepoint48H,1.5891963411886938,0.8006980492249359,0.8770115394723557,f__Lachnospiraceae||carbohydrate||SDC:timepoint48H,carbohydrateSDC:timepoint48H,1.0343045501690615,0.9145953095074776,0.25,f__Lachnospiraceae||carbohydrateSDC:timepoint48H
Holdemanella,carbohydrate,SDC:timepoint48H,3.270520510831,0.8006980492249359,0.8770115394723557,Holdemanella||carbohydrate||SDC:timepoint48H,carbohydrateRDC,-1.781367168749857,0.7160455493675894,0.25,Holdemanella||carbohydrateRDC
Holdemanella,carbohydrate,SDC:timepoint48H,3.270520510831,0.8006980492249359,0.8770115394723557,Holdemanella||carbohydrate||SDC:timepoint48H,carbohydrateSDC,-0.24423318396586452,1,0.25,Holdemanella||carbohydrateSDC
Holdemanella,carbohydrate,SDC:timepoint48H,3.270520510831,0.8006980492249359,0.8770115394723557,Holdemanella||carbohydrate||SDC:timepoint48H,timepoint48H,1.8282933038547424,0.6399992111541827,0.25,Holdemanella||timepoint48H
Holdemanella,carbohydrate,SDC:timepoint48H,3.270520510831,0.8006980492249359,0.8770115394723557,Holdemanella||carbohydrate||SDC:timepoint48H,carbohydrateRDC:timepoint48H,4.093330989195869,0.3818749350826719,0.25,Holdemanella||carbohydrateRDC:timepoint48H
Holdemanella,carbohydrate,SDC:timepoint48H,3.270520510831,0.8006980492249359,0.8770115394723557,Holdemanella||carbohydrate||SDC:timepoint48H,carbohydrateSDC:timepoint48H,2.784919980490193,0.8365238965038158,0.25,Holdemanella||carbohydrateSDC:timepoint48H
Actinomyces,obesity_group,obesity,0.6696289215450367,0.8203467285084257,0.900983315964842,Actinomyces||obesity_group||obesity,obesity_groupobesity,-0.8225926754299335,0.8652815361849143,0.25,Actinomyces||obesity_groupobesity
Holdemania,carbohydrate,RDC,0.9465292955822278,0.8203467285084257,0.7093404816207732,Holdemania||carbohydrate||RDC,carbohydrateRDC,-0.7512463535764098,0.8079843905216302,0.25,Holdemania||carbohydrateRDC
Holdemania,carbohydrate,RDC,0.9465292955822278,0.8203467285084257,0.7093404816207732,Holdemania||carbohydrate||RDC,carbohydrateSDC,0.2517854860140298,1,0.25,Holdemania||carbohydrateSDC
Holdemania,carbohydrate,RDC,0.9465292955822278,0.8203467285084257,0.7093404816207732,Holdemania||carbohydrate||RDC,carbohydrateRDC:timepoint48H,2.109930663713581,0.5559455837316807,0.25,Holdemania||carbohydrateRDC:timepoint48H
Holdemania,carbohydrate,RDC,0.9465292955822278,0.8203467285084257,0.7093404816207732,Holdemania||carbohydrate||RDC,carbohydrateSDC:timepoint48H,0.9417424799600383,0.931441615881348,0.25,Holdemania||carbohydrateSDC:timepoint48H
Holdemania,carbohydrate,SDC,0.9457996516333316,0.8203467285084257,0.7093404816207732,Holdemania||carbohydrate||SDC,carbohydrateRDC,-0.7512463535764098,0.8079843905216302,0.25,Holdemania||carbohydrateRDC
Holdemania,carbohydrate,SDC,0.9457996516333316,0.8203467285084257,0.7093404816207732,Holdemania||carbohydrate||SDC,carbohydrateSDC,0.2517854860140298,1,0.25,Holdemania||carbohydrateSDC
Holdemania,carbohydrate,SDC,0.9457996516333316,0.8203467285084257,0.7093404816207732,Holdemania||carbohydrate||SDC,carbohydrateRDC:timepoint48H,2.109930663713581,0.5559455837316807,0.25,Holdemania||carbohydrateRDC:timepoint48H
Holdemania,carbohydrate,SDC,0.9457996516333316,0.8203467285084257,0.7093404816207732,Holdemania||carbohydrate||SDC,carbohydrateSDC:timepoint48H,0.9417424799600383,0.931441615881348,0.25,Holdemania||carbohydrateSDC:timepoint48H
Ruminococcus,carbohydrate,RDC,1.501696777752552,0.8203467285084257,0.8988444752487175,Ruminococcus||carbohydrate||RDC,carbohydrateRDC,-1.6498324634487624,0.7169738165848577,0.25,Ruminococcus||carbohydrateRDC
Ruminococcus,carbohydrate,RDC,1.501696777752552,0.8203467285084257,0.8988444752487175,Ruminococcus||carbohydrate||RDC,carbohydrateSDC,-0.7921161802004779,1,0.25,Ruminococcus||carbohydrateSDC
Ruminococcus,carbohydrate,RDC,1.501696777752552,0.8203467285084257,0.8988444752487175,Ruminococcus||carbohydrate||RDC,carbohydrateRDC:timepoint48H,2.411197335761053,0.5387297382841357,0.25,Ruminococcus||carbohydrateRDC:timepoint48H
Ruminococcus,carbohydrate,RDC,1.501696777752552,0.8203467285084257,0.8988444752487175,Ruminococcus||carbohydrate||RDC,carbohydrateSDC:timepoint48H,1.2824324020575464,0.9313056651502912,0.25,Ruminococcus||carbohydrateSDC:timepoint48H
Streptococcus,obesity_group,obesity,0.9566135283191668,0.8203467285084257,0.8923285564544978,Streptococcus||obesity_group||obesity,obesity_groupobesity,0.1684806251505576,1,0.25,Streptococcus||obesity_groupobesity
Senegalimassilia,carbohydrate,SDC:timepoint48H,2.3734363700427465,0.8285791876764491,0.908694438998525,Senegalimassilia||carbohydrate||SDC:timepoint48H,carbohydrateRDC,-1.2909435198983463,0.7374528569185441,0.25,Senegalimassilia||carbohydrateRDC
Senegalimassilia,carbohydrate,SDC:timepoint48H,2.3734363700427465,0.8285791876764491,0.908694438998525,Senegalimassilia||carbohydrate||SDC:timepoint48H,carbohydrateSDC,-0.3748425567309731,1,0.25,Senegalimassilia||carbohydrateSDC
Senegalimassilia,carbohydrate,SDC:timepoint48H,2.3734363700427465,0.8285791876764491,0.908694438998525,Senegalimassilia||carbohydrate||SDC:timepoint48H,timepoint48H,1.8089557155757785,0.5404031670431548,0.25,Senegalimassilia||timepoint48H
Senegalimassilia,carbohydrate,SDC:timepoint48H,2.3734363700427465,0.8285791876764491,0.908694438998525,Senegalimassilia||carbohydrate||SDC:timepoint48H,carbohydrateRDC:timepoint48H,2.5288155426450887,0.47847599656001066,0.25,Senegalimassilia||carbohydrateRDC:timepoint48H
Senegalimassilia,carbohydrate,SDC:timepoint48H,2.3734363700427465,0.8285791876764491,0.908694438998525,Senegalimassilia||carbohydrate||SDC:timepoint48H,carbohydrateSDC:timepoint48H,2.1651213292671683,0.8306056128155955,0.25,Senegalimassilia||carbohydrateSDC:timepoint48H
Other,carbohydrate,SDC:timepoint48H,1.956909308139747,0.845571382532665,0.9351153347637488,Other||carbohydrate||SDC:timepoint48H,carbohydrateRDC,-1.3848179802774832,0.7332787845248883,0.25,Other||carbohydrateRDC
Other,carbohydrate,SDC:timepoint48H,1.956909308139747,0.845571382532665,0.9351153347637488,Other||carbohydrate||SDC:timepoint48H,carbohydrateSDC,-0.9762592705952354,1,0.25,Other||carbohydrateSDC
Other,carbohydrate,SDC:timepoint48H,1.956909308139747,0.845571382532665,0.9351153347637488,Other||carbohydrate||SDC:timepoint48H,timepoint48H,3.195474936441849,0.13997667883493034,0.25,Other||timepoint48H
Other,carbohydrate,SDC:timepoint48H,1.956909308139747,0.845571382532665,0.9351153347637488,Other||carbohydrate||SDC:timepoint48H,carbohydrateRDC:timepoint48H,2.1574200290423917,0.5221093780440771,0.25,Other||carbohydrateRDC:timepoint48H
Other,carbohydrate,SDC:timepoint48H,1.956909308139747,0.845571382532665,0.9351153347637488,Other||carbohydrate||SDC:timepoint48H,carbohydrateSDC:timepoint48H,1.501369195919134,0.9018409437288062,0.25,Other||carbohydrateSDC:timepoint48H
Paenibacillus,carbohydrate,SDC,0.8748185230352977,0.845571382532665,0.9351153347637488,Paenibacillus||carbohydrate||SDC,carbohydrateRDC,-1.0616650312721447,0.739008754960269,0.25,Paenibacillus||carbohydrateRDC
Paenibacillus,carbohydrate,SDC,0.8748185230352977,0.845571382532665,0.9351153347637488,Paenibacillus||carbohydrate||SDC,carbohydrateSDC,-0.43991115308917783,1,0.25,Paenibacillus||carbohydrateSDC
Paenibacillus,carbohydrate,SDC,0.8748185230352977,0.845571382532665,0.9351153347637488,Paenibacillus||carbohydrate||SDC,carbohydrateRDC:timepoint48H,2.1962151056607135,0.5530753031448552,0.25,Paenibacillus||carbohydrateRDC:timepoint48H
Paenibacillus,carbohydrate,SDC,0.8748185230352977,0.845571382532665,0.9351153347637488,Paenibacillus||carbohydrate||SDC,carbohydrateSDC:timepoint48H,1.7427696009148106,0.902329965449975,0.25,Paenibacillus||carbohydrateSDC:timepoint48H
Paenibacillus,carbohydrate,SDC:timepoint48H,-1.5252506017130325,0.8529226117095119,0.9380649629902746,Paenibacillus||carbohydrate||SDC:timepoint48H,carbohydrateRDC,-1.0616650312721447,0.739008754960269,0.25,Paenibacillus||carbohydrateRDC
Paenibacillus,carbohydrate,SDC:timepoint48H,-1.5252506017130325,0.8529226117095119,0.9380649629902746,Paenibacillus||carbohydrate||SDC:timepoint48H,carbohydrateSDC,-0.43991115308917783,1,0.25,Paenibacillus||carbohydrateSDC
Paenibacillus,carbohydrate,SDC:timepoint48H,-1.5252506017130325,0.8529226117095119,0.9380649629902746,Paenibacillus||carbohydrate||SDC:timepoint48H,timepoint48H,-3.5972692495310303,0.5482822017060631,0.25,Paenibacillus||timepoint48H
Paenibacillus,carbohydrate,SDC:timepoint48H,-1.5252506017130325,0.8529226117095119,0.9380649629902746,Paenibacillus||carbohydrate||SDC:timepoint48H,carbohydrateRDC:timepoint48H,2.1962151056607135,0.5530753031448552,0.25,Paenibacillus||carbohydrateRDC:timepoint48H
Paenibacillus,carbohydrate,SDC:timepoint48H,-1.5252506017130325,0.8529226117095119,0.9380649629902746,Paenibacillus||carbohydrate||SDC:timepoint48H,carbohydrateSDC:timepoint48H,1.7427696009148106,0.902329965449975,0.25,Paenibacillus||carbohydrateSDC:timepoint48H
Ruminiclostridium,obesity_group,obesity,0.6813954075153551,0.8529226117095119,0.9380649629902746,Ruminiclostridium||obesity_group||obesity,obesity_groupobesity,0.6538241934499823,1,0.25,Ruminiclostridium||obesity_groupobesity
Senegalimassilia,timepoint,48H,1.803187496308629,0.8529226117095119,0.9380649629902746,Senegalimassilia||timepoint||48H,timepoint48H,1.8089557155757785,0.5404031670431548,0.25,Senegalimassilia||timepoint48H
Senegalimassilia,timepoint,48H,1.803187496308629,0.8529226117095119,0.9380649629902746,Senegalimassilia||timepoint||48H,carbohydrateRDC:timepoint48H,2.5288155426450887,0.47847599656001066,0.25,Senegalimassilia||carbohydrateRDC:timepoint48H
Senegalimassilia,timepoint,48H,1.803187496308629,0.8529226117095119,0.9380649629902746,Senegalimassilia||timepoint||48H,carbohydrateSDC:timepoint48H,2.1651213292671683,0.8306056128155955,0.25,Senegalimassilia||carbohydrateSDC:timepoint48H
Slackia,timepoint,48H,1.8926188961317856,0.8529226117095119,0.7093404816207732,Slackia||timepoint||48H,timepoint48H,3.8215395557760505,0.0906823535187438,0.25,Slackia||timepoint48H
Slackia,timepoint,48H,1.8926188961317856,0.8529226117095119,0.7093404816207732,Slackia||timepoint||48H,carbohydrateRDC:timepoint48H,0.19415276107928972,0.8725137032335067,0.25,Slackia||carbohydrateRDC:timepoint48H
Slackia,timepoint,48H,1.8926188961317856,0.8529226117095119,0.7093404816207732,Slackia||timepoint||48H,carbohydrateSDC:timepoint48H,0.6266820764784735,0.942794201449264,0.25,Slackia||carbohydrateSDC:timepoint48H
Clostridium,carbohydrate,RDC:timepoint48H,1.5850427372374312,0.8571829191453927,0.940866899275942,Clostridium||carbohydrate||RDC:timepoint48H,carbohydrateRDC,-1.121652774384593,0.7336037475335895,0.25,Clostridium||carbohydrateRDC
Clostridium,carbohydrate,RDC:timepoint48H,1.5850427372374312,0.8571829191453927,0.940866899275942,Clostridium||carbohydrate||RDC:timepoint48H,carbohydrateSDC,-0.2469763144280594,1,0.25,Clostridium||carbohydrateSDC
Clostridium,carbohydrate,RDC:timepoint48H,1.5850427372374312,0.8571829191453927,0.940866899275942,Clostridium||carbohydrate||RDC:timepoint48H,timepoint48H,7.647137353725004,7.274901489450928e-6,0.25,Clostridium||timepoint48H
Clostridium,carbohydrate,RDC:timepoint48H,1.5850427372374312,0.8571829191453927,0.940866899275942,Clostridium||carbohydrate||RDC:timepoint48H,carbohydrateRDC:timepoint48H,1.750037571161022,0.5701678809700003,0.25,Clostridium||carbohydrateRDC:timepoint48H
Clostridium,carbohydrate,RDC:timepoint48H,1.5850427372374312,0.8571829191453927,0.940866899275942,Clostridium||carbohydrate||RDC:timepoint48H,carbohydrateSDC:timepoint48H,0.5259839102344607,0.962559428100742,0.25,Clostridium||carbohydrateSDC:timepoint48H
Marvinbryantia,timepoint,48H,-1.5857147854736229,0.8832207258996726,0.0029039856718768,Marvinbryantia||timepoint||48H,timepoint48H,-3.939663628973391,0.43730514209982,0.25,Marvinbryantia||timepoint48H
Marvinbryantia,timepoint,48H,-1.5857147854736229,0.8832207258996726,0.0029039856718768,Marvinbryantia||timepoint||48H,carbohydrateRDC:timepoint48H,2.8306522056582857,0.4789722198294019,0.25,Marvinbryantia||carbohydrateRDC:timepoint48H
Marvinbryantia,timepoint,48H,-1.5857147854736229,0.8832207258996726,0.0029039856718768,Marvinbryantia||timepoint||48H,carbohydrateSDC:timepoint48H,2.4146059630455583,0.8703025223048524,0.25,Marvinbryantia||carbohydrateSDC:timepoint48H
Adlercreutzia,carbohydrate,SDC,0.997747382776722,0.8855032436588889,0.9618767143182508,Adlercreutzia||carbohydrate||SDC,carbohydrateRDC,-0.7780007500539575,0.7910238806253035,0.25,Adlercreutzia||carbohydrateRDC
Adlercreutzia,carbohydrate,SDC,0.997747382776722,0.8855032436588889,0.9618767143182508,Adlercreutzia||carbohydrate||SDC,carbohydrateSDC,-0.4432438250806788,1,0.25,Adlercreutzia||carbohydrateSDC
Adlercreutzia,carbohydrate,SDC,0.997747382776722,0.8855032436588889,0.9618767143182508,Adlercreutzia||carbohydrate||SDC,carbohydrateRDC:timepoint48H,1.4377899598157189,0.6683256118189105,0.25,Adlercreutzia||carbohydrateRDC:timepoint48H
Adlercreutzia,carbohydrate,SDC,0.997747382776722,0.8855032436588889,0.9618767143182508,Adlercreutzia||carbohydrate||SDC,carbohydrateSDC:timepoint48H,1.3575488453814455,0.9126826111711396,0.25,Adlercreutzia||carbohydrateSDC:timepoint48H
Eggerthella,carbohydrate,RDC:timepoint48H,1.4869437702105577,0.8855032436588889,0.9618767143182508,Eggerthella||carbohydrate||RDC:timepoint48H,carbohydrateRDC,-1.5465491859263694,0.7106363459147164,0.25,Eggerthella||carbohydrateRDC
Eggerthella,carbohydrate,RDC:timepoint48H,1.4869437702105577,0.8855032436588889,0.9618767143182508,Eggerthella||carbohydrate||RDC:timepoint48H,carbohydrateSDC,-0.4366613330547584,1,0.25,Eggerthella||carbohydrateSDC
Eggerthella,carbohydrate,RDC:timepoint48H,1.4869437702105577,0.8855032436588889,0.9618767143182508,Eggerthella||carbohydrate||RDC:timepoint48H,timepoint48H,6.001402855084357,2.696016409168944e-4,0.25,Eggerthella||timepoint48H
Eggerthella,carbohydrate,RDC:timepoint48H,1.4869437702105577,0.8855032436588889,0.9618767143182508,Eggerthella||carbohydrate||RDC:timepoint48H,carbohydrateRDC:timepoint48H,1.5198623005662066,0.5971415480934426,0.25,Eggerthella||carbohydrateRDC:timepoint48H
Eggerthella,carbohydrate,RDC:timepoint48H,1.4869437702105577,0.8855032436588889,0.9618767143182508,Eggerthella||carbohydrate||RDC:timepoint48H,carbohydrateSDC:timepoint48H,0.5532768959900318,0.9490780948917944,0.25,Eggerthella||carbohydrateSDC:timepoint48H
Collinsella,timepoint,48H,1.2785528506751644,0.8971954473452687,0.9721802284873706,Collinsella||timepoint||48H,timepoint48H,2.7322352963463934,0.3556783568716549,0.25,Collinsella||timepoint48H
Collinsella,timepoint,48H,1.2785528506751644,0.8971954473452687,0.9721802284873706,Collinsella||timepoint||48H,carbohydrateRDC:timepoint48H,4.624053917753281,0.3774297936792237,0.25,Collinsella||carbohydrateRDC:timepoint48H
Collinsella,timepoint,48H,1.2785528506751644,0.8971954473452687,0.9721802284873706,Collinsella||timepoint||48H,carbohydrateSDC:timepoint48H,3.325460580729446,0.8299822847377112,0.25,Collinsella||carbohydrateSDC:timepoint48H
Faecalibacterium,obesity_group,obesity,1.0047232095166705,0.8971954473452687,0.9721802284873706,Faecalibacterium||obesity_group||obesity,obesity_groupobesity,0.655849011521633,1,0.25,Faecalibacterium||obesity_groupobesity
Lactococcus,carbohydrate,SDC:timepoint48H,1.7602538717893317,0.9122822557383248,0.9783047915843812,Lactococcus||carbohydrate||SDC:timepoint48H,carbohydrateRDC,-1.1182878600931525,0.7379897817250379,0.25,Lactococcus||carbohydrateRDC
Lactococcus,carbohydrate,SDC:timepoint48H,1.7602538717893317,0.9122822557383248,0.9783047915843812,Lactococcus||carbohydrate||SDC:timepoint48H,carbohydrateSDC,-0.6705989418351164,1,0.25,Lactococcus||carbohydrateSDC
Lactococcus,carbohydrate,SDC:timepoint48H,1.7602538717893317,0.9122822557383248,0.9783047915843812,Lactococcus||carbohydrate||SDC:timepoint48H,timepoint48H,-1.920403226374899,0.8903387773145286,0.25,Lactococcus||timepoint48H
Lactococcus,carbohydrate,SDC:timepoint48H,1.7602538717893317,0.9122822557383248,0.9783047915843812,Lactococcus||carbohydrate||SDC:timepoint48H,carbohydrateRDC:timepoint48H,2.447939981642038,0.49148335352665296,0.25,Lactococcus||carbohydrateRDC:timepoint48H
Lactococcus,carbohydrate,SDC:timepoint48H,1.7602538717893317,0.9122822557383248,0.9783047915843812,Lactococcus||carbohydrate||SDC:timepoint48H,carbohydrateSDC:timepoint48H,2.174720482751876,0.853048799385414,0.25,Lactococcus||carbohydrateSDC:timepoint48H
Marvinbryantia,carbohydrate,RDC:timepoint48H,1.860419624434468,0.9144684614212932,0.9783047915843812,Marvinbryantia||carbohydrate||RDC:timepoint48H,carbohydrateRDC,-1.3255453442884917,0.7190469794013413,0.25,Marvinbryantia||carbohydrateRDC
Marvinbryantia,carbohydrate,RDC:timepoint48H,1.860419624434468,0.9144684614212932,0.9783047915843812,Marvinbryantia||carbohydrate||RDC:timepoint48H,carbohydrateSDC,-0.307599420343672,1,0.25,Marvinbryantia||carbohydrateSDC
Marvinbryantia,carbohydrate,RDC:timepoint48H,1.860419624434468,0.9144684614212932,0.9783047915843812,Marvinbryantia||carbohydrate||RDC:timepoint48H,timepoint48H,-3.939663628973391,0.43730514209982,0.25,Marvinbryantia||timepoint48H
Marvinbryantia,carbohydrate,RDC:timepoint48H,1.860419624434468,0.9144684614212932,0.9783047915843812,Marvinbryantia||carbohydrate||RDC:timepoint48H,carbohydrateRDC:timepoint48H,2.8306522056582857,0.4789722198294019,0.25,Marvinbryantia||carbohydrateRDC:timepoint48H
Marvinbryantia,carbohydrate,RDC:timepoint48H,1.860419624434468,0.9144684614212932,0.9783047915843812,Marvinbryantia||carbohydrate||RDC:timepoint48H,carbohydrateSDC:timepoint48H,2.4146059630455583,0.8703025223048524,0.25,Marvinbryantia||carbohydrateSDC:timepoint48H
Intestinibacter,carbohydrate,SDC:timepoint48H,1.4474696003081675,0.9167041271149928,0.9849144782664006,Intestinibacter||carbohydrate||SDC:timepoint48H,carbohydrateRDC,-1.0560265035976002,0.7380976364773356,0.25,Intestinibacter||carbohydrateRDC
Intestinibacter,carbohydrate,SDC:timepoint48H,1.4474696003081675,0.9167041271149928,0.9849144782664006,Intestinibacter||carbohydrate||SDC:timepoint48H,carbohydrateSDC,0.01340190996792485,1,0.25,Intestinibacter||carbohydrateSDC
Intestinibacter,carbohydrate,SDC:timepoint48H,1.4474696003081675,0.9167041271149928,0.9849144782664006,Intestinibacter||carbohydrate||SDC:timepoint48H,timepoint48H,2.2807168162025393,0.39533891425001205,0.25,Intestinibacter||timepoint48H
Intestinibacter,carbohydrate,SDC:timepoint48H,1.4474696003081675,0.9167041271149928,0.9849144782664006,Intestinibacter||carbohydrate||SDC:timepoint48H,carbohydrateRDC:timepoint48H,1.8625239941782643,0.558501614453007,0.25,Intestinibacter||carbohydrateRDC:timepoint48H
Intestinibacter,carbohydrate,SDC:timepoint48H,1.4474696003081675,0.9167041271149928,0.9849144782664006,Intestinibacter||carbohydrate||SDC:timepoint48H,carbohydrateSDC:timepoint48H,0.4889399247102847,0.9634454000464978,0.25,Intestinibacter||carbohydrateSDC:timepoint48H
Romboutsia,obesity_group,obesity,-0.9110142088925496,0.9167041271149928,0.8693400324782442,Romboutsia||obesity_group||obesity,obesity_groupobesity,-2.3041903695604913,0.7862591017359624,0.25,Romboutsia||obesity_groupobesity
Blautia,carbohydrate,RDC:timepoint48H,1.233815677429102,0.9186546175427196,0.9849144782664006,Blautia||carbohydrate||RDC:timepoint48H,carbohydrateRDC,-1.4101671687778758,0.7064618251521337,0.25,Blautia||carbohydrateRDC
Blautia,carbohydrate,RDC:timepoint48H,1.233815677429102,0.9186546175427196,0.9849144782664006,Blautia||carbohydrate||RDC:timepoint48H,carbohydrateSDC,0.04151393832795844,1,0.25,Blautia||carbohydrateSDC
Blautia,carbohydrate,RDC:timepoint48H,1.233815677429102,0.9186546175427196,0.9849144782664006,Blautia||carbohydrate||RDC:timepoint48H,timepoint48H,-0.3038439394806882,1,0.25,Blautia||timepoint48H
Blautia,carbohydrate,RDC:timepoint48H,1.233815677429102,0.9186546175427196,0.9849144782664006,Blautia||carbohydrate||RDC:timepoint48H,carbohydrateRDC:timepoint48H,2.4338586700981257,0.4560382607634186,0.25,Blautia||carbohydrateRDC:timepoint48H
Blautia,carbohydrate,RDC:timepoint48H,1.233815677429102,0.9186546175427196,0.9849144782664006,Blautia||carbohydrate||RDC:timepoint48H,carbohydrateSDC:timepoint48H,1.7209294021416175,0.8893020353334591,0.25,Blautia||carbohydrateSDC:timepoint48H
Ruminiclostridium,carbohydrate,SDC:timepoint48H,1.3178742911824737,0.9186546175427196,0.9849144782664006,Ruminiclostridium||carbohydrate||SDC:timepoint48H,carbohydrateRDC,-0.8516827647582929,0.7803243503282766,0.25,Ruminiclostridium||carbohydrateRDC
Ruminiclostridium,carbohydrate,SDC:timepoint48H,1.3178742911824737,0.9186546175427196,0.9849144782664006,Ruminiclostridium||carbohydrate||SDC:timepoint48H,carbohydrateSDC,0.01667158824269338,1,0.25,Ruminiclostridium||carbohydrateSDC
Ruminiclostridium,carbohydrate,SDC:timepoint48H,1.3178742911824737,0.9186546175427196,0.9849144782664006,Ruminiclostridium||carbohydrate||SDC:timepoint48H,timepoint48H,1.2893942300660477,0.8574171507833477,0.25,Ruminiclostridium||timepoint48H
Ruminiclostridium,carbohydrate,SDC:timepoint48H,1.3178742911824737,0.9186546175427196,0.9849144782664006,Ruminiclostridium||carbohydrate||SDC:timepoint48H,carbohydrateRDC:timepoint48H,1.64605789896775,0.6289164436763669,0.25,Ruminiclostridium||carbohydrateRDC:timepoint48H
Ruminiclostridium,carbohydrate,SDC:timepoint48H,1.3178742911824737,0.9186546175427196,0.9849144782664006,Ruminiclostridium||carbohydrate||SDC:timepoint48H,carbohydrateSDC:timepoint48H,1.2967733171901383,0.9193522562875672,0.25,Ruminiclostridium||carbohydrateSDC:timepoint48H
Eubacterium,carbohydrate,RDC:timepoint48H,1.250891199594906,0.9420407788223614,0.6573119259572299,Eubacterium||carbohydrate||RDC:timepoint48H,carbohydrateRDC,-1.366388795226604,0.7064618251521337,0.25,Eubacterium||carbohydrateRDC
Eubacterium,carbohydrate,RDC:timepoint48H,1.250891199594906,0.9420407788223614,0.6573119259572299,Eubacterium||carbohydrate||RDC:timepoint48H,carbohydrateSDC,0.03649007742242301,1,0.25,Eubacterium||carbohydrateSDC
Eubacterium,carbohydrate,RDC:timepoint48H,1.250891199594906,0.9420407788223614,0.6573119259572299,Eubacterium||carbohydrate||RDC:timepoint48H,timepoint48H,-1.8415032743858992,0.9609672137643908,0.25,Eubacterium||timepoint48H
Eubacterium,carbohydrate,RDC:timepoint48H,1.250891199594906,0.9420407788223614,0.6573119259572299,Eubacterium||carbohydrate||RDC:timepoint48H,carbohydrateRDC:timepoint48H,1.8209533910340772,0.5417781780222731,0.25,Eubacterium||carbohydrateRDC:timepoint48H
Eubacterium,carbohydrate,RDC:timepoint48H,1.250891199594906,0.9420407788223614,0.6573119259572299,Eubacterium||carbohydrate||RDC:timepoint48H,carbohydrateSDC:timepoint48H,1.1834203035294086,0.9109752405480444,0.25,Eubacterium||carbohydrateSDC:timepoint48H
f__Christensenellaceae,obesity_group,obesity,0.8818887760699644,0.9420407788223614,0.8794649184161271,f__Christensenellaceae||obesity_group||obesity,obesity_groupobesity,-0.9803653585080888,0.979562006391796,0.25,f__Christensenellaceae||obesity_groupobesity
Paenibacillus,carbohydrate,RDC:timepoint48H,-1.349015732116522,0.9420407788223614,0.999976442700979,Paenibacillus||carbohydrate||RDC:timepoint48H,carbohydrateRDC,-1.0616650312721447,0.739008754960269,0.25,Paenibacillus||carbohydrateRDC
Paenibacillus,carbohydrate,RDC:timepoint48H,-1.349015732116522,0.9420407788223614,0.999976442700979,Paenibacillus||carbohydrate||RDC:timepoint48H,carbohydrateSDC,-0.43991115308917783,1,0.25,Paenibacillus||carbohydrateSDC
Paenibacillus,carbohydrate,RDC:timepoint48H,-1.349015732116522,0.9420407788223614,0.999976442700979,Paenibacillus||carbohydrate||RDC:timepoint48H,timepoint48H,-3.5972692495310303,0.5482822017060631,0.25,Paenibacillus||timepoint48H
Paenibacillus,carbohydrate,RDC:timepoint48H,-1.349015732116522,0.9420407788223614,0.999976442700979,Paenibacillus||carbohydrate||RDC:timepoint48H,carbohydrateRDC:timepoint48H,2.1962151056607135,0.5530753031448552,0.25,Paenibacillus||carbohydrateRDC:timepoint48H
Paenibacillus,carbohydrate,RDC:timepoint48H,-1.349015732116522,0.9420407788223614,0.999976442700979,Paenibacillus||carbohydrate||RDC:timepoint48H,carbohydrateSDC:timepoint48H,1.7427696009148106,0.902329965449975,0.25,Paenibacillus||carbohydrateSDC:timepoint48H
Eggerthella,carbohydrate,SDC:timepoint48H,1.341486825257313,0.9436169097014696,0.999976442700979,Eggerthella||carbohydrate||SDC:timepoint48H,carbohydrateRDC,-1.5465491859263694,0.7106363459147164,0.25,Eggerthella||carbohydrateRDC
Eggerthella,carbohydrate,SDC:timepoint48H,1.341486825257313,0.9436169097014696,0.999976442700979,Eggerthella||carbohydrate||SDC:timepoint48H,carbohydrateSDC,-0.4366613330547584,1,0.25,Eggerthella||carbohydrateSDC
Eggerthella,carbohydrate,SDC:timepoint48H,1.341486825257313,0.9436169097014696,0.999976442700979,Eggerthella||carbohydrate||SDC:timepoint48H,timepoint48H,6.001402855084357,2.696016409168944e-4,0.25,Eggerthella||timepoint48H
Eggerthella,carbohydrate,SDC:timepoint48H,1.341486825257313,0.9436169097014696,0.999976442700979,Eggerthella||carbohydrate||SDC:timepoint48H,carbohydrateRDC:timepoint48H,1.5198623005662066,0.5971415480934426,0.25,Eggerthella||carbohydrateRDC:timepoint48H
Eggerthella,carbohydrate,SDC:timepoint48H,1.341486825257313,0.9436169097014696,0.999976442700979,Eggerthella||carbohydrate||SDC:timepoint48H,carbohydrateSDC:timepoint48H,0.5532768959900318,0.9490780948917944,0.25,Eggerthella||carbohydrateSDC:timepoint48H
Lactococcus,carbohydrate,RDC:timepoint48H,1.6729743085652446,0.9436169097014696,0.999976442700979,Lactococcus||carbohydrate||RDC:timepoint48H,carbohydrateRDC,-1.1182878600931525,0.7379897817250379,0.25,Lactococcus||carbohydrateRDC
Lactococcus,carbohydrate,RDC:timepoint48H,1.6729743085652446,0.9436169097014696,0.999976442700979,Lactococcus||carbohydrate||RDC:timepoint48H,carbohydrateSDC,-0.6705989418351164,1,0.25,Lactococcus||carbohydrateSDC
Lactococcus,carbohydrate,RDC:timepoint48H,1.6729743085652446,0.9436169097014696,0.999976442700979,Lactococcus||carbohydrate||RDC:timepoint48H,timepoint48H,-1.920403226374899,0.8903387773145286,0.25,Lactococcus||timepoint48H
Lactococcus,carbohydrate,RDC:timepoint48H,1.6729743085652446,0.9436169097014696,0.999976442700979,Lactococcus||carbohydrate||RDC:timepoint48H,carbohydrateRDC:timepoint48H,2.447939981642038,0.49148335352665296,0.25,Lactococcus||carbohydrateRDC:timepoint48H
Lactococcus,carbohydrate,RDC:timepoint48H,1.6729743085652446,0.9436169097014696,0.999976442700979,Lactococcus||carbohydrate||RDC:timepoint48H,carbohydrateSDC:timepoint48H,2.174720482751876,0.853048799385414,0.25,Lactococcus||carbohydrateSDC:timepoint48H
Coprococcus,carbohydrate,RDC:timepoint48H,1.3552123803655027,0.9552935256721912,0.999976442700979,Coprococcus||carbohydrate||RDC:timepoint48H,carbohydrateRDC,-1.0647883907268914,0.738792861062651,0.25,Coprococcus||carbohydrateRDC
Coprococcus,carbohydrate,RDC:timepoint48H,1.3552123803655027,0.9552935256721912,0.999976442700979,Coprococcus||carbohydrate||RDC:timepoint48H,carbohydrateSDC,-0.1625562911822846,1,0.25,Coprococcus||carbohydrateSDC
Coprococcus,carbohydrate,RDC:timepoint48H,1.3552123803655027,0.9552935256721912,0.999976442700979,Coprococcus||carbohydrate||RDC:timepoint48H,timepoint48H,-0.23557911714749416,0.9998203199605256,0.25,Coprococcus||timepoint48H
Coprococcus,carbohydrate,RDC:timepoint48H,1.3552123803655027,0.9552935256721912,0.999976442700979,Coprococcus||carbohydrate||RDC:timepoint48H,carbohydrateRDC:timepoint48H,2.4593588861611497,0.5112818343087202,0.25,Coprococcus||carbohydrateRDC:timepoint48H
Coprococcus,carbohydrate,RDC:timepoint48H,1.3552123803655027,0.9552935256721912,0.999976442700979,Coprococcus||carbohydrate||RDC:timepoint48H,carbohydrateSDC:timepoint48H,2.3278108931923183,0.8801781968214366,0.25,Coprococcus||carbohydrateSDC:timepoint48H
Adlercreutzia,carbohydrate,RDC,0.761810447193507,0.9806265543621828,0.999976442700979,Adlercreutzia||carbohydrate||RDC,carbohydrateRDC,-0.7780007500539575,0.7910238806253035,0.25,Adlercreutzia||carbohydrateRDC
Adlercreutzia,carbohydrate,RDC,0.761810447193507,0.9806265543621828,0.999976442700979,Adlercreutzia||carbohydrate||RDC,carbohydrateSDC,-0.4432438250806788,1,0.25,Adlercreutzia||carbohydrateSDC
Adlercreutzia,carbohydrate,RDC,0.761810447193507,0.9806265543621828,0.999976442700979,Adlercreutzia||carbohydrate||RDC,carbohydrateRDC:timepoint48H,1.4377899598157189,0.6683256118189105,0.25,Adlercreutzia||carbohydrateRDC:timepoint48H
Adlercreutzia,carbohydrate,RDC,0.761810447193507,0.9806265543621828,0.999976442700979,Adlercreutzia||carbohydrate||RDC,carbohydrateSDC:timepoint48H,1.3575488453814455,0.9126826111711396,0.25,Adlercreutzia||carbohydrateSDC:timepoint48H
Alistipes,carbohydrate,SDC:timepoint48H,2.192807741585772,0.9806265543621828,0.9351153347637488,Alistipes||carbohydrate||SDC:timepoint48H,carbohydrateRDC,-0.6717786123180698,0.821010134396264,0.25,Alistipes||carbohydrateRDC
Alistipes,carbohydrate,SDC:timepoint48H,2.192807741585772,0.9806265543621828,0.9351153347637488,Alistipes||carbohydrate||SDC:timepoint48H,carbohydrateSDC,0.15719164768180424,1,0.25,Alistipes||carbohydrateSDC
Alistipes,carbohydrate,SDC:timepoint48H,2.192807741585772,0.9806265543621828,0.9351153347637488,Alistipes||carbohydrate||SDC:timepoint48H,timepoint48H,9.729978717561671,1.9885518994525755e-7,0.25,Alistipes||timepoint48H
Alistipes,carbohydrate,SDC:timepoint48H,2.192807741585772,0.9806265543621828,0.9351153347637488,Alistipes||carbohydrate||SDC:timepoint48H,carbohydrateRDC:timepoint48H,0.3930112032851406,0.8744451812876061,0.25,Alistipes||carbohydrateRDC:timepoint48H
Alistipes,carbohydrate,SDC:timepoint48H,2.192807741585772,0.9806265543621828,0.9351153347637488,Alistipes||carbohydrate||SDC:timepoint48H,carbohydrateSDC:timepoint48H,-0.10388504838707184,0.9836205148613965,0.25,Alistipes||carbohydrateSDC:timepoint48H
Bacteroides,carbohydrate,RDC:timepoint48H,1.999081834906977,0.9806265543621828,0.999976442700979,Bacteroides||carbohydrate||RDC:timepoint48H,carbohydrateRDC,-0.5852318193937324,0.8369346191986281,0.25,Bacteroides||carbohydrateRDC
Bacteroides,carbohydrate,RDC:timepoint48H,1.999081834906977,0.9806265543621828,0.999976442700979,Bacteroides||carbohydrate||RDC:timepoint48H,carbohydrateSDC,0.04436068971780572,1,0.25,Bacteroides||carbohydrateSDC
Bacteroides,carbohydrate,RDC:timepoint48H,1.999081834906977,0.9806265543621828,0.999976442700979,Bacteroides||carbohydrate||RDC:timepoint48H,timepoint48H,14.08098388665732,4.8238323058225063e-14,0.25,Bacteroides||timepoint48H
Bacteroides,carbohydrate,RDC:timepoint48H,1.999081834906977,0.9806265543621828,0.999976442700979,Bacteroides||carbohydrate||RDC:timepoint48H,carbohydrateRDC:timepoint48H,1.2380558501074654,0.7072771115791358,0.25,Bacteroides||carbohydrateRDC:timepoint48H
Bacteroides,carbohydrate,RDC:timepoint48H,1.999081834906977,0.9806265543621828,0.999976442700979,Bacteroides||carbohydrate||RDC:timepoint48H,carbohydrateSDC:timepoint48H,0.7554577454962714,0.9474034718684816,0.25,Bacteroides||carbohydrateSDC:timepoint48H
Dialister,carbohydrate,SDC:timepoint48H,2.021087415102758,0.9806265543621828,0.999976442700979,Dialister||carbohydrate||SDC:timepoint48H,carbohydrateRDC,-1.4696554665252022,0.7279777558029578,0.25,Dialister||carbohydrateRDC
Dialister,carbohydrate,SDC:timepoint48H,2.021087415102758,0.9806265543621828,0.999976442700979,Dialister||carbohydrate||SDC:timepoint48H,carbohydrateSDC,-0.2612795613303336,1,0.25,Dialister||carbohydrateSDC
Dialister,carbohydrate,SDC:timepoint48H,2.021087415102758,0.9806265543621828,0.999976442700979,Dialister||carbohydrate||SDC:timepoint48H,timepoint48H,0.42305211262848447,0.9658408087469884,0.25,Dialister||timepoint48H
Dialister,carbohydrate,SDC:timepoint48H,2.021087415102758,0.9806265543621828,0.999976442700979,Dialister||carbohydrate||SDC:timepoint48H,carbohydrateRDC:timepoint48H,2.6362368442684145,0.5071818482701311,0.25,Dialister||carbohydrateRDC:timepoint48H
Dialister,carbohydrate,SDC:timepoint48H,2.021087415102758,0.9806265543621828,0.999976442700979,Dialister||carbohydrate||SDC:timepoint48H,carbohydrateSDC:timepoint48H,1.826983185833838,0.9003090931053331,0.25,Dialister||carbohydrateSDC:timepoint48H
Erysipelatoclostridium,carbohydrate,RDC,0.9067185567690752,0.9806265543621828,0.999976442700979,Erysipelatoclostridium||carbohydrate||RDC,carbohydrateRDC,-0.9125448630986888,0.7715064864832706,0.25,Erysipelatoclostridium||carbohydrateRDC
Erysipelatoclostridium,carbohydrate,RDC,0.9067185567690752,0.9806265543621828,0.999976442700979,Erysipelatoclostridium||carbohydrate||RDC,carbohydrateSDC,-0.39681031560838936,1,0.25,Erysipelatoclostridium||carbohydrateSDC
Erysipelatoclostridium,carbohydrate,RDC,0.9067185567690752,0.9806265543621828,0.999976442700979,Erysipelatoclostridium||carbohydrate||RDC,carbohydrateRDC:timepoint48H,1.1953445588853624,0.7109901671514894,0.25,Erysipelatoclostridium||carbohydrateRDC:timepoint48H
Erysipelatoclostridium,carbohydrate,RDC,0.9067185567690752,0.9806265543621828,0.999976442700979,Erysipelatoclostridium||carbohydrate||RDC,carbohydrateSDC:timepoint48H,0.8941558931781904,0.9421837545947116,0.25,Erysipelatoclostridium||carbohydrateSDC:timepoint48H
f__Coriobacteriaceae,timepoint,48H,1.4788792870112193,0.9806265543621828,0.5580100338449901,f__Coriobacteriaceae||timepoint||48H,timepoint48H,0.2216537699369777,0.9734389406128756,0.25,f__Coriobacteriaceae||timepoint48H
f__Coriobacteriaceae,timepoint,48H,1.4788792870112193,0.9806265543621828,0.5580100338449901,f__Coriobacteriaceae||timepoint||48H,carbohydrateRDC:timepoint48H,1.6207565620884663,0.630505744829326,0.25,f__Coriobacteriaceae||carbohydrateRDC:timepoint48H
f__Coriobacteriaceae,timepoint,48H,1.4788792870112193,0.9806265543621828,0.5580100338449901,f__Coriobacteriaceae||timepoint||48H,carbohydrateSDC:timepoint48H,1.2522262935231283,0.9205361321266584,0.25,f__Coriobacteriaceae||carbohydrateSDC:timepoint48H
f__Erysipelotrichaceae,carbohydrate,SDC:timepoint48H,1.0510390175027062,0.9806265543621828,0.9773026827650444,f__Erysipelotrichaceae||carbohydrate||SDC:timepoint48H,carbohydrateRDC,-0.8381810958393541,0.7685200200478718,0.25,f__Erysipelotrichaceae||carbohydrateRDC
f__Erysipelotrichaceae,carbohydrate,SDC:timepoint48H,1.0510390175027062,0.9806265543621828,0.9773026827650444,f__Erysipelotrichaceae||carbohydrate||SDC:timepoint48H,carbohydrateSDC,0.24043186880292391,1,0.25,f__Erysipelotrichaceae||carbohydrateSDC
f__Erysipelotrichaceae,carbohydrate,SDC:timepoint48H,1.0510390175027062,0.9806265543621828,0.9773026827650444,f__Erysipelotrichaceae||carbohydrate||SDC:timepoint48H,timepoint48H,-0.01621250982399187,0.9992144751211788,0.25,f__Erysipelotrichaceae||timepoint48H
f__Erysipelotrichaceae,carbohydrate,SDC:timepoint48H,1.0510390175027062,0.9806265543621828,0.9773026827650444,f__Erysipelotrichaceae||carbohydrate||SDC:timepoint48H,carbohydrateRDC:timepoint48H,0.6949191479185091,0.828747781593608,0.25,f__Erysipelotrichaceae||carbohydrateRDC:timepoint48H
f__Erysipelotrichaceae,carbohydrate,SDC:timepoint48H,1.0510390175027062,0.9806265543621828,0.9773026827650444,f__Erysipelotrichaceae||carbohydrate||SDC:timepoint48H,carbohydrateSDC:timepoint48H,0.14547356338110357,0.9814304168421056,0.25,f__Erysipelotrichaceae||carbohydrateSDC:timepoint48H
f__Lachnospiraceae,timepoint,48H,0.9036039994144268,0.9806265543621828,0.999976442700979,f__Lachnospiraceae||timepoint||48H,timepoint48H,0.9336621616736758,0.9189477934475808,0.25,f__Lachnospiraceae||timepoint48H
f__Lachnospiraceae,timepoint,48H,0.9036039994144268,0.9806265543621828,0.999976442700979,f__Lachnospiraceae||timepoint||48H,carbohydrateRDC:timepoint48H,1.6406772303569417,0.5400503002863329,0.25,f__Lachnospiraceae||carbohydrateRDC:timepoint48H
f__Lachnospiraceae,timepoint,48H,0.9036039994144268,0.9806265543621828,0.999976442700979,f__Lachnospiraceae||timepoint||48H,carbohydrateSDC:timepoint48H,1.0343045501690615,0.9145953095074776,0.25,f__Lachnospiraceae||carbohydrateSDC:timepoint48H
f__Ruminococcaceae,obesity_group,obesity,0.35784065645865454,0.9806265543621828,0.36204991220758087,f__Ruminococcaceae||obesity_group||obesity,obesity_groupobesity,-0.7772677097717219,0.8353187015069903,0.25,f__Ruminococcaceae||obesity_groupobesity
Fusicatenibacter,timepoint,48H,-1.1734251311406656,0.9806265543621828,0.6562340789897076,Fusicatenibacter||timepoint||48H,timepoint48H,-2.3713319577910315,0.8182681969127906,0.25,Fusicatenibacter||timepoint48H
Fusicatenibacter,timepoint,48H,-1.1734251311406656,0.9806265543621828,0.6562340789897076,Fusicatenibacter||timepoint||48H,carbohydrateRDC:timepoint48H,2.6563677267805574,0.4617535577374844,0.25,Fusicatenibacter||carbohydrateRDC:timepoint48H
Fusicatenibacter,timepoint,48H,-1.1734251311406656,0.9806265543621828,0.6562340789897076,Fusicatenibacter||timepoint||48H,carbohydrateSDC:timepoint48H,4.30843911795709,0.5812375885148636,0.25,Fusicatenibacter||carbohydrateSDC:timepoint48H
Intestinibacter,carbohydrate,RDC:timepoint48H,1.1727621652745486,0.9806265543621828,0.999976442700979,Intestinibacter||carbohydrate||RDC:timepoint48H,carbohydrateRDC,-1.0560265035976002,0.7380976364773356,0.25,Intestinibacter||carbohydrateRDC
Intestinibacter,carbohydrate,RDC:timepoint48H,1.1727621652745486,0.9806265543621828,0.999976442700979,Intestinibacter||carbohydrate||RDC:timepoint48H,carbohydrateSDC,0.01340190996792485,1,0.25,Intestinibacter||carbohydrateSDC
Intestinibacter,carbohydrate,RDC:timepoint48H,1.1727621652745486,0.9806265543621828,0.999976442700979,Intestinibacter||carbohydrate||RDC:timepoint48H,timepoint48H,2.2807168162025393,0.39533891425001205,0.25,Intestinibacter||timepoint48H
Intestinibacter,carbohydrate,RDC:timepoint48H,1.1727621652745486,0.9806265543621828,0.999976442700979,Intestinibacter||carbohydrate||RDC:timepoint48H,carbohydrateRDC:timepoint48H,1.8625239941782643,0.558501614453007,0.25,Intestinibacter||carbohydrateRDC:timepoint48H
Intestinibacter,carbohydrate,RDC:timepoint48H,1.1727621652745486,0.9806265543621828,0.999976442700979,Intestinibacter||carbohydrate||RDC:timepoint48H,carbohydrateSDC:timepoint48H,0.4889399247102847,0.9634454000464978,0.25,Intestinibacter||carbohydrateSDC:timepoint48H
Lachnoclostridium,obesity_group,obesity,0.4329021502707756,0.9806265543621828,0.999976442700979,Lachnoclostridium||obesity_group||obesity,obesity_groupobesity,0.10837346875667916,1,0.25,Lachnoclostridium||obesity_groupobesity
Marvinbryantia,carbohydrate,RDC,0.8125535998432016,0.9806265543621828,0.999976442700979,Marvinbryantia||carbohydrate||RDC,carbohydrateRDC,-1.3255453442884917,0.7190469794013413,0.25,Marvinbryantia||carbohydrateRDC
Marvinbryantia,carbohydrate,RDC,0.8125535998432016,0.9806265543621828,0.999976442700979,Marvinbryantia||carbohydrate||RDC,carbohydrateSDC,-0.307599420343672,1,0.25,Marvinbryantia||carbohydrateSDC
Marvinbryantia,carbohydrate,RDC,0.8125535998432016,0.9806265543621828,0.999976442700979,Marvinbryantia||carbohydrate||RDC,carbohydrateRDC:timepoint48H,2.8306522056582857,0.4789722198294019,0.25,Marvinbryantia||carbohydrateRDC:timepoint48H
Marvinbryantia,carbohydrate,RDC,0.8125535998432016,0.9806265543621828,0.999976442700979,Marvinbryantia||carbohydrate||RDC,carbohydrateSDC:timepoint48H,2.4146059630455583,0.8703025223048524,0.25,Marvinbryantia||carbohydrateSDC:timepoint48H
Parabacteroides,carbohydrate,RDC:timepoint48H,2.6155023218816154,0.9806265543621828,0.9932668745705344,Parabacteroides||carbohydrate||RDC:timepoint48H,carbohydrateRDC,-0.658293878489439,0.8213445964039293,0.25,Parabacteroides||carbohydrateRDC
Parabacteroides,carbohydrate,RDC:timepoint48H,2.6155023218816154,0.9806265543621828,0.9932668745705344,Parabacteroides||carbohydrate||RDC:timepoint48H,carbohydrateSDC,0.09683284535744668,1,0.25,Parabacteroides||carbohydrateSDC
Parabacteroides,carbohydrate,RDC:timepoint48H,2.6155023218816154,0.9806265543621828,0.9932668745705344,Parabacteroides||carbohydrate||RDC:timepoint48H,timepoint48H,12.56756271872181,9.657723116599884e-12,0.25,Parabacteroides||timepoint48H
Parabacteroides,carbohydrate,RDC:timepoint48H,2.6155023218816154,0.9806265543621828,0.9932668745705344,Parabacteroides||carbohydrate||RDC:timepoint48H,carbohydrateRDC:timepoint48H,0.3363710306242139,0.8741243747339781,0.25,Parabacteroides||carbohydrateRDC:timepoint48H
Parabacteroides,carbohydrate,RDC:timepoint48H,2.6155023218816154,0.9806265543621828,0.9932668745705344,Parabacteroides||carbohydrate||RDC:timepoint48H,carbohydrateSDC:timepoint48H,1.0566976511297814,0.9354729298520528,0.25,Parabacteroides||carbohydrateSDC:timepoint48H
Roseburia,carbohydrate,RDC,0.9322488557204353,0.9806265543621828,0.999976442700979,Roseburia||carbohydrate||RDC,carbohydrateRDC,-0.6082356153387456,0.822066516207621,0.25,Roseburia||carbohydrateRDC
Roseburia,carbohydrate,RDC,0.9322488557204353,0.9806265543621828,0.999976442700979,Roseburia||carbohydrate||RDC,carbohydrateSDC,0.6965513945605438,1,0.25,Roseburia||carbohydrateSDC
Roseburia,carbohydrate,RDC,0.9322488557204353,0.9806265543621828,0.999976442700979,Roseburia||carbohydrate||RDC,carbohydrateRDC:timepoint48H,2.3695336673826843,0.5236782532680999,0.25,Roseburia||carbohydrateRDC:timepoint48H
Roseburia,carbohydrate,RDC,0.9322488557204353,0.9806265543621828,0.999976442700979,Roseburia||carbohydrate||RDC,carbohydrateSDC:timepoint48H,0.3734791371158808,0.9659639286522944,0.25,Roseburia||carbohydrateSDC:timepoint48H
Roseburia,obesity_group,obesity,0.45795447089414143,0.9806265543621828,0.998085829517607,Roseburia||obesity_group||obesity,obesity_groupobesity,0.8468211886211741,1,0.25,Roseburia||obesity_groupobesity
Senegalimassilia,carbohydrate,RDC,1.3292724788736183,0.9806265543621828,0.999976442700979,Senegalimassilia||carbohydrate||RDC,carbohydrateRDC,-1.2909435198983463,0.7374528569185441,0.25,Senegalimassilia||carbohydrateRDC
Senegalimassilia,carbohydrate,RDC,1.3292724788736183,0.9806265543621828,0.999976442700979,Senegalimassilia||carbohydrate||RDC,carbohydrateSDC,-0.3748425567309731,1,0.25,Senegalimassilia||carbohydrateSDC
Senegalimassilia,carbohydrate,RDC,1.3292724788736183,0.9806265543621828,0.999976442700979,Senegalimassilia||carbohydrate||RDC,carbohydrateRDC:timepoint48H,2.5288155426450887,0.47847599656001066,0.25,Senegalimassilia||carbohydrateRDC:timepoint48H
Senegalimassilia,carbohydrate,RDC,1.3292724788736183,0.9806265543621828,0.999976442700979,Senegalimassilia||carbohydrate||RDC,carbohydrateSDC:timepoint48H,2.1651213292671683,0.8306056128155955,0.25,Senegalimassilia||carbohydrateSDC:timepoint48H
Subdoligranulum,carbohydrate,SDC:timepoint48H,1.0516521222524235,0.9806265543621828,0.5858573735368127,Subdoligranulum||carbohydrate||SDC:timepoint48H,carbohydrateRDC,-0.973159128711242,0.717897106628056,0.25,Subdoligranulum||carbohydrateRDC
Subdoligranulum,carbohydrate,SDC:timepoint48H,1.0516521222524235,0.9806265543621828,0.5858573735368127,Subdoligranulum||carbohydrate||SDC:timepoint48H,carbohydrateSDC,0.2339188604240042,1,0.25,Subdoligranulum||carbohydrateSDC
Subdoligranulum,carbohydrate,SDC:timepoint48H,1.0516521222524235,0.9806265543621828,0.5858573735368127,Subdoligranulum||carbohydrate||SDC:timepoint48H,timepoint48H,2.0987719111824,0.3342152489269948,0.25,Subdoligranulum||timepoint48H
Subdoligranulum,carbohydrate,SDC:timepoint48H,1.0516521222524235,0.9806265543621828,0.5858573735368127,Subdoligranulum||carbohydrate||SDC:timepoint48H,carbohydrateRDC:timepoint48H,1.9575392676918133,0.5085963562839547,0.25,Subdoligranulum||carbohydrateRDC:timepoint48H
Subdoligranulum,carbohydrate,SDC:timepoint48H,1.0516521222524235,0.9806265543621828,0.5858573735368127,Subdoligranulum||carbohydrate||SDC:timepoint48H,carbohydrateSDC:timepoint48H,0.872449064723774,0.9237411798178428,0.25,Subdoligranulum||carbohydrateSDC:timepoint48H
o__Clostridiales,carbohydrate,RDC:timepoint48H,1.2528604590410002,0.9808547536675206,0.999976442700979,o__Clostridiales||carbohydrate||RDC:timepoint48H,carbohydrateRDC,-1.1459391863861936,0.7491615784097008,0.25,o__Clostridiales||carbohydrateRDC
o__Clostridiales,carbohydrate,RDC:timepoint48H,1.2528604590410002,0.9808547536675206,0.999976442700979,o__Clostridiales||carbohydrate||RDC:timepoint48H,carbohydrateSDC,-0.04382816670054507,1,0.25,o__Clostridiales||carbohydrateSDC
o__Clostridiales,carbohydrate,RDC:timepoint48H,1.2528604590410002,0.9808547536675206,0.999976442700979,o__Clostridiales||carbohydrate||RDC:timepoint48H,timepoint48H,1.5965481916193311,0.6698268576451647,0.25,o__Clostridiales||timepoint48H
o__Clostridiales,carbohydrate,RDC:timepoint48H,1.2528604590410002,0.9808547536675206,0.999976442700979,o__Clostridiales||carbohydrate||RDC:timepoint48H,carbohydrateRDC:timepoint48H,2.143696185711374,0.5486471018778893,0.25,o__Clostridiales||carbohydrateRDC:timepoint48H
o__Clostridiales,carbohydrate,RDC:timepoint48H,1.2528604590410002,0.9808547536675206,0.999976442700979,o__Clostridiales||carbohydrate||RDC:timepoint48H,carbohydrateSDC:timepoint48H,1.13175708157002,0.9261753279658907,0.25,o__Clostridiales||carbohydrateSDC:timepoint48H
Akkermansia,carbohydrate,RDC:timepoint48H,1.418113965944382,0.98329533925333,0.8770115394723557,Akkermansia||carbohydrate||RDC:timepoint48H,carbohydrateRDC,0.1534602072202837,0.9553945678440672,0.25,Akkermansia||carbohydrateRDC
Akkermansia,carbohydrate,RDC:timepoint48H,1.418113965944382,0.98329533925333,0.8770115394723557,Akkermansia||carbohydrate||RDC:timepoint48H,carbohydrateSDC,1.0544348490348765,1,0.25,Akkermansia||carbohydrateSDC
Akkermansia,carbohydrate,RDC:timepoint48H,1.418113965944382,0.98329533925333,0.8770115394723557,Akkermansia||carbohydrate||RDC:timepoint48H,timepoint48H,6.963327683566087,3.935216905232225e-4,0.25,Akkermansia||timepoint48H
Akkermansia,carbohydrate,RDC:timepoint48H,1.418113965944382,0.98329533925333,0.8770115394723557,Akkermansia||carbohydrate||RDC:timepoint48H,carbohydrateRDC:timepoint48H,-0.2706832776280569,0.964342369319102,0.25,Akkermansia||carbohydrateRDC:timepoint48H
Akkermansia,carbohydrate,RDC:timepoint48H,1.418113965944382,0.98329533925333,0.8770115394723557,Akkermansia||carbohydrate||RDC:timepoint48H,carbohydrateSDC:timepoint48H,-1.8929204410936495,1,0.25,Akkermansia||carbohydrateSDC:timepoint48H
Akkermansia,carbohydrate,SDC,-1.1181684751417196,0.9866076119747256,0.999976442700979,Akkermansia||carbohydrate||SDC,carbohydrateRDC,0.1534602072202837,0.9553945678440672,0.25,Akkermansia||carbohydrateRDC
Akkermansia,carbohydrate,SDC,-1.1181684751417196,0.9866076119747256,0.999976442700979,Akkermansia||carbohydrate||SDC,carbohydrateSDC,1.0544348490348765,1,0.25,Akkermansia||carbohydrateSDC
Akkermansia,carbohydrate,SDC,-1.1181684751417196,0.9866076119747256,0.999976442700979,Akkermansia||carbohydrate||SDC,carbohydrateRDC:timepoint48H,-0.2706832776280569,0.964342369319102,0.25,Akkermansia||carbohydrateRDC:timepoint48H
Akkermansia,carbohydrate,SDC,-1.1181684751417196,0.9866076119747256,0.999976442700979,Akkermansia||carbohydrate||SDC,carbohydrateSDC:timepoint48H,-1.8929204410936495,1,0.25,Akkermansia||carbohydrateSDC:timepoint48H
f__Christensenellaceae,timepoint,48H,0.9631771683994144,0.9866076119747256,0.9380649629902746,f__Christensenellaceae||timepoint||48H,timepoint48H,0.4723840798000173,0.9807169199003276,0.25,f__Christensenellaceae||timepoint48H
f__Christensenellaceae,timepoint,48H,0.9631771683994144,0.9866076119747256,0.9380649629902746,f__Christensenellaceae||timepoint||48H,carbohydrateRDC:timepoint48H,0.9512504697442912,0.7535495739359567,0.25,f__Christensenellaceae||carbohydrateRDC:timepoint48H
f__Christensenellaceae,timepoint,48H,0.9631771683994144,0.9866076119747256,0.9380649629902746,f__Christensenellaceae||timepoint||48H,carbohydrateSDC:timepoint48H,-1.031070656713004,0.9991022691597377,0.25,f__Christensenellaceae||carbohydrateSDC:timepoint48H
Lactococcus,carbohydrate,RDC,0.7130513799961931,0.9866076119747256,0.999976442700979,Lactococcus||carbohydrate||RDC,carbohydrateRDC,-1.1182878600931525,0.7379897817250379,0.25,Lactococcus||carbohydrateRDC
Lactococcus,carbohydrate,RDC,0.7130513799961931,0.9866076119747256,0.999976442700979,Lactococcus||carbohydrate||RDC,carbohydrateSDC,-0.6705989418351164,1,0.25,Lactococcus||carbohydrateSDC
Lactococcus,carbohydrate,RDC,0.7130513799961931,0.9866076119747256,0.999976442700979,Lactococcus||carbohydrate||RDC,carbohydrateRDC:timepoint48H,2.447939981642038,0.49148335352665296,0.25,Lactococcus||carbohydrateRDC:timepoint48H
Lactococcus,carbohydrate,RDC,0.7130513799961931,0.9866076119747256,0.999976442700979,Lactococcus||carbohydrate||RDC,carbohydrateSDC:timepoint48H,2.174720482751876,0.853048799385414,0.25,Lactococcus||carbohydrateSDC:timepoint48H
Turicibacter,carbohydrate,SDC,-0.8068963832741847,0.9866076119747256,0.999976442700979,Turicibacter||carbohydrate||SDC,carbohydrateRDC,-1.4977693485192427,0.7097485238466421,0.25,Turicibacter||carbohydrateRDC
Turicibacter,carbohydrate,SDC,-0.8068963832741847,0.9866076119747256,0.999976442700979,Turicibacter||carbohydrate||SDC,carbohydrateSDC,-0.34746369691449364,1,0.25,Turicibacter||carbohydrateSDC
Turicibacter,carbohydrate,SDC,-0.8068963832741847,0.9866076119747256,0.999976442700979,Turicibacter||carbohydrate||SDC,carbohydrateRDC:timepoint48H,2.776835618289368,0.45785440340536776,0.25,Turicibacter||carbohydrateRDC:timepoint48H
Turicibacter,carbohydrate,SDC,-0.8068963832741847,0.9866076119747256,0.999976442700979,Turicibacter||carbohydrate||SDC,carbohydrateSDC:timepoint48H,1.715152572405218,0.895166603958311,0.25,Turicibacter||carbohydrateSDC:timepoint48H
Dialister,carbohydrate,SDC,1.1417685471806334,0.9898486769095948,0.999976442700979,Dialister||carbohydrate||SDC,carbohydrateRDC,-1.4696554665252022,0.7279777558029578,0.25,Dialister||carbohydrateRDC
Dialister,carbohydrate,SDC,1.1417685471806334,0.9898486769095948,0.999976442700979,Dialister||carbohydrate||SDC,carbohydrateSDC,-0.2612795613303336,1,0.25,Dialister||carbohydrateSDC
Dialister,carbohydrate,SDC,1.1417685471806334,0.9898486769095948,0.999976442700979,Dialister||carbohydrate||SDC,carbohydrateRDC:timepoint48H,2.6362368442684145,0.5071818482701311,0.25,Dialister||carbohydrateRDC:timepoint48H
Dialister,carbohydrate,SDC,1.1417685471806334,0.9898486769095948,0.999976442700979,Dialister||carbohydrate||SDC,carbohydrateSDC:timepoint48H,1.826983185833838,0.9003090931053331,0.25,Dialister||carbohydrateSDC:timepoint48H
Senegalimassilia,carbohydrate,RDC:timepoint48H,1.5181721827978223,0.9967674434793916,0.999976442700979,Senegalimassilia||carbohydrate||RDC:timepoint48H,carbohydrateRDC,-1.2909435198983463,0.7374528569185441,0.25,Senegalimassilia||carbohydrateRDC
Senegalimassilia,carbohydrate,RDC:timepoint48H,1.5181721827978223,0.9967674434793916,0.999976442700979,Senegalimassilia||carbohydrate||RDC:timepoint48H,carbohydrateSDC,-0.3748425567309731,1,0.25,Senegalimassilia||carbohydrateSDC
Senegalimassilia,carbohydrate,RDC:timepoint48H,1.5181721827978223,0.9967674434793916,0.999976442700979,Senegalimassilia||carbohydrate||RDC:timepoint48H,timepoint48H,1.8089557155757785,0.5404031670431548,0.25,Senegalimassilia||timepoint48H
Senegalimassilia,carbohydrate,RDC:timepoint48H,1.5181721827978223,0.9967674434793916,0.999976442700979,Senegalimassilia||carbohydrate||RDC:timepoint48H,carbohydrateRDC:timepoint48H,2.5288155426450887,0.47847599656001066,0.25,Senegalimassilia||carbohydrateRDC:timepoint48H
Senegalimassilia,carbohydrate,RDC:timepoint48H,1.5181721827978223,0.9967674434793916,0.999976442700979,Senegalimassilia||carbohydrate||RDC:timepoint48H,carbohydrateSDC:timepoint48H,2.1651213292671683,0.8306056128155955,0.25,Senegalimassilia||carbohydrateSDC:timepoint48H
Actinomyces,carbohydrate,RDC,0.20448117545931105,0.9999981164156956,0.999976442700979,Actinomyces||carbohydrate||RDC,carbohydrateRDC,-1.348703016026107,0.7101862666547119,0.25,Actinomyces||carbohydrateRDC
Actinomyces,carbohydrate,RDC,0.20448117545931105,0.9999981164156956,0.999976442700979,Actinomyces||carbohydrate||RDC,carbohydrateSDC,-0.11206184255573784,1,0.25,Actinomyces||carbohydrateSDC
Actinomyces,carbohydrate,RDC,0.20448117545931105,0.9999981164156956,0.999976442700979,Actinomyces||carbohydrate||RDC,carbohydrateRDC:timepoint48H,3.185338042141381,0.4055027968957361,0.25,Actinomyces||carbohydrateRDC:timepoint48H
Actinomyces,carbohydrate,RDC,0.20448117545931105,0.9999981164156956,0.999976442700979,Actinomyces||carbohydrate||RDC,carbohydrateSDC:timepoint48H,1.332038487388017,0.9111534099829058,0.25,Actinomyces||carbohydrateSDC:timepoint48H
Actinomyces,carbohydrate,RDC:timepoint48H,0.2912054305808119,0.9999981164156956,0.999976442700979,Actinomyces||carbohydrate||RDC:timepoint48H,carbohydrateRDC,-1.348703016026107,0.7101862666547119,0.25,Actinomyces||carbohydrateRDC
Actinomyces,carbohydrate,RDC:timepoint48H,0.2912054305808119,0.9999981164156956,0.999976442700979,Actinomyces||carbohydrate||RDC:timepoint48H,carbohydrateSDC,-0.11206184255573784,1,0.25,Actinomyces||carbohydrateSDC
Actinomyces,carbohydrate,RDC:timepoint48H,0.2912054305808119,0.9999981164156956,0.999976442700979,Actinomyces||carbohydrate||RDC:timepoint48H,timepoint48H,-3.20621112829282,0.4734096286884457,0.25,Actinomyces||timepoint48H
Actinomyces,carbohydrate,RDC:timepoint48H,0.2912054305808119,0.9999981164156956,0.999976442700979,Actinomyces||carbohydrate||RDC:timepoint48H,carbohydrateRDC:timepoint48H,3.185338042141381,0.4055027968957361,0.25,Actinomyces||carbohydrateRDC:timepoint48H
Actinomyces,carbohydrate,RDC:timepoint48H,0.2912054305808119,0.9999981164156956,0.999976442700979,Actinomyces||carbohydrate||RDC:timepoint48H,carbohydrateSDC:timepoint48H,1.332038487388017,0.9111534099829058,0.25,Actinomyces||carbohydrateSDC:timepoint48H
Actinomyces,carbohydrate,SDC,-0.20577186517664792,0.9999981164156956,0.999976442700979,Actinomyces||carbohydrate||SDC,carbohydrateRDC,-1.348703016026107,0.7101862666547119,0.25,Actinomyces||carbohydrateRDC
Actinomyces,carbohydrate,SDC,-0.20577186517664792,0.9999981164156956,0.999976442700979,Actinomyces||carbohydrate||SDC,carbohydrateSDC,-0.11206184255573784,1,0.25,Actinomyces||carbohydrateSDC
Actinomyces,carbohydrate,SDC,-0.20577186517664792,0.9999981164156956,0.999976442700979,Actinomyces||carbohydrate||SDC,carbohydrateRDC:timepoint48H,3.185338042141381,0.4055027968957361,0.25,Actinomyces||carbohydrateRDC:timepoint48H
Actinomyces,carbohydrate,SDC,-0.20577186517664792,0.9999981164156956,0.999976442700979,Actinomyces||carbohydrate||SDC,carbohydrateSDC:timepoint48H,1.332038487388017,0.9111534099829058,0.25,Actinomyces||carbohydrateSDC:timepoint48H
Actinomyces,carbohydrate,SDC:timepoint48H,0.7212010343031489,0.9999981164156956,0.999976442700979,Actinomyces||carbohydrate||SDC:timepoint48H,carbohydrateRDC,-1.348703016026107,0.7101862666547119,0.25,Actinomyces||carbohydrateRDC
Actinomyces,carbohydrate,SDC:timepoint48H,0.7212010343031489,0.9999981164156956,0.999976442700979,Actinomyces||carbohydrate||SDC:timepoint48H,carbohydrateSDC,-0.11206184255573784,1,0.25,Actinomyces||carbohydrateSDC
Actinomyces,carbohydrate,SDC:timepoint48H,0.7212010343031489,0.9999981164156956,0.999976442700979,Actinomyces||carbohydrate||SDC:timepoint48H,timepoint48H,-3.20621112829282,0.4734096286884457,0.25,Actinomyces||timepoint48H
Actinomyces,carbohydrate,SDC:timepoint48H,0.7212010343031489,0.9999981164156956,0.999976442700979,Actinomyces||carbohydrate||SDC:timepoint48H,carbohydrateRDC:timepoint48H,3.185338042141381,0.4055027968957361,0.25,Actinomyces||carbohydrateRDC:timepoint48H
Actinomyces,carbohydrate,SDC:timepoint48H,0.7212010343031489,0.9999981164156956,0.999976442700979,Actinomyces||carbohydrate||SDC:timepoint48H,carbohydrateSDC:timepoint48H,1.332038487388017,0.9111534099829058,0.25,Actinomyces||carbohydrateSDC:timepoint48H
Adlercreutzia,carbohydrate,RDC:timepoint48H,0.6950756192227432,0.9999981164156956,0.999976442700979,Adlercreutzia||carbohydrate||RDC:timepoint48H,carbohydrateRDC,-0.7780007500539575,0.7910238806253035,0.25,Adlercreutzia||carbohydrateRDC
Adlercreutzia,carbohydrate,RDC:timepoint48H,0.6950756192227432,0.9999981164156956,0.999976442700979,Adlercreutzia||carbohydrate||RDC:timepoint48H,carbohydrateSDC,-0.4432438250806788,1,0.25,Adlercreutzia||carbohydrateSDC
Adlercreutzia,carbohydrate,RDC:timepoint48H,0.6950756192227432,0.9999981164156956,0.999976442700979,Adlercreutzia||carbohydrate||RDC:timepoint48H,timepoint48H,-1.6123916835743308,0.9551052605902564,0.25,Adlercreutzia||timepoint48H
Adlercreutzia,carbohydrate,RDC:timepoint48H,0.6950756192227432,0.9999981164156956,0.999976442700979,Adlercreutzia||carbohydrate||RDC:timepoint48H,carbohydrateRDC:timepoint48H,1.4377899598157189,0.6683256118189105,0.25,Adlercreutzia||carbohydrateRDC:timepoint48H
Adlercreutzia,carbohydrate,RDC:timepoint48H,0.6950756192227432,0.9999981164156956,0.999976442700979,Adlercreutzia||carbohydrate||RDC:timepoint48H,carbohydrateSDC:timepoint48H,1.3575488453814455,0.9126826111711396,0.25,Adlercreutzia||carbohydrateSDC:timepoint48H
Adlercreutzia,carbohydrate,SDC:timepoint48H,0.8985234926138652,0.9999981164156956,0.999976442700979,Adlercreutzia||carbohydrate||SDC:timepoint48H,carbohydrateRDC,-0.7780007500539575,0.7910238806253035,0.25,Adlercreutzia||carbohydrateRDC
Adlercreutzia,carbohydrate,SDC:timepoint48H,0.8985234926138652,0.9999981164156956,0.999976442700979,Adlercreutzia||carbohydrate||SDC:timepoint48H,carbohydrateSDC,-0.4432438250806788,1,0.25,Adlercreutzia||carbohydrateSDC
Adlercreutzia,carbohydrate,SDC:timepoint48H,0.8985234926138652,0.9999981164156956,0.999976442700979,Adlercreutzia||carbohydrate||SDC:timepoint48H,timepoint48H,-1.6123916835743308,0.9551052605902564,0.25,Adlercreutzia||timepoint48H
Adlercreutzia,carbohydrate,SDC:timepoint48H,0.8985234926138652,0.9999981164156956,0.999976442700979,Adlercreutzia||carbohydrate||SDC:timepoint48H,carbohydrateRDC:timepoint48H,1.4377899598157189,0.6683256118189105,0.25,Adlercreutzia||carbohydrateRDC:timepoint48H
Adlercreutzia,carbohydrate,SDC:timepoint48H,0.8985234926138652,0.9999981164156956,0.999976442700979,Adlercreutzia||carbohydrate||SDC:timepoint48H,carbohydrateSDC:timepoint48H,1.3575488453814455,0.9126826111711396,0.25,Adlercreutzia||carbohydrateSDC:timepoint48H
Adlercreutzia,obesity_group,obesity,-0.30061800086323004,0.9999981164156956,0.0446984129317259,Adlercreutzia||obesity_group||obesity,obesity_groupobesity,-2.958778666725293,0.22349656486444475,0.25,Adlercreutzia||obesity_groupobesity
Adlercreutzia,timepoint,48H,-0.44730016427391994,0.9999981164156956,0.10529500619876728,Adlercreutzia||timepoint||48H,timepoint48H,-1.6123916835743308,0.9551052605902564,0.25,Adlercreutzia||timepoint48H
Adlercreutzia,timepoint,48H,-0.44730016427391994,0.9999981164156956,0.10529500619876728,Adlercreutzia||timepoint||48H,carbohydrateRDC:timepoint48H,1.4377899598157189,0.6683256118189105,0.25,Adlercreutzia||carbohydrateRDC:timepoint48H
Adlercreutzia,timepoint,48H,-0.44730016427391994,0.9999981164156956,0.10529500619876728,Adlercreutzia||timepoint||48H,carbohydrateSDC:timepoint48H,1.3575488453814455,0.9126826111711396,0.25,Adlercreutzia||carbohydrateSDC:timepoint48H
Akkermansia,carbohydrate,RDC,-0.5214451509768626,0.9999981164156956,0.999976442700979,Akkermansia||carbohydrate||RDC,carbohydrateRDC,0.1534602072202837,0.9553945678440672,0.25,Akkermansia||carbohydrateRDC
Akkermansia,carbohydrate,RDC,-0.5214451509768626,0.9999981164156956,0.999976442700979,Akkermansia||carbohydrate||RDC,carbohydrateSDC,1.0544348490348765,1,0.25,Akkermansia||carbohydrateSDC
Akkermansia,carbohydrate,RDC,-0.5214451509768626,0.9999981164156956,0.999976442700979,Akkermansia||carbohydrate||RDC,carbohydrateRDC:timepoint48H,-0.2706832776280569,0.964342369319102,0.25,Akkermansia||carbohydrateRDC:timepoint48H
Akkermansia,carbohydrate,RDC,-0.5214451509768626,0.9999981164156956,0.999976442700979,Akkermansia||carbohydrate||RDC,carbohydrateSDC:timepoint48H,-1.8929204410936495,1,0.25,Akkermansia||carbohydrateSDC:timepoint48H
Akkermansia,obesity_group,obesity,0.25694928293694996,0.9999981164156956,0.999976442700979,Akkermansia||obesity_group||obesity,obesity_groupobesity,-0.29795550711441604,1,0.25,Akkermansia||obesity_groupobesity
Alistipes,carbohydrate,RDC,0.0920663212506012,0.9999981164156956,0.999976442700979,Alistipes||carbohydrate||RDC,carbohydrateRDC,-0.6717786123180698,0.821010134396264,0.25,Alistipes||carbohydrateRDC
Alistipes,carbohydrate,RDC,0.0920663212506012,0.9999981164156956,0.999976442700979,Alistipes||carbohydrate||RDC,carbohydrateSDC,0.15719164768180424,1,0.25,Alistipes||carbohydrateSDC
Alistipes,carbohydrate,RDC,0.0920663212506012,0.9999981164156956,0.999976442700979,Alistipes||carbohydrate||RDC,carbohydrateRDC:timepoint48H,0.3930112032851406,0.8744451812876061,0.25,Alistipes||carbohydrateRDC:timepoint48H
Alistipes,carbohydrate,RDC,0.0920663212506012,0.9999981164156956,0.999976442700979,Alistipes||carbohydrate||RDC,carbohydrateSDC:timepoint48H,-0.10388504838707184,0.9836205148613965,0.25,Alistipes||carbohydrateSDC:timepoint48H
Alistipes,carbohydrate,RDC:timepoint48H,1.0162053757988987,0.9999981164156956,0.9351153347637488,Alistipes||carbohydrate||RDC:timepoint48H,carbohydrateRDC,-0.6717786123180698,0.821010134396264,0.25,Alistipes||carbohydrateRDC
Alistipes,carbohydrate,RDC:timepoint48H,1.0162053757988987,0.9999981164156956,0.9351153347637488,Alistipes||carbohydrate||RDC:timepoint48H,carbohydrateSDC,0.15719164768180424,1,0.25,Alistipes||carbohydrateSDC
Alistipes,carbohydrate,RDC:timepoint48H,1.0162053757988987,0.9999981164156956,0.9351153347637488,Alistipes||carbohydrate||RDC:timepoint48H,timepoint48H,9.729978717561671,1.9885518994525755e-7,0.25,Alistipes||timepoint48H
Alistipes,carbohydrate,RDC:timepoint48H,1.0162053757988987,0.9999981164156956,0.9351153347637488,Alistipes||carbohydrate||RDC:timepoint48H,carbohydrateRDC:timepoint48H,0.3930112032851406,0.8744451812876061,0.25,Alistipes||carbohydrateRDC:timepoint48H
Alistipes,carbohydrate,RDC:timepoint48H,1.0162053757988987,0.9999981164156956,0.9351153347637488,Alistipes||carbohydrate||RDC:timepoint48H,carbohydrateSDC:timepoint48H,-0.10388504838707184,0.9836205148613965,0.25,Alistipes||carbohydrateSDC:timepoint48H
Alistipes,carbohydrate,SDC,-1.1405330377833094,0.9999981164156956,0.999976442700979,Alistipes||carbohydrate||SDC,carbohydrateRDC,-0.6717786123180698,0.821010134396264,0.25,Alistipes||carbohydrateRDC
Alistipes,carbohydrate,SDC,-1.1405330377833094,0.9999981164156956,0.999976442700979,Alistipes||carbohydrate||SDC,carbohydrateSDC,0.15719164768180424,1,0.25,Alistipes||carbohydrateSDC
Alistipes,carbohydrate,SDC,-1.1405330377833094,0.9999981164156956,0.999976442700979,Alistipes||carbohydrate||SDC,carbohydrateRDC:timepoint48H,0.3930112032851406,0.8744451812876061,0.25,Alistipes||carbohydrateRDC:timepoint48H
Alistipes,carbohydrate,SDC,-1.1405330377833094,0.9999981164156956,0.999976442700979,Alistipes||carbohydrate||SDC,carbohydrateSDC:timepoint48H,-0.10388504838707184,0.9836205148613965,0.25,Alistipes||carbohydrateSDC:timepoint48H
Alistipes,obesity_group,obesity,0.04901475611369778,0.9999981164156956,0.999976442700979,Alistipes||obesity_group||obesity,obesity_groupobesity,-0.610021072910705,0.9353097078092654,0.25,Alistipes||obesity_groupobesity
Anaerostipes,carbohydrate,RDC,0.1604159844757657,0.9999981164156956,9.71944177645804e-4,Anaerostipes||carbohydrate||RDC,carbohydrateRDC,-1.092950841101764,0.7134982300982782,0.25,Anaerostipes||carbohydrateRDC
Anaerostipes,carbohydrate,RDC,0.1604159844757657,0.9999981164156956,9.71944177645804e-4,Anaerostipes||carbohydrate||RDC,carbohydrateSDC,0.03524135050460958,1,0.25,Anaerostipes||carbohydrateSDC
Anaerostipes,carbohydrate,RDC,0.1604159844757657,0.9999981164156956,9.71944177645804e-4,Anaerostipes||carbohydrate||RDC,carbohydrateRDC:timepoint48H,1.6959283258888034,0.5659774049784525,0.25,Anaerostipes||carbohydrateRDC:timepoint48H
Anaerostipes,carbohydrate,RDC,0.1604159844757657,0.9999981164156956,9.71944177645804e-4,Anaerostipes||carbohydrate||RDC,carbohydrateSDC:timepoint48H,1.7820084053281144,0.8933976710546789,0.25,Anaerostipes||carbohydrateSDC:timepoint48H
Anaerostipes,carbohydrate,SDC,0.0675970154827959,0.9999981164156956,0.999976442700979,Anaerostipes||carbohydrate||SDC,carbohydrateRDC,-1.092950841101764,0.7134982300982782,0.25,Anaerostipes||carbohydrateRDC
Anaerostipes,carbohydrate,SDC,0.0675970154827959,0.9999981164156956,0.999976442700979,Anaerostipes||carbohydrate||SDC,carbohydrateSDC,0.03524135050460958,1,0.25,Anaerostipes||carbohydrateSDC
Anaerostipes,carbohydrate,SDC,0.0675970154827959,0.9999981164156956,0.999976442700979,Anaerostipes||carbohydrate||SDC,carbohydrateRDC:timepoint48H,1.6959283258888034,0.5659774049784525,0.25,Anaerostipes||carbohydrateRDC:timepoint48H
Anaerostipes,carbohydrate,SDC,0.0675970154827959,0.9999981164156956,0.999976442700979,Anaerostipes||carbohydrate||SDC,carbohydrateSDC:timepoint48H,1.7820084053281144,0.8933976710546789,0.25,Anaerostipes||carbohydrateSDC:timepoint48H
Anaerostipes,obesity_group,obesity,-0.14965432654802038,0.9999981164156956,0.999976442700979,Anaerostipes||obesity_group||obesity,obesity_groupobesity,-1.083667380261035,0.8845382502001224,0.25,Anaerostipes||obesity_groupobesity
Anaerotruncus,carbohydrate,RDC,0.981554769359992,0.9999981164156956,0.999976442700979,Anaerotruncus||carbohydrate||RDC,carbohydrateRDC,-0.4004114707989808,0.8650057459990164,0.25,Anaerotruncus||carbohydrateRDC
Anaerotruncus,carbohydrate,RDC,0.981554769359992,0.9999981164156956,0.999976442700979,Anaerotruncus||carbohydrate||RDC,carbohydrateSDC,0.4029956309382575,1,0.25,Anaerotruncus||carbohydrateSDC
Anaerotruncus,carbohydrate,RDC,0.981554769359992,0.9999981164156956,0.999976442700979,Anaerotruncus||carbohydrate||RDC,carbohydrateRDC:timepoint48H,-0.9395141611917224,0.9914504743562516,0.25,Anaerotruncus||carbohydrateRDC:timepoint48H
Anaerotruncus,carbohydrate,RDC,0.981554769359992,0.9999981164156956,0.999976442700979,Anaerotruncus||carbohydrate||RDC,carbohydrateSDC:timepoint48H,-1.2625745087911044,0.998876007188986,0.25,Anaerotruncus||carbohydrateSDC:timepoint48H
Anaerotruncus,carbohydrate,RDC:timepoint48H,1.3050552372733355,0.9999981164156956,0.22481495595640075,Anaerotruncus||carbohydrate||RDC:timepoint48H,carbohydrateRDC,-0.4004114707989808,0.8650057459990164,0.25,Anaerotruncus||carbohydrateRDC
Anaerotruncus,carbohydrate,RDC:timepoint48H,1.3050552372733355,0.9999981164156956,0.22481495595640075,Anaerotruncus||carbohydrate||RDC:timepoint48H,carbohydrateSDC,0.4029956309382575,1,0.25,Anaerotruncus||carbohydrateSDC
Anaerotruncus,carbohydrate,RDC:timepoint48H,1.3050552372733355,0.9999981164156956,0.22481495595640075,Anaerotruncus||carbohydrate||RDC:timepoint48H,timepoint48H,6.7636129528409095,2.2271409521088545e-4,0.25,Anaerotruncus||timepoint48H
Anaerotruncus,carbohydrate,RDC:timepoint48H,1.3050552372733355,0.9999981164156956,0.22481495595640075,Anaerotruncus||carbohydrate||RDC:timepoint48H,carbohydrateRDC:timepoint48H,-0.9395141611917224,0.9914504743562516,0.25,Anaerotruncus||carbohydrateRDC:timepoint48H
Anaerotruncus,carbohydrate,RDC:timepoint48H,1.3050552372733355,0.9999981164156956,0.22481495595640075,Anaerotruncus||carbohydrate||RDC:timepoint48H,carbohydrateSDC:timepoint48H,-1.2625745087911044,0.998876007188986,0.25,Anaerotruncus||carbohydrateSDC:timepoint48H
Anaerotruncus,carbohydrate,SDC,0.588585141146515,0.9999981164156956,0.999976442700979,Anaerotruncus||carbohydrate||SDC,carbohydrateRDC,-0.4004114707989808,0.8650057459990164,0.25,Anaerotruncus||carbohydrateRDC
Anaerotruncus,carbohydrate,SDC,0.588585141146515,0.9999981164156956,0.999976442700979,Anaerotruncus||carbohydrate||SDC,carbohydrateSDC,0.4029956309382575,1,0.25,Anaerotruncus||carbohydrateSDC
Anaerotruncus,carbohydrate,SDC,0.588585141146515,0.9999981164156956,0.999976442700979,Anaerotruncus||carbohydrate||SDC,carbohydrateRDC:timepoint48H,-0.9395141611917224,0.9914504743562516,0.25,Anaerotruncus||carbohydrateRDC:timepoint48H
Anaerotruncus,carbohydrate,SDC,0.588585141146515,0.9999981164156956,0.999976442700979,Anaerotruncus||carbohydrate||SDC,carbohydrateSDC:timepoint48H,-1.2625745087911044,0.998876007188986,0.25,Anaerotruncus||carbohydrateSDC:timepoint48H
Anaerotruncus,carbohydrate,SDC:timepoint48H,1.7416734430123948,0.9999981164156956,0.28675009346506736,Anaerotruncus||carbohydrate||SDC:timepoint48H,carbohydrateRDC,-0.4004114707989808,0.8650057459990164,0.25,Anaerotruncus||carbohydrateRDC
Anaerotruncus,carbohydrate,SDC:timepoint48H,1.7416734430123948,0.9999981164156956,0.28675009346506736,Anaerotruncus||carbohydrate||SDC:timepoint48H,carbohydrateSDC,0.4029956309382575,1,0.25,Anaerotruncus||carbohydrateSDC
Anaerotruncus,carbohydrate,SDC:timepoint48H,1.7416734430123948,0.9999981164156956,0.28675009346506736,Anaerotruncus||carbohydrate||SDC:timepoint48H,timepoint48H,6.7636129528409095,2.2271409521088545e-4,0.25,Anaerotruncus||timepoint48H
Anaerotruncus,carbohydrate,SDC:timepoint48H,1.7416734430123948,0.9999981164156956,0.28675009346506736,Anaerotruncus||carbohydrate||SDC:timepoint48H,carbohydrateRDC:timepoint48H,-0.9395141611917224,0.9914504743562516,0.25,Anaerotruncus||carbohydrateRDC:timepoint48H
Anaerotruncus,carbohydrate,SDC:timepoint48H,1.7416734430123948,0.9999981164156956,0.28675009346506736,Anaerotruncus||carbohydrate||SDC:timepoint48H,carbohydrateSDC:timepoint48H,-1.2625745087911044,0.998876007188986,0.25,Anaerotruncus||carbohydrateSDC:timepoint48H
Anaerotruncus,obesity_group,obesity,-0.4302749982657716,0.9999981164156956,0.999976442700979,Anaerotruncus||obesity_group||obesity,obesity_groupobesity,-1.1357497718826373,0.9458757499692196,0.25,Anaerotruncus||obesity_groupobesity
Anaerotruncus,timepoint,48H,1.554080698099631,0.9999981164156956,0.00210407862462756,Anaerotruncus||timepoint||48H,timepoint48H,6.7636129528409095,2.2271409521088545e-4,0.25,Anaerotruncus||timepoint48H
Anaerotruncus,timepoint,48H,1.554080698099631,0.9999981164156956,0.00210407862462756,Anaerotruncus||timepoint||48H,carbohydrateRDC:timepoint48H,-0.9395141611917224,0.9914504743562516,0.25,Anaerotruncus||carbohydrateRDC:timepoint48H
Anaerotruncus,timepoint,48H,1.554080698099631,0.9999981164156956,0.00210407862462756,Anaerotruncus||timepoint||48H,carbohydrateSDC:timepoint48H,-1.2625745087911044,0.998876007188986,0.25,Anaerotruncus||carbohydrateSDC:timepoint48H
Bacteroides,carbohydrate,RDC,-0.8324647914017901,0.9999981164156956,0.999976442700979,Bacteroides||carbohydrate||RDC,carbohydrateRDC,-0.5852318193937324,0.8369346191986281,0.25,Bacteroides||carbohydrateRDC
Bacteroides,carbohydrate,RDC,-0.8324647914017901,0.9999981164156956,0.999976442700979,Bacteroides||carbohydrate||RDC,carbohydrateSDC,0.04436068971780572,1,0.25,Bacteroides||carbohydrateSDC
Bacteroides,carbohydrate,RDC,-0.8324647914017901,0.9999981164156956,0.999976442700979,Bacteroides||carbohydrate||RDC,carbohydrateRDC:timepoint48H,1.2380558501074654,0.7072771115791358,0.25,Bacteroides||carbohydrateRDC:timepoint48H
Bacteroides,carbohydrate,RDC,-0.8324647914017901,0.9999981164156956,0.999976442700979,Bacteroides||carbohydrate||RDC,carbohydrateSDC:timepoint48H,0.7554577454962714,0.9474034718684816,0.25,Bacteroides||carbohydrateSDC:timepoint48H
Bacteroides,carbohydrate,SDC,0.5128596082357659,0.9999981164156956,0.999976442700979,Bacteroides||carbohydrate||SDC,carbohydrateRDC,-0.5852318193937324,0.8369346191986281,0.25,Bacteroides||carbohydrateRDC
Bacteroides,carbohydrate,SDC,0.5128596082357659,0.9999981164156956,0.999976442700979,Bacteroides||carbohydrate||SDC,carbohydrateSDC,0.04436068971780572,1,0.25,Bacteroides||carbohydrateSDC
Bacteroides,carbohydrate,SDC,0.5128596082357659,0.9999981164156956,0.999976442700979,Bacteroides||carbohydrate||SDC,carbohydrateRDC:timepoint48H,1.2380558501074654,0.7072771115791358,0.25,Bacteroides||carbohydrateRDC:timepoint48H
Bacteroides,carbohydrate,SDC,0.5128596082357659,0.9999981164156956,0.999976442700979,Bacteroides||carbohydrate||SDC,carbohydrateSDC:timepoint48H,0.7554577454962714,0.9474034718684816,0.25,Bacteroides||carbohydrateSDC:timepoint48H
Bacteroides,carbohydrate,SDC:timepoint48H,1.0252057842179203,0.9999981164156956,0.999976442700979,Bacteroides||carbohydrate||SDC:timepoint48H,carbohydrateRDC,-0.5852318193937324,0.8369346191986281,0.25,Bacteroides||carbohydrateRDC
Bacteroides,carbohydrate,SDC:timepoint48H,1.0252057842179203,0.9999981164156956,0.999976442700979,Bacteroides||carbohydrate||SDC:timepoint48H,carbohydrateSDC,0.04436068971780572,1,0.25,Bacteroides||carbohydrateSDC
Bacteroides,carbohydrate,SDC:timepoint48H,1.0252057842179203,0.9999981164156956,0.999976442700979,Bacteroides||carbohydrate||SDC:timepoint48H,timepoint48H,14.08098388665732,4.8238323058225063e-14,0.25,Bacteroides||timepoint48H
Bacteroides,carbohydrate,SDC:timepoint48H,1.0252057842179203,0.9999981164156956,0.999976442700979,Bacteroides||carbohydrate||SDC:timepoint48H,carbohydrateRDC:timepoint48H,1.2380558501074654,0.7072771115791358,0.25,Bacteroides||carbohydrateRDC:timepoint48H
Bacteroides,carbohydrate,SDC:timepoint48H,1.0252057842179203,0.9999981164156956,0.999976442700979,Bacteroides||carbohydrate||SDC:timepoint48H,carbohydrateSDC:timepoint48H,0.7554577454962714,0.9474034718684816,0.25,Bacteroides||carbohydrateSDC:timepoint48H
Bacteroides,obesity_group,obesity,-0.15876338104925436,0.9999981164156956,0.999976442700979,Bacteroides||obesity_group||obesity,obesity_groupobesity,-0.5086351668834022,0.9814888613340762,0.25,Bacteroides||obesity_groupobesity
Bifidobacterium,carbohydrate,RDC,0.16957462347625585,0.9999981164156956,0.999976442700979,Bifidobacterium||carbohydrate||RDC,carbohydrateRDC,-1.1656085072826874,0.7064618251521337,0.25,Bifidobacterium||carbohydrateRDC
Bifidobacterium,carbohydrate,RDC,0.16957462347625585,0.9999981164156956,0.999976442700979,Bifidobacterium||carbohydrate||RDC,carbohydrateSDC,0.1330734720974961,1,0.25,Bifidobacterium||carbohydrateSDC
Bifidobacterium,carbohydrate,RDC,0.16957462347625585,0.9999981164156956,0.999976442700979,Bifidobacterium||carbohydrate||RDC,carbohydrateRDC:timepoint48H,4.316423836297224,0.22046229369499945,0.25,Bifidobacterium||carbohydrateRDC:timepoint48H
Bifidobacterium,carbohydrate,RDC,0.16957462347625585,0.9999981164156956,0.999976442700979,Bifidobacterium||carbohydrate||RDC,carbohydrateSDC:timepoint48H,3.2602644794924425,0.6841605453394017,0.25,Bifidobacterium||carbohydrateSDC:timepoint48H
Bifidobacterium,carbohydrate,SDC,0.15707146910827102,0.9999981164156956,0.999976442700979,Bifidobacterium||carbohydrate||SDC,carbohydrateRDC,-1.1656085072826874,0.7064618251521337,0.25,Bifidobacterium||carbohydrateRDC
Bifidobacterium,carbohydrate,SDC,0.15707146910827102,0.9999981164156956,0.999976442700979,Bifidobacterium||carbohydrate||SDC,carbohydrateSDC,0.1330734720974961,1,0.25,Bifidobacterium||carbohydrateSDC
Bifidobacterium,carbohydrate,SDC,0.15707146910827102,0.9999981164156956,0.999976442700979,Bifidobacterium||carbohydrate||SDC,carbohydrateRDC:timepoint48H,4.316423836297224,0.22046229369499945,0.25,Bifidobacterium||carbohydrateRDC:timepoint48H
Bifidobacterium,carbohydrate,SDC,0.15707146910827102,0.9999981164156956,0.999976442700979,Bifidobacterium||carbohydrate||SDC,carbohydrateSDC:timepoint48H,3.2602644794924425,0.6841605453394017,0.25,Bifidobacterium||carbohydrateSDC:timepoint48H
Bifidobacterium,obesity_group,obesity,-0.3743120825634222,0.9999981164156956,0.999976442700979,Bifidobacterium||obesity_group||obesity,obesity_groupobesity,-0.8408088616441688,0.8138166373741933,0.25,Bifidobacterium||obesity_groupobesity
Bifidobacterium,timepoint,48H,0.293564238388772,0.9999981164156956,0.999976442700979,Bifidobacterium||timepoint||48H,timepoint48H,0.26836987607150836,0.9991158330782032,0.25,Bifidobacterium||timepoint48H
Bifidobacterium,timepoint,48H,0.293564238388772,0.9999981164156956,0.999976442700979,Bifidobacterium||timepoint||48H,carbohydrateRDC:timepoint48H,4.316423836297224,0.22046229369499945,0.25,Bifidobacterium||carbohydrateRDC:timepoint48H
Bifidobacterium,timepoint,48H,0.293564238388772,0.9999981164156956,0.999976442700979,Bifidobacterium||timepoint||48H,carbohydrateSDC:timepoint48H,3.2602644794924425,0.6841605453394017,0.25,Bifidobacterium||carbohydrateSDC:timepoint48H
Blautia,carbohydrate,RDC,-0.00730602067036473,0.9999981164156956,0.999976442700979,Blautia||carbohydrate||RDC,carbohydrateRDC,-1.4101671687778758,0.7064618251521337,0.25,Blautia||carbohydrateRDC
Blautia,carbohydrate,RDC,-0.00730602067036473,0.9999981164156956,0.999976442700979,Blautia||carbohydrate||RDC,carbohydrateSDC,0.04151393832795844,1,0.25,Blautia||carbohydrateSDC
Blautia,carbohydrate,RDC,-0.00730602067036473,0.9999981164156956,0.999976442700979,Blautia||carbohydrate||RDC,carbohydrateRDC:timepoint48H,2.4338586700981257,0.4560382607634186,0.25,Blautia||carbohydrateRDC:timepoint48H
Blautia,carbohydrate,RDC,-0.00730602067036473,0.9999981164156956,0.999976442700979,Blautia||carbohydrate||RDC,carbohydrateSDC:timepoint48H,1.7209294021416175,0.8893020353334591,0.25,Blautia||carbohydrateSDC:timepoint48H
Blautia,carbohydrate,SDC,0.07189310001032662,0.9999981164156956,0.999976442700979,Blautia||carbohydrate||SDC,carbohydrateRDC,-1.4101671687778758,0.7064618251521337,0.25,Blautia||carbohydrateRDC
Blautia,carbohydrate,SDC,0.07189310001032662,0.9999981164156956,0.999976442700979,Blautia||carbohydrate||SDC,carbohydrateSDC,0.04151393832795844,1,0.25,Blautia||carbohydrateSDC
Blautia,carbohydrate,SDC,0.07189310001032662,0.9999981164156956,0.999976442700979,Blautia||carbohydrate||SDC,carbohydrateRDC:timepoint48H,2.4338586700981257,0.4560382607634186,0.25,Blautia||carbohydrateRDC:timepoint48H
Blautia,carbohydrate,SDC,0.07189310001032662,0.9999981164156956,0.999976442700979,Blautia||carbohydrate||SDC,carbohydrateSDC:timepoint48H,1.7209294021416175,0.8893020353334591,0.25,Blautia||carbohydrateSDC:timepoint48H
Blautia,timepoint,48H,-0.22841462192587944,0.9999981164156956,0.999976442700979,Blautia||timepoint||48H,timepoint48H,-0.3038439394806882,1,0.25,Blautia||timepoint48H
Blautia,timepoint,48H,-0.22841462192587944,0.9999981164156956,0.999976442700979,Blautia||timepoint||48H,carbohydrateRDC:timepoint48H,2.4338586700981257,0.4560382607634186,0.25,Blautia||carbohydrateRDC:timepoint48H
Blautia,timepoint,48H,-0.22841462192587944,0.9999981164156956,0.999976442700979,Blautia||timepoint||48H,carbohydrateSDC:timepoint48H,1.7209294021416175,0.8893020353334591,0.25,Blautia||carbohydrateSDC:timepoint48H
Clostridium,carbohydrate,RDC,-0.6331416095680354,0.9999981164156956,0.999976442700979,Clostridium||carbohydrate||RDC,carbohydrateRDC,-1.121652774384593,0.7336037475335895,0.25,Clostridium||carbohydrateRDC
Clostridium,carbohydrate,RDC,-0.6331416095680354,0.9999981164156956,0.999976442700979,Clostridium||carbohydrate||RDC,carbohydrateSDC,-0.2469763144280594,1,0.25,Clostridium||carbohydrateSDC
Clostridium,carbohydrate,RDC,-0.6331416095680354,0.9999981164156956,0.999976442700979,Clostridium||carbohydrate||RDC,carbohydrateRDC:timepoint48H,1.750037571161022,0.5701678809700003,0.25,Clostridium||carbohydrateRDC:timepoint48H
Clostridium,carbohydrate,RDC,-0.6331416095680354,0.9999981164156956,0.999976442700979,Clostridium||carbohydrate||RDC,carbohydrateSDC:timepoint48H,0.5259839102344607,0.962559428100742,0.25,Clostridium||carbohydrateSDC:timepoint48H
Clostridium,carbohydrate,SDC,-0.6265766143988939,0.9999981164156956,0.999976442700979,Clostridium||carbohydrate||SDC,carbohydrateRDC,-1.121652774384593,0.7336037475335895,0.25,Clostridium||carbohydrateRDC
Clostridium,carbohydrate,SDC,-0.6265766143988939,0.9999981164156956,0.999976442700979,Clostridium||carbohydrate||SDC,carbohydrateSDC,-0.2469763144280594,1,0.25,Clostridium||carbohydrateSDC
Clostridium,carbohydrate,SDC,-0.6265766143988939,0.9999981164156956,0.999976442700979,Clostridium||carbohydrate||SDC,carbohydrateRDC:timepoint48H,1.750037571161022,0.5701678809700003,0.25,Clostridium||carbohydrateRDC:timepoint48H
Clostridium,carbohydrate,SDC,-0.6265766143988939,0.9999981164156956,0.999976442700979,Clostridium||carbohydrate||SDC,carbohydrateSDC:timepoint48H,0.5259839102344607,0.962559428100742,0.25,Clostridium||carbohydrateSDC:timepoint48H
Clostridium,obesity_group,obesity,-0.21741855509875452,0.9999981164156956,0.999976442700979,Clostridium||obesity_group||obesity,obesity_groupobesity,-0.2872637070150083,1,0.25,Clostridium||obesity_groupobesity
Collinsella,carbohydrate,RDC,-0.3615561217679843,0.9999981164156956,0.999976442700979,Collinsella||carbohydrate||RDC,carbohydrateRDC,-2.0047945577666137,0.7076600321837951,0.25,Collinsella||carbohydrateRDC
Collinsella,carbohydrate,RDC,-0.3615561217679843,0.9999981164156956,0.999976442700979,Collinsella||carbohydrate||RDC,carbohydrateSDC,-0.978277621278758,1,0.25,Collinsella||carbohydrateSDC
Collinsella,carbohydrate,RDC,-0.3615561217679843,0.9999981164156956,0.999976442700979,Collinsella||carbohydrate||RDC,carbohydrateRDC:timepoint48H,4.624053917753281,0.3774297936792237,0.25,Collinsella||carbohydrateRDC:timepoint48H
Collinsella,carbohydrate,RDC,-0.3615561217679843,0.9999981164156956,0.999976442700979,Collinsella||carbohydrate||RDC,carbohydrateSDC:timepoint48H,3.325460580729446,0.8299822847377112,0.25,Collinsella||carbohydrateSDC:timepoint48H
Collinsella,carbohydrate,SDC,-0.1435003775558356,0.9999981164156956,0.999976442700979,Collinsella||carbohydrate||SDC,carbohydrateRDC,-2.0047945577666137,0.7076600321837951,0.25,Collinsella||carbohydrateRDC
Collinsella,carbohydrate,SDC,-0.1435003775558356,0.9999981164156956,0.999976442700979,Collinsella||carbohydrate||SDC,carbohydrateSDC,-0.978277621278758,1,0.25,Collinsella||carbohydrateSDC
Collinsella,carbohydrate,SDC,-0.1435003775558356,0.9999981164156956,0.999976442700979,Collinsella||carbohydrate||SDC,carbohydrateRDC:timepoint48H,4.624053917753281,0.3774297936792237,0.25,Collinsella||carbohydrateRDC:timepoint48H
Collinsella,carbohydrate,SDC,-0.1435003775558356,0.9999981164156956,0.999976442700979,Collinsella||carbohydrate||SDC,carbohydrateSDC:timepoint48H,3.325460580729446,0.8299822847377112,0.25,Collinsella||carbohydrateSDC:timepoint48H
Coprococcus,carbohydrate,RDC,0.498122782512505,0.9999981164156956,0.999976442700979,Coprococcus||carbohydrate||RDC,carbohydrateRDC,-1.0647883907268914,0.738792861062651,0.25,Coprococcus||carbohydrateRDC
Coprococcus,carbohydrate,RDC,0.498122782512505,0.9999981164156956,0.999976442700979,Coprococcus||carbohydrate||RDC,carbohydrateSDC,-0.1625562911822846,1,0.25,Coprococcus||carbohydrateSDC
Coprococcus,carbohydrate,RDC,0.498122782512505,0.9999981164156956,0.999976442700979,Coprococcus||carbohydrate||RDC,carbohydrateRDC:timepoint48H,2.4593588861611497,0.5112818343087202,0.25,Coprococcus||carbohydrateRDC:timepoint48H
Coprococcus,carbohydrate,RDC,0.498122782512505,0.9999981164156956,0.999976442700979,Coprococcus||carbohydrate||RDC,carbohydrateSDC:timepoint48H,2.3278108931923183,0.8801781968214366,0.25,Coprococcus||carbohydrateSDC:timepoint48H
Coprococcus,carbohydrate,SDC,-0.2045244197824565,0.9999981164156956,0.999976442700979,Coprococcus||carbohydrate||SDC,carbohydrateRDC,-1.0647883907268914,0.738792861062651,0.25,Coprococcus||carbohydrateRDC
Coprococcus,carbohydrate,SDC,-0.2045244197824565,0.9999981164156956,0.999976442700979,Coprococcus||carbohydrate||SDC,carbohydrateSDC,-0.1625562911822846,1,0.25,Coprococcus||carbohydrateSDC
Coprococcus,carbohydrate,SDC,-0.2045244197824565,0.9999981164156956,0.999976442700979,Coprococcus||carbohydrate||SDC,carbohydrateRDC:timepoint48H,2.4593588861611497,0.5112818343087202,0.25,Coprococcus||carbohydrateRDC:timepoint48H
Coprococcus,carbohydrate,SDC,-0.2045244197824565,0.9999981164156956,0.999976442700979,Coprococcus||carbohydrate||SDC,carbohydrateSDC:timepoint48H,2.3278108931923183,0.8801781968214366,0.25,Coprococcus||carbohydrateSDC:timepoint48H
Coprococcus,obesity_group,obesity,0.2498497475620595,0.9999981164156956,0.824378019428919,Coprococcus||obesity_group||obesity,obesity_groupobesity,-1.20175812032443,0.8457357772506687,0.25,Coprococcus||obesity_groupobesity
Coprococcus,timepoint,48H,0.27080672853339344,0.9999981164156956,0.8627825599519173,Coprococcus||timepoint||48H,timepoint48H,-0.23557911714749416,0.9998203199605256,0.25,Coprococcus||timepoint48H
Coprococcus,timepoint,48H,0.27080672853339344,0.9999981164156956,0.8627825599519173,Coprococcus||timepoint||48H,carbohydrateRDC:timepoint48H,2.4593588861611497,0.5112818343087202,0.25,Coprococcus||carbohydrateRDC:timepoint48H
Coprococcus,timepoint,48H,0.27080672853339344,0.9999981164156956,0.8627825599519173,Coprococcus||timepoint||48H,carbohydrateSDC:timepoint48H,2.3278108931923183,0.8801781968214366,0.25,Coprococcus||carbohydrateSDC:timepoint48H
Dialister,carbohydrate,RDC,-0.5366557108209924,0.9999981164156956,0.999976442700979,Dialister||carbohydrate||RDC,carbohydrateRDC,-1.4696554665252022,0.7279777558029578,0.25,Dialister||carbohydrateRDC
Dialister,carbohydrate,RDC,-0.5366557108209924,0.9999981164156956,0.999976442700979,Dialister||carbohydrate||RDC,carbohydrateSDC,-0.2612795613303336,1,0.25,Dialister||carbohydrateSDC
Dialister,carbohydrate,RDC,-0.5366557108209924,0.9999981164156956,0.999976442700979,Dialister||carbohydrate||RDC,carbohydrateRDC:timepoint48H,2.6362368442684145,0.5071818482701311,0.25,Dialister||carbohydrateRDC:timepoint48H
Dialister,carbohydrate,RDC,-0.5366557108209924,0.9999981164156956,0.999976442700979,Dialister||carbohydrate||RDC,carbohydrateSDC:timepoint48H,1.826983185833838,0.9003090931053331,0.25,Dialister||carbohydrateSDC:timepoint48H
Dialister,obesity_group,obesity,1.0521977123066983,0.9999981164156956,0.999976442700979,Dialister||obesity_group||obesity,obesity_groupobesity,-1.060896122310114,0.9510785014290392,0.25,Dialister||obesity_groupobesity
Dialister,timepoint,48H,0.3310884372583084,0.9999981164156956,0.824378019428919,Dialister||timepoint||48H,timepoint48H,0.42305211262848447,0.9658408087469884,0.25,Dialister||timepoint48H
Dialister,timepoint,48H,0.3310884372583084,0.9999981164156956,0.824378019428919,Dialister||timepoint||48H,carbohydrateRDC:timepoint48H,2.6362368442684145,0.5071818482701311,0.25,Dialister||carbohydrateRDC:timepoint48H
Dialister,timepoint,48H,0.3310884372583084,0.9999981164156956,0.824378019428919,Dialister||timepoint||48H,carbohydrateSDC:timepoint48H,1.826983185833838,0.9003090931053331,0.25,Dialister||carbohydrateSDC:timepoint48H
Dorea,carbohydrate,RDC,0.3863441140592806,0.9999981164156956,0.8377788498778611,Dorea||carbohydrate||RDC,carbohydrateRDC,-1.4509986427343262,0.7064618251521337,0.25,Dorea||carbohydrateRDC
Dorea,carbohydrate,RDC,0.3863441140592806,0.9999981164156956,0.8377788498778611,Dorea||carbohydrate||RDC,carbohydrateSDC,0.00782676549188774,1,0.25,Dorea||carbohydrateSDC
Dorea,carbohydrate,RDC,0.3863441140592806,0.9999981164156956,0.8377788498778611,Dorea||carbohydrate||RDC,carbohydrateRDC:timepoint48H,2.9418636462937378,0.4405240049858738,0.25,Dorea||carbohydrateRDC:timepoint48H
Dorea,carbohydrate,RDC,0.3863441140592806,0.9999981164156956,0.8377788498778611,Dorea||carbohydrate||RDC,carbohydrateSDC:timepoint48H,1.4621106924372826,0.8973515722021589,0.25,Dorea||carbohydrateSDC:timepoint48H
Dorea,carbohydrate,SDC,0.05626667165775684,0.9999981164156956,0.999976442700979,Dorea||carbohydrate||SDC,carbohydrateRDC,-1.4509986427343262,0.7064618251521337,0.25,Dorea||carbohydrateRDC
Dorea,carbohydrate,SDC,0.05626667165775684,0.9999981164156956,0.999976442700979,Dorea||carbohydrate||SDC,carbohydrateSDC,0.00782676549188774,1,0.25,Dorea||carbohydrateSDC
Dorea,carbohydrate,SDC,0.05626667165775684,0.9999981164156956,0.999976442700979,Dorea||carbohydrate||SDC,carbohydrateRDC:timepoint48H,2.9418636462937378,0.4405240049858738,0.25,Dorea||carbohydrateRDC:timepoint48H
Dorea,carbohydrate,SDC,0.05626667165775684,0.9999981164156956,0.999976442700979,Dorea||carbohydrate||SDC,carbohydrateSDC:timepoint48H,1.4621106924372826,0.8973515722021589,0.25,Dorea||carbohydrateSDC:timepoint48H
Dorea,obesity_group,obesity,-0.2318964482288956,0.9999981164156956,0.999976442700979,Dorea||obesity_group||obesity,obesity_groupobesity,-1.286770921113731,0.7840824696701552,0.25,Dorea||obesity_groupobesity
Eggerthella,carbohydrate,RDC,-0.6697656406161332,0.9999981164156956,0.999976442700979,Eggerthella||carbohydrate||RDC,carbohydrateRDC,-1.5465491859263694,0.7106363459147164,0.25,Eggerthella||carbohydrateRDC
Eggerthella,carbohydrate,RDC,-0.6697656406161332,0.9999981164156956,0.999976442700979,Eggerthella||carbohydrate||RDC,carbohydrateSDC,-0.4366613330547584,1,0.25,Eggerthella||carbohydrateSDC
Eggerthella,carbohydrate,RDC,-0.6697656406161332,0.9999981164156956,0.999976442700979,Eggerthella||carbohydrate||RDC,carbohydrateRDC:timepoint48H,1.5198623005662066,0.5971415480934426,0.25,Eggerthella||carbohydrateRDC:timepoint48H
Eggerthella,carbohydrate,RDC,-0.6697656406161332,0.9999981164156956,0.999976442700979,Eggerthella||carbohydrate||RDC,carbohydrateSDC:timepoint48H,0.5532768959900318,0.9490780948917944,0.25,Eggerthella||carbohydrateSDC:timepoint48H
Eggerthella,carbohydrate,SDC,-0.4836223124107231,0.9999981164156956,0.999976442700979,Eggerthella||carbohydrate||SDC,carbohydrateRDC,-1.5465491859263694,0.7106363459147164,0.25,Eggerthella||carbohydrateRDC
Eggerthella,carbohydrate,SDC,-0.4836223124107231,0.9999981164156956,0.999976442700979,Eggerthella||carbohydrate||SDC,carbohydrateSDC,-0.4366613330547584,1,0.25,Eggerthella||carbohydrateSDC
Eggerthella,carbohydrate,SDC,-0.4836223124107231,0.9999981164156956,0.999976442700979,Eggerthella||carbohydrate||SDC,carbohydrateRDC:timepoint48H,1.5198623005662066,0.5971415480934426,0.25,Eggerthella||carbohydrateRDC:timepoint48H
Eggerthella,carbohydrate,SDC,-0.4836223124107231,0.9999981164156956,0.999976442700979,Eggerthella||carbohydrate||SDC,carbohydrateSDC:timepoint48H,0.5532768959900318,0.9490780948917944,0.25,Eggerthella||carbohydrateSDC:timepoint48H
Erysipelatoclostridium,carbohydrate,RDC:timepoint48H,0.09034337429975228,0.9999981164156956,0.999976442700979,Erysipelatoclostridium||carbohydrate||RDC:timepoint48H,carbohydrateRDC,-0.9125448630986888,0.7715064864832706,0.25,Erysipelatoclostridium||carbohydrateRDC
Erysipelatoclostridium,carbohydrate,RDC:timepoint48H,0.09034337429975228,0.9999981164156956,0.999976442700979,Erysipelatoclostridium||carbohydrate||RDC:timepoint48H,carbohydrateSDC,-0.39681031560838936,1,0.25,Erysipelatoclostridium||carbohydrateSDC
Erysipelatoclostridium,carbohydrate,RDC:timepoint48H,0.09034337429975228,0.9999981164156956,0.999976442700979,Erysipelatoclostridium||carbohydrate||RDC:timepoint48H,timepoint48H,0.8860858713225639,0.9051067140072516,0.25,Erysipelatoclostridium||timepoint48H
Erysipelatoclostridium,carbohydrate,RDC:timepoint48H,0.09034337429975228,0.9999981164156956,0.999976442700979,Erysipelatoclostridium||carbohydrate||RDC:timepoint48H,carbohydrateRDC:timepoint48H,1.1953445588853624,0.7109901671514894,0.25,Erysipelatoclostridium||carbohydrateRDC:timepoint48H
Erysipelatoclostridium,carbohydrate,RDC:timepoint48H,0.09034337429975228,0.9999981164156956,0.999976442700979,Erysipelatoclostridium||carbohydrate||RDC:timepoint48H,carbohydrateSDC:timepoint48H,0.8941558931781904,0.9421837545947116,0.25,Erysipelatoclostridium||carbohydrateSDC:timepoint48H
Erysipelatoclostridium,carbohydrate,SDC,0.4498919882309034,0.9999981164156956,0.999976442700979,Erysipelatoclostridium||carbohydrate||SDC,carbohydrateRDC,-0.9125448630986888,0.7715064864832706,0.25,Erysipelatoclostridium||carbohydrateRDC
Erysipelatoclostridium,carbohydrate,SDC,0.4498919882309034,0.9999981164156956,0.999976442700979,Erysipelatoclostridium||carbohydrate||SDC,carbohydrateSDC,-0.39681031560838936,1,0.25,Erysipelatoclostridium||carbohydrateSDC
Erysipelatoclostridium,carbohydrate,SDC,0.4498919882309034,0.9999981164156956,0.999976442700979,Erysipelatoclostridium||carbohydrate||SDC,carbohydrateRDC:timepoint48H,1.1953445588853624,0.7109901671514894,0.25,Erysipelatoclostridium||carbohydrateRDC:timepoint48H
Erysipelatoclostridium,carbohydrate,SDC,0.4498919882309034,0.9999981164156956,0.999976442700979,Erysipelatoclostridium||carbohydrate||SDC,carbohydrateSDC:timepoint48H,0.8941558931781904,0.9421837545947116,0.25,Erysipelatoclostridium||carbohydrateSDC:timepoint48H
Erysipelatoclostridium,carbohydrate,SDC:timepoint48H,0.14038193444123256,0.9999981164156956,0.999976442700979,Erysipelatoclostridium||carbohydrate||SDC:timepoint48H,carbohydrateRDC,-0.9125448630986888,0.7715064864832706,0.25,Erysipelatoclostridium||carbohydrateRDC
Erysipelatoclostridium,carbohydrate,SDC:timepoint48H,0.14038193444123256,0.9999981164156956,0.999976442700979,Erysipelatoclostridium||carbohydrate||SDC:timepoint48H,carbohydrateSDC,-0.39681031560838936,1,0.25,Erysipelatoclostridium||carbohydrateSDC
Erysipelatoclostridium,carbohydrate,SDC:timepoint48H,0.14038193444123256,0.9999981164156956,0.999976442700979,Erysipelatoclostridium||carbohydrate||SDC:timepoint48H,timepoint48H,0.8860858713225639,0.9051067140072516,0.25,Erysipelatoclostridium||timepoint48H
Erysipelatoclostridium,carbohydrate,SDC:timepoint48H,0.14038193444123256,0.9999981164156956,0.999976442700979,Erysipelatoclostridium||carbohydrate||SDC:timepoint48H,carbohydrateRDC:timepoint48H,1.1953445588853624,0.7109901671514894,0.25,Erysipelatoclostridium||carbohydrateRDC:timepoint48H
Erysipelatoclostridium,carbohydrate,SDC:timepoint48H,0.14038193444123256,0.9999981164156956,0.999976442700979,Erysipelatoclostridium||carbohydrate||SDC:timepoint48H,carbohydrateSDC:timepoint48H,0.8941558931781904,0.9421837545947116,0.25,Erysipelatoclostridium||carbohydrateSDC:timepoint48H
Erysipelatoclostridium,obesity_group,obesity,0.613671005481521,0.9999981164156956,0.999976442700979,Erysipelatoclostridium||obesity_group||obesity,obesity_groupobesity,0.4295591787983888,1,0.25,Erysipelatoclostridium||obesity_groupobesity
Escherichia,carbohydrate,RDC,-1.3404076786256447,0.9999981164156956,0.999976442700979,Escherichia||carbohydrate||RDC,carbohydrateRDC,-0.635435553286886,0.820691206337444,0.25,Escherichia||carbohydrateRDC
Escherichia,carbohydrate,RDC,-1.3404076786256447,0.9999981164156956,0.999976442700979,Escherichia||carbohydrate||RDC,carbohydrateSDC,0.35711798717650667,1,0.25,Escherichia||carbohydrateSDC
Escherichia,carbohydrate,RDC,-1.3404076786256447,0.9999981164156956,0.999976442700979,Escherichia||carbohydrate||RDC,carbohydrateRDC:timepoint48H,2.6329091589177276,0.4951891627676879,0.25,Escherichia||carbohydrateRDC:timepoint48H
Escherichia,carbohydrate,RDC,-1.3404076786256447,0.9999981164156956,0.999976442700979,Escherichia||carbohydrate||RDC,carbohydrateSDC:timepoint48H,1.7690346579847502,0.8885028307381596,0.25,Escherichia||carbohydrateSDC:timepoint48H
Escherichia,carbohydrate,SDC,-1.3729233048886784,0.9999981164156956,0.999976442700979,Escherichia||carbohydrate||SDC,carbohydrateRDC,-0.635435553286886,0.820691206337444,0.25,Escherichia||carbohydrateRDC
Escherichia,carbohydrate,SDC,-1.3729233048886784,0.9999981164156956,0.999976442700979,Escherichia||carbohydrate||SDC,carbohydrateSDC,0.35711798717650667,1,0.25,Escherichia||carbohydrateSDC
Escherichia,carbohydrate,SDC,-1.3729233048886784,0.9999981164156956,0.999976442700979,Escherichia||carbohydrate||SDC,carbohydrateRDC:timepoint48H,2.6329091589177276,0.4951891627676879,0.25,Escherichia||carbohydrateRDC:timepoint48H
Escherichia,carbohydrate,SDC,-1.3729233048886784,0.9999981164156956,0.999976442700979,Escherichia||carbohydrate||SDC,carbohydrateSDC:timepoint48H,1.7690346579847502,0.8885028307381596,0.25,Escherichia||carbohydrateSDC:timepoint48H
Escherichia,obesity_group,obesity,-0.7629724433257752,0.9999981164156956,0.999976442700979,Escherichia||obesity_group||obesity,obesity_groupobesity,-0.291896368320526,0.9999599917306188,0.25,Escherichia||obesity_groupobesity
Eubacterium,carbohydrate,RDC,0.5039912137574463,0.9999981164156956,0.3880025648377262,Eubacterium||carbohydrate||RDC,carbohydrateRDC,-1.366388795226604,0.7064618251521337,0.25,Eubacterium||carbohydrateRDC
Eubacterium,carbohydrate,RDC,0.5039912137574463,0.9999981164156956,0.3880025648377262,Eubacterium||carbohydrate||RDC,carbohydrateSDC,0.03649007742242301,1,0.25,Eubacterium||carbohydrateSDC
Eubacterium,carbohydrate,RDC,0.5039912137574463,0.9999981164156956,0.3880025648377262,Eubacterium||carbohydrate||RDC,carbohydrateRDC:timepoint48H,1.8209533910340772,0.5417781780222731,0.25,Eubacterium||carbohydrateRDC:timepoint48H
Eubacterium,carbohydrate,RDC,0.5039912137574463,0.9999981164156956,0.3880025648377262,Eubacterium||carbohydrate||RDC,carbohydrateSDC:timepoint48H,1.1834203035294086,0.9109752405480444,0.25,Eubacterium||carbohydrateSDC:timepoint48H
Eubacterium,carbohydrate,SDC,0.07841486106842302,0.9999981164156956,0.999976442700979,Eubacterium||carbohydrate||SDC,carbohydrateRDC,-1.366388795226604,0.7064618251521337,0.25,Eubacterium||carbohydrateRDC
Eubacterium,carbohydrate,SDC,0.07841486106842302,0.9999981164156956,0.999976442700979,Eubacterium||carbohydrate||SDC,carbohydrateSDC,0.03649007742242301,1,0.25,Eubacterium||carbohydrateSDC
Eubacterium,carbohydrate,SDC,0.07841486106842302,0.9999981164156956,0.999976442700979,Eubacterium||carbohydrate||SDC,carbohydrateRDC:timepoint48H,1.8209533910340772,0.5417781780222731,0.25,Eubacterium||carbohydrateRDC:timepoint48H
Eubacterium,carbohydrate,SDC,0.07841486106842302,0.9999981164156956,0.999976442700979,Eubacterium||carbohydrate||SDC,carbohydrateSDC:timepoint48H,1.1834203035294086,0.9109752405480444,0.25,Eubacterium||carbohydrateSDC:timepoint48H
Eubacterium,obesity_group,obesity,0.02340301963536211,0.9999981164156956,0.7055967542022221,Eubacterium||obesity_group||obesity,obesity_groupobesity,-1.144709266460918,0.7826708850270978,0.25,Eubacterium||obesity_groupobesity
f__Christensenellaceae,carbohydrate,RDC,0.19296197802930767,0.9999981164156956,0.999976442700979,f__Christensenellaceae||carbohydrate||RDC,carbohydrateRDC,-1.0144287682255548,0.7371496916894636,0.25,f__Christensenellaceae||carbohydrateRDC
f__Christensenellaceae,carbohydrate,RDC,0.19296197802930767,0.9999981164156956,0.999976442700979,f__Christensenellaceae||carbohydrate||RDC,carbohydrateSDC,0.11509765225302895,1,0.25,f__Christensenellaceae||carbohydrateSDC
f__Christensenellaceae,carbohydrate,RDC,0.19296197802930767,0.9999981164156956,0.999976442700979,f__Christensenellaceae||carbohydrate||RDC,carbohydrateRDC:timepoint48H,0.9512504697442912,0.7535495739359567,0.25,f__Christensenellaceae||carbohydrateRDC:timepoint48H
f__Christensenellaceae,carbohydrate,RDC,0.19296197802930767,0.9999981164156956,0.999976442700979,f__Christensenellaceae||carbohydrate||RDC,carbohydrateSDC:timepoint48H,-1.031070656713004,0.9991022691597377,0.25,f__Christensenellaceae||carbohydrateSDC:timepoint48H
f__Christensenellaceae,carbohydrate,RDC:timepoint48H,0.8532147795255615,0.9999981164156956,0.999976442700979,f__Christensenellaceae||carbohydrate||RDC:timepoint48H,carbohydrateRDC,-1.0144287682255548,0.7371496916894636,0.25,f__Christensenellaceae||carbohydrateRDC
f__Christensenellaceae,carbohydrate,RDC:timepoint48H,0.8532147795255615,0.9999981164156956,0.999976442700979,f__Christensenellaceae||carbohydrate||RDC:timepoint48H,carbohydrateSDC,0.11509765225302895,1,0.25,f__Christensenellaceae||carbohydrateSDC
f__Christensenellaceae,carbohydrate,RDC:timepoint48H,0.8532147795255615,0.9999981164156956,0.999976442700979,f__Christensenellaceae||carbohydrate||RDC:timepoint48H,timepoint48H,0.4723840798000173,0.9807169199003276,0.25,f__Christensenellaceae||timepoint48H
f__Christensenellaceae,carbohydrate,RDC:timepoint48H,0.8532147795255615,0.9999981164156956,0.999976442700979,f__Christensenellaceae||carbohydrate||RDC:timepoint48H,carbohydrateRDC:timepoint48H,0.9512504697442912,0.7535495739359567,0.25,f__Christensenellaceae||carbohydrateRDC:timepoint48H
f__Christensenellaceae,carbohydrate,RDC:timepoint48H,0.8532147795255615,0.9999981164156956,0.999976442700979,f__Christensenellaceae||carbohydrate||RDC:timepoint48H,carbohydrateSDC:timepoint48H,-1.031070656713004,0.9991022691597377,0.25,f__Christensenellaceae||carbohydrateSDC:timepoint48H
f__Christensenellaceae,carbohydrate,SDC,-0.2535622697858313,0.9999981164156956,0.999976442700979,f__Christensenellaceae||carbohydrate||SDC,carbohydrateRDC,-1.0144287682255548,0.7371496916894636,0.25,f__Christensenellaceae||carbohydrateRDC
f__Christensenellaceae,carbohydrate,SDC,-0.2535622697858313,0.9999981164156956,0.999976442700979,f__Christensenellaceae||carbohydrate||SDC,carbohydrateSDC,0.11509765225302895,1,0.25,f__Christensenellaceae||carbohydrateSDC
f__Christensenellaceae,carbohydrate,SDC,-0.2535622697858313,0.9999981164156956,0.999976442700979,f__Christensenellaceae||carbohydrate||SDC,carbohydrateRDC:timepoint48H,0.9512504697442912,0.7535495739359567,0.25,f__Christensenellaceae||carbohydrateRDC:timepoint48H
f__Christensenellaceae,carbohydrate,SDC,-0.2535622697858313,0.9999981164156956,0.999976442700979,f__Christensenellaceae||carbohydrate||SDC,carbohydrateSDC:timepoint48H,-1.031070656713004,0.9991022691597377,0.25,f__Christensenellaceae||carbohydrateSDC:timepoint48H
f__Coriobacteriaceae,carbohydrate,RDC,0.839357584933914,0.9999981164156956,0.999976442700979,f__Coriobacteriaceae||carbohydrate||RDC,carbohydrateRDC,-0.2714070012987587,0.8872201753753803,0.25,f__Coriobacteriaceae||carbohydrateRDC
f__Coriobacteriaceae,carbohydrate,RDC,0.839357584933914,0.9999981164156956,0.999976442700979,f__Coriobacteriaceae||carbohydrate||RDC,carbohydrateSDC,0.4415338619104648,1,0.25,f__Coriobacteriaceae||carbohydrateSDC
f__Coriobacteriaceae,carbohydrate,RDC,0.839357584933914,0.9999981164156956,0.999976442700979,f__Coriobacteriaceae||carbohydrate||RDC,carbohydrateRDC:timepoint48H,1.6207565620884663,0.630505744829326,0.25,f__Coriobacteriaceae||carbohydrateRDC:timepoint48H
f__Coriobacteriaceae,carbohydrate,RDC,0.839357584933914,0.9999981164156956,0.999976442700979,f__Coriobacteriaceae||carbohydrate||RDC,carbohydrateSDC:timepoint48H,1.2522262935231283,0.9205361321266584,0.25,f__Coriobacteriaceae||carbohydrateSDC:timepoint48H
f__Coriobacteriaceae,carbohydrate,SDC,0.20583546264104252,0.9999981164156956,0.999976442700979,f__Coriobacteriaceae||carbohydrate||SDC,carbohydrateRDC,-0.2714070012987587,0.8872201753753803,0.25,f__Coriobacteriaceae||carbohydrateRDC
f__Coriobacteriaceae,carbohydrate,SDC,0.20583546264104252,0.9999981164156956,0.999976442700979,f__Coriobacteriaceae||carbohydrate||SDC,carbohydrateSDC,0.4415338619104648,1,0.25,f__Coriobacteriaceae||carbohydrateSDC
f__Coriobacteriaceae,carbohydrate,SDC,0.20583546264104252,0.9999981164156956,0.999976442700979,f__Coriobacteriaceae||carbohydrate||SDC,carbohydrateRDC:timepoint48H,1.6207565620884663,0.630505744829326,0.25,f__Coriobacteriaceae||carbohydrateRDC:timepoint48H
f__Coriobacteriaceae,carbohydrate,SDC,0.20583546264104252,0.9999981164156956,0.999976442700979,f__Coriobacteriaceae||carbohydrate||SDC,carbohydrateSDC:timepoint48H,1.2522262935231283,0.9205361321266584,0.25,f__Coriobacteriaceae||carbohydrateSDC:timepoint48H
f__Coriobacteriaceae,obesity_group,obesity,-0.5786463405551567,0.9999981164156956,0.8923285564544978,f__Coriobacteriaceae||obesity_group||obesity,obesity_groupobesity,-1.07101451293142,0.9279851404078796,0.25,f__Coriobacteriaceae||obesity_groupobesity
f__Erysipelotrichaceae,carbohydrate,RDC,0.32714078605574876,0.9999981164156956,0.999976442700979,f__Erysipelotrichaceae||carbohydrate||RDC,carbohydrateRDC,-0.8381810958393541,0.7685200200478718,0.25,f__Erysipelotrichaceae||carbohydrateRDC
f__Erysipelotrichaceae,carbohydrate,RDC,0.32714078605574876,0.9999981164156956,0.999976442700979,f__Erysipelotrichaceae||carbohydrate||RDC,carbohydrateSDC,0.24043186880292391,1,0.25,f__Erysipelotrichaceae||carbohydrateSDC
f__Erysipelotrichaceae,carbohydrate,RDC,0.32714078605574876,0.9999981164156956,0.999976442700979,f__Erysipelotrichaceae||carbohydrate||RDC,carbohydrateRDC:timepoint48H,0.6949191479185091,0.828747781593608,0.25,f__Erysipelotrichaceae||carbohydrateRDC:timepoint48H
f__Erysipelotrichaceae,carbohydrate,RDC,0.32714078605574876,0.9999981164156956,0.999976442700979,f__Erysipelotrichaceae||carbohydrate||RDC,carbohydrateSDC:timepoint48H,0.14547356338110357,0.9814304168421056,0.25,f__Erysipelotrichaceae||carbohydrateSDC:timepoint48H
f__Erysipelotrichaceae,carbohydrate,RDC:timepoint48H,0.08256993659760437,0.9999981164156956,0.999976442700979,f__Erysipelotrichaceae||carbohydrate||RDC:timepoint48H,carbohydrateRDC,-0.8381810958393541,0.7685200200478718,0.25,f__Erysipelotrichaceae||carbohydrateRDC
f__Erysipelotrichaceae,carbohydrate,RDC:timepoint48H,0.08256993659760437,0.9999981164156956,0.999976442700979,f__Erysipelotrichaceae||carbohydrate||RDC:timepoint48H,carbohydrateSDC,0.24043186880292391,1,0.25,f__Erysipelotrichaceae||carbohydrateSDC
f__Erysipelotrichaceae,carbohydrate,RDC:timepoint48H,0.08256993659760437,0.9999981164156956,0.999976442700979,f__Erysipelotrichaceae||carbohydrate||RDC:timepoint48H,timepoint48H,-0.01621250982399187,0.9992144751211788,0.25,f__Erysipelotrichaceae||timepoint48H
f__Erysipelotrichaceae,carbohydrate,RDC:timepoint48H,0.08256993659760437,0.9999981164156956,0.999976442700979,f__Erysipelotrichaceae||carbohydrate||RDC:timepoint48H,carbohydrateRDC:timepoint48H,0.6949191479185091,0.828747781593608,0.25,f__Erysipelotrichaceae||carbohydrateRDC:timepoint48H
f__Erysipelotrichaceae,carbohydrate,RDC:timepoint48H,0.08256993659760437,0.9999981164156956,0.999976442700979,f__Erysipelotrichaceae||carbohydrate||RDC:timepoint48H,carbohydrateSDC:timepoint48H,0.14547356338110357,0.9814304168421056,0.25,f__Erysipelotrichaceae||carbohydrateSDC:timepoint48H
f__Erysipelotrichaceae,carbohydrate,SDC,-0.06741137493351265,0.9999981164156956,0.999976442700979,f__Erysipelotrichaceae||carbohydrate||SDC,carbohydrateRDC,-0.8381810958393541,0.7685200200478718,0.25,f__Erysipelotrichaceae||carbohydrateRDC
f__Erysipelotrichaceae,carbohydrate,SDC,-0.06741137493351265,0.9999981164156956,0.999976442700979,f__Erysipelotrichaceae||carbohydrate||SDC,carbohydrateSDC,0.24043186880292391,1,0.25,f__Erysipelotrichaceae||carbohydrateSDC
f__Erysipelotrichaceae,carbohydrate,SDC,-0.06741137493351265,0.9999981164156956,0.999976442700979,f__Erysipelotrichaceae||carbohydrate||SDC,carbohydrateRDC:timepoint48H,0.6949191479185091,0.828747781593608,0.25,f__Erysipelotrichaceae||carbohydrateRDC:timepoint48H
f__Erysipelotrichaceae,carbohydrate,SDC,-0.06741137493351265,0.9999981164156956,0.999976442700979,f__Erysipelotrichaceae||carbohydrate||SDC,carbohydrateSDC:timepoint48H,0.14547356338110357,0.9814304168421056,0.25,f__Erysipelotrichaceae||carbohydrateSDC:timepoint48H
f__Erysipelotrichaceae,obesity_group,obesity,0.33435796659349143,0.9999981164156956,0.999976442700979,f__Erysipelotrichaceae||obesity_group||obesity,obesity_groupobesity,-0.4832640291743896,0.999942550493062,0.25,f__Erysipelotrichaceae||obesity_groupobesity
f__Erysipelotrichaceae,timepoint,48H,-0.1744672887596541,0.9999981164156956,0.999976442700979,f__Erysipelotrichaceae||timepoint||48H,timepoint48H,-0.01621250982399187,0.9992144751211788,0.25,f__Erysipelotrichaceae||timepoint48H
f__Erysipelotrichaceae,timepoint,48H,-0.1744672887596541,0.9999981164156956,0.999976442700979,f__Erysipelotrichaceae||timepoint||48H,carbohydrateRDC:timepoint48H,0.6949191479185091,0.828747781593608,0.25,f__Erysipelotrichaceae||carbohydrateRDC:timepoint48H
f__Erysipelotrichaceae,timepoint,48H,-0.1744672887596541,0.9999981164156956,0.999976442700979,f__Erysipelotrichaceae||timepoint||48H,carbohydrateSDC:timepoint48H,0.14547356338110357,0.9814304168421056,0.25,f__Erysipelotrichaceae||carbohydrateSDC:timepoint48H
f__Lachnospiraceae,carbohydrate,RDC,-0.02360246727203075,0.9999981164156956,0.999976442700979,f__Lachnospiraceae||carbohydrate||RDC,carbohydrateRDC,-1.2521643377265426,0.7064618251521337,0.25,f__Lachnospiraceae||carbohydrateRDC
f__Lachnospiraceae,carbohydrate,RDC,-0.02360246727203075,0.9999981164156956,0.999976442700979,f__Lachnospiraceae||carbohydrate||RDC,carbohydrateSDC,0.02449669539931539,1,0.25,f__Lachnospiraceae||carbohydrateSDC
f__Lachnospiraceae,carbohydrate,RDC,-0.02360246727203075,0.9999981164156956,0.999976442700979,f__Lachnospiraceae||carbohydrate||RDC,carbohydrateRDC:timepoint48H,1.6406772303569417,0.5400503002863329,0.25,f__Lachnospiraceae||carbohydrateRDC:timepoint48H
f__Lachnospiraceae,carbohydrate,RDC,-0.02360246727203075,0.9999981164156956,0.999976442700979,f__Lachnospiraceae||carbohydrate||RDC,carbohydrateSDC:timepoint48H,1.0343045501690615,0.9145953095074776,0.25,f__Lachnospiraceae||carbohydrateSDC:timepoint48H
f__Lachnospiraceae,carbohydrate,RDC:timepoint48H,0.9325453480956376,0.9999981164156956,0.999976442700979,f__Lachnospiraceae||carbohydrate||RDC:timepoint48H,carbohydrateRDC,-1.2521643377265426,0.7064618251521337,0.25,f__Lachnospiraceae||carbohydrateRDC
f__Lachnospiraceae,carbohydrate,RDC:timepoint48H,0.9325453480956376,0.9999981164156956,0.999976442700979,f__Lachnospiraceae||carbohydrate||RDC:timepoint48H,carbohydrateSDC,0.02449669539931539,1,0.25,f__Lachnospiraceae||carbohydrateSDC
f__Lachnospiraceae,carbohydrate,RDC:timepoint48H,0.9325453480956376,0.9999981164156956,0.999976442700979,f__Lachnospiraceae||carbohydrate||RDC:timepoint48H,timepoint48H,0.9336621616736758,0.9189477934475808,0.25,f__Lachnospiraceae||timepoint48H
f__Lachnospiraceae,carbohydrate,RDC:timepoint48H,0.9325453480956376,0.9999981164156956,0.999976442700979,f__Lachnospiraceae||carbohydrate||RDC:timepoint48H,carbohydrateRDC:timepoint48H,1.6406772303569417,0.5400503002863329,0.25,f__Lachnospiraceae||carbohydrateRDC:timepoint48H
f__Lachnospiraceae,carbohydrate,RDC:timepoint48H,0.9325453480956376,0.9999981164156956,0.999976442700979,f__Lachnospiraceae||carbohydrate||RDC:timepoint48H,carbohydrateSDC:timepoint48H,1.0343045501690615,0.9145953095074776,0.25,f__Lachnospiraceae||carbohydrateSDC:timepoint48H
f__Lachnospiraceae,carbohydrate,SDC,0.01313361259295519,0.9999981164156956,0.999976442700979,f__Lachnospiraceae||carbohydrate||SDC,carbohydrateRDC,-1.2521643377265426,0.7064618251521337,0.25,f__Lachnospiraceae||carbohydrateRDC
f__Lachnospiraceae,carbohydrate,SDC,0.01313361259295519,0.9999981164156956,0.999976442700979,f__Lachnospiraceae||carbohydrate||SDC,carbohydrateSDC,0.02449669539931539,1,0.25,f__Lachnospiraceae||carbohydrateSDC
f__Lachnospiraceae,carbohydrate,SDC,0.01313361259295519,0.9999981164156956,0.999976442700979,f__Lachnospiraceae||carbohydrate||SDC,carbohydrateRDC:timepoint48H,1.6406772303569417,0.5400503002863329,0.25,f__Lachnospiraceae||carbohydrateRDC:timepoint48H
f__Lachnospiraceae,carbohydrate,SDC,0.01313361259295519,0.9999981164156956,0.999976442700979,f__Lachnospiraceae||carbohydrate||SDC,carbohydrateSDC:timepoint48H,1.0343045501690615,0.9145953095074776,0.25,f__Lachnospiraceae||carbohydrateSDC:timepoint48H
f__Lachnospiraceae,obesity_group,obesity,-0.05296133820873922,0.9999981164156956,0.999976442700979,f__Lachnospiraceae||obesity_group||obesity,obesity_groupobesity,-0.4453048356679972,0.978860294700132,0.25,f__Lachnospiraceae||obesity_groupobesity
f__Ruminococcaceae,carbohydrate,RDC,0.3684911100126021,0.9999981164156956,0.999976442700979,f__Ruminococcaceae||carbohydrate||RDC,carbohydrateRDC,-1.4114988929962526,0.7064618251521337,0.25,f__Ruminococcaceae||carbohydrateRDC
f__Ruminococcaceae,carbohydrate,RDC,0.3684911100126021,0.9999981164156956,0.999976442700979,f__Ruminococcaceae||carbohydrate||RDC,carbohydrateSDC,-0.06040385082819563,1,0.25,f__Ruminococcaceae||carbohydrateSDC
f__Ruminococcaceae,carbohydrate,RDC,0.3684911100126021,0.9999981164156956,0.999976442700979,f__Ruminococcaceae||carbohydrate||RDC,carbohydrateRDC:timepoint48H,0.4745415913567904,0.8811835102153893,0.25,f__Ruminococcaceae||carbohydrateRDC:timepoint48H
f__Ruminococcaceae,carbohydrate,RDC,0.3684911100126021,0.9999981164156956,0.999976442700979,f__Ruminococcaceae||carbohydrate||RDC,carbohydrateSDC:timepoint48H,-0.0581296106802353,0.9989899091444538,0.25,f__Ruminococcaceae||carbohydrateSDC:timepoint48H
f__Ruminococcaceae,carbohydrate,RDC:timepoint48H,-0.1700444836457383,0.9999981164156956,0.999976442700979,f__Ruminococcaceae||carbohydrate||RDC:timepoint48H,carbohydrateRDC,-1.4114988929962526,0.7064618251521337,0.25,f__Ruminococcaceae||carbohydrateRDC
f__Ruminococcaceae,carbohydrate,RDC:timepoint48H,-0.1700444836457383,0.9999981164156956,0.999976442700979,f__Ruminococcaceae||carbohydrate||RDC:timepoint48H,carbohydrateSDC,-0.06040385082819563,1,0.25,f__Ruminococcaceae||carbohydrateSDC
f__Ruminococcaceae,carbohydrate,RDC:timepoint48H,-0.1700444836457383,0.9999981164156956,0.999976442700979,f__Ruminococcaceae||carbohydrate||RDC:timepoint48H,timepoint48H,1.8722250090311263,0.45210850544925374,0.25,f__Ruminococcaceae||timepoint48H
f__Ruminococcaceae,carbohydrate,RDC:timepoint48H,-0.1700444836457383,0.9999981164156956,0.999976442700979,f__Ruminococcaceae||carbohydrate||RDC:timepoint48H,carbohydrateRDC:timepoint48H,0.4745415913567904,0.8811835102153893,0.25,f__Ruminococcaceae||carbohydrateRDC:timepoint48H
f__Ruminococcaceae,carbohydrate,RDC:timepoint48H,-0.1700444836457383,0.9999981164156956,0.999976442700979,f__Ruminococcaceae||carbohydrate||RDC:timepoint48H,carbohydrateSDC:timepoint48H,-0.0581296106802353,0.9989899091444538,0.25,f__Ruminococcaceae||carbohydrateSDC:timepoint48H
f__Ruminococcaceae,carbohydrate,SDC,-0.00575164503378922,0.9999981164156956,0.999976442700979,f__Ruminococcaceae||carbohydrate||SDC,carbohydrateRDC,-1.4114988929962526,0.7064618251521337,0.25,f__Ruminococcaceae||carbohydrateRDC
f__Ruminococcaceae,carbohydrate,SDC,-0.00575164503378922,0.9999981164156956,0.999976442700979,f__Ruminococcaceae||carbohydrate||SDC,carbohydrateSDC,-0.06040385082819563,1,0.25,f__Ruminococcaceae||carbohydrateSDC
f__Ruminococcaceae,carbohydrate,SDC,-0.00575164503378922,0.9999981164156956,0.999976442700979,f__Ruminococcaceae||carbohydrate||SDC,carbohydrateRDC:timepoint48H,0.4745415913567904,0.8811835102153893,0.25,f__Ruminococcaceae||carbohydrateRDC:timepoint48H
f__Ruminococcaceae,carbohydrate,SDC,-0.00575164503378922,0.9999981164156956,0.999976442700979,f__Ruminococcaceae||carbohydrate||SDC,carbohydrateSDC:timepoint48H,-0.0581296106802353,0.9989899091444538,0.25,f__Ruminococcaceae||carbohydrateSDC:timepoint48H
f__Ruminococcaceae,carbohydrate,SDC:timepoint48H,0.7606067673640778,0.9999981164156956,0.999976442700979,f__Ruminococcaceae||carbohydrate||SDC:timepoint48H,carbohydrateRDC,-1.4114988929962526,0.7064618251521337,0.25,f__Ruminococcaceae||carbohydrateRDC
f__Ruminococcaceae,carbohydrate,SDC:timepoint48H,0.7606067673640778,0.9999981164156956,0.999976442700979,f__Ruminococcaceae||carbohydrate||SDC:timepoint48H,carbohydrateSDC,-0.06040385082819563,1,0.25,f__Ruminococcaceae||carbohydrateSDC
f__Ruminococcaceae,carbohydrate,SDC:timepoint48H,0.7606067673640778,0.9999981164156956,0.999976442700979,f__Ruminococcaceae||carbohydrate||SDC:timepoint48H,timepoint48H,1.8722250090311263,0.45210850544925374,0.25,f__Ruminococcaceae||timepoint48H
f__Ruminococcaceae,carbohydrate,SDC:timepoint48H,0.7606067673640778,0.9999981164156956,0.999976442700979,f__Ruminococcaceae||carbohydrate||SDC:timepoint48H,carbohydrateRDC:timepoint48H,0.4745415913567904,0.8811835102153893,0.25,f__Ruminococcaceae||carbohydrateRDC:timepoint48H
f__Ruminococcaceae,carbohydrate,SDC:timepoint48H,0.7606067673640778,0.9999981164156956,0.999976442700979,f__Ruminococcaceae||carbohydrate||SDC:timepoint48H,carbohydrateSDC:timepoint48H,-0.0581296106802353,0.9989899091444538,0.25,f__Ruminococcaceae||carbohydrateSDC:timepoint48H
Faecalibacterium,carbohydrate,RDC,0.165511736050976,0.9999981164156956,0.999976442700979,Faecalibacterium||carbohydrate||RDC,carbohydrateRDC,-0.63648269973518945,0.8159841187673448,0.25,Faecalibacterium||carbohydrateRDC
Faecalibacterium,carbohydrate,RDC,0.165511736050976,0.9999981164156956,0.999976442700979,Faecalibacterium||carbohydrate||RDC,carbohydrateSDC,0.6039094276657173,1,0.25,Faecalibacterium||carbohydrateSDC
Faecalibacterium,carbohydrate,RDC,0.165511736050976,0.9999981164156956,0.999976442700979,Faecalibacterium||carbohydrate||RDC,carbohydrateRDC:timepoint48H,3.4972147316237803,0.4305260959024649,0.25,Faecalibacterium||carbohydrateRDC:timepoint48H
Faecalibacterium,carbohydrate,RDC,0.165511736050976,0.9999981164156956,0.999976442700979,Faecalibacterium||carbohydrate||RDC,carbohydrateSDC:timepoint48H,3.466028242258904,0.7687246558235907,0.25,Faecalibacterium||carbohydrateSDC:timepoint48H
Faecalibacterium,carbohydrate,SDC,0.2863568726955986,0.9999981164156956,0.999976442700979,Faecalibacterium||carbohydrate||SDC,carbohydrateRDC,-0.63648269973518945,0.8159841187673448,0.25,Faecalibacterium||carbohydrateRDC
Faecalibacterium,carbohydrate,SDC,0.2863568726955986,0.9999981164156956,0.999976442700979,Faecalibacterium||carbohydrate||SDC,carbohydrateSDC,0.6039094276657173,1,0.25,Faecalibacterium||carbohydrateSDC
Faecalibacterium,carbohydrate,SDC,0.2863568726955986,0.9999981164156956,0.999976442700979,Faecalibacterium||carbohydrate||SDC,carbohydrateRDC:timepoint48H,3.4972147316237803,0.4305260959024649,0.25,Faecalibacterium||carbohydrateRDC:timepoint48H
Faecalibacterium,carbohydrate,SDC,0.2863568726955986,0.9999981164156956,0.999976442700979,Faecalibacterium||carbohydrate||SDC,carbohydrateSDC:timepoint48H,3.466028242258904,0.7687246558235907,0.25,Faecalibacterium||carbohydrateSDC:timepoint48H
Faecalibacterium,timepoint,48H,0.6566450792882198,0.9999981164156956,0.999976442700979,Faecalibacterium||timepoint||48H,timepoint48H,0.17756030839345777,0.9977386119387548,0.25,Faecalibacterium||timepoint48H
Faecalibacterium,timepoint,48H,0.6566450792882198,0.9999981164156956,0.999976442700979,Faecalibacterium||timepoint||48H,carbohydrateRDC:timepoint48H,3.4972147316237803,0.4305260959024649,0.25,Faecalibacterium||carbohydrateRDC:timepoint48H
Faecalibacterium,timepoint,48H,0.6566450792882198,0.9999981164156956,0.999976442700979,Faecalibacterium||timepoint||48H,carbohydrateSDC:timepoint48H,3.466028242258904,0.7687246558235907,0.25,Faecalibacterium||carbohydrateSDC:timepoint48H
Fusicatenibacter,carbohydrate,RDC,0.3032091536247812,0.9999981164156956,0.999976442700979,Fusicatenibacter||carbohydrate||RDC,carbohydrateRDC,-0.8008326632397791,0.7604676489930458,0.25,Fusicatenibacter||carbohydrateRDC
Fusicatenibacter,carbohydrate,RDC,0.3032091536247812,0.9999981164156956,0.999976442700979,Fusicatenibacter||carbohydrate||RDC,carbohydrateSDC,0.4656494969216269,1,0.25,Fusicatenibacter||carbohydrateSDC
Fusicatenibacter,carbohydrate,RDC,0.3032091536247812,0.9999981164156956,0.999976442700979,Fusicatenibacter||carbohydrate||RDC,carbohydrateRDC:timepoint48H,2.6563677267805574,0.4617535577374844,0.25,Fusicatenibacter||carbohydrateRDC:timepoint48H
Fusicatenibacter,carbohydrate,RDC,0.3032091536247812,0.9999981164156956,0.999976442700979,Fusicatenibacter||carbohydrate||RDC,carbohydrateSDC:timepoint48H,4.30843911795709,0.5812375885148636,0.25,Fusicatenibacter||carbohydrateSDC:timepoint48H
Fusicatenibacter,carbohydrate,RDC:timepoint48H,1.1375320844861727,0.9999981164156956,0.999976442700979,Fusicatenibacter||carbohydrate||RDC:timepoint48H,carbohydrateRDC,-0.8008326632397791,0.7604676489930458,0.25,Fusicatenibacter||carbohydrateRDC
Fusicatenibacter,carbohydrate,RDC:timepoint48H,1.1375320844861727,0.9999981164156956,0.999976442700979,Fusicatenibacter||carbohydrate||RDC:timepoint48H,carbohydrateSDC,0.4656494969216269,1,0.25,Fusicatenibacter||carbohydrateSDC
Fusicatenibacter,carbohydrate,RDC:timepoint48H,1.1375320844861727,0.9999981164156956,0.999976442700979,Fusicatenibacter||carbohydrate||RDC:timepoint48H,timepoint48H,-2.3713319577910315,0.8182681969127906,0.25,Fusicatenibacter||timepoint48H
Fusicatenibacter,carbohydrate,RDC:timepoint48H,1.1375320844861727,0.9999981164156956,0.999976442700979,Fusicatenibacter||carbohydrate||RDC:timepoint48H,carbohydrateRDC:timepoint48H,2.6563677267805574,0.4617535577374844,0.25,Fusicatenibacter||carbohydrateRDC:timepoint48H
Fusicatenibacter,carbohydrate,RDC:timepoint48H,1.1375320844861727,0.9999981164156956,0.999976442700979,Fusicatenibacter||carbohydrate||RDC:timepoint48H,carbohydrateSDC:timepoint48H,4.30843911795709,0.5812375885148636,0.25,Fusicatenibacter||carbohydrateSDC:timepoint48H
Fusicatenibacter,carbohydrate,SDC,0.17239041684022002,0.9999981164156956,0.999976442700979,Fusicatenibacter||carbohydrate||SDC,carbohydrateRDC,-0.8008326632397791,0.7604676489930458,0.25,Fusicatenibacter||carbohydrateRDC
Fusicatenibacter,carbohydrate,SDC,0.17239041684022002,0.9999981164156956,0.999976442700979,Fusicatenibacter||carbohydrate||SDC,carbohydrateSDC,0.4656494969216269,1,0.25,Fusicatenibacter||carbohydrateSDC
Fusicatenibacter,carbohydrate,SDC,0.17239041684022002,0.9999981164156956,0.999976442700979,Fusicatenibacter||carbohydrate||SDC,carbohydrateRDC:timepoint48H,2.6563677267805574,0.4617535577374844,0.25,Fusicatenibacter||carbohydrateRDC:timepoint48H
Fusicatenibacter,carbohydrate,SDC,0.17239041684022002,0.9999981164156956,0.999976442700979,Fusicatenibacter||carbohydrate||SDC,carbohydrateSDC:timepoint48H,4.30843911795709,0.5812375885148636,0.25,Fusicatenibacter||carbohydrateSDC:timepoint48H
Fusicatenibacter,obesity_group,obesity,0.20078307293625208,0.9999981164156956,0.824378019428919,Fusicatenibacter||obesity_group||obesity,obesity_groupobesity,1.0147061170823253,1,0.25,Fusicatenibacter||obesity_groupobesity
Gordonibacter,carbohydrate,RDC,-0.07873787151623736,0.9999981164156956,0.999976442700979,Gordonibacter||carbohydrate||RDC,carbohydrateRDC,-1.077823450978541,0.7487551803068674,0.25,Gordonibacter||carbohydrateRDC
Gordonibacter,carbohydrate,RDC,-0.07873787151623736,0.9999981164156956,0.999976442700979,Gordonibacter||carbohydrate||RDC,carbohydrateSDC,-0.7628379393698727,1,0.25,Gordonibacter||carbohydrateSDC
Gordonibacter,carbohydrate,RDC,-0.07873787151623736,0.9999981164156956,0.999976442700979,Gordonibacter||carbohydrate||RDC,carbohydrateRDC:timepoint48H,2.06028935488853,0.5531527353819774,0.25,Gordonibacter||carbohydrateRDC:timepoint48H
Gordonibacter,carbohydrate,RDC,-0.07873787151623736,0.9999981164156956,0.999976442700979,Gordonibacter||carbohydrate||RDC,carbohydrateSDC:timepoint48H,2.053750484045855,0.8764448901896287,0.25,Gordonibacter||carbohydrateSDC:timepoint48H
Gordonibacter,carbohydrate,RDC:timepoint48H,0.2084031986563344,0.9999981164156956,0.999976442700979,Gordonibacter||carbohydrate||RDC:timepoint48H,carbohydrateRDC,-1.077823450978541,0.7487551803068674,0.25,Gordonibacter||carbohydrateRDC
Gordonibacter,carbohydrate,RDC:timepoint48H,0.2084031986563344,0.9999981164156956,0.999976442700979,Gordonibacter||carbohydrate||RDC:timepoint48H,carbohydrateSDC,-0.7628379393698727,1,0.25,Gordonibacter||carbohydrateSDC
Gordonibacter,carbohydrate,RDC:timepoint48H,0.2084031986563344,0.9999981164156956,0.999976442700979,Gordonibacter||carbohydrate||RDC:timepoint48H,timepoint48H,0.764813938251037,0.9201531783786882,0.25,Gordonibacter||timepoint48H
Gordonibacter,carbohydrate,RDC:timepoint48H,0.2084031986563344,0.9999981164156956,0.999976442700979,Gordonibacter||carbohydrate||RDC:timepoint48H,carbohydrateRDC:timepoint48H,2.06028935488853,0.5531527353819774,0.25,Gordonibacter||carbohydrateRDC:timepoint48H
Gordonibacter,carbohydrate,RDC:timepoint48H,0.2084031986563344,0.9999981164156956,0.999976442700979,Gordonibacter||carbohydrate||RDC:timepoint48H,carbohydrateSDC:timepoint48H,2.053750484045855,0.8764448901896287,0.25,Gordonibacter||carbohydrateSDC:timepoint48H
Gordonibacter,carbohydrate,SDC,0.48690272265592394,0.9999981164156956,0.999976442700979,Gordonibacter||carbohydrate||SDC,carbohydrateRDC,-1.077823450978541,0.7487551803068674,0.25,Gordonibacter||carbohydrateRDC
Gordonibacter,carbohydrate,SDC,0.48690272265592394,0.9999981164156956,0.999976442700979,Gordonibacter||carbohydrate||SDC,carbohydrateSDC,-0.7628379393698727,1,0.25,Gordonibacter||carbohydrateSDC
Gordonibacter,carbohydrate,SDC,0.48690272265592394,0.9999981164156956,0.999976442700979,Gordonibacter||carbohydrate||SDC,carbohydrateRDC:timepoint48H,2.06028935488853,0.5531527353819774,0.25,Gordonibacter||carbohydrateRDC:timepoint48H
Gordonibacter,carbohydrate,SDC,0.48690272265592394,0.9999981164156956,0.999976442700979,Gordonibacter||carbohydrate||SDC,carbohydrateSDC:timepoint48H,2.053750484045855,0.8764448901896287,0.25,Gordonibacter||carbohydrateSDC:timepoint48H
Gordonibacter,carbohydrate,SDC:timepoint48H,-0.34737380289368375,0.9999981164156956,0.999976442700979,Gordonibacter||carbohydrate||SDC:timepoint48H,carbohydrateRDC,-1.077823450978541,0.7487551803068674,0.25,Gordonibacter||carbohydrateRDC
Gordonibacter,carbohydrate,SDC:timepoint48H,-0.34737380289368375,0.9999981164156956,0.999976442700979,Gordonibacter||carbohydrate||SDC:timepoint48H,carbohydrateSDC,-0.7628379393698727,1,0.25,Gordonibacter||carbohydrateSDC
Gordonibacter,carbohydrate,SDC:timepoint48H,-0.34737380289368375,0.9999981164156956,0.999976442700979,Gordonibacter||carbohydrate||SDC:timepoint48H,timepoint48H,0.764813938251037,0.9201531783786882,0.25,Gordonibacter||timepoint48H
Gordonibacter,carbohydrate,SDC:timepoint48H,-0.34737380289368375,0.9999981164156956,0.999976442700979,Gordonibacter||carbohydrate||SDC:timepoint48H,carbohydrateRDC:timepoint48H,2.06028935488853,0.5531527353819774,0.25,Gordonibacter||carbohydrateRDC:timepoint48H
Gordonibacter,carbohydrate,SDC:timepoint48H,-0.34737380289368375,0.9999981164156956,0.999976442700979,Gordonibacter||carbohydrate||SDC:timepoint48H,carbohydrateSDC:timepoint48H,2.053750484045855,0.8764448901896287,0.25,Gordonibacter||carbohydrateSDC:timepoint48H
Gordonibacter,obesity_group,obesity,0.3235756032905457,0.9999981164156956,0.900983315964842,Gordonibacter||obesity_group||obesity,obesity_groupobesity,-1.6096340994057925,0.7849605603162942,0.25,Gordonibacter||obesity_groupobesity
Holdemanella,carbohydrate,RDC,1.020916721783681,0.9999981164156956,0.999976442700979,Holdemanella||carbohydrate||RDC,carbohydrateRDC,-1.781367168749857,0.7160455493675894,0.25,Holdemanella||carbohydrateRDC
Holdemanella,carbohydrate,RDC,1.020916721783681,0.9999981164156956,0.999976442700979,Holdemanella||carbohydrate||RDC,carbohydrateSDC,-0.24423318396586452,1,0.25,Holdemanella||carbohydrateSDC
Holdemanella,carbohydrate,RDC,1.020916721783681,0.9999981164156956,0.999976442700979,Holdemanella||carbohydrate||RDC,carbohydrateRDC:timepoint48H,4.093330989195869,0.3818749350826719,0.25,Holdemanella||carbohydrateRDC:timepoint48H
Holdemanella,carbohydrate,RDC,1.020916721783681,0.9999981164156956,0.999976442700979,Holdemanella||carbohydrate||RDC,carbohydrateSDC:timepoint48H,2.784919980490193,0.8365238965038158,0.25,Holdemanella||carbohydrateSDC:timepoint48H
Holdemanella,carbohydrate,RDC:timepoint48H,1.701795266757776,0.9999981164156956,0.824378019428919,Holdemanella||carbohydrate||RDC:timepoint48H,carbohydrateRDC,-1.781367168749857,0.7160455493675894,0.25,Holdemanella||carbohydrateRDC
Holdemanella,carbohydrate,RDC:timepoint48H,1.701795266757776,0.9999981164156956,0.824378019428919,Holdemanella||carbohydrate||RDC:timepoint48H,carbohydrateSDC,-0.24423318396586452,1,0.25,Holdemanella||carbohydrateSDC
Holdemanella,carbohydrate,RDC:timepoint48H,1.701795266757776,0.9999981164156956,0.824378019428919,Holdemanella||carbohydrate||RDC:timepoint48H,timepoint48H,1.8282933038547424,0.6399992111541827,0.25,Holdemanella||timepoint48H
Holdemanella,carbohydrate,RDC:timepoint48H,1.701795266757776,0.9999981164156956,0.824378019428919,Holdemanella||carbohydrate||RDC:timepoint48H,carbohydrateRDC:timepoint48H,4.093330989195869,0.3818749350826719,0.25,Holdemanella||carbohydrateRDC:timepoint48H
Holdemanella,carbohydrate,RDC:timepoint48H,1.701795266757776,0.9999981164156956,0.824378019428919,Holdemanella||carbohydrate||RDC:timepoint48H,carbohydrateSDC:timepoint48H,2.784919980490193,0.8365238965038158,0.25,Holdemanella||carbohydrateSDC:timepoint48H
Holdemanella,carbohydrate,SDC,-0.3036370449201368,0.9999981164156956,0.999976442700979,Holdemanella||carbohydrate||SDC,carbohydrateRDC,-1.781367168749857,0.7160455493675894,0.25,Holdemanella||carbohydrateRDC
Holdemanella,carbohydrate,SDC,-0.3036370449201368,0.9999981164156956,0.999976442700979,Holdemanella||carbohydrate||SDC,carbohydrateSDC,-0.24423318396586452,1,0.25,Holdemanella||carbohydrateSDC
Holdemanella,carbohydrate,SDC,-0.3036370449201368,0.9999981164156956,0.999976442700979,Holdemanella||carbohydrate||SDC,carbohydrateRDC:timepoint48H,4.093330989195869,0.3818749350826719,0.25,Holdemanella||carbohydrateRDC:timepoint48H
Holdemanella,carbohydrate,SDC,-0.3036370449201368,0.9999981164156956,0.999976442700979,Holdemanella||carbohydrate||SDC,carbohydrateSDC:timepoint48H,2.784919980490193,0.8365238965038158,0.25,Holdemanella||carbohydrateSDC:timepoint48H
Holdemanella,obesity_group,obesity,0.935819662338998,0.9999981164156956,0.999976442700979,Holdemanella||obesity_group||obesity,obesity_groupobesity,0.45500541616307416,1,0.25,Holdemanella||obesity_groupobesity
Holdemanella,timepoint,48H,1.201604338397477,0.9999981164156956,0.999976442700979,Holdemanella||timepoint||48H,timepoint48H,1.8282933038547424,0.6399992111541827,0.25,Holdemanella||timepoint48H
Holdemanella,timepoint,48H,1.201604338397477,0.9999981164156956,0.999976442700979,Holdemanella||timepoint||48H,carbohydrateRDC:timepoint48H,4.093330989195869,0.3818749350826719,0.25,Holdemanella||carbohydrateRDC:timepoint48H
Holdemanella,timepoint,48H,1.201604338397477,0.9999981164156956,0.999976442700979,Holdemanella||timepoint||48H,carbohydrateSDC:timepoint48H,2.784919980490193,0.8365238965038158,0.25,Holdemanella||carbohydrateSDC:timepoint48H
Holdemania,obesity_group,obesity,0.15741452594853195,0.9999981164156956,0.999976442700979,Holdemania||obesity_group||obesity,obesity_groupobesity,-0.05919706375709555,0.9949390799771116,0.25,Holdemania||obesity_groupobesity
Intestinibacter,carbohydrate,RDC,-0.38816707445264736,0.9999981164156956,0.999976442700979,Intestinibacter||carbohydrate||RDC,carbohydrateRDC,-1.0560265035976002,0.7380976364773356,0.25,Intestinibacter||carbohydrateRDC
Intestinibacter,carbohydrate,RDC,-0.38816707445264736,0.9999981164156956,0.999976442700979,Intestinibacter||carbohydrate||RDC,carbohydrateSDC,0.01340190996792485,1,0.25,Intestinibacter||carbohydrateSDC
Intestinibacter,carbohydrate,RDC,-0.38816707445264736,0.9999981164156956,0.999976442700979,Intestinibacter||carbohydrate||RDC,carbohydrateRDC:timepoint48H,1.8625239941782643,0.558501614453007,0.25,Intestinibacter||carbohydrateRDC:timepoint48H
Intestinibacter,carbohydrate,RDC,-0.38816707445264736,0.9999981164156956,0.999976442700979,Intestinibacter||carbohydrate||RDC,carbohydrateSDC:timepoint48H,0.4889399247102847,0.9634454000464978,0.25,Intestinibacter||carbohydrateSDC:timepoint48H
Intestinibacter,carbohydrate,SDC,-0.4968920485945557,0.9999981164156956,0.999976442700979,Intestinibacter||carbohydrate||SDC,carbohydrateRDC,-1.0560265035976002,0.7380976364773356,0.25,Intestinibacter||carbohydrateRDC
Intestinibacter,carbohydrate,SDC,-0.4968920485945557,0.9999981164156956,0.999976442700979,Intestinibacter||carbohydrate||SDC,carbohydrateSDC,0.01340190996792485,1,0.25,Intestinibacter||carbohydrateSDC
Intestinibacter,carbohydrate,SDC,-0.4968920485945557,0.9999981164156956,0.999976442700979,Intestinibacter||carbohydrate||SDC,carbohydrateRDC:timepoint48H,1.8625239941782643,0.558501614453007,0.25,Intestinibacter||carbohydrateRDC:timepoint48H
Intestinibacter,carbohydrate,SDC,-0.4968920485945557,0.9999981164156956,0.999976442700979,Intestinibacter||carbohydrate||SDC,carbohydrateSDC:timepoint48H,0.4889399247102847,0.9634454000464978,0.25,Intestinibacter||carbohydrateSDC:timepoint48H
Intestinibacter,obesity_group,obesity,-0.192771102157494,0.9999981164156956,0.5580100338449901,Intestinibacter||obesity_group||obesity,obesity_groupobesity,-1.865070307456476,0.8077435174373742,0.25,Intestinibacter||obesity_groupobesity
Lachnoclostridium,carbohydrate,RDC,0.05646848269571629,0.9999981164156956,0.999976442700979,Lachnoclostridium||carbohydrate||RDC,carbohydrateRDC,-1.1677944437710497,0.7072911283610545,0.25,Lachnoclostridium||carbohydrateRDC
Lachnoclostridium,carbohydrate,RDC,0.05646848269571629,0.9999981164156956,0.999976442700979,Lachnoclostridium||carbohydrate||RDC,carbohydrateSDC,-0.04089049447565456,1,0.25,Lachnoclostridium||carbohydrateSDC
Lachnoclostridium,carbohydrate,RDC,0.05646848269571629,0.9999981164156956,0.999976442700979,Lachnoclostridium||carbohydrate||RDC,carbohydrateRDC:timepoint48H,0.43554984881100506,0.8889295682318676,0.25,Lachnoclostridium||carbohydrateRDC:timepoint48H
Lachnoclostridium,carbohydrate,RDC,0.05646848269571629,0.9999981164156956,0.999976442700979,Lachnoclostridium||carbohydrate||RDC,carbohydrateSDC:timepoint48H,-0.1570195482648399,0.9991022691597377,0.25,Lachnoclostridium||carbohydrateSDC:timepoint48H
Lachnoclostridium,carbohydrate,RDC:timepoint48H,0.3158755411893904,0.9999981164156956,0.999976442700979,Lachnoclostridium||carbohydrate||RDC:timepoint48H,carbohydrateRDC,-1.1677944437710497,0.7072911283610545,0.25,Lachnoclostridium||carbohydrateRDC
Lachnoclostridium,carbohydrate,RDC:timepoint48H,0.3158755411893904,0.9999981164156956,0.999976442700979,Lachnoclostridium||carbohydrate||RDC:timepoint48H,carbohydrateSDC,-0.04089049447565456,1,0.25,Lachnoclostridium||carbohydrateSDC
Lachnoclostridium,carbohydrate,RDC:timepoint48H,0.3158755411893904,0.9999981164156956,0.999976442700979,Lachnoclostridium||carbohydrate||RDC:timepoint48H,timepoint48H,2.645337631136192,0.19105077001265663,0.25,Lachnoclostridium||timepoint48H
Lachnoclostridium,carbohydrate,RDC:timepoint48H,0.3158755411893904,0.9999981164156956,0.999976442700979,Lachnoclostridium||carbohydrate||RDC:timepoint48H,carbohydrateRDC:timepoint48H,0.43554984881100506,0.8889295682318676,0.25,Lachnoclostridium||carbohydrateRDC:timepoint48H
Lachnoclostridium,carbohydrate,RDC:timepoint48H,0.3158755411893904,0.9999981164156956,0.999976442700979,Lachnoclostridium||carbohydrate||RDC:timepoint48H,carbohydrateSDC:timepoint48H,-0.1570195482648399,0.9991022691597377,0.25,Lachnoclostridium||carbohydrateSDC:timepoint48H
Lachnoclostridium,carbohydrate,SDC,-0.02701259547098576,0.9999981164156956,0.999976442700979,Lachnoclostridium||carbohydrate||SDC,carbohydrateRDC,-1.1677944437710497,0.7072911283610545,0.25,Lachnoclostridium||carbohydrateRDC
Lachnoclostridium,carbohydrate,SDC,-0.02701259547098576,0.9999981164156956,0.999976442700979,Lachnoclostridium||carbohydrate||SDC,carbohydrateSDC,-0.04089049447565456,1,0.25,Lachnoclostridium||carbohydrateSDC
Lachnoclostridium,carbohydrate,SDC,-0.02701259547098576,0.9999981164156956,0.999976442700979,Lachnoclostridium||carbohydrate||SDC,carbohydrateRDC:timepoint48H,0.43554984881100506,0.8889295682318676,0.25,Lachnoclostridium||carbohydrateRDC:timepoint48H
Lachnoclostridium,carbohydrate,SDC,-0.02701259547098576,0.9999981164156956,0.999976442700979,Lachnoclostridium||carbohydrate||SDC,carbohydrateSDC:timepoint48H,-0.1570195482648399,0.9991022691597377,0.25,Lachnoclostridium||carbohydrateSDC:timepoint48H
Lachnoclostridium,carbohydrate,SDC:timepoint48H,0.2204369277581305,0.9999981164156956,0.999976442700979,Lachnoclostridium||carbohydrate||SDC:timepoint48H,carbohydrateRDC,-1.1677944437710497,0.7072911283610545,0.25,Lachnoclostridium||carbohydrateRDC
Lachnoclostridium,carbohydrate,SDC:timepoint48H,0.2204369277581305,0.9999981164156956,0.999976442700979,Lachnoclostridium||carbohydrate||SDC:timepoint48H,carbohydrateSDC,-0.04089049447565456,1,0.25,Lachnoclostridium||carbohydrateSDC
Lachnoclostridium,carbohydrate,SDC:timepoint48H,0.2204369277581305,0.9999981164156956,0.999976442700979,Lachnoclostridium||carbohydrate||SDC:timepoint48H,timepoint48H,2.645337631136192,0.19105077001265663,0.25,Lachnoclostridium||timepoint48H
Lachnoclostridium,carbohydrate,SDC:timepoint48H,0.2204369277581305,0.9999981164156956,0.999976442700979,Lachnoclostridium||carbohydrate||SDC:timepoint48H,carbohydrateRDC:timepoint48H,0.43554984881100506,0.8889295682318676,0.25,Lachnoclostridium||carbohydrateRDC:timepoint48H
Lachnoclostridium,carbohydrate,SDC:timepoint48H,0.2204369277581305,0.9999981164156956,0.999976442700979,Lachnoclostridium||carbohydrate||SDC:timepoint48H,carbohydrateSDC:timepoint48H,-0.1570195482648399,0.9991022691597377,0.25,Lachnoclostridium||carbohydrateSDC:timepoint48H
Lactococcus,carbohydrate,SDC,0.5537042507108386,0.9999981164156956,0.999976442700979,Lactococcus||carbohydrate||SDC,carbohydrateRDC,-1.1182878600931525,0.7379897817250379,0.25,Lactococcus||carbohydrateRDC
Lactococcus,carbohydrate,SDC,0.5537042507108386,0.9999981164156956,0.999976442700979,Lactococcus||carbohydrate||SDC,carbohydrateSDC,-0.6705989418351164,1,0.25,Lactococcus||carbohydrateSDC
Lactococcus,carbohydrate,SDC,0.5537042507108386,0.9999981164156956,0.999976442700979,Lactococcus||carbohydrate||SDC,carbohydrateRDC:timepoint48H,2.447939981642038,0.49148335352665296,0.25,Lactococcus||carbohydrateRDC:timepoint48H
Lactococcus,carbohydrate,SDC,0.5537042507108386,0.9999981164156956,0.999976442700979,Lactococcus||carbohydrate||SDC,carbohydrateSDC:timepoint48H,2.174720482751876,0.853048799385414,0.25,Lactococcus||carbohydrateSDC:timepoint48H
Lactococcus,timepoint,48H,-0.5192936783329237,0.9999981164156956,0.04528342048885339,Lactococcus||timepoint||48H,timepoint48H,-1.920403226374899,0.8903387773145286,0.25,Lactococcus||timepoint48H
Lactococcus,timepoint,48H,-0.5192936783329237,0.9999981164156956,0.04528342048885339,Lactococcus||timepoint||48H,carbohydrateRDC:timepoint48H,2.447939981642038,0.49148335352665296,0.25,Lactococcus||carbohydrateRDC:timepoint48H
Lactococcus,timepoint,48H,-0.5192936783329237,0.9999981164156956,0.04528342048885339,Lactococcus||timepoint||48H,carbohydrateSDC:timepoint48H,2.174720482751876,0.853048799385414,0.25,Lactococcus||carbohydrateSDC:timepoint48H
Marvinbryantia,carbohydrate,SDC,0.4033139655479624,0.9999981164156956,0.999976442700979,Marvinbryantia||carbohydrate||SDC,carbohydrateRDC,-1.3255453442884917,0.7190469794013413,0.25,Marvinbryantia||carbohydrateRDC
Marvinbryantia,carbohydrate,SDC,0.4033139655479624,0.9999981164156956,0.999976442700979,Marvinbryantia||carbohydrate||SDC,carbohydrateSDC,-0.307599420343672,1,0.25,Marvinbryantia||carbohydrateSDC
Marvinbryantia,carbohydrate,SDC,0.4033139655479624,0.9999981164156956,0.999976442700979,Marvinbryantia||carbohydrate||SDC,carbohydrateRDC:timepoint48H,2.8306522056582857,0.4789722198294019,0.25,Marvinbryantia||carbohydrateRDC:timepoint48H
Marvinbryantia,carbohydrate,SDC,0.4033139655479624,0.9999981164156956,0.999976442700979,Marvinbryantia||carbohydrate||SDC,carbohydrateSDC:timepoint48H,2.4146059630455583,0.8703025223048524,0.25,Marvinbryantia||carbohydrateSDC:timepoint48H
Marvinbryantia,obesity_group,obesity,-0.33099277050031967,0.9999981164156956,0.999976442700979,Marvinbryantia||obesity_group||obesity,obesity_groupobesity,0.13304933250755405,1,0.25,Marvinbryantia||obesity_groupobesity
o__Clostridiales,carbohydrate,RDC,-0.2314583994190811,0.9999981164156956,0.999976442700979,o__Clostridiales||carbohydrate||RDC,carbohydrateRDC,-1.1459391863861936,0.7491615784097008,0.25,o__Clostridiales||carbohydrateRDC
o__Clostridiales,carbohydrate,RDC,-0.2314583994190811,0.9999981164156956,0.999976442700979,o__Clostridiales||carbohydrate||RDC,carbohydrateSDC,-0.04382816670054507,1,0.25,o__Clostridiales||carbohydrateSDC
o__Clostridiales,carbohydrate,RDC,-0.2314583994190811,0.9999981164156956,0.999976442700979,o__Clostridiales||carbohydrate||RDC,carbohydrateRDC:timepoint48H,2.143696185711374,0.5486471018778893,0.25,o__Clostridiales||carbohydrateRDC:timepoint48H
o__Clostridiales,carbohydrate,RDC,-0.2314583994190811,0.9999981164156956,0.999976442700979,o__Clostridiales||carbohydrate||RDC,carbohydrateSDC:timepoint48H,1.13175708157002,0.9261753279658907,0.25,o__Clostridiales||carbohydrateSDC:timepoint48H
o__Clostridiales,carbohydrate,SDC,-0.39199186191279223,0.9999981164156956,0.999976442700979,o__Clostridiales||carbohydrate||SDC,carbohydrateRDC,-1.1459391863861936,0.7491615784097008,0.25,o__Clostridiales||carbohydrateRDC
o__Clostridiales,carbohydrate,SDC,-0.39199186191279223,0.9999981164156956,0.999976442700979,o__Clostridiales||carbohydrate||SDC,carbohydrateSDC,-0.04382816670054507,1,0.25,o__Clostridiales||carbohydrateSDC
o__Clostridiales,carbohydrate,SDC,-0.39199186191279223,0.9999981164156956,0.999976442700979,o__Clostridiales||carbohydrate||SDC,carbohydrateRDC:timepoint48H,2.143696185711374,0.5486471018778893,0.25,o__Clostridiales||carbohydrateRDC:timepoint48H
o__Clostridiales,carbohydrate,SDC,-0.39199186191279223,0.9999981164156956,0.999976442700979,o__Clostridiales||carbohydrate||SDC,carbohydrateSDC:timepoint48H,1.13175708157002,0.9261753279658907,0.25,o__Clostridiales||carbohydrateSDC:timepoint48H
o__Clostridiales,obesity_group,obesity,-0.9832975000492788,0.9999981164156956,0.999976442700979,o__Clostridiales||obesity_group||obesity,obesity_groupobesity,-0.6366476255158251,0.9999599917306188,0.25,o__Clostridiales||obesity_groupobesity
o__Clostridiales,timepoint,48H,-0.15138800317934922,0.9999981164156956,0.999976442700979,o__Clostridiales||timepoint||48H,timepoint48H,1.5965481916193311,0.6698268576451647,0.25,o__Clostridiales||timepoint48H
o__Clostridiales,timepoint,48H,-0.15138800317934922,0.9999981164156956,0.999976442700979,o__Clostridiales||timepoint||48H,carbohydrateRDC:timepoint48H,2.143696185711374,0.5486471018778893,0.25,o__Clostridiales||carbohydrateRDC:timepoint48H
o__Clostridiales,timepoint,48H,-0.15138800317934922,0.9999981164156956,0.999976442700979,o__Clostridiales||timepoint||48H,carbohydrateSDC:timepoint48H,1.13175708157002,0.9261753279658907,0.25,o__Clostridiales||carbohydrateSDC:timepoint48H
Other,carbohydrate,RDC,0.8765857377268813,0.9999981164156956,0.999976442700979,Other||carbohydrate||RDC,carbohydrateRDC,-1.3848179802774832,0.7332787845248883,0.25,Other||carbohydrateRDC
Other,carbohydrate,RDC,0.8765857377268813,0.9999981164156956,0.999976442700979,Other||carbohydrate||RDC,carbohydrateSDC,-0.9762592705952354,1,0.25,Other||carbohydrateSDC
Other,carbohydrate,RDC,0.8765857377268813,0.9999981164156956,0.999976442700979,Other||carbohydrate||RDC,carbohydrateRDC:timepoint48H,2.1574200290423917,0.5221093780440771,0.25,Other||carbohydrateRDC:timepoint48H
Other,carbohydrate,RDC,0.8765857377268813,0.9999981164156956,0.999976442700979,Other||carbohydrate||RDC,carbohydrateSDC:timepoint48H,1.501369195919134,0.9018409437288062,0.25,Other||carbohydrateSDC:timepoint48H
Other,carbohydrate,RDC:timepoint48H,0.7346504579479696,0.9999981164156956,0.999976442700979,Other||carbohydrate||RDC:timepoint48H,carbohydrateRDC,-1.3848179802774832,0.7332787845248883,0.25,Other||carbohydrateRDC
Other,carbohydrate,RDC:timepoint48H,0.7346504579479696,0.9999981164156956,0.999976442700979,Other||carbohydrate||RDC:timepoint48H,carbohydrateSDC,-0.9762592705952354,1,0.25,Other||carbohydrateSDC
Other,carbohydrate,RDC:timepoint48H,0.7346504579479696,0.9999981164156956,0.999976442700979,Other||carbohydrate||RDC:timepoint48H,timepoint48H,3.195474936441849,0.13997667883493034,0.25,Other||timepoint48H
Other,carbohydrate,RDC:timepoint48H,0.7346504579479696,0.9999981164156956,0.999976442700979,Other||carbohydrate||RDC:timepoint48H,carbohydrateRDC:timepoint48H,2.1574200290423917,0.5221093780440771,0.25,Other||carbohydrateRDC:timepoint48H
Other,carbohydrate,RDC:timepoint48H,0.7346504579479696,0.9999981164156956,0.999976442700979,Other||carbohydrate||RDC:timepoint48H,carbohydrateSDC:timepoint48H,1.501369195919134,0.9018409437288062,0.25,Other||carbohydrateSDC:timepoint48H
Other,carbohydrate,SDC,-0.4562109030713656,0.9999981164156956,0.8377788498778611,Other||carbohydrate||SDC,carbohydrateRDC,-1.3848179802774832,0.7332787845248883,0.25,Other||carbohydrateRDC
Other,carbohydrate,SDC,-0.4562109030713656,0.9999981164156956,0.8377788498778611,Other||carbohydrate||SDC,carbohydrateSDC,-0.9762592705952354,1,0.25,Other||carbohydrateSDC
Other,carbohydrate,SDC,-0.4562109030713656,0.9999981164156956,0.8377788498778611,Other||carbohydrate||SDC,carbohydrateRDC:timepoint48H,2.1574200290423917,0.5221093780440771,0.25,Other||carbohydrateRDC:timepoint48H
Other,carbohydrate,SDC,-0.4562109030713656,0.9999981164156956,0.8377788498778611,Other||carbohydrate||SDC,carbohydrateSDC:timepoint48H,1.501369195919134,0.9018409437288062,0.25,Other||carbohydrateSDC:timepoint48H
Paenibacillus,carbohydrate,RDC,0.5391564670447581,0.9999981164156956,0.999976442700979,Paenibacillus||carbohydrate||RDC,carbohydrateRDC,-1.0616650312721447,0.739008754960269,0.25,Paenibacillus||carbohydrateRDC
Paenibacillus,carbohydrate,RDC,0.5391564670447581,0.9999981164156956,0.999976442700979,Paenibacillus||carbohydrate||RDC,carbohydrateSDC,-0.43991115308917783,1,0.25,Paenibacillus||carbohydrateSDC
Paenibacillus,carbohydrate,RDC,0.5391564670447581,0.9999981164156956,0.999976442700979,Paenibacillus||carbohydrate||RDC,carbohydrateRDC:timepoint48H,2.1962151056607135,0.5530753031448552,0.25,Paenibacillus||carbohydrateRDC:timepoint48H
Paenibacillus,carbohydrate,RDC,0.5391564670447581,0.9999981164156956,0.999976442700979,Paenibacillus||carbohydrate||RDC,carbohydrateSDC:timepoint48H,1.7427696009148106,0.902329965449975,0.25,Paenibacillus||carbohydrateSDC:timepoint48H
Paenibacillus,obesity_group,obesity,0.1981130056298276,0.9999981164156956,0.4516752957710074,Paenibacillus||obesity_group||obesity,obesity_groupobesity,0.7595826004959301,1,0.25,Paenibacillus||obesity_groupobesity
Parabacteroides,carbohydrate,RDC,-1.438236110350498,0.9999981164156956,0.999976442700979,Parabacteroides||carbohydrate||RDC,carbohydrateRDC,-0.658293878489439,0.8213445964039293,0.25,Parabacteroides||carbohydrateRDC
Parabacteroides,carbohydrate,RDC,-1.438236110350498,0.9999981164156956,0.999976442700979,Parabacteroides||carbohydrate||RDC,carbohydrateSDC,0.09683284535744668,1,0.25,Parabacteroides||carbohydrateSDC
Parabacteroides,carbohydrate,RDC,-1.438236110350498,0.9999981164156956,0.999976442700979,Parabacteroides||carbohydrate||RDC,carbohydrateRDC:timepoint48H,0.3363710306242139,0.8741243747339781,0.25,Parabacteroides||carbohydrateRDC:timepoint48H
Parabacteroides,carbohydrate,RDC,-1.438236110350498,0.9999981164156956,0.999976442700979,Parabacteroides||carbohydrate||RDC,carbohydrateSDC:timepoint48H,1.0566976511297814,0.9354729298520528,0.25,Parabacteroides||carbohydrateSDC:timepoint48H
Parabacteroides,carbohydrate,SDC,0.6557100755442764,0.9999981164156956,0.999976442700979,Parabacteroides||carbohydrate||SDC,carbohydrateRDC,-0.658293878489439,0.8213445964039293,0.25,Parabacteroides||carbohydrateRDC
Parabacteroides,carbohydrate,SDC,0.6557100755442764,0.9999981164156956,0.999976442700979,Parabacteroides||carbohydrate||SDC,carbohydrateSDC,0.09683284535744668,1,0.25,Parabacteroides||carbohydrateSDC
Parabacteroides,carbohydrate,SDC,0.6557100755442764,0.9999981164156956,0.999976442700979,Parabacteroides||carbohydrate||SDC,carbohydrateRDC:timepoint48H,0.3363710306242139,0.8741243747339781,0.25,Parabacteroides||carbohydrateRDC:timepoint48H
Parabacteroides,carbohydrate,SDC,0.6557100755442764,0.9999981164156956,0.999976442700979,Parabacteroides||carbohydrate||SDC,carbohydrateSDC:timepoint48H,1.0566976511297814,0.9354729298520528,0.25,Parabacteroides||carbohydrateSDC:timepoint48H
Parabacteroides,carbohydrate,SDC:timepoint48H,1.7660883101840652,0.9999981164156956,0.999976442700979,Parabacteroides||carbohydrate||SDC:timepoint48H,carbohydrateRDC,-0.658293878489439,0.8213445964039293,0.25,Parabacteroides||carbohydrateRDC
Parabacteroides,carbohydrate,SDC:timepoint48H,1.7660883101840652,0.9999981164156956,0.999976442700979,Parabacteroides||carbohydrate||SDC:timepoint48H,carbohydrateSDC,0.09683284535744668,1,0.25,Parabacteroides||carbohydrateSDC
Parabacteroides,carbohydrate,SDC:timepoint48H,1.7660883101840652,0.9999981164156956,0.999976442700979,Parabacteroides||carbohydrate||SDC:timepoint48H,timepoint48H,12.56756271872181,9.657723116599884e-12,0.25,Parabacteroides||timepoint48H
Parabacteroides,carbohydrate,SDC:timepoint48H,1.7660883101840652,0.9999981164156956,0.999976442700979,Parabacteroides||carbohydrate||SDC:timepoint48H,carbohydrateRDC:timepoint48H,0.3363710306242139,0.8741243747339781,0.25,Parabacteroides||carbohydrateRDC:timepoint48H
Parabacteroides,carbohydrate,SDC:timepoint48H,1.7660883101840652,0.9999981164156956,0.999976442700979,Parabacteroides||carbohydrate||SDC:timepoint48H,carbohydrateSDC:timepoint48H,1.0566976511297814,0.9354729298520528,0.25,Parabacteroides||carbohydrateSDC:timepoint48H
Parabacteroides,obesity_group,obesity,-0.02268658894315413,0.9999981164156956,0.940866899275942,Parabacteroides||obesity_group||obesity,obesity_groupobesity,-1.2481509327500535,0.8561667782955954,0.25,Parabacteroides||obesity_groupobesity
Romboutsia,carbohydrate,RDC,-0.08496765942068335,0.9999981164156956,0.999976442700979,Romboutsia||carbohydrate||RDC,carbohydrateRDC,-1.146028641553272,0.710987120870492,0.25,Romboutsia||carbohydrateRDC
Romboutsia,carbohydrate,RDC,-0.08496765942068335,0.9999981164156956,0.999976442700979,Romboutsia||carbohydrate||RDC,carbohydrateSDC,0.15548196501516068,1,0.25,Romboutsia||carbohydrateSDC
Romboutsia,carbohydrate,RDC,-0.08496765942068335,0.9999981164156956,0.999976442700979,Romboutsia||carbohydrate||RDC,carbohydrateRDC:timepoint48H,2.3090126188831017,0.4638482909408044,0.25,Romboutsia||carbohydrateRDC:timepoint48H
Romboutsia,carbohydrate,RDC,-0.08496765942068335,0.9999981164156956,0.999976442700979,Romboutsia||carbohydrate||RDC,carbohydrateSDC:timepoint48H,1.135573465381078,0.9031752628952152,0.25,Romboutsia||carbohydrateSDC:timepoint48H
Romboutsia,carbohydrate,SDC,-0.0151774191638732,0.9999981164156956,0.999976442700979,Romboutsia||carbohydrate||SDC,carbohydrateRDC,-1.146028641553272,0.710987120870492,0.25,Romboutsia||carbohydrateRDC
Romboutsia,carbohydrate,SDC,-0.0151774191638732,0.9999981164156956,0.999976442700979,Romboutsia||carbohydrate||SDC,carbohydrateSDC,0.15548196501516068,1,0.25,Romboutsia||carbohydrateSDC
Romboutsia,carbohydrate,SDC,-0.0151774191638732,0.9999981164156956,0.999976442700979,Romboutsia||carbohydrate||SDC,carbohydrateRDC:timepoint48H,2.3090126188831017,0.4638482909408044,0.25,Romboutsia||carbohydrateRDC:timepoint48H
Romboutsia,carbohydrate,SDC,-0.0151774191638732,0.9999981164156956,0.999976442700979,Romboutsia||carbohydrate||SDC,carbohydrateSDC:timepoint48H,1.135573465381078,0.9031752628952152,0.25,Romboutsia||carbohydrateSDC:timepoint48H
Romboutsia,timepoint,48H,0.23630136262583976,0.9999981164156956,0.999976442700979,Romboutsia||timepoint||48H,timepoint48H,0.5204908286832809,0.979434430975166,0.25,Romboutsia||timepoint48H
Romboutsia,timepoint,48H,0.23630136262583976,0.9999981164156956,0.999976442700979,Romboutsia||timepoint||48H,carbohydrateRDC:timepoint48H,2.3090126188831017,0.4638482909408044,0.25,Romboutsia||carbohydrateRDC:timepoint48H
Romboutsia,timepoint,48H,0.23630136262583976,0.9999981164156956,0.999976442700979,Romboutsia||timepoint||48H,carbohydrateSDC:timepoint48H,1.135573465381078,0.9031752628952152,0.25,Romboutsia||carbohydrateSDC:timepoint48H
Roseburia,carbohydrate,RDC:timepoint48H,-0.05683803923334792,0.9999981164156956,0.999976442700979,Roseburia||carbohydrate||RDC:timepoint48H,carbohydrateRDC,-0.6082356153387456,0.822066516207621,0.25,Roseburia||carbohydrateRDC
Roseburia,carbohydrate,RDC:timepoint48H,-0.05683803923334792,0.9999981164156956,0.999976442700979,Roseburia||carbohydrate||RDC:timepoint48H,carbohydrateSDC,0.6965513945605438,1,0.25,Roseburia||carbohydrateSDC
Roseburia,carbohydrate,RDC:timepoint48H,-0.05683803923334792,0.9999981164156956,0.999976442700979,Roseburia||carbohydrate||RDC:timepoint48H,timepoint48H,1.7464600314298329,0.6749679522544921,0.25,Roseburia||timepoint48H
Roseburia,carbohydrate,RDC:timepoint48H,-0.05683803923334792,0.9999981164156956,0.999976442700979,Roseburia||carbohydrate||RDC:timepoint48H,carbohydrateRDC:timepoint48H,2.3695336673826843,0.5236782532680999,0.25,Roseburia||carbohydrateRDC:timepoint48H
Roseburia,carbohydrate,RDC:timepoint48H,-0.05683803923334792,0.9999981164156956,0.999976442700979,Roseburia||carbohydrate||RDC:timepoint48H,carbohydrateSDC:timepoint48H,0.3734791371158808,0.9659639286522944,0.25,Roseburia||carbohydrateSDC:timepoint48H
Roseburia,carbohydrate,SDC,0.347270117755556,0.9999981164156956,0.999976442700979,Roseburia||carbohydrate||SDC,carbohydrateRDC,-0.6082356153387456,0.822066516207621,0.25,Roseburia||carbohydrateRDC
Roseburia,carbohydrate,SDC,0.347270117755556,0.9999981164156956,0.999976442700979,Roseburia||carbohydrate||SDC,carbohydrateSDC,0.6965513945605438,1,0.25,Roseburia||carbohydrateSDC
Roseburia,carbohydrate,SDC,0.347270117755556,0.9999981164156956,0.999976442700979,Roseburia||carbohydrate||SDC,carbohydrateRDC:timepoint48H,2.3695336673826843,0.5236782532680999,0.25,Roseburia||carbohydrateRDC:timepoint48H
Roseburia,carbohydrate,SDC,0.347270117755556,0.9999981164156956,0.999976442700979,Roseburia||carbohydrate||SDC,carbohydrateSDC:timepoint48H,0.3734791371158808,0.9659639286522944,0.25,Roseburia||carbohydrateSDC:timepoint48H
Roseburia,carbohydrate,SDC:timepoint48H,0.725186187548464,0.9999981164156956,0.940866899275942,Roseburia||carbohydrate||SDC:timepoint48H,carbohydrateRDC,-0.6082356153387456,0.822066516207621,0.25,Roseburia||carbohydrateRDC
Roseburia,carbohydrate,SDC:timepoint48H,0.725186187548464,0.9999981164156956,0.940866899275942,Roseburia||carbohydrate||SDC:timepoint48H,carbohydrateSDC,0.6965513945605438,1,0.25,Roseburia||carbohydrateSDC
Roseburia,carbohydrate,SDC:timepoint48H,0.725186187548464,0.9999981164156956,0.940866899275942,Roseburia||carbohydrate||SDC:timepoint48H,timepoint48H,1.7464600314298329,0.6749679522544921,0.25,Roseburia||timepoint48H
Roseburia,carbohydrate,SDC:timepoint48H,0.725186187548464,0.9999981164156956,0.940866899275942,Roseburia||carbohydrate||SDC:timepoint48H,carbohydrateRDC:timepoint48H,2.3695336673826843,0.5236782532680999,0.25,Roseburia||carbohydrateRDC:timepoint48H
Roseburia,carbohydrate,SDC:timepoint48H,0.725186187548464,0.9999981164156956,0.940866899275942,Roseburia||carbohydrate||SDC:timepoint48H,carbohydrateSDC:timepoint48H,0.3734791371158808,0.9659639286522944,0.25,Roseburia||carbohydrateSDC:timepoint48H
Ruminiclostridium,carbohydrate,RDC,0.6470534408989413,0.9999981164156956,0.999976442700979,Ruminiclostridium||carbohydrate||RDC,carbohydrateRDC,-0.8516827647582929,0.7803243503282766,0.25,Ruminiclostridium||carbohydrateRDC
Ruminiclostridium,carbohydrate,RDC,0.6470534408989413,0.9999981164156956,0.999976442700979,Ruminiclostridium||carbohydrate||RDC,carbohydrateSDC,0.01667158824269338,1,0.25,Ruminiclostridium||carbohydrateSDC
Ruminiclostridium,carbohydrate,RDC,0.6470534408989413,0.9999981164156956,0.999976442700979,Ruminiclostridium||carbohydrate||RDC,carbohydrateRDC:timepoint48H,1.64605789896775,0.6289164436763669,0.25,Ruminiclostridium||carbohydrateRDC:timepoint48H
Ruminiclostridium,carbohydrate,RDC,0.6470534408989413,0.9999981164156956,0.999976442700979,Ruminiclostridium||carbohydrate||RDC,carbohydrateSDC:timepoint48H,1.2967733171901383,0.9193522562875672,0.25,Ruminiclostridium||carbohydrateSDC:timepoint48H
Ruminiclostridium,carbohydrate,RDC:timepoint48H,0.3415848492338465,0.9999981164156956,0.999976442700979,Ruminiclostridium||carbohydrate||RDC:timepoint48H,carbohydrateRDC,-0.8516827647582929,0.7803243503282766,0.25,Ruminiclostridium||carbohydrateRDC
Ruminiclostridium,carbohydrate,RDC:timepoint48H,0.3415848492338465,0.9999981164156956,0.999976442700979,Ruminiclostridium||carbohydrate||RDC:timepoint48H,carbohydrateSDC,0.01667158824269338,1,0.25,Ruminiclostridium||carbohydrateSDC
Ruminiclostridium,carbohydrate,RDC:timepoint48H,0.3415848492338465,0.9999981164156956,0.999976442700979,Ruminiclostridium||carbohydrate||RDC:timepoint48H,timepoint48H,1.2893942300660477,0.8574171507833477,0.25,Ruminiclostridium||timepoint48H
Ruminiclostridium,carbohydrate,RDC:timepoint48H,0.3415848492338465,0.9999981164156956,0.999976442700979,Ruminiclostridium||carbohydrate||RDC:timepoint48H,carbohydrateRDC:timepoint48H,1.64605789896775,0.6289164436763669,0.25,Ruminiclostridium||carbohydrateRDC:timepoint48H
Ruminiclostridium,carbohydrate,RDC:timepoint48H,0.3415848492338465,0.9999981164156956,0.999976442700979,Ruminiclostridium||carbohydrate||RDC:timepoint48H,carbohydrateSDC:timepoint48H,1.2967733171901383,0.9193522562875672,0.25,Ruminiclostridium||carbohydrateSDC:timepoint48H
Ruminiclostridium,carbohydrate,SDC,0.18881931107505995,0.9999981164156956,0.999976442700979,Ruminiclostridium||carbohydrate||SDC,carbohydrateRDC,-0.8516827647582929,0.7803243503282766,0.25,Ruminiclostridium||carbohydrateRDC
Ruminiclostridium,carbohydrate,SDC,0.18881931107505995,0.9999981164156956,0.999976442700979,Ruminiclostridium||carbohydrate||SDC,carbohydrateSDC,0.01667158824269338,1,0.25,Ruminiclostridium||carbohydrateSDC
Ruminiclostridium,carbohydrate,SDC,0.18881931107505995,0.9999981164156956,0.999976442700979,Ruminiclostridium||carbohydrate||SDC,carbohydrateRDC:timepoint48H,1.64605789896775,0.6289164436763669,0.25,Ruminiclostridium||carbohydrateRDC:timepoint48H
Ruminiclostridium,carbohydrate,SDC,0.18881931107505995,0.9999981164156956,0.999976442700979,Ruminiclostridium||carbohydrate||SDC,carbohydrateSDC:timepoint48H,1.2967733171901383,0.9193522562875672,0.25,Ruminiclostridium||carbohydrateSDC:timepoint48H
Ruminococcus,carbohydrate,RDC:timepoint48H,-0.8457043153580928,0.9999981164156956,0.999976442700979,Ruminococcus||carbohydrate||RDC:timepoint48H,carbohydrateRDC,-1.6498324634487624,0.7169738165848577,0.25,Ruminococcus||carbohydrateRDC
Ruminococcus,carbohydrate,RDC:timepoint48H,-0.8457043153580928,0.9999981164156956,0.999976442700979,Ruminococcus||carbohydrate||RDC:timepoint48H,carbohydrateSDC,-0.7921161802004779,1,0.25,Ruminococcus||carbohydrateSDC
Ruminococcus,carbohydrate,RDC:timepoint48H,-0.8457043153580928,0.9999981164156956,0.999976442700979,Ruminococcus||carbohydrate||RDC:timepoint48H,timepoint48H,-2.041258312780821,0.9569082550562408,0.25,Ruminococcus||timepoint48H
Ruminococcus,carbohydrate,RDC:timepoint48H,-0.8457043153580928,0.9999981164156956,0.999976442700979,Ruminococcus||carbohydrate||RDC:timepoint48H,carbohydrateRDC:timepoint48H,2.411197335761053,0.5387297382841357,0.25,Ruminococcus||carbohydrateRDC:timepoint48H
Ruminococcus,carbohydrate,RDC:timepoint48H,-0.8457043153580928,0.9999981164156956,0.999976442700979,Ruminococcus||carbohydrate||RDC:timepoint48H,carbohydrateSDC:timepoint48H,1.2824324020575464,0.9313056651502912,0.25,Ruminococcus||carbohydrateSDC:timepoint48H
Ruminococcus,carbohydrate,SDC,0.0178021767134763,0.9999981164156956,0.999976442700979,Ruminococcus||carbohydrate||SDC,carbohydrateRDC,-1.6498324634487624,0.7169738165848577,0.25,Ruminococcus||carbohydrateRDC
Ruminococcus,carbohydrate,SDC,0.0178021767134763,0.9999981164156956,0.999976442700979,Ruminococcus||carbohydrate||SDC,carbohydrateSDC,-0.7921161802004779,1,0.25,Ruminococcus||carbohydrateSDC
Ruminococcus,carbohydrate,SDC,0.0178021767134763,0.9999981164156956,0.999976442700979,Ruminococcus||carbohydrate||SDC,carbohydrateRDC:timepoint48H,2.411197335761053,0.5387297382841357,0.25,Ruminococcus||carbohydrateRDC:timepoint48H
Ruminococcus,carbohydrate,SDC,0.0178021767134763,0.9999981164156956,0.999976442700979,Ruminococcus||carbohydrate||SDC,carbohydrateSDC:timepoint48H,1.2824324020575464,0.9313056651502912,0.25,Ruminococcus||carbohydrateSDC:timepoint48H
Ruminococcus,carbohydrate,SDC:timepoint48H,0.22504465234890852,0.9999981164156956,0.999976442700979,Ruminococcus||carbohydrate||SDC:timepoint48H,carbohydrateRDC,-1.6498324634487624,0.7169738165848577,0.25,Ruminococcus||carbohydrateRDC
Ruminococcus,carbohydrate,SDC:timepoint48H,0.22504465234890852,0.9999981164156956,0.999976442700979,Ruminococcus||carbohydrate||SDC:timepoint48H,carbohydrateSDC,-0.7921161802004779,1,0.25,Ruminococcus||carbohydrateSDC
Ruminococcus,carbohydrate,SDC:timepoint48H,0.22504465234890852,0.9999981164156956,0.999976442700979,Ruminococcus||carbohydrate||SDC:timepoint48H,timepoint48H,-2.041258312780821,0.9569082550562408,0.25,Ruminococcus||timepoint48H
Ruminococcus,carbohydrate,SDC:timepoint48H,0.22504465234890852,0.9999981164156956,0.999976442700979,Ruminococcus||carbohydrate||SDC:timepoint48H,carbohydrateRDC:timepoint48H,2.411197335761053,0.5387297382841357,0.25,Ruminococcus||carbohydrateRDC:timepoint48H
Ruminococcus,carbohydrate,SDC:timepoint48H,0.22504465234890852,0.9999981164156956,0.999976442700979,Ruminococcus||carbohydrate||SDC:timepoint48H,carbohydrateSDC:timepoint48H,1.2824324020575464,0.9313056651502912,0.25,Ruminococcus||carbohydrateSDC:timepoint48H
Ruminococcus,obesity_group,obesity,0.4590565969166851,0.9999981164156956,0.1530601678975099,Ruminococcus||obesity_group||obesity,obesity_groupobesity,-3.971545361270592,0.29576179092716526,0.25,Ruminococcus||obesity_groupobesity
Ruminococcus,timepoint,48H,-0.7236054898826229,0.9999981164156956,0.5199224609613715,Ruminococcus||timepoint||48H,timepoint48H,-2.041258312780821,0.9569082550562408,0.25,Ruminococcus||timepoint48H
Ruminococcus,timepoint,48H,-0.7236054898826229,0.9999981164156956,0.5199224609613715,Ruminococcus||timepoint||48H,carbohydrateRDC:timepoint48H,2.411197335761053,0.5387297382841357,0.25,Ruminococcus||carbohydrateRDC:timepoint48H
Ruminococcus,timepoint,48H,-0.7236054898826229,0.9999981164156956,0.5199224609613715,Ruminococcus||timepoint||48H,carbohydrateSDC:timepoint48H,1.2824324020575464,0.9313056651502912,0.25,Ruminococcus||carbohydrateSDC:timepoint48H
Senegalimassilia,carbohydrate,SDC,0.22244436708740975,0.9999981164156956,0.999976442700979,Senegalimassilia||carbohydrate||SDC,carbohydrateRDC,-1.2909435198983463,0.7374528569185441,0.25,Senegalimassilia||carbohydrateRDC
Senegalimassilia,carbohydrate,SDC,0.22244436708740975,0.9999981164156956,0.999976442700979,Senegalimassilia||carbohydrate||SDC,carbohydrateSDC,-0.3748425567309731,1,0.25,Senegalimassilia||carbohydrateSDC
Senegalimassilia,carbohydrate,SDC,0.22244436708740975,0.9999981164156956,0.999976442700979,Senegalimassilia||carbohydrate||SDC,carbohydrateRDC:timepoint48H,2.5288155426450887,0.47847599656001066,0.25,Senegalimassilia||carbohydrateRDC:timepoint48H
Senegalimassilia,carbohydrate,SDC,0.22244436708740975,0.9999981164156956,0.999976442700979,Senegalimassilia||carbohydrate||SDC,carbohydrateSDC:timepoint48H,2.1651213292671683,0.8306056128155955,0.25,Senegalimassilia||carbohydrateSDC:timepoint48H
Senegalimassilia,obesity_group,obesity,0.5884678745140267,0.9999981164156956,0.999976442700979,Senegalimassilia||obesity_group||obesity,obesity_groupobesity,-0.3576215038853384,1,0.25,Senegalimassilia||obesity_groupobesity
Slackia,carbohydrate,RDC,1.1606493294285325,0.9999981164156956,0.999976442700979,Slackia||carbohydrate||RDC,carbohydrateRDC,0.07049826202835854,0.9169685722493248,0.25,Slackia||carbohydrateRDC
Slackia,carbohydrate,RDC,1.1606493294285325,0.9999981164156956,0.999976442700979,Slackia||carbohydrate||RDC,carbohydrateSDC,0.4488437781275885,1,0.25,Slackia||carbohydrateSDC
Slackia,carbohydrate,RDC,1.1606493294285325,0.9999981164156956,0.999976442700979,Slackia||carbohydrate||RDC,carbohydrateRDC:timepoint48H,0.19415276107928972,0.8725137032335067,0.25,Slackia||carbohydrateRDC:timepoint48H
Slackia,carbohydrate,RDC,1.1606493294285325,0.9999981164156956,0.999976442700979,Slackia||carbohydrate||RDC,carbohydrateSDC:timepoint48H,0.6266820764784735,0.942794201449264,0.25,Slackia||carbohydrateSDC:timepoint48H
Slackia,carbohydrate,RDC:timepoint48H,-0.17250657062452243,0.9999981164156956,0.768987234496543,Slackia||carbohydrate||RDC:timepoint48H,carbohydrateRDC,0.07049826202835854,0.9169685722493248,0.25,Slackia||carbohydrateRDC
Slackia,carbohydrate,RDC:timepoint48H,-0.17250657062452243,0.9999981164156956,0.768987234496543,Slackia||carbohydrate||RDC:timepoint48H,carbohydrateSDC,0.4488437781275885,1,0.25,Slackia||carbohydrateSDC
Slackia,carbohydrate,RDC:timepoint48H,-0.17250657062452243,0.9999981164156956,0.768987234496543,Slackia||carbohydrate||RDC:timepoint48H,timepoint48H,3.8215395557760505,0.0906823535187438,0.25,Slackia||timepoint48H
Slackia,carbohydrate,RDC:timepoint48H,-0.17250657062452243,0.9999981164156956,0.768987234496543,Slackia||carbohydrate||RDC:timepoint48H,carbohydrateRDC:timepoint48H,0.19415276107928972,0.8725137032335067,0.25,Slackia||carbohydrateRDC:timepoint48H
Slackia,carbohydrate,RDC:timepoint48H,-0.17250657062452243,0.9999981164156956,0.768987234496543,Slackia||carbohydrate||RDC:timepoint48H,carbohydrateSDC:timepoint48H,0.6266820764784735,0.942794201449264,0.25,Slackia||carbohydrateSDC:timepoint48H
Slackia,carbohydrate,SDC,0.5993090662404478,0.9999981164156956,0.999976442700979,Slackia||carbohydrate||SDC,carbohydrateRDC,0.07049826202835854,0.9169685722493248,0.25,Slackia||carbohydrateRDC
Slackia,carbohydrate,SDC,0.5993090662404478,0.9999981164156956,0.999976442700979,Slackia||carbohydrate||SDC,carbohydrateSDC,0.4488437781275885,1,0.25,Slackia||carbohydrateSDC
Slackia,carbohydrate,SDC,0.5993090662404478,0.9999981164156956,0.999976442700979,Slackia||carbohydrate||SDC,carbohydrateRDC:timepoint48H,0.19415276107928972,0.8725137032335067,0.25,Slackia||carbohydrateRDC:timepoint48H
Slackia,carbohydrate,SDC,0.5993090662404478,0.9999981164156956,0.999976442700979,Slackia||carbohydrate||SDC,carbohydrateSDC:timepoint48H,0.6266820764784735,0.942794201449264,0.25,Slackia||carbohydrateSDC:timepoint48H
Slackia,carbohydrate,SDC:timepoint48H,0.5794488034437004,0.9999981164156956,0.999976442700979,Slackia||carbohydrate||SDC:timepoint48H,carbohydrateRDC,0.07049826202835854,0.9169685722493248,0.25,Slackia||carbohydrateRDC
Slackia,carbohydrate,SDC:timepoint48H,0.5794488034437004,0.9999981164156956,0.999976442700979,Slackia||carbohydrate||SDC:timepoint48H,carbohydrateSDC,0.4488437781275885,1,0.25,Slackia||carbohydrateSDC
Slackia,carbohydrate,SDC:timepoint48H,0.5794488034437004,0.9999981164156956,0.999976442700979,Slackia||carbohydrate||SDC:timepoint48H,timepoint48H,3.8215395557760505,0.0906823535187438,0.25,Slackia||timepoint48H
Slackia,carbohydrate,SDC:timepoint48H,0.5794488034437004,0.9999981164156956,0.999976442700979,Slackia||carbohydrate||SDC:timepoint48H,carbohydrateRDC:timepoint48H,0.19415276107928972,0.8725137032335067,0.25,Slackia||carbohydrateRDC:timepoint48H
Slackia,carbohydrate,SDC:timepoint48H,0.5794488034437004,0.9999981164156956,0.999976442700979,Slackia||carbohydrate||SDC:timepoint48H,carbohydrateSDC:timepoint48H,0.6266820764784735,0.942794201449264,0.25,Slackia||carbohydrateSDC:timepoint48H
Slackia,obesity_group,obesity,-0.0537032997169133,0.9999981164156956,0.940866899275942,Slackia||obesity_group||obesity,obesity_groupobesity,-1.2128221028618809,0.962189649132714,0.25,Slackia||obesity_groupobesity
Streptococcus,carbohydrate,RDC,0.5575643366689712,0.9999981164156956,0.22481495595640075,Streptococcus||carbohydrate||RDC,carbohydrateRDC,-1.197552388400387,0.7067799808050851,0.25,Streptococcus||carbohydrateRDC
Streptococcus,carbohydrate,RDC,0.5575643366689712,0.9999981164156956,0.22481495595640075,Streptococcus||carbohydrate||RDC,carbohydrateSDC,0.1006893831548144,1,0.25,Streptococcus||carbohydrateSDC
Streptococcus,carbohydrate,RDC,0.5575643366689712,0.9999981164156956,0.22481495595640075,Streptococcus||carbohydrate||RDC,carbohydrateRDC:timepoint48H,2.9289434408721355,0.4299829158208056,0.25,Streptococcus||carbohydrateRDC:timepoint48H
Streptococcus,carbohydrate,RDC,0.5575643366689712,0.9999981164156956,0.22481495595640075,Streptococcus||carbohydrate||RDC,carbohydrateSDC:timepoint48H,1.5430284948564257,0.8927253286770757,0.25,Streptococcus||carbohydrateSDC:timepoint48H
Streptococcus,carbohydrate,SDC,0.159472650953028,0.9999981164156956,0.999976442700979,Streptococcus||carbohydrate||SDC,carbohydrateRDC,-1.197552388400387,0.7067799808050851,0.25,Streptococcus||carbohydrateRDC
Streptococcus,carbohydrate,SDC,0.159472650953028,0.9999981164156956,0.999976442700979,Streptococcus||carbohydrate||SDC,carbohydrateSDC,0.1006893831548144,1,0.25,Streptococcus||carbohydrateSDC
Streptococcus,carbohydrate,SDC,0.159472650953028,0.9999981164156956,0.999976442700979,Streptococcus||carbohydrate||SDC,carbohydrateRDC:timepoint48H,2.9289434408721355,0.4299829158208056,0.25,Streptococcus||carbohydrateRDC:timepoint48H
Streptococcus,carbohydrate,SDC,0.159472650953028,0.9999981164156956,0.999976442700979,Streptococcus||carbohydrate||SDC,carbohydrateSDC:timepoint48H,1.5430284948564257,0.8927253286770757,0.25,Streptococcus||carbohydrateSDC:timepoint48H
Streptococcus,timepoint,48H,0.20264786481250355,0.9999981164156956,0.11322991121003968,Streptococcus||timepoint||48H,timepoint48H,-0.8002338185416585,1,0.25,Streptococcus||timepoint48H
Streptococcus,timepoint,48H,0.20264786481250355,0.9999981164156956,0.11322991121003968,Streptococcus||timepoint||48H,carbohydrateRDC:timepoint48H,2.9289434408721355,0.4299829158208056,0.25,Streptococcus||carbohydrateRDC:timepoint48H
Streptococcus,timepoint,48H,0.20264786481250355,0.9999981164156956,0.11322991121003968,Streptococcus||timepoint||48H,carbohydrateSDC:timepoint48H,1.5430284948564257,0.8927253286770757,0.25,Streptococcus||carbohydrateSDC:timepoint48H
Subdoligranulum,carbohydrate,RDC,0.15543901448554254,0.9999981164156956,0.999976442700979,Subdoligranulum||carbohydrate||RDC,carbohydrateRDC,-0.973159128711242,0.717897106628056,0.25,Subdoligranulum||carbohydrateRDC
Subdoligranulum,carbohydrate,RDC,0.15543901448554254,0.9999981164156956,0.999976442700979,Subdoligranulum||carbohydrate||RDC,carbohydrateSDC,0.2339188604240042,1,0.25,Subdoligranulum||carbohydrateSDC
Subdoligranulum,carbohydrate,RDC,0.15543901448554254,0.9999981164156956,0.999976442700979,Subdoligranulum||carbohydrate||RDC,carbohydrateRDC:timepoint48H,1.9575392676918133,0.5085963562839547,0.25,Subdoligranulum||carbohydrateRDC:timepoint48H
Subdoligranulum,carbohydrate,RDC,0.15543901448554254,0.9999981164156956,0.999976442700979,Subdoligranulum||carbohydrate||RDC,carbohydrateSDC:timepoint48H,0.872449064723774,0.9237411798178428,0.25,Subdoligranulum||carbohydrateSDC:timepoint48H
Subdoligranulum,carbohydrate,RDC:timepoint48H,0.8492785785469547,0.9999981164156956,0.999976442700979,Subdoligranulum||carbohydrate||RDC:timepoint48H,carbohydrateRDC,-0.973159128711242,0.717897106628056,0.25,Subdoligranulum||carbohydrateRDC
Subdoligranulum,carbohydrate,RDC:timepoint48H,0.8492785785469547,0.9999981164156956,0.999976442700979,Subdoligranulum||carbohydrate||RDC:timepoint48H,carbohydrateSDC,0.2339188604240042,1,0.25,Subdoligranulum||carbohydrateSDC
Subdoligranulum,carbohydrate,RDC:timepoint48H,0.8492785785469547,0.9999981164156956,0.999976442700979,Subdoligranulum||carbohydrate||RDC:timepoint48H,timepoint48H,2.0987719111824,0.3342152489269948,0.25,Subdoligranulum||timepoint48H
Subdoligranulum,carbohydrate,RDC:timepoint48H,0.8492785785469547,0.9999981164156956,0.999976442700979,Subdoligranulum||carbohydrate||RDC:timepoint48H,carbohydrateRDC:timepoint48H,1.9575392676918133,0.5085963562839547,0.25,Subdoligranulum||carbohydrateRDC:timepoint48H
Subdoligranulum,carbohydrate,RDC:timepoint48H,0.8492785785469547,0.9999981164156956,0.999976442700979,Subdoligranulum||carbohydrate||RDC:timepoint48H,carbohydrateSDC:timepoint48H,0.872449064723774,0.9237411798178428,0.25,Subdoligranulum||carbohydrateSDC:timepoint48H
Subdoligranulum,carbohydrate,SDC,0.2320170079735371,0.9999981164156956,0.999976442700979,Subdoligranulum||carbohydrate||SDC,carbohydrateRDC,-0.973159128711242,0.717897106628056,0.25,Subdoligranulum||carbohydrateRDC
Subdoligranulum,carbohydrate,SDC,0.2320170079735371,0.9999981164156956,0.999976442700979,Subdoligranulum||carbohydrate||SDC,carbohydrateSDC,0.2339188604240042,1,0.25,Subdoligranulum||carbohydrateSDC
Subdoligranulum,carbohydrate,SDC,0.2320170079735371,0.9999981164156956,0.999976442700979,Subdoligranulum||carbohydrate||SDC,carbohydrateRDC:timepoint48H,1.9575392676918133,0.5085963562839547,0.25,Subdoligranulum||carbohydrateRDC:timepoint48H
Subdoligranulum,carbohydrate,SDC,0.2320170079735371,0.9999981164156956,0.999976442700979,Subdoligranulum||carbohydrate||SDC,carbohydrateSDC:timepoint48H,0.872449064723774,0.9237411798178428,0.25,Subdoligranulum||carbohydrateSDC:timepoint48H
Subdoligranulum,obesity_group,obesity,0.4771311430433928,0.9999981164156956,0.9192032057787732,Subdoligranulum||obesity_group||obesity,obesity_groupobesity,0.5581203514417161,1,0.25,Subdoligranulum||obesity_groupobesity
Terrisporobacter,carbohydrate,RDC,0.10291795326459166,0.9999981164156956,0.999976442700979,Terrisporobacter||carbohydrate||RDC,carbohydrateRDC,-0.7250741940065458,0.815787138788082,0.25,Terrisporobacter||carbohydrateRDC
Terrisporobacter,carbohydrate,RDC,0.10291795326459166,0.9999981164156956,0.999976442700979,Terrisporobacter||carbohydrate||RDC,carbohydrateSDC,0.2621360629649639,1,0.25,Terrisporobacter||carbohydrateSDC
Terrisporobacter,carbohydrate,RDC,0.10291795326459166,0.9999981164156956,0.999976442700979,Terrisporobacter||carbohydrate||RDC,carbohydrateRDC:timepoint48H,1.5124253784763992,0.637401220181447,0.25,Terrisporobacter||carbohydrateRDC:timepoint48H
Terrisporobacter,carbohydrate,RDC,0.10291795326459166,0.9999981164156956,0.999976442700979,Terrisporobacter||carbohydrate||RDC,carbohydrateSDC:timepoint48H,0.6451103422808073,0.944707929370032,0.25,Terrisporobacter||carbohydrateSDC:timepoint48H
Terrisporobacter,carbohydrate,RDC:timepoint48H,1.100629091602688,0.9999981164156956,0.999976442700979,Terrisporobacter||carbohydrate||RDC:timepoint48H,carbohydrateRDC,-0.7250741940065458,0.815787138788082,0.25,Terrisporobacter||carbohydrateRDC
Terrisporobacter,carbohydrate,RDC:timepoint48H,1.100629091602688,0.9999981164156956,0.999976442700979,Terrisporobacter||carbohydrate||RDC:timepoint48H,carbohydrateSDC,0.2621360629649639,1,0.25,Terrisporobacter||carbohydrateSDC
Terrisporobacter,carbohydrate,RDC:timepoint48H,1.100629091602688,0.9999981164156956,0.999976442700979,Terrisporobacter||carbohydrate||RDC:timepoint48H,timepoint48H,0.9301068666309936,0.8758625121028342,0.25,Terrisporobacter||timepoint48H
Terrisporobacter,carbohydrate,RDC:timepoint48H,1.100629091602688,0.9999981164156956,0.999976442700979,Terrisporobacter||carbohydrate||RDC:timepoint48H,carbohydrateRDC:timepoint48H,1.5124253784763992,0.637401220181447,0.25,Terrisporobacter||carbohydrateRDC:timepoint48H
Terrisporobacter,carbohydrate,RDC:timepoint48H,1.100629091602688,0.9999981164156956,0.999976442700979,Terrisporobacter||carbohydrate||RDC:timepoint48H,carbohydrateSDC:timepoint48H,0.6451103422808073,0.944707929370032,0.25,Terrisporobacter||carbohydrateSDC:timepoint48H
Terrisporobacter,carbohydrate,SDC,-0.8664386776026246,0.9999981164156956,0.999976442700979,Terrisporobacter||carbohydrate||SDC,carbohydrateRDC,-0.7250741940065458,0.815787138788082,0.25,Terrisporobacter||carbohydrateRDC
Terrisporobacter,carbohydrate,SDC,-0.8664386776026246,0.9999981164156956,0.999976442700979,Terrisporobacter||carbohydrate||SDC,carbohydrateSDC,0.2621360629649639,1,0.25,Terrisporobacter||carbohydrateSDC
Terrisporobacter,carbohydrate,SDC,-0.8664386776026246,0.9999981164156956,0.999976442700979,Terrisporobacter||carbohydrate||SDC,carbohydrateRDC:timepoint48H,1.5124253784763992,0.637401220181447,0.25,Terrisporobacter||carbohydrateRDC:timepoint48H
Terrisporobacter,carbohydrate,SDC,-0.8664386776026246,0.9999981164156956,0.999976442700979,Terrisporobacter||carbohydrate||SDC,carbohydrateSDC:timepoint48H,0.6451103422808073,0.944707929370032,0.25,Terrisporobacter||carbohydrateSDC:timepoint48H
Terrisporobacter,timepoint,48H,0.16646234159234727,0.9999981164156956,0.999976442700979,Terrisporobacter||timepoint||48H,timepoint48H,0.9301068666309936,0.8758625121028342,0.25,Terrisporobacter||timepoint48H
Terrisporobacter,timepoint,48H,0.16646234159234727,0.9999981164156956,0.999976442700979,Terrisporobacter||timepoint||48H,carbohydrateRDC:timepoint48H,1.5124253784763992,0.637401220181447,0.25,Terrisporobacter||carbohydrateRDC:timepoint48H
Terrisporobacter,timepoint,48H,0.16646234159234727,0.9999981164156956,0.999976442700979,Terrisporobacter||timepoint||48H,carbohydrateSDC:timepoint48H,0.6451103422808073,0.944707929370032,0.25,Terrisporobacter||carbohydrateSDC:timepoint48H
Turicibacter,carbohydrate,RDC,-0.2826446740801699,0.9999981164156956,0.999976442700979,Turicibacter||carbohydrate||RDC,carbohydrateRDC,-1.4977693485192427,0.7097485238466421,0.25,Turicibacter||carbohydrateRDC
Turicibacter,carbohydrate,RDC,-0.2826446740801699,0.9999981164156956,0.999976442700979,Turicibacter||carbohydrate||RDC,carbohydrateSDC,-0.34746369691449364,1,0.25,Turicibacter||carbohydrateSDC
Turicibacter,carbohydrate,RDC,-0.2826446740801699,0.9999981164156956,0.999976442700979,Turicibacter||carbohydrate||RDC,carbohydrateRDC:timepoint48H,2.776835618289368,0.45785440340536776,0.25,Turicibacter||carbohydrateRDC:timepoint48H
Turicibacter,carbohydrate,RDC,-0.2826446740801699,0.9999981164156956,0.999976442700979,Turicibacter||carbohydrate||RDC,carbohydrateSDC:timepoint48H,1.715152572405218,0.895166603958311,0.25,Turicibacter||carbohydrateSDC:timepoint48H
Turicibacter,timepoint,48H,-0.3030124089705316,0.9999981164156956,0.999976442700979,Turicibacter||timepoint||48H,timepoint48H,0.00146750045501066,0.997665305152928,0.25,Turicibacter||timepoint48H
Turicibacter,timepoint,48H,-0.3030124089705316,0.9999981164156956,0.999976442700979,Turicibacter||timepoint||48H,carbohydrateRDC:timepoint48H,2.776835618289368,0.45785440340536776,0.25,Turicibacter||carbohydrateRDC:timepoint48H
Turicibacter,timepoint,48H,-0.3030124089705316,0.9999981164156956,0.999976442700979,Turicibacter||timepoint||48H,carbohydrateSDC:timepoint48H,1.715152572405218,0.895166603958311,0.25,Turicibacter||carbohydrateSDC:timepoint48H
Flavonifractor,carbohydrate,RDC,NA,NA,NA,Flavonifractor||carbohydrate||RDC,carbohydrateRDC,-0.6733508215308899,0.820883772861385,0.25,Flavonifractor||carbohydrateRDC
Flavonifractor,carbohydrate,RDC,NA,NA,NA,Flavonifractor||carbohydrate||RDC,carbohydrateSDC,0.01010812873542305,1,0.25,Flavonifractor||carbohydrateSDC
Flavonifractor,carbohydrate,RDC,NA,NA,NA,Flavonifractor||carbohydrate||RDC,carbohydrateRDC:timepoint48H,0.1513466133265909,0.8865862462742832,0.25,Flavonifractor||carbohydrateRDC:timepoint48H
Flavonifractor,carbohydrate,RDC,NA,NA,NA,Flavonifractor||carbohydrate||RDC,carbohydrateSDC:timepoint48H,-0.6177132112362836,0.9913574513267956,0.25,Flavonifractor||carbohydrateSDC:timepoint48H
Flavonifractor,carbohydrate,RDC:timepoint48H,NA,NA,NA,Flavonifractor||carbohydrate||RDC:timepoint48H,carbohydrateRDC,-0.6733508215308899,0.820883772861385,0.25,Flavonifractor||carbohydrateRDC
Flavonifractor,carbohydrate,RDC:timepoint48H,NA,NA,NA,Flavonifractor||carbohydrate||RDC:timepoint48H,carbohydrateSDC,0.01010812873542305,1,0.25,Flavonifractor||carbohydrateSDC
Flavonifractor,carbohydrate,RDC:timepoint48H,NA,NA,NA,Flavonifractor||carbohydrate||RDC:timepoint48H,timepoint48H,10.395438405521972,4.893596713499241e-9,0.25,Flavonifractor||timepoint48H
Flavonifractor,carbohydrate,RDC:timepoint48H,NA,NA,NA,Flavonifractor||carbohydrate||RDC:timepoint48H,carbohydrateRDC:timepoint48H,0.1513466133265909,0.8865862462742832,0.25,Flavonifractor||carbohydrateRDC:timepoint48H
Flavonifractor,carbohydrate,RDC:timepoint48H,NA,NA,NA,Flavonifractor||carbohydrate||RDC:timepoint48H,carbohydrateSDC:timepoint48H,-0.6177132112362836,0.9913574513267956,0.25,Flavonifractor||carbohydrateSDC:timepoint48H
Flavonifractor,carbohydrate,SDC,NA,NA,NA,Flavonifractor||carbohydrate||SDC,carbohydrateRDC,-0.6733508215308899,0.820883772861385,0.25,Flavonifractor||carbohydrateRDC
Flavonifractor,carbohydrate,SDC,NA,NA,NA,Flavonifractor||carbohydrate||SDC,carbohydrateSDC,0.01010812873542305,1,0.25,Flavonifractor||carbohydrateSDC
Flavonifractor,carbohydrate,SDC,NA,NA,NA,Flavonifractor||carbohydrate||SDC,carbohydrateRDC:timepoint48H,0.1513466133265909,0.8865862462742832,0.25,Flavonifractor||carbohydrateRDC:timepoint48H
Flavonifractor,carbohydrate,SDC,NA,NA,NA,Flavonifractor||carbohydrate||SDC,carbohydrateSDC:timepoint48H,-0.6177132112362836,0.9913574513267956,0.25,Flavonifractor||carbohydrateSDC:timepoint48H
Flavonifractor,carbohydrate,SDC:timepoint48H,NA,NA,NA,Flavonifractor||carbohydrate||SDC:timepoint48H,carbohydrateRDC,-0.6733508215308899,0.820883772861385,0.25,Flavonifractor||carbohydrateRDC
Flavonifractor,carbohydrate,SDC:timepoint48H,NA,NA,NA,Flavonifractor||carbohydrate||SDC:timepoint48H,carbohydrateSDC,0.01010812873542305,1,0.25,Flavonifractor||carbohydrateSDC
Flavonifractor,carbohydrate,SDC:timepoint48H,NA,NA,NA,Flavonifractor||carbohydrate||SDC:timepoint48H,timepoint48H,10.395438405521972,4.893596713499241e-9,0.25,Flavonifractor||timepoint48H
Flavonifractor,carbohydrate,SDC:timepoint48H,NA,NA,NA,Flavonifractor||carbohydrate||SDC:timepoint48H,carbohydrateRDC:timepoint48H,0.1513466133265909,0.8865862462742832,0.25,Flavonifractor||carbohydrateRDC:timepoint48H
Flavonifractor,carbohydrate,SDC:timepoint48H,NA,NA,NA,Flavonifractor||carbohydrate||SDC:timepoint48H,carbohydrateSDC:timepoint48H,-0.6177132112362836,0.9913574513267956,0.25,Flavonifractor||carbohydrateSDC:timepoint48H
Flavonifractor,obesity_group,obesity,NA,NA,NA,Flavonifractor||obesity_group||obesity,obesity_groupobesity,-0.854960074406975,0.8939993967874932,0.25,Flavonifractor||obesity_groupobesity
Flavonifractor,timepoint,48H,NA,NA,NA,Flavonifractor||timepoint||48H,timepoint48H,10.395438405521972,4.893596713499241e-9,0.25,Flavonifractor||timepoint48H
Flavonifractor,timepoint,48H,NA,NA,NA,Flavonifractor||timepoint||48H,carbohydrateRDC:timepoint48H,0.1513466133265909,0.8865862462742832,0.25,Flavonifractor||carbohydrateRDC:timepoint48H
Flavonifractor,timepoint,48H,NA,NA,NA,Flavonifractor||timepoint||48H,carbohydrateSDC:timepoint48H,-0.6177132112362836,0.9913574513267956,0.25,Flavonifractor||carbohydrateSDC:timepoint48H
Holdemania,carbohydrate,RDC:timepoint48H,NA,NA,NA,Holdemania||carbohydrate||RDC:timepoint48H,carbohydrateRDC,-0.7512463535764098,0.8079843905216302,0.25,Holdemania||carbohydrateRDC
Holdemania,carbohydrate,RDC:timepoint48H,NA,NA,NA,Holdemania||carbohydrate||RDC:timepoint48H,carbohydrateSDC,0.2517854860140298,1,0.25,Holdemania||carbohydrateSDC
Holdemania,carbohydrate,RDC:timepoint48H,NA,NA,NA,Holdemania||carbohydrate||RDC:timepoint48H,timepoint48H,6.085632760771216,0.00119823372744826,0.25,Holdemania||timepoint48H
Holdemania,carbohydrate,RDC:timepoint48H,NA,NA,NA,Holdemania||carbohydrate||RDC:timepoint48H,carbohydrateRDC:timepoint48H,2.109930663713581,0.5559455837316807,0.25,Holdemania||carbohydrateRDC:timepoint48H
Holdemania,carbohydrate,RDC:timepoint48H,NA,NA,NA,Holdemania||carbohydrate||RDC:timepoint48H,carbohydrateSDC:timepoint48H,0.9417424799600383,0.931441615881348,0.25,Holdemania||carbohydrateSDC:timepoint48H
Holdemania,carbohydrate,SDC:timepoint48H,NA,NA,NA,Holdemania||carbohydrate||SDC:timepoint48H,carbohydrateRDC,-0.7512463535764098,0.8079843905216302,0.25,Holdemania||carbohydrateRDC
Holdemania,carbohydrate,SDC:timepoint48H,NA,NA,NA,Holdemania||carbohydrate||SDC:timepoint48H,carbohydrateSDC,0.2517854860140298,1,0.25,Holdemania||carbohydrateSDC
Holdemania,carbohydrate,SDC:timepoint48H,NA,NA,NA,Holdemania||carbohydrate||SDC:timepoint48H,timepoint48H,6.085632760771216,0.00119823372744826,0.25,Holdemania||timepoint48H
Holdemania,carbohydrate,SDC:timepoint48H,NA,NA,NA,Holdemania||carbohydrate||SDC:timepoint48H,carbohydrateRDC:timepoint48H,2.109930663713581,0.5559455837316807,0.25,Holdemania||carbohydrateRDC:timepoint48H
Holdemania,carbohydrate,SDC:timepoint48H,NA,NA,NA,Holdemania||carbohydrate||SDC:timepoint48H,carbohydrateSDC:timepoint48H,0.9417424799600383,0.931441615881348,0.25,Holdemania||carbohydrateSDC:timepoint48H
