feature,effect,maaslin_coef,maaslin_q,maaslin_joint_q,aldex_est,aldex_q,ancom_lfc,ancom_se,ancom_q,dir_maaslin,dir_aldex,dir_ancom,concordant_maaslin_aldex,concordant_all3
Carnobacterium,timepoint48H,22.548914108972063,1.400954511123978e-10,7.58601964002239e-11,NA,NA,0,0.4681175019057118,1,1,NA,0,FALSE,FALSE
Negativicoccus,timepoint48H,18.63545542197895,9.536834806093944e-9,5.164094591810445e-9,NA,NA,0,0.4681175019057118,1,1,NA,0,FALSE,FALSE
Odoribacter,timepoint48H,18.65243183461728,1.6598257093186717e-8,8.987779638757488e-9,NA,NA,0,0.4681175019057118,1,1,NA,0,FALSE,FALSE
Megasphaera,carbohydrateRDC,20.385610224285166,1.845024038993799e-6,1.998121768594924e-6,NA,NA,0,0.41486775666312026,1,1,NA,0,FALSE,FALSE
Megasphaera,carbohydrateSDC,20.20851962864628,1.845024038993799e-6,1.998121768594924e-6,NA,NA,0.9784348530560373,2.752432491572248,1,1,NA,1,FALSE,FALSE
Prevotella,carbohydrateSDC:timepoint48H,18.088282888629788,1.8291231269805378e-5,1.697915411459096e-5,NA,NA,NA,NA,NA,1,NA,NA,FALSE,FALSE
Holdemania,timepoint48H,9.472102500106848,2.4841928981741933e-5,1.5693580312401862e-5,6.085632760771216,0.00119823372744826,0,0.4681175019057118,1,1,1,0,TRUE,FALSE
Clostridium,timepoint48H,5.356919897742121,7.887020867802863e-5,8.541472207535557e-5,7.647137353725004,7.274901489450928e-6,2.5157870726357157,0.5109229069609075,3.166497551386966e-5,1,1,1,TRUE,TRUE
Sutterella,timepoint48H,20.98784525426097,3.8534552201020935e-4,2.2037651000571232e-4,NA,NA,0,0.4681175019057118,1,1,NA,0,FALSE,FALSE
Prevotella,carbohydrateRDC:timepoint48H,15.85448571603442,5.292009208011591e-4,5.731110790753599e-4,NA,NA,NA,NA,NA,1,NA,NA,FALSE,FALSE
Megasphaera,timepoint48H,18.286687959972497,8.15884946959859e-4,8.835802864053478e-4,NA,NA,0,0.4681175019057118,1,1,NA,0,FALSE,FALSE
Erysipelatoclostridium,timepoint48H,4.628143766283849,0.00238112201779064,0.00245584682067949,0.8860858713225639,0.9051067140072516,0.844908737106772,0.47765120572998615,0.22773201547020994,1,1,1,TRUE,TRUE
Prevotella,timepoint48H,-11.754010046535146,0.00310141851948386,0.00321262017853378,NA,NA,NA,NA,NA,-1,NA,NA,FALSE,FALSE
Paraclostridium,timepoint48H,22.591554026693327,0.00337888772759027,0.00210407862462756,NA,NA,0,0.4681175019057118,1,1,NA,0,FALSE,FALSE
Eggerthella,timepoint48H,3.9867718441269058,0.00399600122698986,0.00432736354541409,6.001402855084357,2.696016409168944e-4,1.8800905745947418,0.4461866820122388,4.404215590454213e-4,1,1,1,TRUE,TRUE
Enterobacter,timepoint48H,24.333814875381343,0.00585905129123631,0.00634471373752673,NA,NA,NA,NA,NA,1,NA,NA,FALSE,FALSE
Bacteroides,timepoint48H,6.524628581838714,0.00858778793771199,4.173198894929027e-4,14.08098388665732,4.8238323058225063e-14,3.874041604896773,0.5973746879247689,9.101053369752202e-8,1,1,1,TRUE,TRUE
Paeniclostridium,timepoint48H,18.68123367368119,0.01777864091784086,0.01034005195383171,NA,NA,NA,NA,NA,1,NA,NA,FALSE,FALSE
Finegoldia,timepoint48H,6.477738072315534,0.03495136435627846,0.02887226695311359,NA,NA,3.3425382346380883,0.9758185521440131,0.011754555807760015,1,NA,1,FALSE,FALSE
Lactobacillus,carbohydrateSDC:timepoint48H,9.033656374681655,0.04265047898086835,0.04743275625182615,NA,NA,0.6753144565760274,1.0053605883860923,0.7435397890633874,1,NA,1,FALSE,FALSE
Christensenella,timepoint48H,15.118113657170705,0.04723873991332916,0.02945492286923316,NA,NA,NA,NA,NA,1,NA,NA,FALSE,FALSE
Bifidobacterium,carbohydrateSDC:timepoint48H,3.276407949966832,0.07453893945839182,0.08483796037425158,3.2602644794924425,0.6841605453394017,0.41227183216123775,0.40871825256449223,0.5401113881567909,1,1,1,TRUE,TRUE
f__Prevotellaceae,carbohydrateSDC:timepoint48H,11.7948712362758,0.07956800331348218,0.08657177746667029,NA,NA,1.898336937008821,0.7631960220940298,0.08763088493618018,1,NA,1,FALSE,FALSE
Paenibacillus,timepoint48H,2.8427980428410775,0.0891248783704603,0.01166538647309463,-3.5972692495310303,0.5482822017060631,-0.6866892932562877,0.48689690348756526,0.36447587244616675,1,-1,-1,FALSE,FALSE
Terrisporobacter,obesity_groupobesity,-1.7111599303123417,0.12102821199038534,0.12534074753176389,-3.5876865962945628,0.25971388350978125,-0.7917448805910966,0.518298240072716,0.984922689747989,-1,-1,-1,TRUE,TRUE
Fusicatenibacter,carbohydrateSDC:timepoint48H,3.776598994136799,0.12493994496465824,0.12948065064404163,4.30843911795709,0.5812375885148636,-0.3385437170883567,0.4520415365842507,0.6994611397559239,1,1,-1,TRUE,FALSE
Bifidobacterium,carbohydrateRDC:timepoint48H,3.0155901908511544,0.12919080573337732,0.13465271566056938,4.316423836297224,0.22046229369499945,0.34587669384941633,0.40594879646682563,0.5830465775488725,1,1,1,TRUE,TRUE
Carnobacterium,carbohydrateRDC,-1.968961630982112,0.12919080573337732,0.08657177746667029,NA,NA,0,0.41486775666312026,1,-1,NA,0,FALSE,FALSE
Lachnoclostridium,timepoint48H,2.68765676278415,0.12919080573337732,0.1394013270289033,2.645337631136192,0.19105077001265663,0.5707288476509476,0.4325244002084495,0.385940667462526,1,1,1,TRUE,TRUE
Sutterella,carbohydrateSDC,3.582176195545365,0.12919080573337732,0.08657177746667029,NA,NA,-0.6891579233498498,1.7512963877634429,1,1,NA,-1,FALSE,FALSE
Turicibacter,carbohydrateSDC:timepoint48H,3.3764061601880244,0.13891039291774174,0.14983675946303948,1.715152572405218,0.895166603958311,-0.4417503940086218,0.41663463233794357,0.5401113881567909,1,1,-1,TRUE,FALSE
Lachnospira,timepoint48H,4.5685054385161425,0.1461004764190403,0.15753512908672468,NA,NA,NA,NA,NA,1,NA,NA,FALSE,FALSE
Carnobacterium,carbohydrateSDC,-1.8569886811215688,0.17008493301952685,0.11561386653484408,NA,NA,-4.058005643891157,0.909355295970295,0.21131346811941787,-1,NA,-1,FALSE,FALSE
Paraclostridium,carbohydrateRDC,3.988196549141153,0.17008493301952685,0.11561386653484408,NA,NA,0,0.41486775666312026,1,1,NA,0,FALSE,FALSE
Sutterella,carbohydrateRDC,3.6083202114007937,0.18843456527531297,0.12534074753176389,NA,NA,0,0.41486775666312026,1,1,NA,0,FALSE,FALSE
Escherichia,timepoint48H,4.353042902984831,0.1956847311210567,0.00120335854817557,11.817822766700338,2.61061922658216e-10,1.7458339008541892,0.972250123709575,0.22048975217327108,1,1,1,TRUE,TRUE
Enterobacter,carbohydrateSDC,5.596263951976778,0.20157365260348264,0.23125545031634623,NA,NA,NA,NA,NA,1,NA,NA,FALSE,FALSE
Intestinibacter,timepoint48H,2.5203259511572793,0.21578102522043596,0.24687834146417656,2.2807168162025393,0.39533891425001205,0.486256956471918,0.5314987162335459,0.6423632913481016,1,1,1,TRUE,TRUE
Roseburia,timepoint48H,2.4816060827166173,0.24046912904985715,0.27007281572886527,1.7464600314298329,0.6749679522544921,0.05805101828251528,0.5034513464751393,1,1,1,1,TRUE,TRUE
Parabacteroides,timepoint48H,5.48385740368631,0.2412022043101733,3.2714522387865074e-5,12.56756271872181,9.657723116599884e-12,3.4620833907070305,0.7227539220874828,5.842258440061739e-5,1,1,1,TRUE,TRUE
Lactobacillus,carbohydrateRDC:timepoint48H,6.603746903250076,0.2528195142350246,0.2873740237784625,NA,NA,0.9331146099245565,0.9744248214630289,0.5477089138805102,1,NA,1,FALSE,FALSE
Gordonibacter,timepoint48H,2.1604395078353025,0.2550857161416294,0.28964501697685874,0.764813938251037,0.9201531783786882,0.5180172602418904,0.3776328596549924,0.36447587244616675,1,1,1,TRUE,TRUE
f__Ruminococcaceae,timepoint48H,2.0110227902607427,0.26072542924805586,0.29570448924234316,1.8722250090311263,0.45210850544925374,0.11228860669547751,0.419940019162848,1,1,1,1,TRUE,TRUE
Solobacterium,carbohydrateSDC:timepoint48H,8.3885494245362,0.2663988092033872,0.301792099057697,NA,NA,0.19345985515216438,0.8410141424051272,0.8857574743847673,1,NA,1,FALSE,FALSE
Dorea,carbohydrateSDC:timepoint48H,2.3757329995399923,0.30643221862699993,0.345956856548648,1.4621106924372826,0.8973515722021589,-1.5402794365446129,0.3653612245393764,3.9685492244278007e-4,1,1,-1,TRUE,FALSE
Turicibacter,carbohydrateRDC:timepoint48H,2.8191386816438233,0.3128740633762838,0.3605971398381945,2.776835618289368,0.45785440340536776,-0.3482055203546178,0.4135012691544772,0.5830465775488725,1,1,-1,TRUE,FALSE
Varibaculum,obesity_groupobesity,2.489527949694653,0.3128740633762838,0.3605971398381945,NA,NA,NA,NA,NA,1,NA,NA,FALSE,FALSE
f__Coriobacteriaceae,carbohydrateSDC:timepoint48H,4.248601065671028,0.3142000580587448,0.36169875988379024,1.2522262935231283,0.9205361321266584,0.9090168629488319,0.5389451708406997,0.26163552338443363,1,1,1,TRUE,TRUE
Faecalitalea,timepoint48H,4.011735308032374,0.3185781025963153,0.3654842409600996,NA,NA,-0.5124147563152138,0.6005933900399963,0.6908559165006298,1,NA,-1,FALSE,FALSE
Succiniclasticum,timepoint48H,3.040648212054404,0.3185781025963153,0.3654842409600996,NA,NA,0.2599856058855088,0.5813300781445062,1,1,NA,1,FALSE,FALSE
Paraclostridium,carbohydrateSDC,3.2697671580404384,0.3360362695278203,0.2501950895061524,NA,NA,-2.084796268677286,2.6962409101298923,1,1,NA,-1,FALSE,FALSE
Dialister,carbohydrateRDC:timepoint48H,4.383413658685289,0.35650398250284904,0.41197256800611654,2.6362368442684145,0.5071818482701311,0.6674070864005345,0.5678402204993459,0.47710667122726336,1,1,1,TRUE,TRUE
Escherichia,carbohydrateSDC:timepoint48H,4.234863356986472,0.3693065843603133,0.4260146836984543,1.7690346579847502,0.8885028307381596,2.627333281247714,0.9167975788459374,0.02692432632468599,1,1,1,TRUE,TRUE
Enterobacter,carbohydrateRDC,4.705300856899119,0.377398638300544,0.4342036016116298,NA,NA,NA,NA,NA,1,NA,NA,FALSE,FALSE
Turicibacter,obesity_groupobesity,-1.2648528520611078,0.3879338772198314,0.4456017221486097,-1.86947523378409,0.8268325865736101,-0.8482588643187435,0.5066331950904932,0.984922689747989,-1,-1,-1,TRUE,TRUE
Faecalibacterium,carbohydrateRDC:timepoint48H,2.8973208369806276,0.4246872251995762,0.47429760925419107,3.4972147316237803,0.4305260959024649,0.1971212223594029,0.47272356569789276,0.8095824305960925,1,1,1,TRUE,TRUE
Ruminiclostridium,timepoint48H,1.903514793949382,0.4305438235999171,0.47993769013069915,1.2893942300660477,0.8574171507833477,0.05209661721835092,0.43861140495069884,1,1,1,1,TRUE,TRUE
Escherichia,carbohydrateRDC:timepoint48H,4.046117968719665,0.44276014507114,0.4928495602044833,2.6329091589177276,0.4951891627676879,2.6011629433825876,0.91733912824116,0.025785918615877236,1,1,1,TRUE,TRUE
Faecalibacterium,carbohydrateSDC:timepoint48H,2.791412964788724,0.455561682517572,0.5082739468553485,3.466028242258904,0.7687246558235907,0.23253369128044946,0.4702454759465186,0.7810783984839001,1,1,1,TRUE,TRUE
Phascolarctobacterium,timepoint48H,5.829138249856228,0.455561682517572,0.3605971398381945,NA,NA,2.03286574709125,0.6667105852442735,0.024596672001032768,1,NA,1,FALSE,FALSE
Akkermansia,timepoint48H,2.5153129789230126,0.47504021305502286,0.08657177746667029,6.963327683566087,3.935216905232225e-4,1.4258660156005567,0.5983290280618165,0.09181296181221263,1,1,1,TRUE,TRUE
Peptococcus,carbohydrateRDC:timepoint48H,3.340123016554901,0.49180164058086145,0.5493739480257606,NA,NA,-1.1974577822636137,0.8690523972246729,0.41011335870965693,1,NA,-1,FALSE,FALSE
Dorea,carbohydrateRDC:timepoint48H,1.9697977047067932,0.5494940060226796,0.6096924079406629,2.9418636462937378,0.4405240049858738,-1.5055035108816306,0.3611348451105838,3.744134544231939e-4,1,1,-1,TRUE,FALSE
Collinsella,carbohydrateRDC:timepoint48H,2.405306640538989,0.5520626845307391,0.6119384090904728,4.624053917753281,0.3774297936792237,0.14758626036721162,0.4205205675208421,0.8296663980806357,1,1,1,TRUE,TRUE
Enterococcus,carbohydrateSDC:timepoint48H,8.297952375366167,0.5577335287842633,0.6175018503950624,NA,NA,-1.9365623106681589,1.3572755269747288,0.39193512717930606,1,NA,-1,FALSE,FALSE
Lactococcus,obesity_groupobesity,1.253801717699337,0.5665188248524641,0.6317727165839195,0.5636300577108061,1,0.03364634682524827,0.3493184469365795,0.984922689747989,1,1,1,TRUE,TRUE
Blautia,carbohydrateSDC:timepoint48H,1.9237935078158204,0.5864586629776709,0.4342036016116298,1.7209294021416175,0.8893020353334591,-1.0510094470457207,0.3248487438807389,0.009121700071404974,1,1,-1,TRUE,FALSE
Clostridium,carbohydrateSDC:timepoint48H,2.3069359094335136,0.5864586629776709,0.6562340789897076,0.5259839102344607,0.962559428100742,2.5938678567493634,0.4472670479597719,6.655498564927711e-7,1,1,1,TRUE,TRUE
Collinsella,carbohydrateSDC:timepoint48H,2.3245614307710407,0.5864586629776709,0.6562340789897076,3.325460580729446,0.8299822847377112,0.13517951057281088,0.4241461478844082,0.8667580237422499,1,1,1,TRUE,TRUE
Varibaculum,timepoint48H,4.499941385929484,0.5864586629776709,0.6562340789897076,NA,NA,NA,NA,NA,1,NA,NA,FALSE,FALSE
Catenibacterium,carbohydrateSDC:timepoint48H,5.78241768849575,0.6107390053107731,0.6750085916050858,NA,NA,-0.7132787500707518,0.5837546665417636,0.4679904587725748,1,NA,-1,FALSE,FALSE
Paraclostridium,obesity_groupobesity,3.2869179022974317,0.6133542184540332,0.4516752957710074,NA,NA,1.1909002975763072,0.8380123879138773,0.984922689747989,1,NA,1,FALSE,FALSE
Succiniclasticum,carbohydrateSDC:timepoint48H,2.262694037329179,0.6395189051028478,0.7093404816207732,NA,NA,0.7355077522722148,0.5358611426177732,0.4126450537386114,1,NA,1,FALSE,FALSE
Anaerostipes,carbohydrateSDC:timepoint48H,2.220292167786062,0.6425968993123812,0.7093404816207732,1.7820084053281144,0.8933976710546789,-1.7319501416182266,0.3957449467184037,2.8905397216823735e-4,1,1,-1,TRUE,FALSE
f__Prevotellaceae,carbohydrateSDC,-5.721666833958871,0.6425968993123812,0.7093404816207732,NA,NA,1.0171184863988032,0.9415764968472438,1,-1,NA,1,FALSE,FALSE
o__Clostridiales,carbohydrateSDC:timepoint48H,2.282850754783833,0.6504478923335467,0.7093404816207732,1.13175708157002,0.9261753279658907,-0.025277505389885734,0.5141335299145148,0.973038398906654,1,1,-1,TRUE,FALSE
Romboutsia,carbohydrateSDC:timepoint48H,1.9384512522386612,0.6504478923335467,0.7093404816207732,1.135573465381078,0.9031752628952152,-0.7964477195770466,0.40737810126431967,0.1798883865593724,1,1,-1,TRUE,FALSE
Streptococcus,carbohydrateSDC:timepoint48H,1.7726930713507834,0.6504478923335467,0.7093404816207732,1.5430284948564257,0.8927253286770757,-0.6541232390602318,0.44466685526053523,0.35640092666829554,1,1,-1,TRUE,FALSE
Terrisporobacter,carbohydrateSDC:timepoint48H,2.5943446126142975,0.6504478923335467,0.7093404816207732,0.6451103422808073,0.944707929370032,-0.6348280801982947,0.41309605932024107,0.3278020235722956,1,1,-1,TRUE,FALSE
Enterorhabdus,obesity_groupobesity,0.9529706311913638,0.6559128270276983,0.7138995662391346,NA,NA,NA,NA,NA,1,NA,NA,FALSE,FALSE
Peptococcus,carbohydrateSDC:timepoint48H,2.8174717848163175,0.6559128270276983,0.7138995662391346,NA,NA,-0.9565856010025742,0.8153666315215162,0.48815873894696976,1,NA,-1,FALSE,FALSE
Subdoligranulum,timepoint48H,1.50662570791827,0.663387947874255,0.4516752957710074,2.0987719111824,0.3342152489269948,-0.15047946549986987,0.41861800772150004,1,1,1,-1,TRUE,FALSE
Eubacterium,carbohydrateSDC:timepoint48H,1.8354944121108043,0.6664397966311089,0.7336816609722983,1.1834203035294086,0.9109752405480444,-1.9902504592937396,0.36723107481744166,2.8158433818745237e-6,1,1,-1,TRUE,FALSE
Eubacterium,timepoint48H,-1.5185706878010241,0.6664397966311089,0.4516752957710074,-1.8415032743858992,0.9609672137643908,-2.2818126752435446,0.43013729036143616,9.962148331859767e-6,-1,-1,-1,TRUE,TRUE
Parvimonas,timepoint48H,6.341846312386047,0.6664397966311089,0.7336816609722983,NA,NA,NA,NA,NA,1,NA,NA,FALSE,FALSE
Sutterella,obesity_groupobesity,2.461942000151352,0.6752661105118788,0.522356307371651,NA,NA,0.46602855667108034,0.8847963675657665,0.984922689747989,1,NA,1,FALSE,FALSE
Other,timepoint48H,1.8532932682736376,0.6766563070373702,0.7066646855143218,3.195474936441849,0.13997667883493034,-0.15452128821209274,0.4098696666207544,1,1,1,-1,TRUE,FALSE
Coprococcus,carbohydrateSDC:timepoint48H,2.0169774025059417,0.7049250583836,0.7602481283341215,2.3278108931923183,0.8801781968214366,-0.6921745081535652,0.37834030269721936,0.2113830779646383,1,1,-1,TRUE,FALSE
f__Prevotellaceae,carbohydrateRDC:timepoint48H,6.83946726331293,0.7146269476612555,0.768987234496543,NA,NA,1.0775348090228998,0.8073136565105957,0.4310250023720378,1,NA,1,FALSE,FALSE
Anaerostipes,carbohydrateRDC:timepoint48H,2.1124452119849977,0.7171627815412153,0.00495632892964878,1.6959283258888034,0.5659774049784525,-1.8314421880293716,0.3976596073160873,8.93898304471321e-5,1,1,-1,TRUE,FALSE
Peptoclostridium,carbohydrateRDC:timepoint48H,5.182520004346097,0.7244957201579774,0.7827650266541312,NA,NA,NA,NA,NA,1,NA,NA,FALSE,FALSE
Akkermansia,carbohydrateSDC:timepoint48H,2.4305888149729395,0.7334873762718519,0.3442407045374946,-1.8929204410936495,1,1.0893269204041496,0.5410325101131652,0.16562387010884413,1,-1,1,FALSE,FALSE
Streptococcus,carbohydrateRDC:timepoint48H,1.6626061844728302,0.7334873762718519,0.24687834146417656,2.9289434408721355,0.4299829158208056,-0.4825930568643579,0.44285679581789356,0.5034562870372711,1,1,-1,TRUE,FALSE
Dorea,timepoint48H,-1.3554990149610593,0.7488653614433056,0.817015471843703,-1.723312225546493,0.963319121714049,-2.1716533965944547,0.4272148642425792,1.9294066534963315e-5,-1,-1,-1,TRUE,TRUE
Marvinbryantia,carbohydrateSDC:timepoint48H,2.425988673722557,0.7496476011537221,0.8170812517524795,2.4146059630455583,0.8703025223048524,-1.3328376576260883,0.35784565884062336,0.0028907692631376094,1,1,-1,TRUE,FALSE
Succiniclasticum,carbohydrateSDC,-1.5294309526150982,0.7562629948345764,0.8223576274531329,NA,NA,-0.20620405899786734,0.4227705866460071,1,-1,NA,-1,FALSE,FALSE
Romboutsia,carbohydrateRDC:timepoint48H,1.7731043139360203,0.7603428538299839,0.824378019428919,2.3090126188831017,0.4638482909408044,-0.7186509424573403,0.4051798297386745,0.20630714716862011,1,1,-1,TRUE,FALSE
Megasphaera,obesity_groupobesity,-2.31748364943252,0.7632114098567345,0.824378019428919,NA,NA,-1.2459884261195324,0.9868440909975372,0.984922689747989,-1,NA,-1,FALSE,FALSE
Actinomyces,timepoint48H,1.7539439399863572,0.7750299084346873,9.71944177645804e-4,-3.20621112829282,0.4734096286884457,-0.7640874213575493,0.4062042442919039,0.19140689780562004,1,-1,-1,FALSE,FALSE
Anaerostipes,timepoint48H,-1.5878584901241934,0.7750299084346873,5.019835426270812e-5,-2.812642144772165,0.6726374014175993,-2.263401354906033,0.4641138895160058,3.166497551386966e-5,-1,-1,-1,TRUE,TRUE
Eggerthella,obesity_groupobesity,1.0875062283109893,0.7750299084346873,0.8377788498778611,0.4245582051770599,1,0.24603540304770793,0.4473891340076958,0.984922689747989,1,1,1,TRUE,TRUE
f__Christensenellaceae,carbohydrateSDC:timepoint48H,1.9703771978506175,0.7750299084346873,0.7800800608111963,-1.031070656713004,0.9991022691597377,-0.5681827682907713,0.366956155250748,0.3278020235722956,1,-1,-1,FALSE,FALSE
Other,obesity_groupobesity,1.114650575172817,0.7750299084346873,0.8377788498778611,-0.44792620260299326,0.983921060382816,-0.1757251584615622,0.27910401538698293,0.984922689747989,1,-1,-1,FALSE,FALSE
Peptococcus,obesity_groupobesity,4.735080306796588,0.7750299084346873,0.8377788498778611,NA,NA,0.7104015223817995,0.7012234656274261,0.984922689747989,1,NA,1,FALSE,FALSE
Peptoniphilus,carbohydrateSDC,-5.501880612731753,0.7750299084346873,0.838915484989437,NA,NA,-0.49463388604417485,1.2697333576748018,1,-1,NA,-1,FALSE,FALSE
Peptoniphilus,carbohydrateSDC:timepoint48H,5.698350744678494,0.7750299084346873,0.838915484989437,NA,NA,-0.359713585830504,1.251270325044316,0.8667580237422499,1,NA,-1,FALSE,FALSE
Solobacterium,carbohydrateRDC:timepoint48H,5.529964819998747,0.7750299084346873,0.8377788498778611,NA,NA,0.21981438013835575,0.8428730003853471,0.8840826073108405,1,NA,1,FALSE,FALSE
Blautia,obesity_groupobesity,0.6190136815532001,0.7858750532584254,0.6573119259572299,-0.08545766173592083,1,0.22006577261431046,0.2880688127410483,0.984922689747989,1,-1,1,FALSE,FALSE
f__Defluviitaleaceae,carbohydrateRDC:timepoint48H,2.3577859569387205,0.7903030949075822,0.8627825599519173,NA,NA,-0.20846590513837882,0.3406400497507765,0.71449970178108,1,NA,-1,FALSE,FALSE
Faecalitalea,obesity_groupobesity,1.1861616959903831,0.7903030949075822,0.865550273268001,NA,NA,0.332490318911884,0.42679605879355625,0.984922689747989,1,NA,1,FALSE,FALSE
f__Coriobacteriaceae,carbohydrateRDC:timepoint48H,2.7688922148016832,0.7931125037066246,0.8675317713382021,1.6207565620884663,0.630505744829326,0.430979205878911,0.5429796584153825,0.602481790218624,1,1,1,TRUE,TRUE
Alistipes,timepoint48H,2.742222003153625,0.797895959431209,1.6229138382439526e-4,9.729978717561671,1.9885518994525755e-7,1.7237007498187327,0.6766677629853509,0.06969119353056072,1,1,1,TRUE,TRUE
Collinsella,obesity_groupobesity,1.1143470078364626,0.8006980492249359,0.8770115394723557,0.805189577814633,1,0.3898821169490817,0.5941588648977821,0.984922689747989,1,1,1,TRUE,TRUE
f__Lachnospiraceae,carbohydrateSDC:timepoint48H,1.5891963411886938,0.8006980492249359,0.8770115394723557,1.0343045501690615,0.9145953095074776,-0.4557884445768571,0.3692012253805619,0.4679904587725748,1,1,-1,TRUE,FALSE
Finegoldia,carbohydrateRDC,3.863365010162646,0.8006980492249359,0.8770115394723557,NA,NA,2.6655407106839357,1.3795028848774753,1,1,NA,1,FALSE,FALSE
Holdemanella,carbohydrateSDC:timepoint48H,3.270520510831,0.8006980492249359,0.8770115394723557,2.784919980490193,0.8365238965038158,-0.37478838306416096,0.6245354973200224,0.7584890556281446,1,1,-1,TRUE,FALSE
Peptoclostridium,carbohydrateRDC,-4.464726440336137,0.8006980492249359,0.8770115394723557,NA,NA,NA,NA,NA,-1,NA,NA,FALSE,FALSE
Actinomyces,obesity_groupobesity,0.6696289215450367,0.8203467285084257,0.900983315964842,-0.8225926754299335,0.8652815361849143,0.07471780973137802,0.28217147245853647,0.984922689747989,1,-1,1,FALSE,FALSE
Holdemania,carbohydrateRDC,0.9465292955822278,0.8203467285084257,0.7093404816207732,-0.7512463535764098,0.8079843905216302,0,0.41486775666312026,1,1,-1,0,FALSE,FALSE
Holdemania,carbohydrateSDC,0.9457996516333316,0.8203467285084257,0.7093404816207732,0.2517854860140298,1,-1.221429734927623,0.5952315363586315,1,1,1,-1,TRUE,FALSE
Lachnospira,carbohydrateRDC,2.098432871235914,0.8203467285084257,0.900983315964842,NA,NA,NA,NA,NA,1,NA,NA,FALSE,FALSE
Ruminococcus,carbohydrateRDC,1.501696777752552,0.8203467285084257,0.8988444752487175,-1.6498324634487624,0.7169738165848577,0.5872746623534599,0.4911705831945209,1,1,-1,1,FALSE,FALSE
Streptococcus,obesity_groupobesity,0.9566135283191668,0.8203467285084257,0.8923285564544978,0.1684806251505576,1,0.38017706114629746,0.5113620978701746,0.984922689747989,1,1,1,TRUE,TRUE
Tyzzerella,obesity_groupobesity,1.700637607569865,0.8203467285084257,0.7093404816207732,NA,NA,NA,NA,NA,1,NA,NA,FALSE,FALSE
Peptoclostridium,carbohydrateSDC,-4.183089304647122,0.8285791876764491,0.9102978385389846,NA,NA,NA,NA,NA,-1,NA,NA,FALSE,FALSE
Senegalimassilia,carbohydrateSDC:timepoint48H,2.3734363700427465,0.8285791876764491,0.908694438998525,2.1651213292671683,0.8306056128155955,-0.12489116861346242,0.44549349355873497,0.8667580237422499,1,1,-1,TRUE,FALSE
Negativicoccus,carbohydrateRDC,0.9328561120747556,0.845571382532665,0.7388323064155701,NA,NA,0,0.41486775666312026,1,1,NA,0,FALSE,FALSE
Other,carbohydrateSDC:timepoint48H,1.956909308139747,0.845571382532665,0.9351153347637488,1.501369195919134,0.9018409437288062,0.3634889408794327,0.36295900654467006,0.5401113881567909,1,1,1,TRUE,TRUE
Paenibacillus,carbohydrateSDC,0.8748185230352977,0.845571382532665,0.9351153347637488,-0.43991115308917783,1,0.05438926806611691,0.34471142699319435,1,1,-1,1,FALSE,FALSE
Solobacterium,carbohydrateSDC,-3.701352181821001,0.845571382532665,0.9351153347637488,NA,NA,-0.05063866465109858,0.8281301336764875,1,-1,NA,-1,FALSE,FALSE
Finegoldia,obesity_groupobesity,1.429392680484648,0.8495443267134605,0.9351153347637488,NA,NA,1.1185365868937034,0.6788483857371366,0.984922689747989,1,NA,1,FALSE,FALSE
Odoribacter,obesity_groupobesity,3.305817164739886,0.8495443267134605,0.7555791230120602,NA,NA,0.3478428511221729,0.5144220670893839,0.984922689747989,1,NA,1,FALSE,FALSE
Peptoclostridium,carbohydrateSDC:timepoint48H,4.042760738329214,0.8495443267134605,0.9351153347637488,NA,NA,NA,NA,NA,1,NA,NA,FALSE,FALSE
Enterococcus,carbohydrateSDC,-5.342092990312005,0.8498661296468275,0.9351153347637488,NA,NA,-0.34044970473496133,1.1882159408762434,1,-1,NA,-1,FALSE,FALSE
f__Defluviitaleaceae,carbohydrateSDC,1.3701598792491234,0.8529226117095119,0.9380649629902746,NA,NA,-0.14615802216267848,0.2999302365400108,1,1,NA,-1,FALSE,FALSE
f__Family.XIII,carbohydrateSDC:timepoint48H,1.469266831370882,0.8529226117095119,0.9380649629902746,NA,NA,NA,NA,NA,1,NA,NA,FALSE,FALSE
Finegoldia,carbohydrateRDC:timepoint48H,-3.604622385405836,0.8529226117095119,0.9380649629902746,NA,NA,3.0610905742929817,0.9351272504888513,0.015170176146046249,-1,NA,1,FALSE,FALSE
Paenibacillus,carbohydrateSDC:timepoint48H,-1.5252506017130325,0.8529226117095119,0.9380649629902746,1.7427696009148106,0.902329965449975,-0.5613386991672361,0.41633307564510463,0.4126450537386114,-1,1,-1,FALSE,FALSE
Paeniclostridium,carbohydrateRDC,-2.024513525846368,0.8529226117095119,0.7602481283341215,NA,NA,NA,NA,NA,-1,NA,NA,FALSE,FALSE
Ruminiclostridium,obesity_groupobesity,0.6813954075153551,0.8529226117095119,0.9380649629902746,0.6538241934499823,1,0.12717374035673526,0.3288848392997037,0.984922689747989,1,1,1,TRUE,TRUE
Senegalimassilia,timepoint48H,1.803187496308629,0.8529226117095119,0.9380649629902746,1.8089557155757785,0.5404031670431548,0.16142768937206864,0.5213289403914972,1,1,1,1,TRUE,TRUE
Slackia,timepoint48H,1.8926188961317856,0.8529226117095119,0.7093404816207732,3.8215395557760505,0.0906823535187438,0.8817388820160338,0.5310688571846033,0.2502305849059519,1,1,1,TRUE,TRUE
Clostridium,carbohydrateRDC:timepoint48H,1.5850427372374312,0.8571829191453927,0.940866899275942,1.750037571161022,0.5701678809700003,2.2107235560894236,0.44229567680019477,2.3625299800103103e-5,1,1,1,TRUE,TRUE
Marvinbryantia,timepoint48H,-1.5857147854736229,0.8832207258996726,0.0029039856718768,-3.939663628973391,0.43730514209982,-1.53647289311997,0.4432934819809592,0.0056900396237321476,-1,-1,-1,TRUE,TRUE
Adlercreutzia,carbohydrateSDC,0.997747382776722,0.8855032436588889,0.9618767143182508,-0.4432438250806788,1,0.17441888578059025,0.3346406868203801,1,1,-1,1,FALSE,FALSE
Eggerthella,carbohydrateRDC:timepoint48H,1.4869437702105577,0.8855032436588889,0.9618767143182508,1.5198623005662066,0.5971415480934426,1.3034189888374768,0.383423203042724,0.005469322127359871,1,1,1,TRUE,TRUE
Eisenbergiella,obesity_groupobesity,2.5538627411787664,0.8855032436588889,0.9618767143182508,NA,NA,0.04793736314357981,0.5827221987703697,0.984922689747989,1,NA,1,FALSE,FALSE
Phascolarctobacterium,carbohydrateSDC:timepoint48H,4.207949199691306,0.8913384337911151,0.9663554412007408,NA,NA,2.218249677617833,0.6126874095340172,0.0057052055936048715,1,NA,1,FALSE,FALSE
Collinsella,timepoint48H,1.2785528506751644,0.8971954473452687,0.9721802284873706,2.7322352963463934,0.3556783568716549,-0.17658071070042686,0.4944249917607124,1,1,1,-1,TRUE,FALSE
Faecalibacterium,obesity_groupobesity,1.0047232095166705,0.8971954473452687,0.9721802284873706,0.655849011521633,1,0.5169869248068716,0.50756228534331,0.984922689747989,1,1,1,TRUE,TRUE
Succiniclasticum,carbohydrateRDC,-1.2623837716771782,0.8971954473452687,0.9721802284873706,NA,NA,-0.24619184789553383,0.4511768424719923,1,-1,NA,-1,FALSE,FALSE
Bilophila,obesity_groupobesity,1.2811814821783052,0.9110727733378864,0.9783047915843812,NA,NA,-0.15104797177859036,0.4602420273366137,0.984922689747989,1,NA,-1,FALSE,FALSE
Lactococcus,carbohydrateSDC:timepoint48H,1.7602538717893317,0.9122822557383248,0.9783047915843812,2.174720482751876,0.853048799385414,-0.39078857207420786,0.38700745012753435,0.5401113881567909,1,1,-1,TRUE,FALSE
Marvinbryantia,carbohydrateRDC:timepoint48H,1.860419624434468,0.9144684614212932,0.9783047915843812,2.8306522056582857,0.4789722198294019,-1.363453553283337,0.36391972513747217,0.002129579811440849,1,1,-1,TRUE,FALSE
Intestinibacter,carbohydrateSDC:timepoint48H,1.4474696003081675,0.9167041271149928,0.9849144782664006,0.4889399247102847,0.9634454000464978,0.4273719584867442,0.4645475856859406,0.5855693095157267,1,1,1,TRUE,TRUE
Lachnospira,obesity_groupobesity,1.6800283947909398,0.9167041271149928,0.356007099785986,NA,NA,NA,NA,NA,1,NA,NA,FALSE,FALSE
Romboutsia,obesity_groupobesity,-0.9110142088925496,0.9167041271149928,0.8693400324782442,-2.3041903695604913,0.7862591017359624,-0.754516233125149,0.5539565850868596,0.984922689747989,-1,-1,-1,TRUE,TRUE
Blautia,carbohydrateRDC:timepoint48H,1.233815677429102,0.9186546175427196,0.9849144782664006,2.4338586700981257,0.4560382607634186,-1.4720090978756557,0.3199847684687179,8.93898304471321e-5,1,1,-1,TRUE,FALSE
Catenibacterium,carbohydrateRDC:timepoint48H,3.84486320246664,0.9186546175427196,0.9849144782664006,NA,NA,-1.5428522023045124,0.6123069157548223,0.0724599190237221,1,NA,-1,FALSE,FALSE
Ruminiclostridium,carbohydrateSDC:timepoint48H,1.3178742911824737,0.9186546175427196,0.9849144782664006,1.2967733171901383,0.9193522562875672,0.10704700550276287,0.37327054708980933,0.8667580237422499,1,1,1,TRUE,TRUE
Eubacterium,carbohydrateRDC:timepoint48H,1.250891199594906,0.9420407788223614,0.6573119259572299,1.8209533910340772,0.5417781780222731,-2.025286558257873,0.36574953325829035,3.10965908847644e-6,1,1,-1,TRUE,FALSE
f__Christensenellaceae,obesity_groupobesity,0.8818887760699644,0.9420407788223614,0.8794649184161271,-0.9803653585080888,0.979562006391796,0.2746012382169786,0.41909967353280486,0.984922689747989,1,-1,1,FALSE,FALSE
Paenibacillus,carbohydrateRDC:timepoint48H,-1.349015732116522,0.9420407788223614,0.999976442700979,2.1962151056607135,0.5530753031448552,-0.4829405578176708,0.4132030263891,0.47710667122726336,-1,1,-1,FALSE,FALSE
Peptoniphilus,obesity_groupobesity,1.634019225878384,0.9420407788223614,0.8693400324782442,NA,NA,0.5367758578264549,0.6661800480987902,0.984922689747989,1,NA,1,FALSE,FALSE
Eggerthella,carbohydrateSDC:timepoint48H,1.341486825257313,0.9436169097014696,0.999976442700979,0.5532768959900318,0.9490780948917944,1.3739867446137464,0.3866110676659808,0.003817716602113917,1,1,1,TRUE,TRUE
Lactococcus,carbohydrateRDC:timepoint48H,1.6729743085652446,0.9436169097014696,0.999976442700979,2.447939981642038,0.49148335352665296,-0.5529357740197941,0.3868823262737531,0.3670980154198709,1,1,-1,TRUE,FALSE
Prevotella,carbohydrateRDC,1.2236128735368834,0.9545550325061656,0.999976442700979,NA,NA,NA,NA,NA,1,NA,NA,FALSE,FALSE
Catenibacterium,timepoint48H,-3.0140847848804526,0.9552935256721912,0.999976442700979,NA,NA,-1.7837792847162621,0.7397523186689904,0.09495099020068544,-1,NA,-1,FALSE,FALSE
Coprococcus,carbohydrateRDC:timepoint48H,1.3552123803655027,0.9552935256721912,0.999976442700979,2.4593588861611497,0.5112818343087202,-0.5950063315835623,0.3779652071650886,0.28338711865490834,1,1,-1,TRUE,FALSE
Peptococcus,timepoint48H,-2.3008280351932435,0.9552935256721912,0.999976442700979,NA,NA,-1.1632909951845736,0.8924283224404664,0.3966160596659369,-1,NA,-1,FALSE,FALSE
Eisenbergiella,carbohydrateSDC:timepoint48H,4.273541171072614,0.9568598366250995,0.824378019428919,NA,NA,-1.2852099742669145,0.7041483180901879,0.2332833784666338,1,NA,-1,FALSE,FALSE
Methanobrevibacter,obesity_groupobesity,-1.9726626363092388,0.9568598366250995,0.999976442700979,NA,NA,0.8347447251612511,1.0521310990526638,0.984922689747989,-1,NA,1,FALSE,FALSE
Lactobacillus,timepoint48H,-2.5242513844822296,0.9623333447206346,0.999976442700979,NA,NA,-0.54766313913307485,1.255396911498832,1,-1,NA,-1,FALSE,FALSE
Parvimonas,obesity_groupobesity,3.934777306033054,0.9724422523994704,0.9351153347637488,NA,NA,NA,NA,NA,1,NA,NA,FALSE,FALSE
Coprobacillus,timepoint48H,2.4435135757661097,0.9798292099802666,0.47993769013069915,NA,NA,NA,NA,NA,1,NA,NA,FALSE,FALSE
Adlercreutzia,carbohydrateRDC,0.761810447193507,0.9806265543621828,0.999976442700979,-0.7780007500539575,0.7910238806253035,0.06521211494545777,0.3335677854030929,1,1,-1,1,FALSE,FALSE
Alistipes,carbohydrateSDC:timepoint48H,2.192807741585772,0.9806265543621828,0.9351153347637488,-0.10388504838707184,0.9836205148613965,1.466896859159499,0.640672075770469,0.0956060797675156,1,-1,1,FALSE,FALSE
Anaerococcus,obesity_groupobesity,1.0976759486201553,0.9806265543621828,0.999976442700979,NA,NA,0.3727151925469618,0.5868545685773815,0.984922689747989,1,NA,1,FALSE,FALSE
Bacteroides,carbohydrateRDC:timepoint48H,1.999081834906977,0.9806265543621828,0.999976442700979,1.2380558501074654,0.7072771115791358,3.668629475728624,0.5496074447798459,3.3538431180471587e-8,1,1,1,TRUE,TRUE
Carnobacterium,obesity_groupobesity,3.973435425873463,0.9806265543621828,0.9351153347637488,NA,NA,0.03630700566380999,0.7241621217814271,0.984922689747989,1,NA,1,FALSE,FALSE
Dialister,carbohydrateSDC:timepoint48H,2.021087415102758,0.9806265543621828,0.999976442700979,1.826983185833838,0.9003090931053331,0.22104943313060516,0.5506605035202337,0.8110350227441022,1,1,1,TRUE,TRUE
Enterobacter,obesity_groupobesity,2.622040515391683,0.9806265543621828,0.999976442700979,NA,NA,NA,NA,NA,1,NA,NA,FALSE,FALSE
Erysipelatoclostridium,carbohydrateRDC,0.9067185567690752,0.9806265543621828,0.999976442700979,-0.9125448630986888,0.7715064864832706,0.12854132973271293,0.36744170671093995,1,1,-1,1,FALSE,FALSE
f__Coriobacteriaceae,timepoint48H,1.4788792870112193,0.9806265543621828,0.5580100338449901,0.2216537699369777,0.9734389406128756,-0.22402361538520013,0.6101655396912253,1,1,1,-1,TRUE,FALSE
f__Erysipelotrichaceae,carbohydrateSDC:timepoint48H,1.0510390175027062,0.9806265543621828,0.9773026827650444,0.14547356338110357,0.9814304168421056,-1.5323863667164754,0.3605331124152678,3.9685492244278007e-4,1,1,-1,TRUE,FALSE
f__Lachnospiraceae,timepoint48H,0.9036039994144268,0.9806265543621828,0.999976442700979,0.9336621616736758,0.9189477934475808,-0.6072286332087692,0.4322275039258649,0.36447587244616675,1,1,-1,TRUE,FALSE
f__Ruminococcaceae,obesity_groupobesity,0.35784065645865454,0.9806265543621828,0.36204991220758087,-0.7772677097717219,0.8353187015069903,-0.08053322474982332,0.32020891238347743,0.984922689747989,1,-1,-1,FALSE,FALSE
Finegoldia,carbohydrateSDC,-2.3948483591144836,0.9806265543621828,0.999976442700979,NA,NA,1.5972362333191998,1.2589637784873517,1,-1,NA,1,FALSE,FALSE
Fusicatenibacter,timepoint48H,-1.1734251311406656,0.9806265543621828,0.6562340789897076,-2.3713319577910315,0.8182681969127906,-1.842520365945409,0.5450409924862759,0.006153522010528427,-1,-1,-1,TRUE,TRUE
Hungatella,timepoint48H,2.2799228486564025,0.9806265543621828,0.02473937697513902,NA,NA,-0.17666284682320488,1.0451071933068055,1,1,NA,-1,FALSE,FALSE
Intestinibacter,carbohydrateRDC:timepoint48H,1.1727621652745486,0.9806265543621828,0.999976442700979,1.8625239941782643,0.558501614453007,0.46930241081364177,0.46047477788925134,0.5267447447998395,1,1,1,TRUE,TRUE
Lachnoclostridium,obesity_groupobesity,0.4329021502707756,0.9806265543621828,0.999976442700979,0.10837346875667916,1,0.06821977443086304,0.2756225831910701,0.984922689747989,1,1,1,TRUE,TRUE
Marvinbryantia,carbohydrateRDC,0.8125535998432016,0.9806265543621828,0.999976442700979,-1.3255453442884917,0.7190469794013413,0.17630618659533817,0.31318047120550957,1,1,-1,1,FALSE,FALSE
Parabacteroides,carbohydrateRDC:timepoint48H,2.6155023218816154,0.9806265543621828,0.9932668745705344,0.3363710306242139,0.8741243747339781,3.114076226432602,0.6839253804932947,1.3448014929664034e-4,1,1,1,TRUE,TRUE
Parvimonas,carbohydrateSDC,-1.4422754146034305,0.9806265543621828,0.999976442700979,NA,NA,NA,NA,NA,-1,NA,NA,FALSE,FALSE
Peptococcus,carbohydrateRDC,-1.117018604912869,0.9806265543621828,0.999976442700979,NA,NA,-0.09155277361660707,0.6482841413068319,1,-1,NA,-1,FALSE,FALSE
Peptoniphilus,timepoint48H,3.587247342492799,0.9806265543621828,0.02473937697513902,NA,NA,0.6785297851996137,1.2623979894493542,0.9997140745787064,1,NA,1,FALSE,FALSE
Roseburia,carbohydrateRDC,0.9322488557204353,0.9806265543621828,0.999976442700979,-0.6082356153387456,0.822066516207621,0.07985788049232809,0.4161983344115464,1,1,-1,1,FALSE,FALSE
Roseburia,obesity_groupobesity,0.45795447089414143,0.9806265543621828,0.998085829517607,0.8468211886211741,1,0.1609209880255609,0.32135178242250784,0.984922689747989,1,1,1,TRUE,TRUE
Sarcina,timepoint48H,1.8957309517258063,0.9806265543621828,0.999976442700979,NA,NA,NA,NA,NA,1,NA,NA,FALSE,FALSE
Senegalimassilia,carbohydrateRDC,1.3292724788736183,0.9806265543621828,0.999976442700979,-1.2909435198983463,0.7374528569185441,-0.08253425199393803,0.4455070416220059,1,1,-1,-1,FALSE,FALSE
Subdoligranulum,carbohydrateSDC:timepoint48H,1.0516521222524235,0.9806265543621828,0.5858573735368127,0.872449064723774,0.9237411798178428,-0.19731849367783827,0.3566883839651759,0.7741393323444742,1,1,-1,TRUE,FALSE
o__Clostridiales,carbohydrateRDC:timepoint48H,1.2528604590410002,0.9808547536675206,0.999976442700979,2.143696185711374,0.5486471018778893,-0.3307979920430648,0.507793855893814,0.6881329221559778,1,1,-1,TRUE,FALSE
Akkermansia,carbohydrateRDC:timepoint48H,1.418113965944382,0.98329533925333,0.8770115394723557,-0.2706832776280569,0.964342369319102,0.9164213393414461,0.5357789105597569,0.2221796652384354,1,-1,1,FALSE,FALSE
Akkermansia,carbohydrateSDC,-1.1181684751417196,0.9866076119747256,0.999976442700979,1.0544348490348765,1,-0.3139049684569659,0.5339134390338688,1,-1,1,-1,FALSE,FALSE
Coprobacillus,carbohydrateSDC:timepoint48H,2.8679106736394275,0.9866076119747256,0.999976442700979,NA,NA,NA,NA,NA,1,NA,NA,FALSE,FALSE
Enterorhabdus,carbohydrateRDC:timepoint48H,-1.2370277753554049,0.9866076119747256,0.999976442700979,NA,NA,NA,NA,NA,-1,NA,NA,FALSE,FALSE
f__Christensenellaceae,timepoint48H,0.9631771683994144,0.9866076119747256,0.9380649629902746,0.4723840798000173,0.9807169199003276,-0.13982065118840944,0.41919694607754626,1,1,1,-1,TRUE,FALSE
Lachnospira,carbohydrateSDC,1.4381808803405909,0.9866076119747256,0.999976442700979,NA,NA,NA,NA,NA,1,NA,NA,FALSE,FALSE
Lactococcus,carbohydrateRDC,0.7130513799961931,0.9866076119747256,0.999976442700979,-1.1182878600931525,0.7379897817250379,-0.10703013955943558,0.32208422120271757,1,1,-1,-1,FALSE,FALSE
Methanobrevibacter,carbohydrateSDC:timepoint48H,2.531659286252039,0.9866076119747256,0.999976442700979,NA,NA,-0.9138409616532749,0.7413881351623197,0.4679904587725748,1,NA,-1,FALSE,FALSE
Sarcina,carbohydrateRDC,-1.571352162625279,0.9866076119747256,0.999976442700979,NA,NA,NA,NA,NA,-1,NA,NA,FALSE,FALSE
Solobacterium,obesity_groupobesity,-1.63424608720307,0.9866076119747256,0.9618767143182508,NA,NA,-1.4596993714967146,1.0229962865158577,0.984922689747989,-1,NA,-1,FALSE,FALSE
Succiniclasticum,carbohydrateRDC:timepoint48H,1.2097268429081771,0.9866076119747256,0.999976442700979,NA,NA,0.5693504908217846,0.5529947148747475,0.5267447447998395,1,NA,1,FALSE,FALSE
Turicibacter,carbohydrateSDC,-0.8068963832741847,0.9866076119747256,0.999976442700979,-0.34746369691449364,1,-0.0410373967995515,0.39047333866238265,1,-1,-1,-1,TRUE,TRUE
Dialister,carbohydrateSDC,1.1417685471806334,0.9898486769095948,0.999976442700979,-0.2612795613303336,1,0.05745188251512243,0.4706255930846119,1,1,-1,1,FALSE,FALSE
Negativicoccus,obesity_groupobesity,0.9209792356468788,0.9923706492335256,0.9476502209834474,NA,NA,0.5042745206254043,0.665225548857292,0.984922689747989,1,NA,1,FALSE,FALSE
Senegalimassilia,carbohydrateRDC:timepoint48H,1.5181721827978223,0.9967674434793916,0.999976442700979,2.5288155426450887,0.47847599656001066,0.2589977160754101,0.4505332230493345,0.720425591497793,1,1,1,TRUE,TRUE
Actinomyces,carbohydrateRDC,0.20448117545931105,0.9999981164156956,0.999976442700979,-1.348703016026107,0.7101862666547119,-0.03197131666284983,0.2858922327975343,1,1,-1,-1,FALSE,FALSE
Actinomyces,carbohydrateRDC:timepoint48H,0.2912054305808119,0.9999981164156956,0.999976442700979,3.185338042141381,0.4055027968957361,-0.7000220132609546,0.3269245740589559,0.1242197354096428,1,1,-1,TRUE,FALSE
Actinomyces,carbohydrateSDC,-0.20577186517664792,0.9999981164156956,0.999976442700979,-0.11206184255573784,1,0.06656275203271436,0.2818454996522845,1,-1,-1,1,TRUE,FALSE
Actinomyces,carbohydrateSDC:timepoint48H,0.7212010343031489,0.9999981164156956,0.999976442700979,1.332038487388017,0.9111534099829058,-0.789986700479939,0.3579935517726315,0.11095137431395449,1,1,-1,TRUE,FALSE
Adlercreutzia,carbohydrateRDC:timepoint48H,0.6950756192227432,0.9999981164156956,0.999976442700979,1.4377899598157189,0.6683256118189105,-1.2227975872242989,0.38716623726447746,0.012438018997841064,1,1,-1,TRUE,FALSE
Adlercreutzia,carbohydrateSDC:timepoint48H,0.8985234926138652,0.9999981164156956,0.999976442700979,1.3575488453814455,0.9126826111711396,-0.9407440648037146,0.3870719760755118,0.07813249827871317,1,1,-1,TRUE,FALSE
Adlercreutzia,obesity_groupobesity,-0.30061800086323004,0.9999981164156956,0.0446984129317259,-2.958778666725293,0.22349656486444475,-0.3825423552977,0.37097906742430786,0.984922689747989,-1,-1,-1,TRUE,TRUE
Adlercreutzia,timepoint48H,-0.44730016427391994,0.9999981164156956,0.10529500619876728,-1.6123916835743308,0.9551052605902564,-0.7368025660249776,0.44456577982714474,0.2502305849059519,-1,-1,-1,TRUE,TRUE
Akkermansia,carbohydrateRDC,-0.5214451509768626,0.9999981164156956,0.999976442700979,0.1534602072202837,0.9553945678440672,-0.15303788624214396,0.5368572467797365,1,-1,1,-1,FALSE,FALSE
Akkermansia,obesity_groupobesity,0.25694928293694996,0.9999981164156956,0.999976442700979,-0.29795550711441604,1,0.20013789082296501,0.36714398309445806,0.984922689747989,1,-1,1,FALSE,FALSE
Alistipes,carbohydrateRDC,0.0920663212506012,0.9999981164156956,0.999976442700979,-0.6717786123180698,0.821010134396264,-0.32308444230604005,0.6827070271544774,1,1,-1,-1,FALSE,FALSE
Alistipes,carbohydrateRDC:timepoint48H,1.0162053757988987,0.9999981164156956,0.9351153347637488,0.3930112032851406,0.8744451812876061,1.5119626085529478,0.639400604445881,0.08109017894935643,1,1,1,TRUE,TRUE
Alistipes,carbohydrateSDC,-1.1405330377833094,0.9999981164156956,0.999976442700979,0.15719164768180424,1,-0.49641627457968446,0.669060752208821,1,-1,1,-1,FALSE,FALSE
Alistipes,obesity_groupobesity,0.04901475611369778,0.9999981164156956,0.999976442700979,-0.610021072910705,0.9353097078092654,-0.1031477191382054,0.33302621348522377,0.984922689747989,1,-1,-1,FALSE,FALSE
Anaerococcus,carbohydrateRDC,-0.24539615867303263,0.9999981164156956,0.999976442700979,NA,NA,-0.29282786650433534,0.6262378835570979,1,-1,NA,-1,FALSE,FALSE
Anaerococcus,carbohydrateRDC:timepoint48H,1.0851484209678754,0.9999981164156956,0.999976442700979,NA,NA,-1.2498619505574393,0.5982283107890835,0.1365615262197416,1,NA,-1,FALSE,FALSE
Anaerococcus,carbohydrateSDC,0.07344376224817438,0.9999981164156956,0.999976442700979,NA,NA,0.06699616355579663,0.7133476613991008,1,1,NA,1,FALSE,FALSE
Anaerococcus,carbohydrateSDC:timepoint48H,0.876754650410322,0.9999981164156956,0.999976442700979,NA,NA,-1.169794916245272,0.6145749606003811,0.2038499606992923,1,NA,-1,FALSE,FALSE
Anaerococcus,timepoint48H,0.4653100610181169,0.9999981164156956,0.02464789018004934,NA,NA,-1.213698745357931,0.6308556826238385,0.19140689780562004,1,NA,-1,FALSE,FALSE
Anaerostipes,carbohydrateRDC,0.1604159844757657,0.9999981164156956,9.71944177645804e-4,-1.092950841101764,0.7134982300982782,0.07983657278626843,0.3749840297469455,1,1,-1,1,FALSE,FALSE
Anaerostipes,carbohydrateSDC,0.0675970154827959,0.9999981164156956,0.999976442700979,0.03524135050460958,1,0.007896299266241255,0.37241051067699577,1,1,1,1,TRUE,TRUE
Anaerostipes,obesity_groupobesity,-0.14965432654802038,0.9999981164156956,0.999976442700979,-1.083667380261035,0.8845382502001224,-0.3262292172858389,0.35095906504443203,0.984922689747989,-1,-1,-1,TRUE,TRUE
Anaerotruncus,carbohydrateRDC,0.981554769359992,0.9999981164156956,0.999976442700979,-0.4004114707989808,0.8650057459990164,0.08641874568896755,0.6304162964445263,1,1,-1,1,FALSE,FALSE
Anaerotruncus,carbohydrateRDC:timepoint48H,1.3050552372733355,0.9999981164156956,0.22481495595640075,-0.9395141611917224,0.9914504743562516,1.2142114933179213,0.6183581693799549,0.15368619223614766,1,-1,1,FALSE,FALSE
Anaerotruncus,carbohydrateSDC,0.588585141146515,0.9999981164156956,0.999976442700979,0.4029956309382575,1,0.005621239269171107,0.6225163765076638,1,1,1,1,TRUE,TRUE
Anaerotruncus,carbohydrateSDC:timepoint48H,1.7416734430123948,0.9999981164156956,0.28675009346506736,-1.2625745087911044,0.998876007188986,1.452293867014319,0.6164096455908131,0.08801960685037764,1,-1,1,FALSE,FALSE
Anaerotruncus,obesity_groupobesity,-0.4302749982657716,0.9999981164156956,0.999976442700979,-1.1357497718826373,0.9458757499692196,-0.41554229428852385,0.5560832379120847,0.984922689747989,-1,-1,-1,TRUE,TRUE
Anaerotruncus,timepoint48H,1.554080698099631,0.9999981164156956,0.00210407862462756,6.7636129528409095,2.2271409521088545e-4,1.2747003664422045,0.6510256693603379,0.18675462230556394,1,1,1,TRUE,TRUE
Bacteroides,carbohydrateRDC,-0.8324647914017901,0.9999981164156956,0.999976442700979,-0.5852318193937324,0.8369346191986281,-0.11959058417098027,0.5769715753796262,1,-1,-1,-1,TRUE,TRUE
Bacteroides,carbohydrateSDC,0.5128596082357659,0.9999981164156956,0.999976442700979,0.04436068971780572,1,0.028155638457498335,0.5866676341150591,1,1,1,1,TRUE,TRUE
Bacteroides,carbohydrateSDC:timepoint48H,1.0252057842179203,0.9999981164156956,0.999976442700979,0.7554577454962714,0.9474034718684816,3.839426104576714,0.5528444597631665,7.90867942814119e-9,1,1,1,TRUE,TRUE
Bacteroides,obesity_groupobesity,-0.15876338104925436,0.9999981164156956,0.999976442700979,-0.5086351668834022,0.9814888613340762,-0.09723188563313077,0.5389682082824827,0.984922689747989,-1,-1,-1,TRUE,TRUE
Bifidobacterium,carbohydrateRDC,0.16957462347625585,0.9999981164156956,0.999976442700979,-1.1656085072826874,0.7064618251521337,0.11530187118515993,0.3957310400435026,1,1,-1,1,FALSE,FALSE
Bifidobacterium,carbohydrateSDC,0.15707146910827102,0.9999981164156956,0.999976442700979,0.1330734720974961,1,0.10238077148250445,0.3932506953899173,1,1,1,1,TRUE,TRUE
Bifidobacterium,obesity_groupobesity,-0.3743120825634222,0.9999981164156956,0.999976442700979,-0.8408088616441688,0.8138166373741933,-0.442183410840503,0.4464795433878714,0.984922689747989,-1,-1,-1,TRUE,TRUE
Bifidobacterium,timepoint48H,0.293564238388772,0.9999981164156956,0.999976442700979,0.26836987607150836,0.9991158330782032,-1.0069438284010228,0.47776274372253597,0.1599871414080943,1,1,-1,TRUE,FALSE
Bilophila,carbohydrateRDC,0.8558344102341341,0.9999981164156956,0.9351153347637488,NA,NA,-0.21081325321151012,1.423798458768115,1,1,NA,-1,FALSE,FALSE
Bilophila,carbohydrateRDC:timepoint48H,1.5041020452440017,0.9999981164156956,0.999976442700979,NA,NA,2.1932048592805464,0.904877206525371,0.08109017894935643,1,NA,1,FALSE,FALSE
Bilophila,carbohydrateSDC,1.2448922785372234,0.9999981164156956,0.999976442700979,NA,NA,-0.2418787606939061,1.0338089935974228,1,1,NA,-1,FALSE,FALSE
Bilophila,carbohydrateSDC:timepoint48H,0.7127836487256543,0.9999981164156956,0.999976442700979,NA,NA,1.770011790344327,0.9105475386501439,0.19374241677863085,1,NA,1,FALSE,FALSE
Bilophila,timepoint48H,1.3930168614167242,0.9999981164156956,0.10489497362789486,NA,NA,1.8219921059120097,0.9337303109125404,0.19098834718658705,1,NA,1,FALSE,FALSE
Blautia,carbohydrateRDC,-0.00730602067036473,0.9999981164156956,0.999976442700979,-1.4101671687778758,0.7064618251521337,-0.04543673514935828,0.30828024482781996,1,-1,-1,-1,TRUE,TRUE
Blautia,carbohydrateSDC,0.07189310001032662,0.9999981164156956,0.999976442700979,0.04151393832795844,1,-0.0017279716476142197,0.3053256752890323,1,1,1,-1,TRUE,FALSE
Blautia,timepoint48H,-0.22841462192587944,0.9999981164156956,0.999976442700979,-0.3038439394806882,1,-1.4384094693741056,0.3839182464508625,0.0021980443909039842,-1,-1,-1,TRUE,TRUE
Catenibacterium,carbohydrateRDC,-0.1440514633079648,0.9999981164156956,0.999976442700979,NA,NA,-0.10806840922423255,0.5750903779270916,1,-1,NA,-1,FALSE,FALSE
Catenibacterium,carbohydrateSDC,-0.94198936406273,0.9999981164156956,0.999976442700979,NA,NA,-0.31067349402992894,0.5469569308725432,1,-1,NA,-1,FALSE,FALSE
Catenibacterium,obesity_groupobesity,-0.26037218902360365,0.9999981164156956,0.900983315964842,NA,NA,0.4942473934424054,0.9318935174826144,0.984922689747989,-1,NA,1,FALSE,FALSE
Christensenella,carbohydrateRDC,0.14571714230082236,0.9999981164156956,0.999976442700979,NA,NA,NA,NA,NA,1,NA,NA,FALSE,FALSE
Christensenella,carbohydrateSDC,-0.46191847826357274,0.9999981164156956,0.9783047915843812,NA,NA,NA,NA,NA,-1,NA,NA,FALSE,FALSE
Clostridium,carbohydrateRDC,-0.6331416095680354,0.9999981164156956,0.999976442700979,-1.121652774384593,0.7336037475335895,-0.11336311539802728,0.44097394226284553,1,-1,-1,-1,TRUE,TRUE
Clostridium,carbohydrateSDC,-0.6265766143988939,0.9999981164156956,0.999976442700979,-0.2469763144280594,1,0.12628197775046587,0.44013901068056205,1,-1,-1,1,TRUE,FALSE
Clostridium,obesity_groupobesity,-0.21741855509875452,0.9999981164156956,0.999976442700979,-0.2872637070150083,1,-0.3107952757069503,0.5516419113061449,0.984922689747989,-1,-1,-1,TRUE,TRUE
Collinsella,carbohydrateRDC,-0.3615561217679843,0.9999981164156956,0.999976442700979,-2.0047945577666137,0.7076600321837951,-0.15692200905441256,0.4186384899250203,1,-1,-1,-1,TRUE,TRUE
Collinsella,carbohydrateSDC,-0.1435003775558356,0.9999981164156956,0.999976442700979,-0.978277621278758,1,-0.1331236006963996,0.4164614106204359,1,-1,-1,-1,TRUE,TRUE
Coprobacillus,carbohydrateRDC,-0.8335722935480169,0.9999981164156956,0.999976442700979,NA,NA,NA,NA,NA,-1,NA,NA,FALSE,FALSE
Coprobacillus,carbohydrateRDC:timepoint48H,0.5412728130241782,0.9999981164156956,0.999976442700979,NA,NA,NA,NA,NA,1,NA,NA,FALSE,FALSE
Coprobacillus,carbohydrateSDC,-1.6354546182255565,0.9999981164156956,0.999976442700979,NA,NA,NA,NA,NA,-1,NA,NA,FALSE,FALSE
Coprobacillus,obesity_groupobesity,0.7349065507933209,0.9999981164156956,0.999976442700979,NA,NA,NA,NA,NA,1,NA,NA,FALSE,FALSE
Coprococcus,carbohydrateRDC,0.498122782512505,0.9999981164156956,0.999976442700979,-1.0647883907268914,0.738792861062651,0.007891958383034988,0.3615091542259858,1,1,-1,1,FALSE,FALSE
Coprococcus,carbohydrateSDC,-0.2045244197824565,0.9999981164156956,0.999976442700979,-0.1625562911822846,1,-0.1577292530481469,0.35863658398432,1,-1,-1,-1,TRUE,TRUE
Coprococcus,obesity_groupobesity,0.2498497475620595,0.9999981164156956,0.824378019428919,-1.20175812032443,0.8457357772506687,-0.11961983768865087,0.42126499102711334,0.984922689747989,1,-1,-1,FALSE,FALSE
Coprococcus,timepoint48H,0.27080672853339344,0.9999981164156956,0.8627825599519173,-0.23557911714749416,0.9998203199605256,-0.43786794382693284,0.4515379641386579,0.6200285646260789,1,-1,-1,FALSE,FALSE
Dialister,carbohydrateRDC,-0.5366557108209924,0.9999981164156956,0.999976442700979,-1.4696554665252022,0.7279777558029578,0.043957816317991054,0.4772796782638063,1,-1,-1,1,TRUE,FALSE
Dialister,obesity_groupobesity,1.0521977123066983,0.9999981164156956,0.999976442700979,-1.060896122310114,0.9510785014290392,-0.2809154306451197,0.49711797323282525,0.984922689747989,1,-1,-1,FALSE,FALSE
Dialister,timepoint48H,0.3310884372583084,0.9999981164156956,0.824378019428919,0.42305211262848447,0.9658408087469884,-0.089613824927285,0.6156389253377705,1,1,1,-1,TRUE,FALSE
Dorea,carbohydrateRDC,0.3863441140592806,0.9999981164156956,0.8377788498778611,-1.4509986427343262,0.7064618251521337,-0.018063603763803022,0.34764195543830284,1,1,-1,-1,FALSE,FALSE
Dorea,carbohydrateSDC,0.05626667165775684,0.9999981164156956,0.999976442700979,0.00782676549188774,1,6.430049641389602e-5,0.344369634242372,1,1,1,1,TRUE,TRUE
Dorea,obesity_groupobesity,-0.2318964482288956,0.9999981164156956,0.999976442700979,-1.286770921113731,0.7840824696701552,-0.4799509187816188,0.30715621231297874,0.984922689747989,-1,-1,-1,TRUE,TRUE
Eggerthella,carbohydrateRDC,-0.6697656406161332,0.9999981164156956,0.999976442700979,-1.5465491859263694,0.7106363459147164,0.11260311308028544,0.38072776873727093,1,-1,-1,1,TRUE,FALSE
Eggerthella,carbohydrateSDC,-0.4836223124107231,0.9999981164156956,0.999976442700979,-0.4366613330547584,1,0.09113660445367293,0.37700869637228684,1,-1,-1,1,TRUE,FALSE
Eisenbergiella,carbohydrateRDC,-0.2797561636189633,0.9999981164156956,0.999976442700979,NA,NA,0.3370508142200221,0.7858749765211194,1,-1,NA,1,FALSE,FALSE
Eisenbergiella,carbohydrateRDC:timepoint48H,1.8033886569237696,0.9999981164156956,0.999976442700979,NA,NA,-1.3913345289574774,0.6969943386519656,0.1575222500970246,1,NA,-1,FALSE,FALSE
Eisenbergiella,carbohydrateSDC,-2.275160616827139,0.9999981164156956,0.999976442700979,NA,NA,-0.5266841682605917,0.7293765722375951,1,-1,NA,-1,FALSE,FALSE
Eisenbergiella,timepoint48H,-2.078429985552335,0.9999981164156956,0.18014622037409533,NA,NA,-1.0292302003834344,0.730413205085295,0.36447587244616675,-1,NA,-1,FALSE,FALSE
Enterococcus,carbohydrateRDC,0.7040470245149459,0.9999981164156956,0.999976442700979,NA,NA,-0.0315019180469843,1.3129260041174067,1,1,NA,-1,FALSE,FALSE
Enterococcus,carbohydrateRDC:timepoint48H,2.364250953241157,0.9999981164156956,0.999976442700979,NA,NA,-1.7010921090274747,1.3408772159061986,0.44657415471426937,1,NA,-1,FALSE,FALSE
Enterococcus,obesity_groupobesity,-0.9758996575270242,0.9999981164156956,0.999976442700979,NA,NA,-0.019473706548850528,0.8905874084090848,0.9942846871926483,-1,NA,-1,FALSE,FALSE
Enterococcus,timepoint48H,0.537616768492488,0.9999981164156956,0.2473157359559809,NA,NA,-2.94803695561277,1.4069053569294785,0.17371219466562324,1,NA,-1,FALSE,FALSE
Enterorhabdus,carbohydrateRDC,0.7218472826587687,0.9999981164156956,0.999976442700979,NA,NA,NA,NA,NA,1,NA,NA,FALSE,FALSE
Enterorhabdus,carbohydrateSDC,0.6114101433025657,0.9999981164156956,0.999976442700979,NA,NA,NA,NA,NA,1,NA,NA,FALSE,FALSE
Enterorhabdus,carbohydrateSDC:timepoint48H,0.2706211859172952,0.9999981164156956,0.999976442700979,NA,NA,NA,NA,NA,1,NA,NA,FALSE,FALSE
Enterorhabdus,timepoint48H,0.6243016655424768,0.9999981164156956,0.999976442700979,NA,NA,NA,NA,NA,1,NA,NA,FALSE,FALSE
Erysipelatoclostridium,carbohydrateRDC:timepoint48H,0.09034337429975228,0.9999981164156956,0.999976442700979,1.1953445588853624,0.7109901671514894,0.9789861046488512,0.4267972305108051,0.09039330479386735,1,1,1,TRUE,TRUE
Erysipelatoclostridium,carbohydrateSDC,0.4498919882309034,0.9999981164156956,0.999976442700979,-0.39681031560838936,1,0.26806168880633613,0.36704376357117835,1,1,-1,1,FALSE,FALSE
Erysipelatoclostridium,carbohydrateSDC:timepoint48H,0.14038193444123256,0.9999981164156956,0.999976442700979,0.8941558931781904,0.9421837545947116,1.095937499453614,0.4253424619601826,0.056564512924935056,1,1,1,TRUE,TRUE
Erysipelatoclostridium,obesity_groupobesity,0.613671005481521,0.9999981164156956,0.999976442700979,0.4295591787983888,1,0.3352323933524699,0.39301704734856996,0.984922689747989,1,1,1,TRUE,TRUE
Escherichia,carbohydrateRDC,-1.3404076786256447,0.9999981164156956,0.999976442700979,-0.635435553286886,0.820691206337444,-0.5633925452713507,0.9860084307593445,1,-1,-1,-1,TRUE,TRUE
Escherichia,carbohydrateSDC,-1.3729233048886784,0.9999981164156956,0.999976442700979,0.35711798717650667,1,-0.27743634922993493,0.9726704362306624,1,-1,1,-1,FALSE,FALSE
Escherichia,obesity_groupobesity,-0.7629724433257752,0.9999981164156956,0.999976442700979,-0.291896368320526,0.9999599917306188,-0.5521155862998384,0.8015622237886018,0.984922689747989,-1,-1,-1,TRUE,TRUE
Eubacterium,carbohydrateRDC,0.5039912137574463,0.9999981164156956,0.3880025648377262,-1.366388795226604,0.7064618251521337,0.07327446430841265,0.3504144989103062,1,1,-1,1,FALSE,FALSE
Eubacterium,carbohydrateSDC,0.07841486106842302,0.9999981164156956,0.999976442700979,0.03649007742242301,1,0.019662546084185592,0.34715552078250056,1,1,1,1,TRUE,TRUE
Eubacterium,obesity_groupobesity,0.02340301963536211,0.9999981164156956,0.7055967542022221,-1.144709266460918,0.7826708850270978,-0.31984319055533145,0.3499805289411093,0.984922689747989,1,-1,-1,FALSE,FALSE
f__Christensenellaceae,carbohydrateRDC,0.19296197802930767,0.9999981164156956,0.999976442700979,-1.0144287682255548,0.7371496916894636,-0.051947580333319046,0.33479662591104853,1,1,-1,-1,FALSE,FALSE
f__Christensenellaceae,carbohydrateRDC:timepoint48H,0.8532147795255615,0.9999981164156956,0.999976442700979,0.9512504697442912,0.7535495739359567,-0.6899044688340045,0.3555747557204752,0.15368619223614766,1,1,-1,TRUE,FALSE
f__Christensenellaceae,carbohydrateSDC,-0.2535622697858313,0.9999981164156956,0.999976442700979,0.11509765225302895,1,-0.09271698417778383,0.33129892365246694,1,-1,1,-1,FALSE,FALSE
f__Coriobacteriaceae,carbohydrateRDC,0.839357584933914,0.9999981164156956,0.999976442700979,-0.2714070012987587,0.8872201753753803,-0.14607781519363292,0.44753687204404097,1,1,-1,-1,FALSE,FALSE
f__Coriobacteriaceae,carbohydrateSDC,0.20583546264104252,0.9999981164156956,0.999976442700979,0.4415338619104648,1,-0.08932829520651189,0.4454761380450295,1,1,1,-1,TRUE,FALSE
f__Coriobacteriaceae,obesity_groupobesity,-0.5786463405551567,0.9999981164156956,0.8923285564544978,-1.07101451293142,0.9279851404078796,-0.04241542853881952,0.5534548916134713,0.984922689747989,-1,-1,-1,TRUE,TRUE
f__Defluviitaleaceae,carbohydrateRDC,-0.33328920073042323,0.9999981164156956,0.999976442700979,NA,NA,-0.18799281363413725,0.3160979329192501,1,-1,NA,-1,FALSE,FALSE
f__Defluviitaleaceae,carbohydrateSDC:timepoint48H,0.6479372732592028,0.9999981164156956,0.999976442700979,NA,NA,0.19512363900529658,0.3395427520978184,0.7741393323444742,1,NA,1,FALSE,FALSE
f__Defluviitaleaceae,obesity_groupobesity,0.4207732582941,0.9999981164156956,0.999976442700979,NA,NA,0.19242471019395563,0.3852000978996652,0.984922689747989,1,NA,1,FALSE,FALSE
f__Defluviitaleaceae,timepoint48H,-0.495904635885239,0.9999981164156956,0.999976442700979,NA,NA,0.390357118272906,0.38690593401877443,0.6200285646260789,-1,NA,1,FALSE,FALSE
f__Erysipelotrichaceae,carbohydrateRDC,0.32714078605574876,0.9999981164156956,0.999976442700979,-0.8381810958393541,0.7685200200478718,-0.08700512178047376,0.3400757461979097,1,1,-1,-1,FALSE,FALSE
f__Erysipelotrichaceae,carbohydrateRDC:timepoint48H,0.08256993659760437,0.9999981164156956,0.999976442700979,0.6949191479185091,0.828747781593608,-1.8000838837815198,0.35696916103720394,2.3625299800103103e-5,1,1,-1,TRUE,FALSE
f__Erysipelotrichaceae,carbohydrateSDC,-0.06741137493351265,0.9999981164156956,0.999976442700979,0.24043186880292391,1,-0.10294828332379238,0.3370483882010581,1,-1,1,-1,FALSE,FALSE
f__Erysipelotrichaceae,obesity_groupobesity,0.33435796659349143,0.9999981164156956,0.999976442700979,-0.4832640291743896,0.999942550493062,-0.06835561712317022,0.3997753132550372,0.984922689747989,1,-1,-1,FALSE,FALSE
f__Erysipelotrichaceae,timepoint48H,-0.1744672887596541,0.9999981164156956,0.999976442700979,-0.01621250982399187,0.9992144751211788,-1.5100200440844185,0.4199567491455777,0.0036018360263812463,-1,-1,-1,TRUE,TRUE
f__Family.XIII,carbohydrateRDC,0.45044459985633506,0.9999981164156956,0.999976442700979,NA,NA,NA,NA,NA,1,NA,NA,FALSE,FALSE
f__Family.XIII,carbohydrateRDC:timepoint48H,0.7685888447900598,0.9999981164156956,0.999976442700979,NA,NA,NA,NA,NA,1,NA,NA,FALSE,FALSE
f__Family.XIII,carbohydrateSDC,-0.03963221412764297,0.9999981164156956,0.999976442700979,NA,NA,NA,NA,NA,-1,NA,NA,FALSE,FALSE
f__Family.XIII,obesity_groupobesity,-0.33811899029462894,0.9999981164156956,0.1394013270289033,NA,NA,NA,NA,NA,-1,NA,NA,FALSE,FALSE
f__Family.XIII,timepoint48H,0.6090302261027641,0.9999981164156956,0.0786342573761078,NA,NA,NA,NA,NA,1,NA,NA,FALSE,FALSE
f__Lachnospiraceae,carbohydrateRDC,-0.02360246727203075,0.9999981164156956,0.999976442700979,-1.2521643377265426,0.7064618251521337,-0.046827279888886283,0.3533596715765356,1,-1,-1,-1,TRUE,TRUE
f__Lachnospiraceae,carbohydrateRDC:timepoint48H,0.9325453480956376,0.9999981164156956,0.999976442700979,1.6406772303569417,0.5400503002863329,-0.8530314610806794,0.3652337748897987,0.08109017894935643,1,1,-1,TRUE,FALSE
f__Lachnospiraceae,carbohydrateSDC,0.01313361259295519,0.9999981164156956,0.999976442700979,0.02449669539931539,1,-0.029613369958797115,0.3507016685102015,1,1,1,-1,TRUE,FALSE
f__Lachnospiraceae,obesity_groupobesity,-0.05296133820873922,0.9999981164156956,0.999976442700979,-0.4453048356679972,0.978860294700132,-0.19086891577930057,0.36116497731001584,0.984922689747989,-1,-1,-1,TRUE,TRUE
f__Prevotellaceae,carbohydrateRDC,-2.29932087215624,0.9999981164156956,0.999976442700979,NA,NA,0.8598812921438542,1.0229962242809607,1,-1,NA,1,FALSE,FALSE
f__Prevotellaceae,obesity_groupobesity,1.0757846278753267,0.9999981164156956,0.999976442700979,NA,NA,-0.40489579916869695,0.5304140916715375,0.984922689747989,1,NA,-1,FALSE,FALSE
f__Prevotellaceae,timepoint48H,1.3087183355424097,0.9999981164156956,0.999976442700979,NA,NA,1.1225618967132043,0.8441674729085474,0.39062368666270453,1,NA,1,FALSE,FALSE
f__Ruminococcaceae,carbohydrateRDC,0.3684911100126021,0.9999981164156956,0.999976442700979,-1.4114988929962526,0.7064618251521337,-0.043755761039404845,0.3425432680768165,1,1,-1,-1,FALSE,FALSE
f__Ruminococcaceae,carbohydrateRDC:timepoint48H,-0.1700444836457383,0.9999981164156956,0.999976442700979,0.4745415913567904,0.8811835102153893,-0.6152687511495737,0.35618693204373814,0.2201488024190914,-1,1,-1,FALSE,FALSE
f__Ruminococcaceae,carbohydrateSDC,-0.00575164503378922,0.9999981164156956,0.999976442700979,-0.06040385082819563,1,-0.04523052163785232,0.33927838558165535,1,-1,-1,-1,TRUE,TRUE
f__Ruminococcaceae,carbohydrateSDC:timepoint48H,0.7606067673640778,0.9999981164156956,0.999976442700979,-0.0581296106802353,0.9989899091444538,-0.3547597102771742,0.35905212828872995,0.5401113881567909,1,-1,-1,FALSE,FALSE
Faecalibacterium,carbohydrateRDC,0.165511736050976,0.9999981164156956,0.999976442700979,-0.63648269973518945,0.8159841187673448,-0.04859198978461131,0.45869245071286124,1,1,-1,-1,FALSE,FALSE
Faecalibacterium,carbohydrateSDC,0.2863568726955986,0.9999981164156956,0.999976442700979,0.6039094276657173,1,0.025807794535115516,0.4561811676237498,1,1,1,1,TRUE,TRUE
Faecalibacterium,timepoint48H,0.6566450792882198,0.9999981164156956,0.999976442700979,0.17756030839345777,0.9977386119387548,-0.7755338037591722,0.5565800121795971,0.36447587244616675,1,1,-1,TRUE,FALSE
Faecalitalea,carbohydrateRDC,-0.12074090602215816,0.9999981164156956,0.999976442700979,NA,NA,0.13516846054507894,0.4367191739536959,1,-1,NA,1,FALSE,FALSE
Faecalitalea,carbohydrateRDC:timepoint48H,-1.1399796806232811,0.9999981164156956,0.999976442700979,NA,NA,-1.1296258488204904,0.5307698121170616,0.1307524510393584,-1,NA,-1,FALSE,FALSE
Faecalitalea,carbohydrateSDC,-0.8654930780920523,0.9999981164156956,0.999976442700979,NA,NA,-0.03303720402654026,0.4248001160071988,1,-1,NA,-1,FALSE,FALSE
Faecalitalea,carbohydrateSDC:timepoint48H,-1.6580090090019632,0.9999981164156956,0.999976442700979,NA,NA,-1.4883165994913106,0.5094460756925691,0.026987329130224422,-1,NA,-1,FALSE,FALSE
Finegoldia,carbohydrateSDC:timepoint48H,1.909616464134413,0.9999981164156956,0.999976442700979,NA,NA,2.953628366240303,0.9367088286734215,0.02224281938828044,1,NA,1,FALSE,FALSE
Fusicatenibacter,carbohydrateRDC,0.3032091536247812,0.9999981164156956,0.999976442700979,-0.8008326632397791,0.7604676489930458,0.19733622291220432,0.43757656588789295,1,1,-1,1,FALSE,FALSE
Fusicatenibacter,carbohydrateRDC:timepoint48H,1.1375320844861727,0.9999981164156956,0.999976442700979,2.6563677267805574,0.4617535577374844,-1.97649382850969,0.45493498693719664,2.070566897705516e-4,1,1,-1,TRUE,FALSE
Fusicatenibacter,carbohydrateSDC,0.17239041684022002,0.9999981164156956,0.999976442700979,0.4656494969216269,1,0.09013480692271145,0.43442285846824935,1,1,1,1,TRUE,TRUE
Fusicatenibacter,obesity_groupobesity,0.20078307293625208,0.9999981164156956,0.824378019428919,1.0147061170823253,1,-0.07891415238262992,0.41447360220595453,0.984922689747989,1,1,-1,TRUE,FALSE
Gordonibacter,carbohydrateRDC,-0.07873787151623736,0.9999981164156956,0.999976442700979,-1.077823450978541,0.7487551803068674,-0.21092907100659627,0.29246992649571535,1,-1,-1,-1,TRUE,TRUE
Gordonibacter,carbohydrateRDC:timepoint48H,0.2084031986563344,0.9999981164156956,0.999976442700979,2.06028935488853,0.5531527353819774,-0.02689451338006263,0.3158628951701213,0.9813796802050005,1,1,-1,TRUE,FALSE
Gordonibacter,carbohydrateSDC,0.48690272265592394,0.9999981164156956,0.999976442700979,-0.7628379393698727,1,-0.11998052159342253,0.29184628042792327,1,1,-1,-1,FALSE,FALSE
Gordonibacter,carbohydrateSDC:timepoint48H,-0.34737380289368375,0.9999981164156956,0.999976442700979,2.053750484045855,0.8764448901896287,0.04728468194387213,0.3183599807329466,0.9270760630349334,-1,1,1,FALSE,FALSE
Gordonibacter,obesity_groupobesity,0.3235756032905457,0.9999981164156956,0.900983315964842,-1.6096340994057925,0.7849605603162942,0.04710454725108911,0.2524068235056324,0.984922689747989,1,-1,1,FALSE,FALSE
Holdemanella,carbohydrateRDC,1.020916721783681,0.9999981164156956,0.999976442700979,-1.781367168749857,0.7160455493675894,-0.17286046313381428,0.6416730728140327,1,1,-1,-1,FALSE,FALSE
Holdemanella,carbohydrateRDC:timepoint48H,1.701795266757776,0.9999981164156956,0.824378019428919,4.093330989195869,0.3818749350826719,-0.6899360578697663,0.6292294751371112,0.5034562870372711,1,1,-1,TRUE,FALSE
Holdemanella,carbohydrateSDC,-0.3036370449201368,0.9999981164156956,0.999976442700979,-0.24423318396586452,1,-0.10937265021688271,0.6256425987571832,1,-1,-1,-1,TRUE,TRUE
Holdemanella,obesity_groupobesity,0.935819662338998,0.9999981164156956,0.999976442700979,0.45500541616307416,1,0.4780682136629659,0.8697104554733153,0.984922689747989,1,1,1,TRUE,TRUE
Holdemanella,timepoint48H,1.201604338397477,0.9999981164156956,0.999976442700979,1.8282933038547424,0.6399992111541827,-0.35269218975237654,0.7313627184234909,1,1,1,-1,TRUE,FALSE
Holdemania,obesity_groupobesity,0.15741452594853195,0.9999981164156956,0.999976442700979,-0.05919706375709555,0.9949390799771116,0.11450282582027473,0.42317926076805673,0.984922689747989,1,-1,1,FALSE,FALSE
Hungatella,carbohydrateRDC,-0.5729158951549539,0.9999981164156956,0.999976442700979,NA,NA,-0.001224363872151871,1.0344191486883356,1,-1,NA,-1,FALSE,FALSE
Hungatella,carbohydrateRDC:timepoint48H,0.62899625249706,0.9999981164156956,0.999976442700979,NA,NA,-0.6092316763614396,1.0220814705832875,0.71449970178108,1,NA,-1,FALSE,FALSE
Hungatella,carbohydrateSDC,-0.8543023025913554,0.9999981164156956,0.999976442700979,NA,NA,-0.06570968181265457,0.9866746055873878,1,-1,NA,-1,FALSE,FALSE
Hungatella,carbohydrateSDC:timepoint48H,0.9629409459373492,0.9999981164156956,0.999976442700979,NA,NA,-0.4643194833046553,1.0059488314766714,0.7834450112218676,1,NA,-1,FALSE,FALSE
Hungatella,obesity_groupobesity,2.1717054432226672,0.9999981164156956,0.999976442700979,NA,NA,-0.7487412469984144,0.6432448632246676,0.984922689747989,1,NA,-1,FALSE,FALSE
Intestinibacter,carbohydrateRDC,-0.38816707445264736,0.9999981164156956,0.999976442700979,-1.0560265035976002,0.7380976364773356,0.09764124763590395,0.4480010946947827,1,-1,-1,1,TRUE,FALSE
Intestinibacter,carbohydrateSDC,-0.4968920485945557,0.9999981164156956,0.999976442700979,0.01340190996792485,1,0.05847068521913962,0.4449331237207867,1,-1,1,1,FALSE,FALSE
Intestinibacter,obesity_groupobesity,-0.192771102157494,0.9999981164156956,0.5580100338449901,-1.865070307456476,0.8077435174373742,0.10735739778907681,0.4829064534621498,0.984922689747989,-1,-1,1,TRUE,FALSE
Lachnoclostridium,carbohydrateRDC,0.05646848269571629,0.9999981164156956,0.999976442700979,-1.1677944437710497,0.7072911283610545,0.00985361834325444,0.35395095507802854,1,1,-1,1,FALSE,FALSE
Lachnoclostridium,carbohydrateRDC:timepoint48H,0.3158755411893904,0.9999981164156956,0.999976442700979,0.43554984881100506,0.8889295682318676,-0.020743289080105778,0.36720304997166825,0.9922018210901652,1,1,-1,TRUE,FALSE
Lachnoclostridium,carbohydrateSDC,-0.02701259547098576,0.9999981164156956,0.999976442700979,-0.04089049447565456,1,-0.058198089531051954,0.35129335149933366,1,-1,-1,-1,TRUE,TRUE
Lachnoclostridium,carbohydrateSDC:timepoint48H,0.2204369277581305,0.9999981164156956,0.999976442700979,-0.1570195482648399,0.9991022691597377,-0.2778090399421873,0.368914493440045,0.6994611397559239,1,-1,-1,FALSE,FALSE
Lachnospira,carbohydrateRDC:timepoint48H,-1.5154632029584432,0.9999981164156956,0.999976442700979,NA,NA,NA,NA,NA,-1,NA,NA,FALSE,FALSE
Lachnospira,carbohydrateSDC:timepoint48H,-0.6534168610514258,0.9999981164156956,0.999976442700979,NA,NA,NA,NA,NA,-1,NA,NA,FALSE,FALSE
Lactobacillus,carbohydrateRDC,1.038613579090633,0.9999981164156956,0.999976442700979,NA,NA,-0.11279045183356866,1.019315936170121,1,1,NA,-1,FALSE,FALSE
Lactobacillus,carbohydrateSDC,-1.327833481972621,0.9999981164156956,0.999976442700979,NA,NA,-0.367654517590272,0.9618209291489009,1,-1,NA,-1,FALSE,FALSE
Lactobacillus,obesity_groupobesity,-0.03877724218228353,0.9999981164156956,0.999976442700979,NA,NA,-0.1978319843299545,0.8525948973375742,0.984922689747989,-1,NA,-1,FALSE,FALSE
Lactococcus,carbohydrateSDC,0.5537042507108386,0.9999981164156956,0.999976442700979,-0.6705989418351164,1,0.08252492373004226,0.32196665742000413,1,1,-1,1,FALSE,FALSE
Lactococcus,timepoint48H,-0.5192936783329237,0.9999981164156956,0.04528342048885339,-1.920403226374899,0.8903387773145286,-0.7789315069519541,0.462850246745635,0.2502305849059519,-1,-1,-1,TRUE,TRUE
Marvinbryantia,carbohydrateSDC,0.4033139655479624,0.9999981164156956,0.999976442700979,-0.307599420343672,1,0.10611961877882113,0.30986734222099577,1,1,-1,1,FALSE,FALSE
Marvinbryantia,obesity_groupobesity,-0.33099277050031967,0.9999981164156956,0.999976442700979,0.13304933250755405,1,-0.29022650996141985,0.3978145631011352,0.984922689747989,-1,1,-1,FALSE,FALSE
Methanobrevibacter,carbohydrateRDC,0.9856522462550203,0.9999981164156956,0.999976442700979,NA,NA,0.8864431466476204,0.6470619553812538,1,1,NA,1,FALSE,FALSE
Methanobrevibacter,carbohydrateRDC:timepoint48H,2.182503879291367,0.9999981164156956,0.9380649629902746,NA,NA,-0.8468916234332635,0.8237819415274195,0.5267447447998395,1,NA,-1,FALSE,FALSE
Methanobrevibacter,carbohydrateSDC,-0.5735359409587474,0.9999981164156956,0.999976442700979,NA,NA,0.8237306658439009,0.647306244835374,1,-1,NA,1,FALSE,FALSE
Methanobrevibacter,timepoint48H,1.2670273779426162,0.9999981164156956,0.999976442700979,NA,NA,-0.751364640867378,0.7891217547667774,0.6295084203065413,1,NA,-1,FALSE,FALSE
Negativicoccus,carbohydrateSDC,-0.23670501323738655,0.9999981164156956,0.999976442700979,NA,NA,-1.1592190643658271,1.190392166834692,1,-1,NA,-1,FALSE,FALSE
o__Clostridiales,carbohydrateRDC,-0.2314583994190811,0.9999981164156956,0.999976442700979,-1.1459391863861936,0.7491615784097008,-0.06245537402072842,0.48456417849667144,1,-1,-1,-1,TRUE,TRUE
o__Clostridiales,carbohydrateSDC,-0.39199186191279223,0.9999981164156956,0.999976442700979,-0.04382816670054507,1,0.0650818980989864,0.4772618039960884,1,-1,-1,1,TRUE,FALSE
o__Clostridiales,obesity_groupobesity,-0.9832975000492788,0.9999981164156956,0.999976442700979,-0.6366476255158251,0.9999599917306188,-0.07013003364017645,0.6812369863957755,0.984922689747989,-1,-1,-1,TRUE,TRUE
o__Clostridiales,timepoint48H,-0.15138800317934922,0.9999981164156956,0.999976442700979,1.5965481916193311,0.6698268576451647,-0.30478637801132236,0.5792768478214145,0.9997140745787064,-1,1,-1,FALSE,FALSE
Odoribacter,carbohydrateRDC,-0.08437817982726738,0.9999981164156956,0.999976442700979,NA,NA,0,0.41486775666312026,1,-1,NA,0,FALSE,FALSE
Odoribacter,carbohydrateSDC,0.18964947693026624,0.9999981164156956,0.999976442700979,NA,NA,-0.6190888095136479,0.7963775584045574,1,1,NA,-1,FALSE,FALSE
Other,carbohydrateRDC,0.8765857377268813,0.9999981164156956,0.999976442700979,-1.3848179802774832,0.7332787845248883,-0.13983242185900752,0.35735585335265974,1,1,-1,-1,FALSE,FALSE
Other,carbohydrateRDC:timepoint48H,0.7346504579479696,0.9999981164156956,0.999976442700979,2.1574200290423917,0.5221093780440771,6.653162292189138e-4,0.35274934491700194,0.9984993243450201,1,1,1,TRUE,TRUE
Other,carbohydrateSDC,-0.4562109030713656,0.9999981164156956,0.8377788498778611,-0.9762592705952354,1,0.02813253816598379,0.3616378835264564,1,-1,-1,1,TRUE,FALSE
Paenibacillus,carbohydrateRDC,0.5391564670447581,0.9999981164156956,0.999976442700979,-1.0616650312721447,0.739008754960269,-0.023062765711383645,0.34545351103092603,1,1,-1,-1,FALSE,FALSE
Paenibacillus,obesity_groupobesity,0.1981130056298276,0.9999981164156956,0.4516752957710074,0.7595826004959301,1,0.10824309409115707,0.46802066377260026,0.984922689747989,1,1,1,TRUE,TRUE
Paeniclostridium,carbohydrateSDC,-1.0896774903084838,0.9999981164156956,0.9783047915843812,NA,NA,NA,NA,NA,-1,NA,NA,FALSE,FALSE
Paeniclostridium,obesity_groupobesity,-0.7632834065847801,0.9999981164156956,0.999976442700979,NA,NA,NA,NA,NA,-1,NA,NA,FALSE,FALSE
Parabacteroides,carbohydrateRDC,-1.438236110350498,0.9999981164156956,0.999976442700979,-0.658293878489439,0.8213445964039293,-0.007157705401314831,0.7411218633141754,1,-1,-1,-1,TRUE,TRUE
Parabacteroides,carbohydrateSDC,0.6557100755442764,0.9999981164156956,0.999976442700979,0.09683284535744668,1,0.19010959958438028,0.7534162502505248,1,1,1,1,TRUE,TRUE
Parabacteroides,carbohydrateSDC:timepoint48H,1.7660883101840652,0.9999981164156956,0.999976442700979,1.0566976511297814,0.9354729298520528,4.053411178690333,0.683873834851167,6.655498564927711e-7,1,1,1,TRUE,TRUE
Parabacteroides,obesity_groupobesity,-0.02268658894315413,0.9999981164156956,0.940866899275942,-1.2481509327500535,0.8561667782955954,0.024499797717431132,0.38860508264433613,0.984922689747989,-1,-1,1,TRUE,FALSE
Parvimonas,carbohydrateRDC,0.21578136023282796,0.9999981164156956,0.999976442700979,NA,NA,NA,NA,NA,1,NA,NA,FALSE,FALSE
Parvimonas,carbohydrateRDC:timepoint48H,-2.148392228913712,0.9999981164156956,0.999976442700979,NA,NA,NA,NA,NA,-1,NA,NA,FALSE,FALSE
Parvimonas,carbohydrateSDC:timepoint48H,-0.4117128084588521,0.9999981164156956,0.999976442700979,NA,NA,NA,NA,NA,-1,NA,NA,FALSE,FALSE
Peptoclostridium,obesity_groupobesity,-1.4849051656183891,0.9999981164156956,0.8223576274531329,NA,NA,NA,NA,NA,-1,NA,NA,FALSE,FALSE
Peptoclostridium,timepoint48H,2.1304604409961083,0.9999981164156956,0.9171227386292328,NA,NA,NA,NA,NA,1,NA,NA,FALSE,FALSE
Peptococcus,carbohydrateSDC,-0.4033047236495297,0.9999981164156956,0.999976442700979,NA,NA,0.06365427862124748,0.6409570003746872,1,-1,NA,1,FALSE,FALSE
Peptoniphilus,carbohydrateRDC,0.22237273529551704,0.9999981164156956,0.999976442700979,NA,NA,0.06621429671646141,1.3314530706076735,1,1,NA,1,FALSE,FALSE
Peptoniphilus,carbohydrateRDC:timepoint48H,0.2802846325477654,0.9999981164156956,0.999976442700979,NA,NA,0.04961380524740343,1.2364194434762523,0.9929708407518919,1,NA,1,FALSE,FALSE
Phascolarctobacterium,carbohydrateRDC,2.0923776774131486,0.9999981164156956,0.999976442700979,NA,NA,-0.008052232200576314,0.662343229491695,1,1,NA,-1,FALSE,FALSE
Phascolarctobacterium,carbohydrateRDC:timepoint48H,-0.1415268149819889,0.9999981164156956,0.999976442700979,NA,NA,1.9002027453794432,0.6209864280206816,0.020370693166583752,-1,NA,1,FALSE,FALSE
Phascolarctobacterium,carbohydrateSDC,-2.1916458222569752,0.9999981164156956,0.999976442700979,NA,NA,0.2841908469881699,0.6536730552776835,1,-1,NA,1,FALSE,FALSE
Phascolarctobacterium,obesity_groupobesity,0.7763759282767125,0.9999981164156956,0.999976442700979,NA,NA,0.152500862081,0.4362023847632962,0.984922689747989,1,NA,1,FALSE,FALSE
Prevotella,carbohydrateSDC,0.818603341143522,0.9999981164156956,0.999976442700979,NA,NA,NA,NA,NA,1,NA,NA,FALSE,FALSE
Prevotella,obesity_groupobesity,0.5806869003924496,0.9999981164156956,0.999976442700979,NA,NA,NA,NA,NA,1,NA,NA,FALSE,FALSE
Romboutsia,carbohydrateRDC,-0.08496765942068335,0.9999981164156956,0.999976442700979,-1.146028641553272,0.710987120870492,0.015956117041432853,0.3926996513566881,1,-1,-1,1,TRUE,FALSE
Romboutsia,carbohydrateSDC,-0.0151774191638732,0.9999981164156956,0.999976442700979,0.15548196501516068,1,0.05639196345494543,0.38990487061703005,1,-1,1,1,FALSE,FALSE
Romboutsia,timepoint48H,0.23630136262583976,0.9999981164156956,0.999976442700979,0.5204908286832809,0.979434430975166,-0.9631739696192776,0.47443451382609986,0.17371219466562324,1,1,-1,TRUE,FALSE
Roseburia,carbohydrateRDC:timepoint48H,-0.05683803923334792,0.9999981164156956,0.999976442700979,2.3695336673826843,0.5236782532680999,0.07161288126167789,0.426922944887258,0.9247606505688237,-1,1,1,FALSE,FALSE
Roseburia,carbohydrateSDC,0.347270117755556,0.9999981164156956,0.999976442700979,0.6965513945605438,1,-0.08812045556327364,0.41006524112666637,1,1,1,-1,TRUE,FALSE
Roseburia,carbohydrateSDC:timepoint48H,0.725186187548464,0.9999981164156956,0.940866899275942,0.3734791371158808,0.9659639286522944,0.10591619549049365,0.4359154708098219,0.8857574743847673,1,1,1,TRUE,TRUE
Ruminiclostridium,carbohydrateRDC,0.6470534408989413,0.9999981164156956,0.999976442700979,-0.8516827647582929,0.7803243503282766,-0.030759810700716286,0.3550342911250338,1,1,-1,-1,FALSE,FALSE
Ruminiclostridium,carbohydrateRDC:timepoint48H,0.3415848492338465,0.9999981164156956,0.999976442700979,1.64605789896775,0.6289164436763669,-0.1345213454722377,0.37018009577005884,0.8296663980806357,1,1,-1,TRUE,FALSE
Ruminiclostridium,carbohydrateSDC,0.18881931107505995,0.9999981164156956,0.999976442700979,0.01667158824269338,1,-0.0606843990594475,0.3525573541138642,1,1,1,-1,TRUE,FALSE
Ruminococcus,carbohydrateRDC:timepoint48H,-0.8457043153580928,0.9999981164156956,0.999976442700979,2.411197335761053,0.5387297382841357,-1.9221624420393284,0.5242491505599497,0.002479654023816879,-1,1,-1,FALSE,FALSE
Ruminococcus,carbohydrateSDC,0.0178021767134763,0.9999981164156956,0.999976442700979,-0.7921161802004779,1,0.23298283564957906,0.4881815054414557,1,1,-1,1,FALSE,FALSE
Ruminococcus,carbohydrateSDC:timepoint48H,0.22504465234890852,0.9999981164156956,0.999976442700979,1.2824324020575464,0.9313056651502912,-1.949260796040502,0.5332079112057274,0.0031491019926207318,1,1,-1,TRUE,FALSE
Ruminococcus,obesity_groupobesity,0.4590565969166851,0.9999981164156956,0.1530601678975099,-3.971545361270592,0.29576179092716526,0.12831606023314548,0.5445276608302808,0.984922689747989,1,-1,1,FALSE,FALSE
Ruminococcus,timepoint48H,-0.7236054898826229,0.9999981164156956,0.5199224609613715,-2.041258312780821,0.9569082550562408,-1.4325844279323998,0.6007012243353211,0.09181296181221263,-1,-1,-1,TRUE,TRUE
Sarcina,carbohydrateRDC:timepoint48H,0.7040099670982758,0.9999981164156956,0.999976442700979,NA,NA,NA,NA,NA,1,NA,NA,FALSE,FALSE
Sarcina,carbohydrateSDC,-0.4431175066139639,0.9999981164156956,0.999976442700979,NA,NA,NA,NA,NA,-1,NA,NA,FALSE,FALSE
Sarcina,carbohydrateSDC:timepoint48H,-1.0102273005044151,0.9999981164156956,0.999976442700979,NA,NA,NA,NA,NA,-1,NA,NA,FALSE,FALSE
Sarcina,obesity_groupobesity,-0.8632013191133735,0.9999981164156956,0.999976442700979,NA,NA,NA,NA,NA,-1,NA,NA,FALSE,FALSE
Senegalimassilia,carbohydrateSDC,0.22244436708740975,0.9999981164156956,0.999976442700979,-0.3748425567309731,1,0.0674661162683244,0.43384490107260654,1,1,-1,1,FALSE,FALSE
Senegalimassilia,obesity_groupobesity,0.5884678745140267,0.9999981164156956,0.999976442700979,-0.3576215038853384,1,0.15658757669687104,0.570590715719896,0.984922689747989,1,-1,1,FALSE,FALSE
Slackia,carbohydrateRDC,1.1606493294285325,0.9999981164156956,0.999976442700979,0.07049826202835854,0.9169685722493248,0.11074575491395762,0.46718022302132395,1,1,1,1,TRUE,TRUE
Slackia,carbohydrateRDC:timepoint48H,-0.17250657062452243,0.9999981164156956,0.768987234496543,0.19415276107928972,0.8725137032335067,0.5360325491769453,0.4815233502768741,0.5034562870372711,-1,1,1,FALSE,FALSE
Slackia,carbohydrateSDC,0.5993090662404478,0.9999981164156956,0.999976442700979,0.4488437781275885,1,-0.03705163869903742,0.46605126369305344,1,1,1,-1,TRUE,FALSE
Slackia,carbohydrateSDC:timepoint48H,0.5794488034437004,0.9999981164156956,0.999976442700979,0.6266820764784735,0.942794201449264,0.28779252459196897,0.47133245128725404,0.7584890556281446,1,1,1,TRUE,TRUE
Slackia,obesity_groupobesity,-0.0537032997169133,0.9999981164156956,0.940866899275942,-1.2128221028618809,0.962189649132714,-0.29457936509805294,0.4107042413166197,0.984922689747989,-1,-1,-1,TRUE,TRUE
Solobacterium,carbohydrateRDC,-1.3564464794699491,0.9999981164156956,0.999976442700979,NA,NA,-0.4919702143003776,0.8778917351377474,1,-1,NA,-1,FALSE,FALSE
Solobacterium,timepoint48H,0.6942276520034476,0.9999981164156956,0.999976442700979,NA,NA,-0.05485199221711858,0.9733989967850507,1,1,NA,-1,FALSE,FALSE
Streptococcus,carbohydrateRDC,0.5575643366689712,0.9999981164156956,0.22481495595640075,-1.197552388400387,0.7067799808050851,0.10414693381831354,0.4255902788975686,1,1,-1,1,FALSE,FALSE
Streptococcus,carbohydrateSDC,0.159472650953028,0.9999981164156956,0.999976442700979,0.1006893831548144,1,0.0845418762797123,0.42230569437260035,1,1,1,1,TRUE,TRUE
Streptococcus,timepoint48H,0.20264786481250355,0.9999981164156956,0.11322991121003968,-0.8002338185416585,1,-0.8524914151791121,0.5212281597366639,0.2502305849059519,1,-1,-1,FALSE,FALSE
Subdoligranulum,carbohydrateRDC,0.15543901448554254,0.9999981164156956,0.999976442700979,-0.973159128711242,0.717897106628056,0.1006847851858251,0.34202902413162717,1,1,-1,1,FALSE,FALSE
Subdoligranulum,carbohydrateRDC:timepoint48H,0.8492785785469547,0.9999981164156956,0.999976442700979,1.9575392676918133,0.5085963562839547,-0.32582747796610523,0.3523837765078218,0.5477089138805102,1,1,-1,TRUE,FALSE
Subdoligranulum,carbohydrateSDC,0.2320170079735371,0.9999981164156956,0.999976442700979,0.2339188604240042,1,0.08868158828513856,0.3393402265926602,1,1,1,1,TRUE,TRUE
Subdoligranulum,obesity_groupobesity,0.4771311430433928,0.9999981164156956,0.9192032057787732,0.5581203514417161,1,0.18303288346321075,0.4313949206629785,0.984922689747989,1,1,1,TRUE,TRUE
Succiniclasticum,obesity_groupobesity,-0.06904244672009055,0.9999981164156956,0.999976442700979,NA,NA,-0.22636003788543665,0.7815667258708748,0.984922689747989,-1,NA,-1,FALSE,FALSE
Terrisporobacter,carbohydrateRDC,0.10291795326459166,0.9999981164156956,0.999976442700979,-0.7250741940065458,0.815787138788082,0.27309400197576145,0.3857267932987756,1,1,-1,1,FALSE,FALSE
Terrisporobacter,carbohydrateRDC:timepoint48H,1.100629091602688,0.9999981164156956,0.999976442700979,1.5124253784763992,0.637401220181447,-0.5288412745362036,0.41087350683537727,0.43369009389145224,1,1,-1,TRUE,FALSE
Terrisporobacter,carbohydrateSDC,-0.8664386776026246,0.9999981164156956,0.999976442700979,0.2621360629649639,1,0.2623666387677573,0.37972747227174575,1,-1,1,1,FALSE,FALSE
Terrisporobacter,timepoint48H,0.16646234159234727,0.9999981164156956,0.999976442700979,0.9301068666309936,0.8758625121028342,-0.944511413314255,0.4675461403222319,0.17387938126627692,1,1,-1,TRUE,FALSE
Turicibacter,carbohydrateRDC,-0.2826446740801699,0.9999981164156956,0.999976442700979,-1.4977693485192427,0.7097485238466421,-0.0337957401119477,0.39370558027713287,1,-1,-1,-1,TRUE,TRUE
Turicibacter,timepoint48H,-0.3030124089705316,0.9999981164156956,0.999976442700979,0.00146750045501066,0.997665305152928,-0.9483826950209768,0.4816537135500321,0.1835576103299255,-1,1,-1,FALSE,FALSE
Tyzzerella,carbohydrateRDC,-0.8668511171110592,0.9999981164156956,0.999976442700979,NA,NA,NA,NA,NA,-1,NA,NA,FALSE,FALSE
Tyzzerella,carbohydrateSDC,-0.11606867927041828,0.9999981164156956,0.999976442700979,NA,NA,NA,NA,NA,-1,NA,NA,FALSE,FALSE
Tyzzerella,timepoint48H,1.6826321257943984,0.9999981164156956,0.999976442700979,NA,NA,NA,NA,NA,1,NA,NA,FALSE,FALSE
Varibaculum,carbohydrateRDC,-0.19629611671353364,0.9999981164156956,0.999976442700979,NA,NA,NA,NA,NA,-1,NA,NA,FALSE,FALSE
Varibaculum,carbohydrateRDC:timepoint48H,-1.0853157253651935,0.9999981164156956,0.999976442700979,NA,NA,NA,NA,NA,-1,NA,NA,FALSE,FALSE
Varibaculum,carbohydrateSDC,-0.3919905599647451,0.9999981164156956,0.999976442700979,NA,NA,NA,NA,NA,-1,NA,NA,FALSE,FALSE
Varibaculum,carbohydrateSDC:timepoint48H,-0.5060282458382231,0.9999981164156956,0.999976442700979,NA,NA,NA,NA,NA,-1,NA,NA,FALSE,FALSE
Acetanaerobacterium,carbohydrateRDC,NA,NA,NA,NA,NA,0,0.41486775666312026,1,NA,NA,0,FALSE,FALSE
Acetanaerobacterium,carbohydrateRDC:timepoint48H,NA,NA,NA,NA,NA,0.12915364563583628,0.30061914555160746,0.8095824305960925,NA,NA,1,FALSE,FALSE
Acetanaerobacterium,carbohydrateSDC,NA,NA,NA,NA,NA,0,0.4132764341113591,1,NA,NA,0,FALSE,FALSE
Acetanaerobacterium,carbohydrateSDC:timepoint48H,NA,NA,NA,NA,NA,0.1590378443275889,0.3057142660202884,0.7810783984839001,NA,NA,1,FALSE,FALSE
Acetanaerobacterium,obesity_groupobesity,NA,NA,NA,NA,NA,0.09581459604236113,0.32906566591830216,0.984922689747989,NA,NA,1,FALSE,FALSE
Acetanaerobacterium,timepoint48H,NA,NA,NA,NA,NA,0,0.4681175019057118,1,NA,NA,0,FALSE,FALSE
Anaerofilum,carbohydrateRDC,NA,NA,NA,NA,NA,0,0.41486775666312026,1,NA,NA,0,FALSE,FALSE
Anaerofilum,carbohydrateRDC:timepoint48H,NA,NA,NA,NA,NA,-0.14888521426691703,0.35869897686645175,0.8095824305960925,NA,NA,-1,FALSE,FALSE
Anaerofilum,carbohydrateSDC,NA,NA,NA,NA,NA,0,0.4132764341113591,1,NA,NA,0,FALSE,FALSE
Anaerofilum,carbohydrateSDC:timepoint48H,NA,NA,NA,NA,NA,0.045319308531560284,0.3793980017420856,0.9292864643955792,NA,NA,1,FALSE,FALSE
Anaerofilum,obesity_groupobesity,NA,NA,NA,NA,NA,-0.05615653971433378,0.4433020451036207,0.984922689747989,NA,NA,-1,FALSE,FALSE
Anaerofilum,timepoint48H,NA,NA,NA,NA,NA,0,0.4681175019057118,1,NA,NA,0,FALSE,FALSE
Asaccharospora,carbohydrateRDC,NA,NA,NA,NA,NA,NA,NA,NA,NA,NA,NA,FALSE,FALSE
Asaccharospora,carbohydrateRDC:timepoint48H,NA,NA,NA,NA,NA,NA,NA,NA,NA,NA,NA,FALSE,FALSE
Asaccharospora,carbohydrateSDC,NA,NA,NA,NA,NA,NA,NA,NA,NA,NA,NA,FALSE,FALSE
Asaccharospora,carbohydrateSDC:timepoint48H,NA,NA,NA,NA,NA,NA,NA,NA,NA,NA,NA,FALSE,FALSE
Asaccharospora,obesity_groupobesity,NA,NA,NA,NA,NA,NA,NA,NA,NA,NA,NA,FALSE,FALSE
Asaccharospora,timepoint48H,NA,NA,NA,NA,NA,NA,NA,NA,NA,NA,NA,FALSE,FALSE
Barnesiella,carbohydrateRDC,NA,NA,NA,NA,NA,0,0.41486775666312026,1,NA,NA,0,FALSE,FALSE
Barnesiella,carbohydrateRDC:timepoint48H,NA,NA,NA,NA,NA,0.10044376629355893,0.36380069378177526,0.8840826073108405,NA,NA,1,FALSE,FALSE
Barnesiella,carbohydrateSDC,NA,NA,NA,NA,NA,0,0.4132764341113591,1,NA,NA,0,FALSE,FALSE
Barnesiella,carbohydrateSDC:timepoint48H,NA,NA,NA,NA,NA,0.07564552393729414,0.377750088324626,0.8982712641329255,NA,NA,1,FALSE,FALSE
Barnesiella,obesity_groupobesity,NA,NA,NA,NA,NA,-0.5219056738687649,0.6566533225504525,0.984922689747989,NA,NA,-1,FALSE,FALSE
Barnesiella,timepoint48H,NA,NA,NA,NA,NA,0,0.4681175019057118,1,NA,NA,0,FALSE,FALSE
Butyricimonas,carbohydrateRDC,NA,NA,0.999976442700979,NA,NA,0,0.41486775666312026,1,NA,NA,0,FALSE,FALSE
Butyricimonas,carbohydrateRDC:timepoint48H,NA,NA,0.999976442700979,NA,NA,-0.363330439827047,0.3621054231625036,0.5477089138805102,NA,NA,-1,FALSE,FALSE
Butyricimonas,carbohydrateSDC,NA,NA,0.999976442700979,NA,NA,0,0.4132764341113591,1,NA,NA,0,FALSE,FALSE
Butyricimonas,carbohydrateSDC:timepoint48H,NA,NA,0.999976442700979,NA,NA,-0.1957133159439841,0.36266310370673277,0.7783542090187425,NA,NA,-1,FALSE,FALSE
Butyricimonas,obesity_groupobesity,NA,NA,0.8923285564544978,NA,NA,-0.052461243515113054,0.40011207962080925,0.984922689747989,NA,NA,-1,FALSE,FALSE
Butyricimonas,timepoint48H,NA,NA,0.999976442700979,NA,NA,0,0.4681175019057118,1,NA,NA,0,FALSE,FALSE
c__Mollicutes,carbohydrateRDC,NA,NA,0.999976442700979,NA,NA,NA,NA,NA,NA,NA,NA,FALSE,FALSE
c__Mollicutes,carbohydrateRDC:timepoint48H,NA,NA,0.999976442700979,NA,NA,NA,NA,NA,NA,NA,NA,FALSE,FALSE
c__Mollicutes,carbohydrateSDC,NA,NA,0.8587410928870326,NA,NA,NA,NA,NA,NA,NA,NA,FALSE,FALSE
c__Mollicutes,carbohydrateSDC:timepoint48H,NA,NA,0.999976442700979,NA,NA,NA,NA,NA,NA,NA,NA,FALSE,FALSE
c__Mollicutes,obesity_groupobesity,NA,NA,0.9380649629902746,NA,NA,NA,NA,NA,NA,NA,NA,FALSE,FALSE
c__Mollicutes,timepoint48H,NA,NA,0.999976442700979,NA,NA,NA,NA,NA,NA,NA,NA,FALSE,FALSE
Carnobacterium,carbohydrateRDC:timepoint48H,NA,NA,NA,NA,NA,-0.8658265294904685,0.4090018473491117,0.1365615262197416,NA,NA,-1,FALSE,FALSE
Carnobacterium,carbohydrateSDC:timepoint48H,NA,NA,NA,NA,NA,-0.8048123783518311,0.4129620302252845,0.2332833784666338,NA,NA,-1,FALSE,FALSE
Catabacter,carbohydrateRDC,NA,NA,NA,NA,NA,NA,NA,NA,NA,NA,NA,FALSE,FALSE
Catabacter,carbohydrateRDC:timepoint48H,NA,NA,NA,NA,NA,NA,NA,NA,NA,NA,NA,FALSE,FALSE
Catabacter,carbohydrateSDC,NA,NA,NA,NA,NA,NA,NA,NA,NA,NA,NA,FALSE,FALSE
Catabacter,carbohydrateSDC:timepoint48H,NA,NA,NA,NA,NA,NA,NA,NA,NA,NA,NA,FALSE,FALSE
Catabacter,obesity_groupobesity,NA,NA,NA,NA,NA,NA,NA,NA,NA,NA,NA,FALSE,FALSE
Catabacter,timepoint48H,NA,NA,NA,NA,NA,NA,NA,NA,NA,NA,NA,FALSE,FALSE
Christensenella,carbohydrateRDC:timepoint48H,NA,NA,NA,NA,NA,NA,NA,NA,NA,NA,NA,FALSE,FALSE
Christensenella,carbohydrateSDC:timepoint48H,NA,NA,NA,NA,NA,NA,NA,NA,NA,NA,NA,FALSE,FALSE
Christensenella,obesity_groupobesity,NA,NA,NA,NA,NA,NA,NA,NA,NA,NA,NA,FALSE,FALSE
Dielma,carbohydrateRDC,NA,NA,NA,NA,NA,0,0.41486775666312026,1,NA,NA,0,FALSE,FALSE
Dielma,carbohydrateRDC:timepoint48H,NA,NA,NA,NA,NA,-0.36423273520790544,0.42472853018849777,0.5872498191146196,NA,NA,-1,FALSE,FALSE
Dielma,carbohydrateSDC,NA,NA,NA,NA,NA,0,0.4132764341113591,1,NA,NA,0,FALSE,FALSE
Dielma,carbohydrateSDC:timepoint48H,NA,NA,NA,NA,NA,-0.42941352142737826,0.4274592950261981,0.5401113881567909,NA,NA,-1,FALSE,FALSE
Dielma,obesity_groupobesity,NA,NA,NA,NA,NA,-0.6259223921437833,0.5387079692977255,0.984922689747989,NA,NA,-1,FALSE,FALSE
Dielma,timepoint48H,NA,NA,NA,NA,NA,0,0.4681175019057118,1,NA,NA,0,FALSE,FALSE
Enterobacter,carbohydrateRDC:timepoint48H,NA,NA,0.999976442700979,NA,NA,NA,NA,NA,NA,NA,NA,FALSE,FALSE
Enterobacter,carbohydrateSDC:timepoint48H,NA,NA,0.999976442700979,NA,NA,NA,NA,NA,NA,NA,NA,FALSE,FALSE
Flavonifractor,carbohydrateRDC,NA,NA,NA,-0.6733508215308899,0.820883772861385,0,0.41486775666312026,1,NA,-1,0,FALSE,FALSE
Flavonifractor,carbohydrateRDC:timepoint48H,NA,NA,NA,0.1513466133265909,0.8865862462742832,-0.4761397306145809,0.3880398799721702,0.47710667122726336,NA,1,-1,FALSE,FALSE
Flavonifractor,carbohydrateSDC,NA,NA,NA,0.01010812873542305,1,0,0.4132764341113591,1,NA,1,0,FALSE,FALSE
Flavonifractor,carbohydrateSDC:timepoint48H,NA,NA,NA,-0.6177132112362836,0.9913574513267956,-0.3987909623048572,0.39144483750624637,0.5401113881567909,NA,-1,-1,FALSE,FALSE
Flavonifractor,obesity_groupobesity,NA,NA,NA,-0.854960074406975,0.8939993967874932,-0.5045762920325085,0.42053954471363575,0.984922689747989,NA,-1,-1,FALSE,FALSE
Flavonifractor,timepoint48H,NA,NA,NA,10.395438405521972,4.893596713499241e-9,0,0.4681175019057118,1,NA,1,0,FALSE,FALSE
g__.Soleaferrea,carbohydrateRDC,NA,NA,NA,NA,NA,NA,NA,NA,NA,NA,NA,FALSE,FALSE
g__.Soleaferrea,carbohydrateRDC:timepoint48H,NA,NA,NA,NA,NA,NA,NA,NA,NA,NA,NA,FALSE,FALSE
g__.Soleaferrea,carbohydrateSDC,NA,NA,NA,NA,NA,NA,NA,NA,NA,NA,NA,FALSE,FALSE
g__.Soleaferrea,carbohydrateSDC:timepoint48H,NA,NA,NA,NA,NA,NA,NA,NA,NA,NA,NA,FALSE,FALSE
g__.Soleaferrea,obesity_groupobesity,NA,NA,NA,NA,NA,NA,NA,NA,NA,NA,NA,FALSE,FALSE
g__.Soleaferrea,timepoint48H,NA,NA,NA,NA,NA,NA,NA,NA,NA,NA,NA,FALSE,FALSE
Holdemania,carbohydrateRDC:timepoint48H,NA,NA,NA,2.109930663713581,0.5559455837316807,0.06021335661674839,0.3440097328721437,0.9247606505688237,NA,1,1,FALSE,FALSE
Holdemania,carbohydrateSDC:timepoint48H,NA,NA,NA,0.9417424799600383,0.931441615881348,0.0012603775309454994,0.35053846645030384,0.9971596379028105,NA,1,1,FALSE,FALSE
Hydrogenoanaerobacterium,carbohydrateRDC,NA,NA,NA,NA,NA,NA,NA,NA,NA,NA,NA,FALSE,FALSE
Hydrogenoanaerobacterium,carbohydrateRDC:timepoint48H,NA,NA,NA,NA,NA,NA,NA,NA,NA,NA,NA,FALSE,FALSE
Hydrogenoanaerobacterium,carbohydrateSDC,NA,NA,NA,NA,NA,NA,NA,NA,NA,NA,NA,FALSE,FALSE
Hydrogenoanaerobacterium,carbohydrateSDC:timepoint48H,NA,NA,NA,NA,NA,NA,NA,NA,NA,NA,NA,FALSE,FALSE
Hydrogenoanaerobacterium,obesity_groupobesity,NA,NA,NA,NA,NA,NA,NA,NA,NA,NA,NA,FALSE,FALSE
Hydrogenoanaerobacterium,timepoint48H,NA,NA,NA,NA,NA,NA,NA,NA,NA,NA,NA,FALSE,FALSE
Intestinimonas,carbohydrateRDC,NA,NA,NA,NA,NA,0,0.41486775666312026,1,NA,NA,0,FALSE,FALSE
Intestinimonas,carbohydrateRDC:timepoint48H,NA,NA,NA,NA,NA,0.3832886281399498,0.3983014822832122,0.5599684766976555,NA,NA,1,FALSE,FALSE
Intestinimonas,carbohydrateSDC,NA,NA,NA,NA,NA,0,0.4132764341113591,1,NA,NA,0,FALSE,FALSE
Intestinimonas,carbohydrateSDC:timepoint48H,NA,NA,NA,NA,NA,0.31253960953793397,0.4037366729160996,0.6994611397559239,NA,NA,1,FALSE,FALSE
Intestinimonas,obesity_groupobesity,NA,NA,NA,NA,NA,-0.9921273365508243,0.5669506484189749,0.984922689747989,NA,NA,-1,FALSE,FALSE
Intestinimonas,timepoint48H,NA,NA,NA,NA,NA,0,0.4681175019057118,1,NA,NA,0,FALSE,FALSE
Lactonifactor,carbohydrateRDC,NA,NA,0.999976442700979,NA,NA,NA,NA,NA,NA,NA,NA,FALSE,FALSE
Lactonifactor,carbohydrateRDC:timepoint48H,NA,NA,0.999976442700979,NA,NA,NA,NA,NA,NA,NA,NA,FALSE,FALSE
Lactonifactor,carbohydrateSDC,NA,NA,0.999976442700979,NA,NA,NA,NA,NA,NA,NA,NA,FALSE,FALSE
Lactonifactor,carbohydrateSDC:timepoint48H,NA,NA,0.999976442700979,NA,NA,NA,NA,NA,NA,NA,NA,FALSE,FALSE
Lactonifactor,obesity_groupobesity,NA,NA,0.999976442700979,NA,NA,NA,NA,NA,NA,NA,NA,FALSE,FALSE
Lactonifactor,timepoint48H,NA,NA,0.999976442700979,NA,NA,NA,NA,NA,NA,NA,NA,FALSE,FALSE
Megasphaera,carbohydrateRDC:timepoint48H,NA,NA,0.999976442700979,NA,NA,1.2212699563801448,1.6724907863710814,0.6403918073901989,NA,NA,1,FALSE,FALSE
Megasphaera,carbohydrateSDC:timepoint48H,NA,NA,0.999976442700979,NA,NA,0.7922602457322263,1.6473442333914072,0.7810783984839001,NA,NA,1,FALSE,FALSE
Mogibacterium,carbohydrateRDC,NA,NA,0.999976442700979,NA,NA,NA,NA,NA,NA,NA,NA,FALSE,FALSE
Mogibacterium,carbohydrateRDC:timepoint48H,NA,NA,0.999976442700979,NA,NA,NA,NA,NA,NA,NA,NA,FALSE,FALSE
Mogibacterium,carbohydrateSDC,NA,NA,0.999976442700979,NA,NA,NA,NA,NA,NA,NA,NA,FALSE,FALSE
Mogibacterium,carbohydrateSDC:timepoint48H,NA,NA,0.999976442700979,NA,NA,NA,NA,NA,NA,NA,NA,FALSE,FALSE
Mogibacterium,obesity_groupobesity,NA,NA,0.999976442700979,NA,NA,NA,NA,NA,NA,NA,NA,FALSE,FALSE
Mogibacterium,timepoint48H,NA,NA,0.999976442700979,NA,NA,NA,NA,NA,NA,NA,NA,FALSE,FALSE
Negativicoccus,carbohydrateRDC:timepoint48H,NA,NA,NA,NA,NA,0.20414661727629732,0.465370677279879,0.8095824305960925,NA,NA,1,FALSE,FALSE
Negativicoccus,carbohydrateSDC:timepoint48H,NA,NA,NA,NA,NA,-0.3002575237758101,0.45860653476381896,0.7435397890633874,NA,NA,-1,FALSE,FALSE
o__Bacteroidales,carbohydrateRDC,NA,NA,NA,NA,NA,NA,NA,NA,NA,NA,NA,FALSE,FALSE
o__Bacteroidales,carbohydrateRDC:timepoint48H,NA,NA,NA,NA,NA,NA,NA,NA,NA,NA,NA,FALSE,FALSE
o__Bacteroidales,carbohydrateSDC,NA,NA,NA,NA,NA,NA,NA,NA,NA,NA,NA,FALSE,FALSE
o__Bacteroidales,carbohydrateSDC:timepoint48H,NA,NA,NA,NA,NA,NA,NA,NA,NA,NA,NA,FALSE,FALSE
o__Bacteroidales,obesity_groupobesity,NA,NA,NA,NA,NA,NA,NA,NA,NA,NA,NA,FALSE,FALSE
o__Bacteroidales,timepoint48H,NA,NA,NA,NA,NA,NA,NA,NA,NA,NA,NA,FALSE,FALSE
Odoribacter,carbohydrateRDC:timepoint48H,NA,NA,NA,NA,NA,-0.17260237950513396,0.3464055088585917,0.7762713785345878,NA,NA,-1,FALSE,FALSE
Odoribacter,carbohydrateSDC:timepoint48H,NA,NA,NA,NA,NA,-0.049210741380655634,0.3585689654188106,0.9270760630349334,NA,NA,-1,FALSE,FALSE
Paeniclostridium,carbohydrateRDC:timepoint48H,NA,NA,NA,NA,NA,NA,NA,NA,NA,NA,NA,FALSE,FALSE
Paeniclostridium,carbohydrateSDC:timepoint48H,NA,NA,NA,NA,NA,NA,NA,NA,NA,NA,NA,FALSE,FALSE
Paraclostridium,carbohydrateRDC:timepoint48H,NA,NA,NA,NA,NA,0.897649053657321,0.8543185252233632,0.5267447447998395,NA,NA,1,FALSE,FALSE
Paraclostridium,carbohydrateSDC:timepoint48H,NA,NA,NA,NA,NA,0.3725637482577714,0.843149578682949,0.7914818834221743,NA,NA,1,FALSE,FALSE
Parasutterella,carbohydrateRDC,NA,NA,0.999976442700979,NA,NA,0,0.41486775666312026,1,NA,NA,0,FALSE,FALSE
Parasutterella,carbohydrateRDC:timepoint48H,NA,NA,0.999976442700979,NA,NA,0.09241095885856226,0.3828576357796577,0.8929133731292208,NA,NA,1,FALSE,FALSE
Parasutterella,carbohydrateSDC,NA,NA,0.999976442700979,NA,NA,0,0.4132764341113591,1,NA,NA,0,FALSE,FALSE
Parasutterella,carbohydrateSDC:timepoint48H,NA,NA,0.999976442700979,NA,NA,0.2645662121743539,0.3911241161588121,0.7435397890633874,NA,NA,1,FALSE,FALSE
Parasutterella,obesity_groupobesity,NA,NA,0.4553083889828316,NA,NA,-0.13269768935223727,0.5116566785132037,0.984922689747989,NA,NA,-1,FALSE,FALSE
Parasutterella,timepoint48H,NA,NA,0.999976442700979,NA,NA,0,0.4681175019057118,1,NA,NA,0,FALSE,FALSE
Pseudomonas,carbohydrateRDC,NA,NA,0.7388323064155701,NA,NA,NA,NA,NA,NA,NA,NA,FALSE,FALSE
Pseudomonas,carbohydrateRDC:timepoint48H,NA,NA,0.999976442700979,NA,NA,NA,NA,NA,NA,NA,NA,FALSE,FALSE
Pseudomonas,carbohydrateSDC,NA,NA,0.999976442700979,NA,NA,NA,NA,NA,NA,NA,NA,FALSE,FALSE
Pseudomonas,carbohydrateSDC:timepoint48H,NA,NA,0.999976442700979,NA,NA,NA,NA,NA,NA,NA,NA,FALSE,FALSE
Pseudomonas,obesity_groupobesity,NA,NA,0.999976442700979,NA,NA,NA,NA,NA,NA,NA,NA,FALSE,FALSE
Pseudomonas,timepoint48H,NA,NA,0.999976442700979,NA,NA,NA,NA,NA,NA,NA,NA,FALSE,FALSE
Robinsoniella,carbohydrateRDC,NA,NA,NA,NA,NA,0,0.41486775666312026,1,NA,NA,0,FALSE,FALSE
Robinsoniella,carbohydrateRDC:timepoint48H,NA,NA,NA,NA,NA,-0.6325412428514465,0.6012130733757369,0.5477089138805102,NA,NA,-1,FALSE,FALSE
Robinsoniella,carbohydrateSDC,NA,NA,NA,NA,NA,0,0.4132764341113591,1,NA,NA,0,FALSE,FALSE
Robinsoniella,carbohydrateSDC:timepoint48H,NA,NA,NA,NA,NA,-0.7250142361568248,0.6034635994882169,0.48564073744840386,NA,NA,-1,FALSE,FALSE
Robinsoniella,obesity_groupobesity,NA,NA,NA,NA,NA,0.006291531088993879,0.86804025419344,0.9942846871926483,NA,NA,1,FALSE,FALSE
Robinsoniella,timepoint48H,NA,NA,NA,NA,NA,0,0.4681175019057118,1,NA,NA,0,FALSE,FALSE
Sutterella,carbohydrateRDC:timepoint48H,NA,NA,NA,NA,NA,0.3319681094828415,0.45765404078816607,0.6403918073901989,NA,NA,1,FALSE,FALSE
Sutterella,carbohydrateSDC:timepoint48H,NA,NA,NA,NA,NA,0.28905529313828027,0.4366247538966984,0.7435397890633874,NA,NA,1,FALSE,FALSE
Tyzzerella,carbohydrateRDC:timepoint48H,NA,NA,NA,NA,NA,NA,NA,NA,NA,NA,NA,FALSE,FALSE
Tyzzerella,carbohydrateSDC:timepoint48H,NA,NA,NA,NA,NA,NA,NA,NA,NA,NA,NA,FALSE,FALSE
f__Family XIII,carbohydrateRDC,NA,NA,NA,-1.3653065402278837,0.7117700296920367,-0.04167275551400708,0.3370332585242554,1,NA,-1,-1,FALSE,FALSE
f__Family XIII,carbohydrateSDC,NA,NA,NA,-0.3269156051181004,1,-0.0474488749984842,0.3339509625008115,1,NA,-1,-1,FALSE,FALSE
f__Family XIII,timepoint48H,NA,NA,NA,-2.437131152044894,0.8050068903018794,-0.7433376709816422,0.440521372566326,0.2502305849059519,NA,-1,-1,FALSE,FALSE
f__Family XIII,obesity_groupobesity,NA,NA,NA,-2.1283404723492243,0.31612225170425035,-0.4092966868027243,0.31989631308031274,0.984922689747989,NA,-1,-1,FALSE,FALSE
f__Family XIII,carbohydrateRDC:timepoint48H,NA,NA,NA,1.581850535036824,0.6177992625150059,-0.7626851842105681,0.38052653059184594,0.14325144182610755,NA,1,-1,FALSE,FALSE
f__Family XIII,carbohydrateSDC:timepoint48H,NA,NA,NA,0.29057984966747114,0.9754340799592416,-0.5255292206760156,0.3927193369321469,0.4126450537386114,NA,1,-1,FALSE,FALSE
other,carbohydrateRDC,NA,NA,NA,-1.0181571214917833,0.7123556412596911,NA,NA,NA,NA,-1,NA,FALSE,FALSE
other,carbohydrateSDC,NA,NA,NA,0.01266710936458067,1,NA,NA,NA,NA,1,NA,FALSE,FALSE
other,timepoint48H,NA,NA,NA,6.566923532801343,8.545610326073094e-7,NA,NA,NA,NA,1,NA,FALSE,FALSE
other,obesity_groupobesity,NA,NA,NA,1.1787413012612007,1,NA,NA,NA,NA,1,NA,FALSE,FALSE
other,carbohydrateRDC:timepoint48H,NA,NA,NA,1.5695332650444132,0.5316849405522425,NA,NA,NA,NA,1,NA,FALSE,FALSE
other,carbohydrateSDC:timepoint48H,NA,NA,NA,0.7017952098612961,0.9313436850874356,NA,NA,NA,NA,1,NA,FALSE,FALSE
Acetanaerobacterium,(Intercept),NA,NA,NA,NA,NA,-0.22604582856296637,0.32148845549973637,0.9605858793945383,NA,NA,-1,FALSE,FALSE
Actinomyces,(Intercept),NA,NA,NA,NA,NA,0.029529076340113192,0.32210066323014575,0.9926337278728866,NA,NA,1,FALSE,FALSE
Adlercreutzia,(Intercept),NA,NA,NA,NA,NA,0.25774058341445383,0.3871919535088148,0.9605858793945383,NA,NA,1,FALSE,FALSE
Akkermansia,(Intercept),NA,NA,NA,NA,NA,-0.6591912485483459,0.527959750919401,0.7354807262116696,NA,NA,-1,FALSE,FALSE
Alistipes,(Intercept),NA,NA,NA,NA,NA,-1.265713617308358,0.6419902392572264,0.3773490811956549,NA,NA,-1,FALSE,FALSE
Anaerococcus,(Intercept),NA,NA,NA,NA,NA,0.6666762188850074,0.68438796693221,0.8420348558127668,NA,NA,1,FALSE,FALSE
Anaerofilum,(Intercept),NA,NA,NA,NA,NA,-0.20100918199060466,0.3543611277668407,0.9605858793945383,NA,NA,-1,FALSE,FALSE
Anaerostipes,(Intercept),NA,NA,NA,NA,NA,1.0275323865012242,0.4053443145262728,0.1530346294540056,NA,NA,1,FALSE,FALSE
Anaerotruncus,(Intercept),NA,NA,NA,NA,NA,-1.2284417282874645,0.6700831038720912,0.39690019508285146,NA,NA,-1,FALSE,FALSE
Bacteroides,(Intercept),NA,NA,NA,NA,NA,-2.959727196289402,0.6332873733233894,8.049848832397893e-4,NA,NA,-1,FALSE,FALSE
Barnesiella,(Intercept),NA,NA,NA,NA,NA,-0.18158407793164857,0.47377143721308923,0.965165334306134,NA,NA,-1,FALSE,FALSE
Bifidobacterium,(Intercept),NA,NA,NA,NA,NA,0.154785957854917,0.46221536431255084,0.965165334306134,NA,NA,1,FALSE,FALSE
Bilophila,(Intercept),NA,NA,NA,NA,NA,-1.7262008338042987,0.8658298697609141,0.3773490811956549,NA,NA,-1,FALSE,FALSE
Blautia,(Intercept),NA,NA,NA,NA,NA,0.6429910396405158,0.33749662200942077,0.39690019508285146,NA,NA,1,FALSE,FALSE
Butyricimonas,(Intercept),NA,NA,NA,NA,NA,0.0235663870467907,0.3679824991512302,0.9926337278728866,NA,NA,1,FALSE,FALSE
Carnobacterium,(Intercept),NA,NA,NA,NA,NA,0.7299436667056912,0.6472664475717477,0.8208832942702431,NA,NA,1,FALSE,FALSE
Catenibacterium,(Intercept),NA,NA,NA,NA,NA,0.7004137542265683,0.8482716161862729,0.9321323316262838,NA,NA,1,FALSE,FALSE
Clostridium,(Intercept),NA,NA,NA,NA,NA,-1.217062118309325,0.54230370762451,0.2716130110862262,NA,NA,-1,FALSE,FALSE
Collinsella,(Intercept),NA,NA,NA,NA,NA,-0.23715667849727431,0.5502799895842007,0.9605858793945383,NA,NA,-1,FALSE,FALSE
Coprococcus,(Intercept),NA,NA,NA,NA,NA,0.3567756899121909,0.43061729781903946,0.9321323316262838,NA,NA,1,FALSE,FALSE
Dialister,(Intercept),NA,NA,NA,NA,NA,-0.27386202757859845,0.5251141233289812,0.9605858793945383,NA,NA,-1,FALSE,FALSE
Dielma,(Intercept),NA,NA,NA,NA,NA,0.1912777754741018,0.439228396283308,0.9605858793945383,NA,NA,1,FALSE,FALSE
Dorea,(Intercept),NA,NA,NA,NA,NA,1.1077574353657156,0.3694179207036822,0.055856327228061685,NA,NA,1,FALSE,FALSE
Eggerthella,(Intercept),NA,NA,NA,NA,NA,-1.095753114000187,0.4531967816024472,0.20229496844448056,NA,NA,-1,FALSE,FALSE
Eisenbergiella,(Intercept),NA,NA,NA,NA,NA,0.4945324594403966,0.7629065603027395,0.9605858793945383,NA,NA,1,FALSE,FALSE
Enterococcus,(Intercept),NA,NA,NA,NA,NA,1.4985660621678532,1.286282419633027,0.7488001648847963,NA,NA,1,FALSE,FALSE
Erysipelatoclostridium,(Intercept),NA,NA,NA,NA,NA,-0.7648193676313596,0.4194443510902821,0.39690019508285146,NA,NA,-1,FALSE,FALSE
Escherichia,(Intercept),NA,NA,NA,NA,NA,-1.4472428332206366,1.0308626989812422,0.7186205354570478,NA,NA,-1,FALSE,FALSE
Eubacterium,(Intercept),NA,NA,NA,NA,NA,1.2154410941481877,0.38950191380060384,0.055856327228061685,NA,NA,1,FALSE,FALSE
Faecalibacterium,(Intercept),NA,NA,NA,NA,NA,-0.2746376483819831,0.5312922084629347,0.9605858793945383,NA,NA,-1,FALSE,FALSE
Faecalitalea,(Intercept),NA,NA,NA,NA,NA,-0.06102585064382088,0.48977489200080643,0.9926337278728866,NA,NA,-1,FALSE,FALSE
Finegoldia,(Intercept),NA,NA,NA,NA,NA,-4.087658819048146,1.0215933249532585,0.0075328410142013694,NA,NA,-1,FALSE,FALSE
Flavonifractor,(Intercept),NA,NA,NA,NA,NA,0.5739055067546766,0.40807608785505395,0.7186205354570478,NA,NA,1,FALSE,FALSE
Fusicatenibacter,(Intercept),NA,NA,NA,NA,NA,0.6032023941269015,0.4749220150800021,0.7354807262116696,NA,NA,1,FALSE,FALSE
Gordonibacter,(Intercept),NA,NA,NA,NA,NA,-0.10063791712221581,0.3113692467093041,0.965165334306134,NA,NA,-1,FALSE,FALSE
Holdemanella,(Intercept),NA,NA,NA,NA,NA,-0.2471534596556673,0.810293393558474,0.9682401904166463,NA,NA,-1,FALSE,FALSE
Holdemania,(Intercept),NA,NA,NA,NA,NA,-0.23371957048638986,0.4043245013600199,0.9605858793945383,NA,NA,-1,FALSE,FALSE
Hungatella,(Intercept),NA,NA,NA,NA,NA,0.41675642034819826,1.0750627255067255,0.965165334306134,NA,NA,1,FALSE,FALSE
Intestinibacter,(Intercept),NA,NA,NA,NA,NA,-0.29998644952919795,0.5071599744746099,0.9605858793945383,NA,NA,-1,FALSE,FALSE
Intestinimonas,(Intercept),NA,NA,NA,NA,NA,-0.25667053734815215,0.43130531523702714,0.9605858793945383,NA,NA,-1,FALSE,FALSE
Lachnoclostridium,(Intercept),NA,NA,NA,NA,NA,0.02023881019850134,0.3613964304069694,0.9926337278728866,NA,NA,1,FALSE,FALSE
Lactobacillus,(Intercept),NA,NA,NA,NA,NA,-0.25459701671156354,1.032848827305624,0.9926084760614609,NA,NA,-1,FALSE,FALSE
Lactococcus,(Intercept),NA,NA,NA,NA,NA,-0.007743683974662941,0.3765629364331055,0.9940087479185569,NA,NA,-1,FALSE,FALSE
Marvinbryantia,(Intercept),NA,NA,NA,NA,NA,0.3094057255901601,0.3910243743603239,0.9407838388388469,NA,NA,1,FALSE,FALSE
Megasphaera,(Intercept),NA,NA,NA,NA,NA,-0.355428711415421,1.5555648476248216,0.9926337278728866,NA,NA,-1,FALSE,FALSE
Methanobrevibacter,(Intercept),NA,NA,NA,NA,NA,-1.1543399757770867,0.9051243693300084,0.7354807262116696,NA,NA,-1,FALSE,FALSE
Negativicoccus,(Intercept),NA,NA,NA,NA,NA,-0.41687515984605905,0.5952806520464524,0.9605858793945383,NA,NA,-1,FALSE,FALSE
Odoribacter,(Intercept),NA,NA,NA,NA,NA,-0.21318423812332757,0.43911886211235485,0.9605858793945383,NA,NA,-1,FALSE,FALSE
Other,(Intercept),NA,NA,NA,NA,NA,-0.025589653031424697,0.35671618018948953,0.9926337278728866,NA,NA,-1,FALSE,FALSE
Paenibacillus,(Intercept),NA,NA,NA,NA,NA,0.03249808218604853,0.44916061849045696,0.9926337278728866,NA,NA,1,FALSE,FALSE
Parabacteroides,(Intercept),NA,NA,NA,NA,NA,-3.0668981428265565,0.6946561234035391,8.049848832397893e-4,NA,NA,-1,FALSE,FALSE
Paraclostridium,(Intercept),NA,NA,NA,NA,NA,-0.9329699088813577,0.777669419919126,0.7488001648847963,NA,NA,-1,FALSE,FALSE
Parasutterella,(Intercept),NA,NA,NA,NA,NA,-0.0916278166989842,0.44404238532458534,0.9926337278728866,NA,NA,-1,FALSE,FALSE
Peptococcus,(Intercept),NA,NA,NA,NA,NA,-0.024663611023088054,0.7315804594927426,0.9940087479185569,NA,NA,-1,FALSE,FALSE
Peptoniphilus,(Intercept),NA,NA,NA,NA,NA,-0.7440114561041073,1.2931288003784658,0.9605858793945383,NA,NA,-1,FALSE,FALSE
Phascolarctobacterium,(Intercept),NA,NA,NA,NA,NA,-1.7524174251010056,0.6575515282767942,0.14081027885125819,NA,NA,-1,FALSE,FALSE
Robinsoniella,(Intercept),NA,NA,NA,NA,NA,0.5272214630616302,0.7344279255559968,0.9605858793945383,NA,NA,1,FALSE,FALSE
Romboutsia,(Intercept),NA,NA,NA,NA,NA,0.8627506339887141,0.5147475177594912,0.5198410987684592,NA,NA,1,FALSE,FALSE
Roseburia,(Intercept),NA,NA,NA,NA,NA,-0.18039048649666245,0.4256557404257221,0.9605858793945383,NA,NA,-1,FALSE,FALSE
Ruminiclostridium,(Intercept),NA,NA,NA,NA,NA,-0.09692795529546305,0.38581834299952344,0.9926084760614609,NA,NA,-1,FALSE,FALSE
Ruminococcus,(Intercept),NA,NA,NA,NA,NA,0.5381954426085013,0.554407299680178,0.8420348558127668,NA,NA,1,FALSE,FALSE
Senegalimassilia,(Intercept),NA,NA,NA,NA,NA,-0.2554483509005832,0.5353208354831434,0.9605858793945383,NA,NA,-1,FALSE,FALSE
Slackia,(Intercept),NA,NA,NA,NA,NA,-0.15940033194067918,0.4770012943596329,0.965165334306134,NA,NA,-1,FALSE,FALSE
Solobacterium,(Intercept),NA,NA,NA,NA,NA,0.12043794998378667,1.0792582703344993,0.9926337278728866,NA,NA,1,FALSE,FALSE
Streptococcus,(Intercept),NA,NA,NA,NA,NA,0.043136698096703875,0.5104240633167383,0.9926337278728866,NA,NA,1,FALSE,FALSE
Subdoligranulum,(Intercept),NA,NA,NA,NA,NA,0.03427310948925141,0.42590941462530135,0.9926337278728866,NA,NA,1,FALSE,FALSE
Succiniclasticum,(Intercept),NA,NA,NA,NA,NA,-0.059163044701198375,0.6379035339297092,0.9926337278728866,NA,NA,-1,FALSE,FALSE
Sutterella,(Intercept),NA,NA,NA,NA,NA,-0.6995666982263269,0.6920834915019356,0.8420348558127668,NA,NA,-1,FALSE,FALSE
Terrisporobacter,(Intercept),NA,NA,NA,NA,NA,0.6244775471204063,0.49548743006574,0.7354807262116696,NA,NA,1,FALSE,FALSE
Turicibacter,(Intercept),NA,NA,NA,NA,NA,0.7173137913758157,0.49128149152880035,0.7186205354570478,NA,NA,1,FALSE,FALSE
f__Christensenellaceae,(Intercept),NA,NA,NA,NA,NA,0.00313568268102996,0.4144321049833943,0.9940087479185569,NA,NA,1,FALSE,FALSE
f__Coriobacteriaceae,(Intercept),NA,NA,NA,NA,NA,-0.4848461334435287,0.5470152253906363,0.8956723909122984,NA,NA,-1,FALSE,FALSE
f__Defluviitaleaceae,(Intercept),NA,NA,NA,NA,NA,-0.35285818694665644,0.3727736716128337,0.8860424525560515,NA,NA,-1,FALSE,FALSE
f__Erysipelotrichaceae,(Intercept),NA,NA,NA,NA,NA,0.7520726427475546,0.40771961573837334,0.39690019508285146,NA,NA,1,FALSE,FALSE
f__Family XIII,(Intercept),NA,NA,NA,NA,NA,0.36985646130249955,0.3675456595568801,0.8420348558127668,NA,NA,1,FALSE,FALSE
f__Lachnospiraceae,(Intercept),NA,NA,NA,NA,NA,0.4591748632840115,0.3972168304402027,0.7488001648847963,NA,NA,1,FALSE,FALSE
f__Prevotellaceae,(Intercept),NA,NA,NA,NA,NA,-1.1068222438593256,0.8152057342031346,0.7354807262116696,NA,NA,-1,FALSE,FALSE
f__Ruminococcaceae,(Intercept),NA,NA,NA,NA,NA,0.2688944482168028,0.3717836114241878,0.9605858793945383,NA,NA,1,FALSE,FALSE
g__*Soleaferrea,(Intercept),NA,NA,NA,NA,NA,-0.13888264733230357,0.38412715538833986,0.965165334306134,NA,NA,-1,FALSE,FALSE
o__Clostridiales,(Intercept),NA,NA,NA,NA,NA,-0.29893829398396116,0.6125321282509171,0.9605858793945383,NA,NA,-1,FALSE,FALSE
g__*Soleaferrea,timepoint48H,NA,NA,NA,NA,NA,0,0.4681175019057118,1,NA,NA,0,FALSE,FALSE
g__*Soleaferrea,carbohydrateRDC,NA,NA,NA,NA,NA,0,0.41486775666312026,1,NA,NA,0,FALSE,FALSE
g__*Soleaferrea,carbohydrateRDC:timepoint48H,NA,NA,NA,NA,NA,-0.0013666665817631196,0.31414090482248913,0.9984993243450201,NA,NA,-1,FALSE,FALSE
g__*Soleaferrea,carbohydrateSDC,NA,NA,NA,NA,NA,0,0.4132764341113591,1,NA,NA,0,FALSE,FALSE
g__*Soleaferrea,carbohydrateSDC:timepoint48H,NA,NA,NA,NA,NA,-0.15948004792419554,0.3263707002756226,0.7810783984839001,NA,NA,-1,FALSE,FALSE
g__*Soleaferrea,obesity_groupobesity,NA,NA,NA,NA,NA,0.10413809051444464,0.41683025396878726,0.984922689747989,NA,NA,1,FALSE,FALSE
