feature,metadata,value,name,coef,null_hypothesis,stderr,pval_individual,qval_individual,pval_joint,qval_joint,error,model,N,N_not_zero
Parabacteroides,timepoint,48H,timepoint48H,6.210814992233464,0,1.205407220741222,2.5708861762775056e-7,3.0207912571260692e-5,5.141771691609442e-7,3.2714522387865074e-5,NA,logistic,289,149
Anaerostipes,timepoint,48H,timepoint48H,-12.574452143995009,0,2.4904132589778625,4.4379694362950665e-7,4.635212522352625e-5,8.87593690303287e-7,5.019835426270812e-5,NA,logistic,289,255
Alistipes,timepoint,48H,timepoint48H,4.845740215606487,0,1.013769946659945,1.7536412449651038e-6,1.4985661547883613e-4,3.507279414672589e-6,1.6229138382439526e-4,NA,logistic,289,129
Bacteroides,timepoint,48H,timepoint48H,5.630256753553267,0,1.237040951105361,5.329246580992257e-6,3.8534552201020935e-4,1.0658464761115393e-5,4.173198894929027e-4,NA,logistic,289,173
Actinomyces,timepoint,48H,timepoint48H,-3.484112289597901,0,0.8066275346011933,1.5648446579423255e-5,8.974802962707181e-4,3.1296648284966155e-5,9.719441776458039e-4,NA,logistic,289,141
Anaerostipes,carbohydrate,RDC,carbohydrateRDC,-10.845751337857394,0,2.5156669624050845,1.62310266346832e-5,8.974802962707181e-4,3.2461789823140795e-5,9.719441776458039e-4,NA,logistic,289,255
Escherichia,timepoint,48H,timepoint48H,5.010431838091547,0,1.1786357564678702,2.1277685964420055e-5,0.0011111680448086028,4.2554919188920114e-5,0.0012033585481755745,NA,logistic,289,181
Anaerotruncus,timepoint,48H,timepoint48H,3.2634253299768603,0,0.7959827707280923,4.133835196655894e-5,0.0020451605709771266,8.267499507377459e-5,0.0021040786246275633,NA,logistic,289,98
Marvinbryantia,timepoint,48H,timepoint48H,-3.2125644588642204,0,0.8027024986429994,6.276000946960026e-5,0.002809257566734488,1.255160801204119e-4,0.0029039856718768024,NA,logistic,289,148
Anaerostipes,carbohydrate,RDC:timepoint48H,carbohydrateRDC:timepoint48H,9.774831867887668,0,2.5437893284796833,1.2172472008558628e-4,0.004576849475218045,2.4343462326369256e-4,0.00495632892964878,NA,logistic,289,255
Paenibacillus,timepoint,48H,timepoint48H,-2.6051686166979744,0,0.724098281215802,3.2090691424526866e-4,0.01077330354966259,6.417108472429271e-4,0.011665386473094638,NA,logistic,289,155
Anaerococcus,timepoint,48H,timepoint48H,3.0596364806433516,0,0.9029093618056107,7.023967938120953e-4,0.022008432872778982,0.0014043002263682337,0.024647890180049346,NA,logistic,289,57
Hungatella,timepoint,48H,timepoint48H,3.833534243499553,0,1.1348283915805994,7.299544408871083e-4,0.022134102401092964,0.001459376048288446,0.02473937697513902,NA,logistic,289,61
Peptoniphilus,timepoint,48H,timepoint48H,3.773116207802033,0,1.1198578142403077,7.536441923671631e-4,0.022138298150785416,0.0015067204051656378,0.02473937697513902,NA,logistic,289,67
Finegoldia,timepoint,48H,timepoint48H,4.394696102610812,0,1.3246666755845407,9.079883928749773e-4,0.02586391179704481,0.0018151523428283592,0.02887226695311359,NA,logistic,289,45
Adlercreutzia,obesity_group,obesity,obesity_groupobesity,-2.1038214156470048,0,0.6624439159776705,0.0014939903057552342,0.04012431106885486,0.002985748604476779,0.0446984129317259,NA,logistic,289,136
Lactococcus,timepoint,48H,timepoint48H,-2.12222718552937,0,0.6708187814819144,0.0015581094489024966,0.040683968943565185,0.003113791192750233,0.04528342048885339,NA,logistic,289,118
f__Family.XIII,timepoint,48H,timepoint48H,-3.405648058599878,0,1.142002865339617,0.0028621189694879156,0.06898440593124719,0.0057160462139803315,0.0786342573761078,NA,logistic,289,190
Akkermansia,timepoint,48H,timepoint48H,2.256517235510596,0,0.7692562923096248,0.003352985565244217,0.076873327593404,0.006694728618287695,0.08657177746667029,NA,logistic,289,195
Bilophila,timepoint,48H,timepoint48H,2.47981371504299,0,0.8716271331780068,0.004440590133529552,0.0948671528526768,0.008861461426325106,0.10489497362789486,NA,logistic,289,55
Adlercreutzia,timepoint,48H,timepoint48H,-2.0060010384683222,0,0.7072163581854912,0.004561464651539577,0.0952839282766045,0.009102122343311906,0.10529500619876728,NA,logistic,289,136
Streptococcus,timepoint,48H,timepoint48H,-12.065174334056627,0,4.299951395999116,0.005017840841204308,0.10253848675504455,0.010010502955700953,0.11322991121003968,NA,logistic,289,264
f__Family.XIII,obesity_group,obesity,obesity_groupobesity,-1.6055674659838168,0,0.598015338708116,0.0072567452439231276,0.12919080573337732,0.014460830136311054,0.1394013270289033,NA,logistic,289,190
Ruminococcus,obesity_group,obesity,obesity_groupobesity,-2.065710780799749,0,0.7826276729069577,0.008303936654835472,0.14192182646446078,0.01653891794570343,0.1530601678975099,NA,logistic,289,163
Eisenbergiella,timepoint,48H,timepoint48H,3.1063658799122305,0,1.2081945259369342,0.010138163836547705,0.16719077204131302,0.02017354530711873,0.18014622037409533,NA,logistic,289,41
Streptococcus,carbohydrate,RDC,carbohydrateRDC,-10.71726819128333,0,4.31047903645407,0.0129068652441548,0.19568473112105667,0.025647143317878818,0.22481495595640075,NA,logistic,289,264
Anaerotruncus,carbohydrate,RDC:timepoint48H,carbohydrateRDC:timepoint48H,-2.2739289012489676,0,0.9166791374143575,0.013115559442303833,0.19569247421850164,0.026059100985123075,0.22481495595640075,NA,logistic,289,98
Streptococcus,carbohydrate,RDC:timepoint48H,carbohydrateRDC:timepoint48H,10.496271589358331,0,4.321659680929913,0.015150582621860397,0.21578102522043596,0.030071625089938995,0.24687834146417656,NA,logistic,289,264
Enterococcus,timepoint,48H,timepoint48H,2.9850258693299776,0,1.232331378283342,0.01542434954788332,0.21640132201507944,0.030610788536791344,0.24731573595598086,NA,logistic,289,47
Anaerotruncus,carbohydrate,SDC:timepoint48H,carbohydrateSDC:timepoint48H,-2.1444285599691906,0,0.9124731979001003,0.018766970082743133,0.25201359825397923,0.0371817409993997,0.28675009346506736,NA,logistic,289,98
Akkermansia,carbohydrate,SDC:timepoint48H,carbohydrateSDC:timepoint48H,-2.0001883559150513,0,0.8880707849538467,0.024304278265867084,0.3046136209322008,0.048017858589709465,0.3442407045374946,NA,logistic,289,195
Eggerthella,timepoint,48H,timepoint48H,1.9082584793580377,0,0.8521736897436627,0.025137476021990388,0.3068730839048177,2.0404071726903402e-4,0.004327363545414097,NA,logistic,289,212
Lachnospira,obesity_group,obesity,obesity_groupobesity,3.2174941487310917,0,1.4439518159197164,0.025863455515681432,0.31099984084271187,0.05105799270015123,0.356007099785986,NA,logistic,289,27
Terrisporobacter,obesity_group,obesity,obesity_groupobesity,-1.7747943011850948,0,0.7979591562582641,0.02613722066656834,0.31099984084271187,0.012066201628794557,0.12534074753176389,NA,logistic,289,135
Phascolarctobacterium,timepoint,48H,timepoint48H,2.3031655769836625,0,1.0413498079676755,0.02698659004481346,0.3128740633762838,0.0532449040473801,0.3605971398381945,NA,logistic,289,55
f__Ruminococcaceae,obesity_group,obesity,obesity_groupobesity,-1.4483323969049353,0,0.6597184868833359,0.02813639127485554,0.3148596166471929,0.05548112603573931,0.36204991220758087,NA,logistic,289,274
Eubacterium,carbohydrate,RDC,carbohydrateRDC,-10.905776222010727,0,5.066753244435634,0.03136436437966857,0.3360362695278203,0.06174500540639652,0.38800256483772627,NA,logistic,289,269
Clostridium,timepoint,48H,timepoint48H,2.449376828617822,0,1.1669421468407424,0.035819524931112165,0.370003883903796,1.6780888423449032e-6,8.541472207535557e-5,NA,logistic,289,239
Subdoligranulum,timepoint,48H,timepoint48H,11.231651977974982,0,5.4573096789514,0.039581186992939374,0.39581186992939377,0.07759570362210873,0.4516752957710074,NA,logistic,289,281
Eubacterium,timepoint,48H,timepoint48H,-10.43259043475849,0,5.096971610954473,0.04067562627144951,0.39913578613914563,0.07969674597032439,0.4516752957710074,NA,logistic,289,269
Paenibacillus,obesity_group,obesity,obesity_groupobesity,0.5892800443273933,0,0.2880248658721524,0.040762803690806364,0.39913578613914563,0.07986400121687753,0.4516752957710074,NA,logistic,289,155
Coprobacillus,timepoint,48H,timepoint48H,2.875145958162245,0,1.43397864925035,0.04496164797849675,0.43054382359991716,0.08790174616805124,0.47993769013069915,NA,logistic,289,23
Ruminococcus,timepoint,48H,timepoint48H,-1.373118694979884,0,0.703121667716471,0.05083272843812296,0.4639103372022872,0.09908149059578199,0.5199224609613715,NA,logistic,289,163
f__Coriobacteriaceae,timepoint,48H,timepoint48H,-1.2419398344064125,0,0.6515370125653412,0.05662824725602654,0.5006264496409125,0.11004973612476343,0.5580100338449901,NA,logistic,289,110
Intestinibacter,obesity_group,obesity,obesity_groupobesity,-1.369403217030647,0,0.7194448092219815,0.05698620224635919,0.5006264496409125,0.11072497724625542,0.5580100338449901,NA,logistic,289,224
Subdoligranulum,carbohydrate,SDC:timepoint48H,carbohydrateSDC:timepoint48H,-10.325819599135793,0,5.501553612215268,0.060532956441941364,0.52686091717986006,0.11740167406828074,0.5858573735368127,NA,logistic,289,281
Faecalitalea,timepoint,48H,timepoint48H,-1.3810437142291376,0,0.7544202049303692,0.06715985534505112,0.5636630716459647,0.05711995507205278,0.3654842409600996,NA,logistic,289,69
Fusicatenibacter,timepoint,48H,timepoint48H,-2.142748883127904,0,1.1973289463283903,0.07351702915606982,0.5864586629776709,0.14162930473620527,0.6562340789897076,NA,logistic,289,256
Eubacterium,carbohydrate,RDC:timepoint48H,carbohydrateRDC:timepoint48H,9.151044671819275,0,5.138679095388553,0.07494242822215151,0.5919822061245582,0.1442684888964707,0.6573119259572299,NA,logistic,289,269
Parasutterella,obesity_group,obesity,obesity_groupobesity,-1.4182691911724206,0,0.8138741460895221,0.08140091040753965,0.6271873424843218,0.08140091040753965,0.4553083889828316,NA,logistic,289,67
Eubacterium,obesity_group,obesity,obesity_groupobesity,-1.2349210432392208,0,0.7110071146628019,0.08241158087224065,0.6287280922259252,0.1580314930826195,0.7055967542022221,NA,logistic,289,269
Other,timepoint,48H,timepoint48H,1.0776786882740954,0,0.6222673685721067,0.08329885752839353,0.6287280922259252,0.1596590153912515,0.7066646855143218,NA,logistic,289,101
Varibaculum,timepoint,48H,timepoint48H,-2.1069900107222503,0,1.2178233950204125,0.08360745907259644,0.6287280922259252,0.14022976209688456,0.6562340789897076,NA,logistic,289,21
Slackia,timepoint,48H,timepoint48H,1.3698988335970699,0,0.8019739988282515,0.0876069063242635,0.6425968993123812,0.1675388426128188,0.7093404816207732,NA,logistic,289,88
Slackia,carbohydrate,RDC:timepoint48H,carbohydrateRDC:timepoint48H,-1.5460124893336222,0,0.9659392228942848,0.10948156545350578,0.7146713300437183,0.2069769177328613,0.768987234496543,NA,logistic,289,88
f__Christensenellaceae,carbohydrate,SDC:timepoint48H,carbohydrateSDC:timepoint48H,-1.6518648669308604,0,1.0394514599799727,0.11202206304504862,0.7212379401530528,0.2114951834812281,0.7800800608111963,NA,logistic,289,214
Peptoclostridium,obesity_group,obesity,obesity_groupobesity,-1.2914068832941408,0,0.8375335696117607,0.12309387043584061,0.7562629948345764,0.23103563993280551,0.8223576274531329,NA,logistic,289,13
Fusicatenibacter,obesity_group,obesity,obesity_groupobesity,1.8223286695004914,0,1.1890478003081952,0.12537568334430585,0.7603428538299839,0.23503230471455983,0.824378019428919,NA,logistic,289,256
Coprococcus,obesity_group,obesity,obesity_groupobesity,-0.932206390511336,0,0.6132955577071012,0.12851214652750723,0.7632114098567345,0.24050892124990675,0.824378019428919,NA,logistic,289,235
Dialister,timepoint,48H,timepoint48H,-1.0677404738810599,0,0.7019055786713678,0.12820904514773718,0.7632114098567345,0.23998053103777983,0.824378019428919,NA,logistic,289,76
Eisenbergiella,carbohydrate,SDC:timepoint48H,carbohydrateSDC:timepoint48H,-2.0958660474923043,0,1.381747515033543,0.12931144486654522,0.7632114098567345,0.24190143995961633,0.824378019428919,NA,logistic,289,41
Holdemanella,carbohydrate,RDC:timepoint48H,carbohydrateRDC:timepoint48H,1.3039545146027636,0,0.8610009529301178,0.12990832508199737,0.7632114098567345,0.24294047723838474,0.824378019428919,NA,logistic,289,108
Dorea,carbohydrate,RDC,carbohydrateRDC,-11.392098170762537,0,7.6697252134601,0.1374555579992291,0.7750299084346873,0.25601708557357894,0.8377788498778611,NA,logistic,289,270
Other,carbohydrate,SDC,carbohydrateSDC,-0.8670165757699458,0,0.580245167891876,0.135116937565623,0.7750299084346873,0.25197728831413335,0.8377788498778611,NA,logistic,289,101
Lactobacillus,carbohydrate,RDC:timepoint48H,carbohydrateRDC:timepoint48H,1.4460874344039698,0,0.9896695864509835,0.14396548793942374,0.7858750532584254,0.037827229063176794,0.2873740237784625,NA,logistic,289,63
Coprococcus,timepoint,48H,timepoint48H,-1.1869452180770912,0,0.8184824765981333,0.1470089097579985,0.7903030949075822,0.2724061999677617,0.8627825599519173,NA,logistic,289,235
Dorea,timepoint,48H,timepoint48H,-11.084363592837851,0,7.673125880882077,0.14857884587356102,0.7903030949075822,0.2247193832183073,0.817015471843703,NA,logistic,289,270
Peptoniphilus,obesity_group,obesity,obesity_groupobesity,0.6956624790240439,0,0.4862660975089372,0.15253887242385458,0.7965918893245739,0.28180963724736796,0.8693400324782442,NA,logistic,289,67
Romboutsia,obesity_group,obesity,obesity_groupobesity,-2.5917629239339903,0,1.810873548437772,0.15236646388794287,0.7965918893245739,0.28151738845816976,0.8693400324782442,NA,logistic,289,263
Akkermansia,carbohydrate,RDC:timepoint48H,carbohydrateRDC:timepoint48H,-1.261138661862298,0,0.8949742952063369,0.15879556435225073,0.8006980492249359,0.29237509744655155,0.8770115394723557,NA,logistic,289,195
Gordonibacter,timepoint,48H,timepoint48H,-0.9696871456130043,0,0.6824144021344163,0.1553268645625329,0.8006980492249359,0.03869520855486521,0.28964501697685874,NA,logistic,289,113
f__Christensenellaceae,obesity_group,obesity,obesity_groupobesity,-0.9201516128826377,0,0.6574816058635666,0.16166031562985425,0.8040248502225555,0.29718657361016476,0.8794649184161271,NA,logistic,289,214
Catenibacterium,obesity_group,obesity,obesity_groupobesity,1.2957834547647997,0,0.9529477184495627,0.17390479957262875,0.8203467285084257,0.3175667198308615,0.900983315964842,NA,logistic,289,59
Erysipelatoclostridium,timepoint,48H,timepoint48H,-0.8570810849730595,0,0.6223661768367069,0.16847108955828616,0.8203467285084257,1.0132177452705172e-4,0.0024558468206794916,NA,logistic,289,118
f__Coriobacteriaceae,obesity_group,obesity,obesity_groupobesity,-0.8189204356619008,0,0.5931729264049873,0.16740929965350732,0.8203467285084257,0.3067927256965366,0.8923285564544978,NA,logistic,289,110
Gordonibacter,obesity_group,obesity,obesity_groupobesity,-1.2067512903628148,0,0.88530816287649,0.17285536295657877,0.8203467285084257,0.3158317494103071,0.900983315964842,NA,logistic,289,113
Collinsella,carbohydrate,RDC:timepoint48H,carbohydrateRDC:timepoint48H,1.387802584519098,0,1.0325661641844894,0.17893784584927572,0.8285791876764491,0.1250326022503127,0.6119384090904728,NA,logistic,289,237
Peptoclostridium,timepoint,48H,timepoint48H,1.5911620845603445,0,1.1903121608818015,0.18130087994640948,0.8354060154393377,0.3297317508234766,0.9171227386292328,NA,logistic,289,13
Subdoligranulum,obesity_group,obesity,obesity_groupobesity,1.286456083849368,0,0.9658120694509478,0.18286209134461245,0.8384895895801742,0.33228563823829915,0.9192032057787732,NA,logistic,289,281
Dorea,carbohydrate,RDC:timepoint48H,carbohydrateRDC:timepoint48H,10.14631086981345,0,7.65723144613803,0.18515039542641903,0.8448610276739509,0.12337587036913218,0.6096924079406629,NA,logistic,289,270
Actinomyces,obesity_group,obesity,obesity_groupobesity,-0.9150632948040214,0,0.6995404567755957,0.19084209706083327,0.845571382532665,0.31440717839275456,0.900983315964842,NA,logistic,289,141
Parvimonas,obesity_group,obesity,obesity_groupobesity,-1.5100461356135342,0,1.1558392590076536,0.19139959079791655,0.845571382532665,0.34616537823822335,0.9351153347637489,NA,logistic,289,13
Pseudomonas,carbohydrate,RDC,carbohydrateRDC,-0.9783654469033987,0,0.7492161538658896,0.191602877105806,0.845571382532665,0.191602877105806,0.7388323064155701,NA,logistic,289,15
Alistipes,carbohydrate,RDC:timepoint48H,carbohydrateRDC:timepoint48H,-1.4486247640459144,0,1.122231348987675,0.1967580364283456,0.8495443267134605,0.3548023479575534,0.9351153347637489,NA,logistic,289,129
Alistipes,carbohydrate,SDC:timepoint48H,carbohydrateSDC:timepoint48H,-1.4325205289744642,0,1.112651403725233,0.19792575271302962,0.8495443267134605,0.3566769018390399,0.9351153347637489,NA,logistic,289,129
Bilophila,carbohydrate,RDC,carbohydrateRDC,-1.640208631682856,0,1.2696199645252364,0.19639543343983046,0.8495443267134605,0.35421970060364205,0.9351153347637489,NA,logistic,289,55
Enterorhabdus,obesity_group,obesity,obesity_groupobesity,2.4117706560869463,0,1.926075541118035,0.21050855948575187,0.8529226117095119,0.1795268064412755,0.7138995662391346,NA,logistic,289,28
f__Christensenellaceae,timepoint,48H,timepoint48H,-1.0871343107719753,0,0.8586602729871602,0.2054837282968626,0.8529226117095119,0.36874389399894614,0.9380649629902746,NA,logistic,289,214
Methanobrevibacter,carbohydrate,RDC:timepoint48H,carbohydrateRDC:timepoint48H,-1.2364938614879566,0,0.9832376107314417,0.20854593245240802,0.8529226117095119,0.3736004589623716,0.9380649629902746,NA,logistic,289,57
Varibaculum,obesity_group,obesity,obesity_groupobesity,-1.0786633645261015,0,0.8573048204835175,0.20831840619201297,0.8529226117095119,0.052895676696311046,0.3605971398381945,NA,logistic,289,21
Parabacteroides,obesity_group,obesity,obesity_groupobesity,-1.2533732477142694,0,1.0089144649602633,0.21412633115556173,0.8571829191453927,0.38240257661698174,0.940866899275942,NA,logistic,289,149
Slackia,obesity_group,obesity,obesity_groupobesity,-1.348622058888752,0,1.084818414973543,0.21380235940398962,0.8571829191453927,0.38189326992126604,0.940866899275942,NA,logistic,289,88
Roseburia,carbohydrate,SDC:timepoint48H,carbohydrateSDC:timepoint48H,-0.941276003432161,0,0.7598778709386843,0.21544916689475263,0.8581449867841843,0.38447999027386237,0.940866899275942,NA,logistic,289,205
Solobacterium,obesity_group,obesity,obesity_groupobesity,0.9811456345579908,0,0.8111390579072595,0.22643628492749118,0.8855032436588889,0.4015991787232186,0.9618767143182508,NA,logistic,289,51
Prevotella,timepoint,48H,timepoint48H,-1.564911328036093,0,1.311941204580454,0.23293939174358635,0.8971954473452687,1.451675129789331e-4,0.00321262017853378,NA,logistic,289,24
f__Erysipelotrichaceae,carbohydrate,SDC:timepoint48H,carbohydrateSDC:timepoint48H,-1.1343427562342905,0,0.9602508942223126,0.23748423938833949,0.9037861741904417,0.41856971481882055,0.9773026827650444,NA,logistic,289,224
Peptoniphilus,carbohydrate,SDC:timepoint48H,carbohydrateSDC:timepoint48H,-1.5071557215416598,0,1.294144607164135,0.24418253597526018,0.9144684614212931,0.2604099147904343,0.838915484989437,NA,logistic,289,67
Parabacteroides,carbohydrate,RDC:timepoint48H,carbohydrateRDC:timepoint48H,-1.4165173976076602,0,1.2443325989652332,0.25496383627293906,0.9289380081262121,0.4449211147388641,0.9932668745705343,NA,logistic,289,149
Roseburia,obesity_group,obesity,obesity_groupobesity,0.4530723273094484,0,0.40032396885501464,0.2577335919552032,0.9318060632226577,0.449040579488275,0.998085829517607,NA,logistic,289,205
Ruminococcus,carbohydrate,RDC,carbohydrateRDC,-0.6984044874766998,0,0.6161236157507686,0.25698501663222395,0.9318060632226577,0.31079887552804375,0.8988444752487175,NA,logistic,289,163
Coprobacillus,obesity_group,obesity,obesity_groupobesity,-2.034274510205974,0,1.8168405150143911,0.262851436015856,0.9420407788223614,0.4566119946161147,0.999976442700979,NA,logistic,289,23
Akkermansia,carbohydrate,SDC,carbohydrateSDC,0.632869193202453,0,0.5749272827746978,0.2709918588186213,0.9436169097014697,0.4685471300912707,0.999976442700979,NA,logistic,289,195
c__Mollicutes,carbohydrate,SDC,carbohydrateSDC,-1.1544767775810316,0,1.0427945680607293,0.26825114689398466,0.9436169097014697,0.26825114689398466,0.8587410928870326,NA,logistic,289,11
Holdemanella,carbohydrate,RDC,carbohydrateRDC,-0.7086760026029023,0,0.6402177340717634,0.268324338499916,0.9436169097014697,0.46465072636841465,0.999976442700979,NA,logistic,289,108
Dorea,obesity_group,obesity,obesity_groupobesity,-0.9843205603521099,0,0.9031118958172724,0.27574797457304784,0.9545550325061657,0.4754590036649574,0.999976442700979,NA,logistic,289,270
f__Prevotellaceae,timepoint,48H,timepoint48H,1.048967357795362,0,0.9647420066416884,0.2769027035190688,0.9545550325061657,0.4771302998219683,0.999976442700979,NA,logistic,289,36
f__Coriobacteriaceae,carbohydrate,RDC:timepoint48H,carbohydrateRDC:timepoint48H,-0.8519080010181482,0,0.789695756841436,0.2806858056147844,0.9552935256721912,0.27781469298256767,0.8675317713382021,NA,logistic,289,110
f__Prevotellaceae,carbohydrate,SDC:timepoint48H,carbohydrateSDC:timepoint48H,1.2844048984836218,0,1.1910009044531809,0.28084422959644306,0.9552935256721912,0.007097693004954357,0.08657177746667029,NA,logistic,289,36
Ruminiclostridium,obesity_group,obesity,obesity_groupobesity,0.38596244893685205,0,0.3597033427292329,0.2832701654176718,0.9552935256721912,0.37596316787822404,0.9380649629902746,NA,logistic,289,225
Terrisporobacter,carbohydrate,SDC:timepoint48H,carbohydrateSDC:timepoint48H,-0.8650850892025593,0,0.8073504681718022,0.28393962621789476,0.9552935256721912,0.17467801170783948,0.7093404816207732,NA,logistic,289,135
Solobacterium,carbohydrate,RDC:timepoint48H,carbohydrateRDC:timepoint48H,1.174206455477195,0,1.1114293887327924,0.2907475211709151,0.9623333447206346,0.2538009565251568,0.8377788498778611,NA,logistic,289,51
Dialister,carbohydrate,RDC,carbohydrateRDC,-0.63473570675388,0,0.6023700780842628,0.29200633360979766,0.9631086090989818,0.49874496835135895,0.999976442700979,NA,logistic,289,76
Succiniclasticum,obesity_group,obesity,obesity_groupobesity,-1.026809581556196,0,0.9824639669426938,0.2959595904224735,0.9724422523994705,0.5043271016819086,0.999976442700979,NA,logistic,289,30
Actinomyces,carbohydrate,RDC,carbohydrateRDC,-0.6659660112202097,0,0.7122432699007497,0.3497748747070359,0.9806265543621827,0.5772072864377491,0.999976442700979,NA,logistic,289,141
Anaerococcus,carbohydrate,RDC:timepoint48H,carbohydrateRDC:timepoint48H,-1.0315439994976439,0,1.0797059345236106,0.33937875494851655,0.9806265543621827,0.5635795705866279,0.999976442700979,NA,logistic,289,57
Anaerococcus,carbohydrate,SDC,carbohydrateSDC,-1.0201553059026993,0,1.0608724698254222,0.33624093743087413,0.9806265543621827,0.5594239068573552,0.999976442700979,NA,logistic,289,57
Butyricimonas,obesity_group,obesity,obesity_groupobesity,-1.161924948785557,0,1.1326370239381143,0.3049584404514397,0.9806265543621827,0.3049584404514397,0.8923285564544978,NA,logistic,289,38
Clostridium,carbohydrate,SDC:timepoint48H,carbohydrateSDC:timepoint48H,-1.2475072197716524,0,1.2746063564067893,0.3277088524449161,0.9806265543621827,0.14080395193200027,0.6562340789897076,NA,logistic,289,239
Dialister,obesity_group,obesity,obesity_groupobesity,-0.7548274344325323,0,0.7869491575967404,0.33746708748724547,0.9806265543621827,0.5610501398373666,0.999976442700979,NA,logistic,289,76
Erysipelatoclostridium,carbohydrate,RDC:timepoint48H,carbohydrateRDC:timepoint48H,-0.7767723422218231,0,0.7555810042589335,0.3039279951251081,0.9806265543621827,0.5154837640294485,0.999976442700979,NA,logistic,289,118
Escherichia,carbohydrate,RDC:timepoint48H,carbohydrateRDC:timepoint48H,-1.2050735081442487,0,1.2856979053240996,0.34860871808596106,0.9806265543621827,0.09198567430142615,0.4928495602044833,NA,logistic,289,181
Escherichia,carbohydrate,SDC:timepoint48H,carbohydrateSDC:timepoint48H,-1.2086101858669593,0,1.2856791510525094,0.3471889220843813,0.9806265543621827,0.06946801325534717,0.4260146836984543,NA,logistic,289,181
Escherichia,obesity_group,obesity,obesity_groupobesity,0.5149390628532187,0,0.5511997860362389,0.3501930420643236,0.9806265543621827,0.577750917418382,0.999976442700979,NA,logistic,289,181
f__Defluviitaleaceae,obesity_group,obesity,obesity_groupobesity,-1.2140228250407779,0,1.2130661049084448,0.31692898376672346,0.9806265543621827,0.5334139867820389,0.999976442700979,NA,logistic,289,29
f__Erysipelotrichaceae,carbohydrate,RDC:timepoint48H,carbohydrateRDC:timepoint48H,-0.9524358366827709,0,0.9474094886888579,0.3147498351461661,0.9806265543621827,0.5304322115677935,0.999976442700979,NA,logistic,289,224
f__Family.XIII,carbohydrate,RDC,carbohydrateRDC,-1.157695903484785,0,1.1364960768321901,0.30836741327704814,0.9806265543621827,0.5216443649829186,0.999976442700979,NA,logistic,289,190
Faecalitalea,obesity_group,obesity,obesity_groupobesity,0.7609334977643523,0,0.8203870557518872,0.3536514914135957,0.9806265543621827,0.2754796547532734,0.865550273268001,NA,logistic,289,69
Gordonibacter,carbohydrate,SDC,carbohydrateSDC,-0.576330471758679,0,0.5981646199444087,0.3352976197484583,0.9806265543621827,0.5581707456879348,0.999976442700979,NA,logistic,289,113
Holdemanella,carbohydrate,SDC:timepoint48H,carbohydrateSDC:timepoint48H,0.7903523388893976,0,0.8507975938982386,0.3529126148157187,0.9806265543621827,0.2946345250486696,0.8770115394723557,NA,logistic,289,108
Lactobacillus,obesity_group,obesity,obesity_groupobesity,0.7117079886235226,0,0.7224665218421007,0.3245707262687095,0.9806265543621827,0.5437952961868213,0.999976442700979,NA,logistic,289,63
Lactococcus,carbohydrate,SDC,carbohydrateSDC,-0.5484263361258188,0,0.5731744771213297,0.3386567655390404,0.9806265543621827,0.5626251262327163,0.999976442700979,NA,logistic,289,118
Marvinbryantia,carbohydrate,RDC,carbohydrateRDC,-0.678287883779862,0,0.7002435447997701,0.33272200411604064,0.9806265543621827,0.5547400762090866,0.999976442700979,NA,logistic,289,148
Other,carbohydrate,RDC,carbohydrateRDC,-0.560307384577565,0,0.565332580512268,0.3216313431174051,0.9806265543621827,0.5398159653593043,0.999976442700979,NA,logistic,289,101
Peptococcus,carbohydrate,SDC,carbohydrateSDC,-0.6328466635084071,0,0.6780395549746228,0.3506404709960774,0.9806265543621827,0.5783322020918038,0.999976442700979,NA,logistic,289,40
Peptoniphilus,carbohydrate,RDC:timepoint48H,carbohydrateRDC:timepoint48H,-1.2139117444557685,0,1.2920760273190468,0.34747158335959805,0.9806265543621827,0.5742066654767699,0.999976442700979,NA,logistic,289,67
Turicibacter,carbohydrate,RDC,carbohydrateRDC,-0.6513820859362058,0,0.6663291717852929,0.32828802303482435,0.9806265543621827,0.5488030200015355,0.999976442700979,NA,logistic,289,202
Varibaculum,carbohydrate,RDC,carbohydrateRDC,-0.7426236105733001,0,0.7704260038227388,0.3350895652077416,0.9806265543621827,0.5578941137043698,0.999976442700979,NA,logistic,289,21
Akkermansia,carbohydrate,RDC,carbohydrateRDC,0.5009926720361961,0,0.5714671361780956,0.38066155376986344,0.9866076119747256,0.6164198890212402,0.999976442700979,NA,logistic,289,195
Anaerostipes,obesity_group,obesity,obesity_groupobesity,-0.6436428368981686,0,0.7053575500419157,0.36150253158697215,0.9866076119747256,0.5923209828301546,0.999976442700979,NA,logistic,289,255
c__Mollicutes,obesity_group,obesity,obesity_groupobesity,1.1601013473281356,0,1.2731628695960335,0.362191932001166,0.9866076119747256,0.362191932001166,0.9380649629902746,NA,logistic,289,11
Collinsella,carbohydrate,SDC:timepoint48H,carbohydrateSDC:timepoint48H,0.8740828283024498,0,0.9924971640447888,0.3784853575257072,0.9866076119747256,0.14181875970308025,0.6562340789897076,NA,logistic,289,237
Eggerthella,carbohydrate,RDC,carbohydrateRDC,-0.5508316057651005,0,0.6235191678001739,0.37700739427261193,0.9866076119747256,0.6118802132089993,0.999976442700979,NA,logistic,289,212
f__Coriobacteriaceae,carbohydrate,SDC:timepoint48H,carbohydrateSDC:timepoint48H,-0.7114973954773187,0,0.785784581689474,0.36522114311992665,0.9866076119747256,0.054716708273186344,0.36169875988379024,NA,logistic,289,110
Hungatella,carbohydrate,SDC:timepoint48H,carbohydrateSDC:timepoint48H,-1.2146765616895345,0,1.37472151077197,0.37692292861034915,0.9866076119747256,0.6117749631084959,0.999976442700979,NA,logistic,289,61
Lactococcus,obesity_group,obesity,obesity_groupobesity,0.48045661538120266,0,0.5474470481930607,0.3801438864319491,0.9866076119747256,0.1315675991314253,0.6317727165839195,NA,logistic,289,118
Parvimonas,timepoint,48H,timepoint48H,-1.1675890592348994,0,1.3308598978269293,0.38031323815841944,0.9866076119747256,0.1873843141972471,0.7336816609722983,NA,logistic,289,13
Prevotella,obesity_group,obesity,obesity_groupobesity,1.1582148381455217,0,1.322075432663019,0.380998471432793,0.9866076119747256,0.6168371076314612,0.999976442700979,NA,logistic,289,24
Roseburia,carbohydrate,SDC,carbohydrateSDC,0.5075633607495482,0,0.5774082634345541,0.3793810896260464,0.9866076119747256,0.6148321680862465,0.999976442700979,NA,logistic,289,205
f__Prevotellaceae,carbohydrate,RDC,carbohydrateRDC,-0.9473832413463587,0,1.0872878667727697,0.383575649093467,0.9898486769095948,0.6200210196094594,0.999976442700979,NA,logistic,289,36
Anaerotruncus,obesity_group,obesity,obesity_groupobesity,-0.6104321436561497,0,0.7110413342879792,0.39061397895362177,0.9923706492335255,0.6286486773532631,0.999976442700979,NA,logistic,289,98
Enterorhabdus,carbohydrate,SDC:timepoint48H,carbohydrateSDC:timepoint48H,1.5175774126366917,0,1.7642730586219535,0.3896945094824775,0.9923706492335255,0.6275272082441663,0.999976442700979,NA,logistic,289,28
Fusicatenibacter,carbohydrate,RDC:timepoint48H,carbohydrateRDC:timepoint48H,1.1838395572303562,0,1.3765624116870545,0.38979069106281394,0.9923706492335255,0.6276445992864018,0.999976442700979,NA,logistic,289,256
Turicibacter,obesity_group,obesity,obesity_groupobesity,-0.8338592148579139,0,0.9709192311477346,0.3904316700691421,0.9923706492335255,0.07528830668915606,0.4456017221486097,NA,logistic,289,202
Adlercreutzia,carbohydrate,SDC,carbohydrateSDC,-0.5278795427679395,0,0.6189000664066118,0.3936971300903986,0.9967674434793916,0.40251422426284367,0.9618767143182508,NA,logistic,289,136
Enterobacter,obesity_group,obesity,obesity_groupobesity,-1.2277782645777329,0,1.4445916267199206,0.3953730489045366,0.9967674434793916,0.5616322395832419,0.999976442700979,NA,logistic,289,25
Actinomyces,carbohydrate,RDC:timepoint48H,carbohydrateRDC:timepoint48H,0.6655575270461247,0,0.9111257879305438,0.4650979325619745,0.9999981164156955,0.713879778250526,0.999976442700979,NA,logistic,289,141
Actinomyces,carbohydrate,SDC,carbohydrateSDC,-0.2561636321474778,0,0.7276514367874951,0.7248070067983614,0.9999981164156955,0.9242688164927229,0.999976442700979,NA,logistic,289,141
Actinomyces,carbohydrate,SDC:timepoint48H,carbohydrateSDC:timepoint48H,-0.6707714685698138,0,0.9500658887935526,0.4801718055150339,0.9999981164156955,0.7297786482185002,0.999976442700979,NA,logistic,289,141
Adlercreutzia,carbohydrate,RDC,carbohydrateRDC,-0.17482243158702157,0,0.6225598750454494,0.7788544168610293,0.9999981164156955,0.5726698857233441,0.999976442700979,NA,logistic,289,136
Adlercreutzia,carbohydrate,RDC:timepoint48H,carbohydrateRDC:timepoint48H,-0.6978793257327598,0,0.849789055969348,0.41151054052903385,0.9999981164156955,0.65368015609157,0.999976442700979,NA,logistic,289,136
Adlercreutzia,carbohydrate,SDC:timepoint48H,carbohydrateSDC:timepoint48H,-0.25117744703708067,0,0.8416452241052411,0.7653702230671182,0.9999981164156955,0.7487746777087907,0.999976442700979,NA,logistic,289,136
Akkermansia,obesity_group,obesity,obesity_groupobesity,-0.09520490426045965,0,0.757988834535339,0.9000469894736447,0.9999981164156955,0.9063219033645011,0.999976442700979,NA,logistic,289,195
Alistipes,carbohydrate,RDC,carbohydrateRDC,0.26422601417808533,0,0.9276283830380889,0.7757664400590489,0.9999981164156955,0.9497193105962078,0.999976442700979,NA,logistic,289,129
Alistipes,carbohydrate,SDC,carbohydrateSDC,0.48837867530400847,0,0.9145182377257716,0.5933219125526508,0.9999981164156955,0.8215278427333597,0.999976442700979,NA,logistic,289,129
Alistipes,obesity_group,obesity,obesity_groupobesity,-0.49337758506198975,0,0.6035104048447202,0.41363533884622367,0.9999981164156955,0.6561764841500171,0.999976442700979,NA,logistic,289,129
Anaerococcus,carbohydrate,RDC,carbohydrateRDC,-0.2685289499549379,0,0.9355196443128115,0.7740838278972371,0.9999981164156955,0.9489618831824348,0.999976442700979,NA,logistic,289,57
Anaerococcus,carbohydrate,SDC:timepoint48H,carbohydrateSDC:timepoint48H,-0.7918191799788131,0,1.197032005401542,0.5083010825989225,0.9999981164156955,0.7582321746266083,0.999976442700979,NA,logistic,289,57
Anaerococcus,obesity_group,obesity,obesity_groupobesity,0.4027551634989479,0,0.7192343580281734,0.5754946845402493,0.9999981164156955,0.5563158473718772,0.999976442700979,NA,logistic,289,57
Anaerostipes,carbohydrate,SDC,carbohydrateSDC,3.3124996329703817,0,5.8213775419065845,0.5693403076238102,0.9999981164156955,0.8145322293624455,0.999976442700979,NA,logistic,289,255
Anaerostipes,carbohydrate,SDC:timepoint48H,carbohydrateSDC:timepoint48H,-3.652857615003191,0,5.72734253773773,0.5236085919298614,0.9999981164156955,0.1685955398306539,0.7093404816207732,NA,logistic,289,255
Anaerotruncus,carbohydrate,RDC,carbohydrateRDC,0.4040060306300338,0,0.7223076754633362,0.5759387178218458,0.9999981164156955,0.8201720289574198,0.999976442700979,NA,logistic,289,98
Anaerotruncus,carbohydrate,SDC,carbohydrateSDC,0.4135263647248242,0,0.7226905393465837,0.5671838272688912,0.9999981164156955,0.8126701606223949,0.999976442700979,NA,logistic,289,98
Bacteroides,carbohydrate,RDC,carbohydrateRDC,0.22150739393785668,0,0.683421897026169,0.7458508538629824,0.9999981164156955,0.880846805450364,0.999976442700979,NA,logistic,289,173
Bacteroides,carbohydrate,RDC:timepoint48H,carbohydrateRDC:timepoint48H,-0.978689108945084,0,1.3504298878791348,0.46862129628971827,0.9999981164156955,0.5439105647015494,0.999976442700979,NA,logistic,289,173
Bacteroides,carbohydrate,SDC,carbohydrateSDC,-0.03689135349689317,0,0.694479186856263,0.9576355859844853,0.9999981164156955,0.9549923159640072,0.999976442700979,NA,logistic,289,173
Bacteroides,carbohydrate,SDC:timepoint48H,carbohydrateSDC:timepoint48H,-0.9296268617083236,0,1.3368844651661316,0.48682462259728476,0.9999981164156955,0.7366510320275808,0.999976442700979,NA,logistic,289,173
Bacteroides,obesity_group,obesity,obesity_groupobesity,-0.2059039887107406,0,0.7788727216185666,0.7915013476377099,0.9999981164156955,0.956528311963109,0.999976442700979,NA,logistic,289,173
Bifidobacterium,carbohydrate,RDC,carbohydrateRDC,-1.5674998821708082,0,2.1145639639883003,0.4585191254995242,0.9999981164156955,0.7067984625502,0.999976442700979,NA,logistic,289,287
Bifidobacterium,carbohydrate,RDC:timepoint48H,carbohydrateRDC:timepoint48H,3.2006807385746767,0,3.936600294333497,0.41618533293283305,0.9999981164156955,0.013491725930626796,0.13465271566056938,NA,logistic,289,287
Bifidobacterium,carbohydrate,SDC,carbohydrateSDC,-0.028261433260304194,0,2.4152627905365804,0.9906640193374785,0.9999981164156955,0.9766929873888879,0.999976442700979,NA,logistic,289,287
Bifidobacterium,carbohydrate,SDC:timepoint48H,carbohydrateSDC:timepoint48H,0.06089942539782247,0,3.2609548036787475,0.9851001041481877,0.9999981164156955,0.006333678770572809,0.08483796037425158,NA,logistic,289,287
Bifidobacterium,obesity_group,obesity,obesity_groupobesity,-0.8243616417175739,0,1.058796117635963,0.4362248487764115,0.9999981164156955,0.6821575788628199,0.999976442700979,NA,logistic,289,287
Bifidobacterium,timepoint,48H,timepoint48H,-0.08968825178654762,0,2.7055901053989055,0.9735555776304464,0.9999981164156955,0.9367820811861068,0.999976442700979,NA,logistic,289,287
Bilophila,carbohydrate,RDC:timepoint48H,carbohydrateRDC:timepoint48H,0.6967947580475109,0,1.366460346767879,0.6101027423591368,0.9999981164156955,0.8479801284841344,0.999976442700979,NA,logistic,289,55
Bilophila,carbohydrate,SDC,carbohydrateSDC,-0.4606236612758809,0,0.9729500087373738,0.6359064758359783,0.9999981164156955,0.8663673436469885,0.999976442700979,NA,logistic,289,55
Bilophila,carbohydrate,SDC:timepoint48H,carbohydrateSDC:timepoint48H,-0.43889802129007627,0,1.094818724083818,0.6885037065677341,0.9999981164156955,0.9029700591779597,0.999976442700979,NA,logistic,289,55
Bilophila,obesity_group,obesity,obesity_groupobesity,-0.3723085569370428,0,0.5619966375055407,0.507667040316072,0.9999981164156955,0.4229594311115108,0.9783047915843811,NA,logistic,289,55
Blautia,carbohydrate,RDC:timepoint48H,carbohydrateRDC:timepoint48H,0.16416684043626661,0,69540.92103180393,0.9999981164156955,0.9999981164156955,0.43832641142137097,0.9849144782664006,NA,logistic,289,285
Blautia,carbohydrate,SDC,carbohydrateSDC,5.95048323470659,0,555343.2640370725,0.9999914506954353,0.9999981164156955,0.9947433568700026,0.999976442700979,NA,logistic,289,285
Blautia,timepoint,48H,timepoint48H,0.5979791033819813,0,69540.92102075185,0.9999931390282547,0.9999981164156955,0.958578743709365,0.999976442700979,NA,logistic,289,285
Butyricimonas,carbohydrate,RDC,carbohydrateRDC,-0.27418616468769114,0,147.78015405126146,0.9985196335497123,0.9999981164156955,0.9985196335497123,0.999976442700979,NA,logistic,289,38
Butyricimonas,carbohydrate,RDC:timepoint48H,carbohydrateRDC:timepoint48H,-1.4842705858022336,0,147.77980507614268,0.9919863429719891,0.9999981164156955,0.9919863429719891,0.999976442700979,NA,logistic,289,38
Butyricimonas,carbohydrate,SDC,carbohydrateSDC,-0.20792108233447845,0,151.1311688067319,0.9989022981133747,0.9999981164156955,0.9989022981133747,0.999976442700979,NA,logistic,289,38
Butyricimonas,carbohydrate,SDC:timepoint48H,carbohydrateSDC:timepoint48H,-1.4446932681667974,0,151.13085531723115,0.9923729611915595,0.9999981164156955,0.9923729611915595,0.999976442700979,NA,logistic,289,38
Butyricimonas,timepoint,48H,timepoint48H,16.40605033286078,0,127.90745008562472,0.8979392545092475,0.9999981164156955,0.8979392545092475,0.999976442700979,NA,logistic,289,38
c__Mollicutes,carbohydrate,RDC,carbohydrateRDC,-0.388557106674286,0,0.9443413121697065,0.6807364845149387,0.9999981164156955,0.6807364845149387,0.999976442700979,NA,logistic,289,11
c__Mollicutes,carbohydrate,RDC:timepoint48H,carbohydrateRDC:timepoint48H,0.14887035744944277,0,120.16437303320453,0.9990115095981726,0.9999981164156955,0.9990115095981726,0.999976442700979,NA,logistic,289,11
c__Mollicutes,carbohydrate,SDC:timepoint48H,carbohydrateSDC:timepoint48H,1.4304093993374234,0,111.48059168365258,0.9897626103115283,0.9999981164156955,0.9897626103115283,0.999976442700979,NA,logistic,289,11
c__Mollicutes,timepoint,48H,timepoint48H,-11.451520932168991,0,93.1216430384745,0.9021278567283848,0.9999981164156955,0.9021278567283848,0.999976442700979,NA,logistic,289,11
Catenibacterium,carbohydrate,RDC,carbohydrateRDC,-0.11084041606394146,0,0.7166470168052699,0.8770851981007779,0.9999981164156955,0.984891951474075,0.999976442700979,NA,logistic,289,59
Catenibacterium,carbohydrate,RDC:timepoint48H,carbohydrateRDC:timepoint48H,0.33785641796370225,0,1.0441603405911886,0.7462654479984323,0.9999981164156955,0.4392447673211649,0.9849144782664006,NA,logistic,289,59
Catenibacterium,carbohydrate,SDC,carbohydrateSDC,0.06782556065140806,0,0.713172339495296,0.9242322003618099,0.9999981164156955,0.8792979396402998,0.999976442700979,NA,logistic,289,59
Catenibacterium,carbohydrate,SDC:timepoint48H,carbohydrateSDC:timepoint48H,0.6992085810115467,0,1.0242130112246193,0.49480978453692476,0.9999981164156955,0.14985455962941982,0.6750085916050858,NA,logistic,289,59
Catenibacterium,timepoint,48H,timepoint48H,-0.710044847981605,0,0.8686026545266134,0.4136676236148548,0.9999981164156955,0.4848679013600917,0.999976442700979,NA,logistic,289,59
Clostridium,carbohydrate,RDC,carbohydrateRDC,-0.28970828656063335,0,0.6191954529403273,0.6398714253025961,0.9999981164156955,0.7739954996430443,0.999976442700979,NA,logistic,289,239
Clostridium,carbohydrate,RDC:timepoint48H,carbohydrateRDC:timepoint48H,-0.14965826090939194,0,1.3533349622454272,0.9119456103134952,0.9999981164156955,0.38266879976803236,0.940866899275942,NA,logistic,289,239
Clostridium,carbohydrate,SDC,carbohydrateSDC,-0.3280427161043358,0,0.6202105067869546,0.5968598568541668,0.9999981164156955,0.77899376528234765,0.999976442700979,NA,logistic,289,239
Clostridium,obesity_group,obesity,obesity_groupobesity,-0.05972186426648817,0,0.7622207081728022,0.9375476920648146,0.9999981164156955,0.9617914255309139,0.999976442700979,NA,logistic,289,239
Collinsella,carbohydrate,RDC,carbohydrateRDC,-0.5440397525554068,0,0.6587928728036571,0.4089101493036583,0.9999981164156955,0.6506127884037765,0.999976442700979,NA,logistic,289,237
Collinsella,carbohydrate,SDC,carbohydrateSDC,-0.462338212236574,0,0.6616272549151658,0.4846835596783052,0.9999981164156955,0.7344489663341772,0.999976442700979,NA,logistic,289,237
Collinsella,obesity_group,obesity,obesity_groupobesity,-0.03344980695092369,0,0.809262647699049,0.967029879666167,0.9999981164156955,0.28788629709307834,0.8770115394723557,NA,logistic,289,237
Collinsella,timepoint,48H,timepoint48H,0.6765518176614328,0,0.81559547699481,0.40681087797975535,0.9999981164156955,0.4141471766404775,0.9721802284873706,NA,logistic,289,237
Coprobacillus,carbohydrate,RDC,carbohydrateRDC,-1.2564745586563892,0,1.5978013017881856,0.43164652038352347,0.9999981164156955,0.6769743222078434,0.999976442700979,NA,logistic,289,23
Coprobacillus,carbohydrate,RDC:timepoint48H,carbohydrateRDC:timepoint48H,-0.04610863560557281,0,1.829092157349788,0.9798886719377552,0.9999981164156955,0.9855037343687797,0.999976442700979,NA,logistic,289,23
Coprobacillus,carbohydrate,SDC,carbohydrateSDC,-1.255101541859731,0,1.597933143295328,0.4321879577302527,0.9999981164156955,0.6775894846534587,0.999976442700979,NA,logistic,289,23
Coprobacillus,carbohydrate,SDC:timepoint48H,carbohydrateSDC:timepoint48H,-0.05654274738087008,0,1.8280850624674374,0.9753253314943201,0.9999981164156955,0.5972645633553071,0.999976442700979,NA,logistic,289,23
Coprococcus,carbohydrate,RDC,carbohydrateRDC,-0.36881341152760605,0,0.7798516821301166,0.636264808343685,0.9999981164156955,0.8226850881663016,0.999976442700979,NA,logistic,289,235
Coprococcus,carbohydrate,RDC:timepoint48H,carbohydrateRDC:timepoint48H,0.39720122909550953,0,0.9592958811186435,0.678833848326681,0.9999981164156955,0.48813919358403224,0.999976442700979,NA,logistic,289,235
Coprococcus,carbohydrate,SDC,carbohydrateSDC,-0.02863793734228171,0,0.8003856899565094,0.9714576437037601,0.9999981164156955,0.9672216678817602,0.999976442700979,NA,logistic,289,235
Coprococcus,carbohydrate,SDC:timepoint48H,carbohydrateSDC:timepoint48H,0.7117030897623111,0,0.9917769594114897,0.47300150514982625,0.9999981164156955,0.20163751930276308,0.7602481283341215,NA,logistic,289,235
Dialister,carbohydrate,RDC:timepoint48H,carbohydrateRDC:timepoint48H,-0.1412573862778975,0,0.8650101469998496,0.8702811150407175,0.9999981164156955,0.06636886164342153,0.41197256800611654,NA,logistic,289,76
Dialister,carbohydrate,SDC,carbohydrateSDC,-0.2760415642885675,0,0.5936087247783028,0.641915161671723,0.9999981164156955,0.6209826317131639,0.999976442700979,NA,logistic,289,76
Dialister,carbohydrate,SDC:timepoint48H,carbohydrateSDC:timepoint48H,-0.2210510699190246,0,0.8496085335892285,0.7947250019647614,0.9999981164156955,0.5254124890758192,0.999976442700979,NA,logistic,289,76
Dorea,carbohydrate,SDC,carbohydrateSDC,0.22047761813543917,0,8.59281633429132,0.9795298328071571,0.9999981164156955,0.9965892384842328,0.999976442700979,NA,logistic,289,270
Dorea,carbohydrate,SDC:timepoint48H,carbohydrateSDC:timepoint48H,-1.6404112057719635,0,8.59238809272057,0.8485926044511264,0.9999981164156955,0.04893692273379697,0.345956856548648,NA,logistic,289,270
Eggerthella,carbohydrate,RDC:timepoint48H,carbohydrateRDC:timepoint48H,-0.2904252573202456,0,0.9849660835093426,0.7681022581799987,0.9999981164156955,0.4020513661229198,0.9618767143182508,NA,logistic,289,212
Eggerthella,carbohydrate,SDC,carbohydrateSDC,-0.40772306137593256,0,0.6254624727721138,0.5144821108473929,0.9999981164156955,0.7642723793127968,0.999976442700979,NA,logistic,289,212
Eggerthella,carbohydrate,SDC:timepoint48H,carbohydrateSDC:timepoint48H,-0.3994771825678762,0,0.9854868737630682,0.6852127422061565,0.9999981164156955,0.4686157140964816,0.999976442700979,NA,logistic,289,212
Eggerthella,obesity_group,obesity,obesity_groupobesity,0.31103453013687465,0,0.8831009112570892,0.7246828514554259,0.9999981164156955,0.25043522085465353,0.8377788498778611,NA,logistic,289,212
Eisenbergiella,carbohydrate,RDC,carbohydrateRDC,-0.2893086210530695,0,1.330066591583299,0.8278074951765124,0.9999981164156955,0.9703497412826132,0.999976442700979,NA,logistic,289,41
Eisenbergiella,carbohydrate,RDC:timepoint48H,carbohydrateRDC:timepoint48H,-0.7696278595996063,0,1.4558603457157675,0.5970543266395122,0.9999981164156955,0.8376347843200631,0.999976442700979,NA,logistic,289,41
Eisenbergiella,carbohydrate,SDC,carbohydrateSDC,0.568943993305086,0,1.2316342299152132,0.6441226729312425,0.9999981164156955,0.784108416718958,0.999976442700979,NA,logistic,289,41
Eisenbergiella,obesity_group,obesity,obesity_groupobesity,-0.6763798046100674,0,0.8248507946548744,0.41221461919185604,0.9999981164156955,0.40151489518504935,0.9618767143182508,NA,logistic,289,41
Enterobacter,carbohydrate,RDC,carbohydrateRDC,0.04721437510164913,0,128.54304084299537,0.9997069338032814,0.9999981164156955,0.07250944231235468,0.4342036016116298,NA,logistic,289,25
Enterobacter,carbohydrate,RDC:timepoint48H,carbohydrateRDC:timepoint48H,-0.43446052835199067,0,128.54367412805925,0.9973032613995881,0.9999981164156955,0.9973032613995881,0.999976442700979,NA,logistic,289,25
Enterobacter,carbohydrate,SDC,carbohydrateSDC,9.829853209971954,0,101.42969680684784,0.9227955083607846,0.9999981164156955,0.02725997449701528,0.23125545031634626,NA,logistic,289,25
Enterobacter,carbohydrate,SDC:timepoint48H,carbohydrateSDC:timepoint48H,-10.08190511157207,0,101.43156714846837,0.9208237563233925,0.9999981164156955,0.9208237563233925,0.999976442700979,NA,logistic,289,25
Enterobacter,timepoint,48H,timepoint48H,13.578255070510385,0,101.44082108332304,0.8935180613512095,0.9999981164156955,3.240914679286742e-4,0.006344713737526737,NA,logistic,289,25
Enterococcus,carbohydrate,RDC,carbohydrateRDC,-0.017032203628327948,0,1.3134102945711026,0.9896533844096883,0.9999981164156955,0.9843277922112071,0.999976442700979,NA,logistic,289,47
Enterococcus,carbohydrate,RDC:timepoint48H,carbohydrateRDC:timepoint48H,0.3957118705995706,0,1.4777215090839126,0.7888647047853982,0.9999981164156955,0.8555547521014408,0.999976442700979,NA,logistic,289,47
Enterococcus,carbohydrate,SDC,carbohydrateSDC,0.46587770075211593,0,1.2491169214689788,0.7091740119425661,0.9999981164156955,0.35824654278768375,0.9351153347637489,NA,logistic,289,47
Enterococcus,carbohydrate,SDC:timepoint48H,carbohydrateSDC:timepoint48H,-0.4579456900773585,0,1.4215613691797129,0.7473445525344344,0.9999981164156955,0.12738250351961014,0.6175018503950624,NA,logistic,289,47
Enterococcus,obesity_group,obesity,obesity_groupobesity,0.5831667738401634,0,1.1950918456323394,0.625572391162435,0.9999981164156955,0.8598039657401835,0.999976442700979,NA,logistic,289,47
Enterorhabdus,carbohydrate,RDC,carbohydrateRDC,-0.07585339105911412,0,1.1853666183287077,0.9489769928706904,0.9999981164156955,0.6390686779365443,0.999976442700979,NA,logistic,289,28
Enterorhabdus,carbohydrate,RDC:timepoint48H,carbohydrateRDC:timepoint48H,0.17233063517827626,0,1.8176895512731104,0.924467715130144,0.9999981164156955,0.5924420589082251,0.999976442700979,NA,logistic,289,28
Enterorhabdus,carbohydrate,SDC,carbohydrateSDC,-0.07221372194743579,0,1.1857370677137304,0.9514372814529781,0.9999981164156955,0.7234684493941783,0.999976442700979,NA,logistic,289,28
Enterorhabdus,timepoint,48H,timepoint48H,-1.152346469285654,0,1.4978610744716436,0.44169861733909477,0.9999981164156955,0.6882995661189215,0.999976442700979,NA,logistic,289,28
Erysipelatoclostridium,carbohydrate,RDC,carbohydrateRDC,-0.21953875694874786,0,0.5517178005752245,0.69069021281182,0.9999981164156955,0.5247511033787636,0.999976442700979,NA,logistic,289,118
Erysipelatoclostridium,carbohydrate,SDC,carbohydrateSDC,-0.44517528378982374,0,0.5529830063320134,0.42079467301715445,0.9999981164156955,0.6645211891946949,0.999976442700979,NA,logistic,289,118
Erysipelatoclostridium,carbohydrate,SDC:timepoint48H,carbohydrateSDC:timepoint48H,-0.43547720189100453,0,0.7504570153599925,0.5617240109495208,0.9999981164156955,0.8079141574218243,0.999976442700979,NA,logistic,289,118
Erysipelatoclostridium,obesity_group,obesity,obesity_groupobesity,0.14369013600724537,0,0.5776391937782198,0.8035509736475441,0.9999981164156955,0.6446077383009843,0.999976442700979,NA,logistic,289,118
Escherichia,carbohydrate,RDC,carbohydrateRDC,0.23623150339438662,0,0.5962008890082849,0.691936815366659,0.9999981164156955,0.7136413905029562,0.999976442700979,NA,logistic,289,181
Escherichia,carbohydrate,SDC,carbohydrateSDC,0.26410106114614446,0,0.5968636013186898,0.6581408636161299,0.9999981164156955,0.6949952212746886,0.999976442700979,NA,logistic,289,181
Eubacterium,carbohydrate,SDC,carbohydrateSDC,2.906005840697618,0,5.123412099113973,0.5705774464468613,0.9999981164156955,0.8155962704999017,0.999976442700979,NA,logistic,289,269
Eubacterium,carbohydrate,SDC:timepoint48H,carbohydrateSDC:timepoint48H,-3.9598270912846387,0,5.120336311612034,0.43931353850553284,0.9999981164156955,0.18695116319192528,0.7336816609722983,NA,logistic,289,269
f__Christensenellaceae,carbohydrate,RDC,carbohydrateRDC,-0.3029205457806768,0,0.8179723579898758,0.7111358562268506,0.9999981164156955,0.9165575064422052,0.999976442700979,NA,logistic,289,214
f__Christensenellaceae,carbohydrate,RDC:timepoint48H,carbohydrateRDC:timepoint48H,-0.39777702590132547,0,0.9999166396097604,0.6907701071820087,0.9999981164156955,0.7667446720310257,0.999976442700979,NA,logistic,289,214
f__Christensenellaceae,carbohydrate,SDC,carbohydrateSDC,0.33995887019106563,0,0.8677282555053085,0.695220523248161,0.9999981164156955,0.9071094705508752,0.999976442700979,NA,logistic,289,214
f__Coriobacteriaceae,carbohydrate,RDC,carbohydrateRDC,0.3358622041414647,0,0.5513736017929557,0.5424334632820909,0.9999981164156955,0.7248875452399315,0.999976442700979,NA,logistic,289,110
f__Coriobacteriaceae,carbohydrate,SDC,carbohydrateSDC,0.23254523182467174,0,0.5515800499484089,0.6733182202731416,0.9999981164156955,0.8932790147944923,0.999976442700979,NA,logistic,289,110
f__Defluviitaleaceae,carbohydrate,RDC,carbohydrateRDC,-0.39669365497958,0,0.9203911025758001,0.6664643495443356,0.9999981164156955,0.8887539698751168,0.999976442700979,NA,logistic,289,29
f__Defluviitaleaceae,carbohydrate,RDC:timepoint48H,carbohydrateRDC:timepoint48H,-0.7243285106594702,0,1.3018244947639224,0.5779409240059493,0.9999981164156955,0.2729037173914709,0.8627825599519173,NA,logistic,289,29
f__Defluviitaleaceae,carbohydrate,SDC,carbohydrateSDC,-0.1385597028615573,0,0.9037713442311451,0.8781516179575979,0.9999981164156955,0.3730764574571398,0.9380649629902746,NA,logistic,289,29
f__Defluviitaleaceae,carbohydrate,SDC:timepoint48H,carbohydrateSDC:timepoint48H,-0.63627430490603,0,1.2642915666541708,0.6147776315140909,0.9999981164156955,0.8516037268181065,0.999976442700979,NA,logistic,289,29
f__Defluviitaleaceae,timepoint,48H,timepoint48H,-0.32188455292030027,0,1.0207788251019205,0.7525093496287271,0.9999981164156955,0.9012144524692358,0.999976442700979,NA,logistic,289,29
f__Erysipelotrichaceae,carbohydrate,RDC,carbohydrateRDC,-0.06855109025845915,0,0.7133863023059536,0.9234470889454434,0.9999981164156955,0.9006301095127275,0.999976442700979,NA,logistic,289,224
f__Erysipelotrichaceae,carbohydrate,SDC,carbohydrateSDC,0.23111156992478907,0,0.7311425877326356,0.751929307948249,0.9999981164156955,0.9384609317449653,0.999976442700979,NA,logistic,289,224
f__Erysipelotrichaceae,obesity_group,obesity,obesity_groupobesity,-0.3400406164778083,0,0.7002993532046179,0.6272758587267682,0.9999981164156955,0.8602155587364998,0.999976442700979,NA,logistic,289,224
f__Erysipelotrichaceae,timepoint,48H,timepoint48H,0.009801168066448537,0,0.808156545204523,0.9903236458027637,0.9999981164156955,0.9768432027843617,0.999976442700979,NA,logistic,289,224
f__Family.XIII,carbohydrate,RDC:timepoint48H,carbohydrateRDC:timepoint48H,0.21499043346957683,0,1.2531995735010328,0.8637887800094338,0.9999981164156955,0.7552646399749936,0.999976442700979,NA,logistic,289,190
f__Family.XIII,carbohydrate,SDC,carbohydrateSDC,-0.6805968028232013,0,1.1717685351358345,0.5613559055823298,0.9999981164156955,0.8075913584325021,0.999976442700979,NA,logistic,289,190
f__Family.XIII,carbohydrate,SDC:timepoint48H,carbohydrateSDC:timepoint48H,-0.5285617734560578,0,1.287537614414887,0.6814234917575379,0.9999981164156955,0.3725080232780652,0.9380649629902746,NA,logistic,289,190
f__Lachnospiraceae,carbohydrate,RDC,carbohydrateRDC,-10.753666663941022,0,224.4957452022961,0.9617948017142263,0.9999981164156955,0.9985403628239446,0.999976442700979,NA,logistic,289,281
f__Lachnospiraceae,carbohydrate,RDC:timepoint48H,carbohydrateRDC:timepoint48H,-0.24509769498440523,0,297.9694651345715,0.9993436923324498,0.9999981164156955,0.6511863877841186,0.999976442700979,NA,logistic,289,281
f__Lachnospiraceae,carbohydrate,SDC,carbohydrateSDC,0.005204696603635959,0,269.9714030309969,0.9999846178261222,0.9999981164156955,0.999840581236394,0.999976442700979,NA,logistic,289,281
f__Lachnospiraceae,carbohydrate,SDC:timepoint48H,carbohydrateSDC:timepoint48H,-10.969947641526366,0,333.5746092911085,0.9737654659649619,0.9999981164156955,0.29155400299153145,0.8770115394723557,NA,logistic,289,281
f__Lachnospiraceae,obesity_group,obesity,obesity_groupobesity,-0.4721786177454586,0,0.7389933113233758,0.5228564793196508,0.9999981164156955,0.7723340606727612,0.999976442700979,NA,logistic,289,281
f__Lachnospiraceae,timepoint,48H,timepoint48H,-0.10256216149127118,0,297.96803833805205,0.9997253639550839,0.9999981164156955,0.5541974303449455,0.999976442700979,NA,logistic,289,281
f__Prevotellaceae,carbohydrate,RDC:timepoint48H,carbohydrateRDC:timepoint48H,0.46346353913113686,0,1.290769012902593,0.7195501942913172,0.9999981164156955,0.20561020208353042,0.768987234496543,NA,logistic,289,36
f__Prevotellaceae,carbohydrate,SDC,carbohydrateSDC,-0.47608730825694634,0,1.0071594796479268,0.6364250854389384,0.9999981164156955,0.16661519918298678,0.7093404816207732,NA,logistic,289,36
f__Prevotellaceae,obesity_group,obesity,obesity_groupobesity,0.572680422306267,0,0.7376125969039307,0.4375144434661958,0.9999981164156955,0.68207229103158,0.999976442700979,NA,logistic,289,36
f__Ruminococcaceae,carbohydrate,RDC,carbohydrateRDC,-10.009251164596664,0,121.9927508336558,0.934608609164842,0.9999981164156955,0.8660186846371469,0.999976442700979,NA,logistic,289,274
f__Ruminococcaceae,carbohydrate,RDC:timepoint48H,carbohydrateRDC:timepoint48H,-0.7749830387632899,0,164.64362381336346,0.9962443445799296,0.9999981164156955,0.9835842215667678,0.999976442700979,NA,logistic,289,274
f__Ruminococcaceae,carbohydrate,SDC,carbohydrateSDC,-0.0334946057611514,0,146.4270910145308,0.9998174871303611,0.9999981164156955,0.9999643834208514,0.999976442700979,NA,logistic,289,274
f__Ruminococcaceae,carbohydrate,SDC:timepoint48H,carbohydrateSDC:timepoint48H,-10.327559824257653,0,183.48362189608798,0.9551139685734535,0.9999981164156955,0.7155592390373735,0.999976442700979,NA,logistic,289,274
f__Ruminococcaceae,timepoint,48H,timepoint48H,-0.11394144481553406,0,164.64206087718864,0.9994478196402997,0.9999981164156955,0.04008567732361823,0.29570448924234316,NA,logistic,289,274
Faecalibacterium,carbohydrate,RDC,carbohydrateRDC,0.15371042647484592,0,0.7963371106191861,0.8469418912852517,0.9999981164156955,0.9765732153566643,0.999976442700979,NA,logistic,289,256
Faecalibacterium,carbohydrate,RDC:timepoint48H,carbohydrateRDC:timepoint48H,0.10960469666845817,0,1.0086259644591897,0.9134663504155903,0.9999981164156955,0.08572766218346872,0.47429760925419107,NA,logistic,289,256
Faecalibacterium,carbohydrate,SDC,carbohydrateSDC,0.6230529107734815,0,0.8468773877383978,0.461909540153662,0.9999981164156955,0.7104586570223564,0.999976442700979,NA,logistic,289,256
Faecalibacterium,carbohydrate,SDC:timepoint48H,carbohydrateSDC:timepoint48H,0.7926806387220098,0,1.1178160613527655,0.47824173428423705,0.9999981164156955,0.09586306266819933,0.5082739468553485,NA,logistic,289,256
Faecalibacterium,obesity_group,obesity,obesity_groupobesity,0.1695560597477697,0,0.7273967364772177,0.8156838824974516,0.9999981164156955,0.41099810467250264,0.9721802284873706,NA,logistic,289,256
Faecalibacterium,timepoint,48H,timepoint48H,-0.546240134577136,0,0.8250792541244713,0.5079419632671747,0.9999981164156955,0.7578788884866375,0.999976442700979,NA,logistic,289,256
Faecalitalea,carbohydrate,RDC,carbohydrateRDC,-0.29352303264941454,0,0.6075815909026241,0.6290243062728412,0.9999981164156955,0.8623770346636532,0.999976442700979,NA,logistic,289,69
Faecalitalea,carbohydrate,RDC:timepoint48H,carbohydrateRDC:timepoint48H,-0.2757285143057115,0,0.9274822663668589,0.7662473285515017,0.9999981164156955,0.852792256634844,0.999976442700979,NA,logistic,289,69
Faecalitalea,carbohydrate,SDC,carbohydrateSDC,-0.05879057555984162,0,0.6051249378185778,0.9226037469915448,0.9999981164156955,0.7460240241730027,0.999976442700979,NA,logistic,289,69
Faecalitalea,carbohydrate,SDC:timepoint48H,carbohydrateSDC:timepoint48H,-0.39009915159576447,0,0.9160306204285343,0.6702111747035709,0.9999981164156955,0.705550277417516,0.999976442700979,NA,logistic,289,69
Finegoldia,carbohydrate,RDC,carbohydrateRDC,-0.960151018434362,0,1.536002955903647,0.5319073204435294,0.9999981164156955,0.29356043432978196,0.8770115394723557,NA,logistic,289,45
Finegoldia,carbohydrate,RDC:timepoint48H,carbohydrateRDC:timepoint48H,-0.3880974277936109,0,1.6688983116794014,0.8161131253608878,0.9999981164156955,0.3697390701362012,0.9380649629902746,NA,logistic,289,45
Finegoldia,carbohydrate,SDC,carbohydrateSDC,-0.9579835840223158,0,1.5356528014905755,0.5327403915542794,0.9999981164156955,0.5731032924263033,0.999976442700979,NA,logistic,289,45
Finegoldia,carbohydrate,SDC:timepoint48H,carbohydrateSDC:timepoint48H,-0.41971739279199183,0,1.6675014194495474,0.8012695796405429,0.9999981164156955,0.7190398967276082,0.999976442700979,NA,logistic,289,45
Finegoldia,obesity_group,obesity,obesity_groupobesity,0.5617046538007826,0,1.1252051979824391,0.6176371054509437,0.9999981164156955,0.353930739905316,0.9351153347637489,NA,logistic,289,45
Fusicatenibacter,carbohydrate,RDC,carbohydrateRDC,-0.601162744491458,0,1.2044682413191936,0.6177015418604087,0.9999981164156955,0.8538478889040911,0.999976442700979,NA,logistic,289,256
Fusicatenibacter,carbohydrate,SDC,carbohydrateSDC,0.9066919395642776,0,1.48284838841323,0.5408997941302074,0.9999981164156955,0.7892270009703141,0.999976442700979,NA,logistic,289,256
Fusicatenibacter,carbohydrate,SDC:timepoint48H,carbohydrateSDC:timepoint48H,0.729315808298603,0,1.6653217988588087,0.661427697722778,0.9999981164156955,0.012719120888412734,0.12948065064404163,NA,logistic,289,256
Gordonibacter,carbohydrate,RDC,carbohydrateRDC,-0.19186747517059113,0,0.5932385354287896,0.7463742899452374,0.9999981164156955,0.9356739991992175,0.999976442700979,NA,logistic,289,113
Gordonibacter,carbohydrate,RDC:timepoint48H,carbohydrateRDC:timepoint48H,-0.30712031619972113,0,0.8223421331434567,0.7087984885488868,0.9999981164156955,0.9152016797285872,0.999976442700979,NA,logistic,289,113
Gordonibacter,carbohydrate,SDC:timepoint48H,carbohydrateSDC:timepoint48H,0.27821442629891197,0,0.8204675312510736,0.7345400115402336,0.9999981164156955,0.9295309945269408,0.999976442700979,NA,logistic,289,113
Holdemanella,carbohydrate,SDC,carbohydrateSDC,-0.24498814790797321,0,0.633485399802963,0.6989557076801769,0.9999981164156955,0.9093723340616569,0.999976442700979,NA,logistic,289,108
Holdemanella,obesity_group,obesity,obesity_groupobesity,-0.004869923198882836,0,0.9323597973366834,0.9958324899080501,0.9999981164156955,0.7743111687297287,0.999976442700979,NA,logistic,289,108
Holdemanella,timepoint,48H,timepoint48H,-0.04055278727506036,0,0.7071427820631144,0.9542684770252663,0.9999981164156955,0.7848953268190118,0.999976442700979,NA,logistic,289,108
Hungatella,carbohydrate,RDC,carbohydrateRDC,-0.2785130100335706,0,1.2740355281981302,0.8269562451424718,0.9999981164156955,0.9596008270130013,0.999976442700979,NA,logistic,289,61
Hungatella,carbohydrate,RDC:timepoint48H,carbohydrateRDC:timepoint48H,-1.1419562332522974,0,1.3748432580364616,0.4061949394752653,0.9999981164156955,0.6473955500952162,0.999976442700979,NA,logistic,289,61
Hungatella,carbohydrate,SDC,carbohydrateSDC,-0.248136072545202,0,1.2742673254363144,0.8456055559440323,0.9999981164156955,0.9018569334730496,0.999976442700979,NA,logistic,289,61
Hungatella,obesity_group,obesity,obesity_groupobesity,-0.40826454229774123,0,0.621155982228834,0.5110100656232038,0.9999981164156955,0.729872967274081,0.999976442700979,NA,logistic,289,61
Intestinibacter,carbohydrate,RDC,carbohydrateRDC,-0.2568741843127344,0,0.6615431981275655,0.6977974370065398,0.9999981164156955,0.8953893960567203,0.999976442700979,NA,logistic,289,224
Intestinibacter,carbohydrate,RDC:timepoint48H,carbohydrateRDC:timepoint48H,-0.17132891283508903,0,0.9191375222170162,0.8521296602870279,0.9999981164156955,0.5758879890847557,0.999976442700979,NA,logistic,289,224
Intestinibacter,carbohydrate,SDC,carbohydrateSDC,-0.031047315195885224,0,0.6718919709570013,0.9631438363074138,0.9999981164156955,0.8334056258685394,0.999976442700979,NA,logistic,289,224
Intestinibacter,carbohydrate,SDC:timepoint48H,carbohydrateSDC:timepoint48H,-0.6776850012042209,0,0.9195112320095568,0.4611188949690109,0.9999981164156955,0.43405247032758176,0.9849144782664006,NA,logistic,289,224
Intestinibacter,timepoint,48H,timepoint48H,0.03743593126972908,0,0.7755592816844487,0.9615013871597227,0.9999981164156955,0.029984363811751683,0.24687834146417656,NA,logistic,289,224
Lachnoclostridium,carbohydrate,RDC,carbohydrateRDC,-10.413250716336286,0,191.84525805188972,0.9567125401094541,0.9999981164156955,0.9974423137569401,0.999976442700979,NA,logistic,289,279
Lachnoclostridium,carbohydrate,RDC:timepoint48H,carbohydrateRDC:timepoint48H,-1.0822598729591997,0,257.19192891695633,0.9966425233534871,0.9999981164156955,0.9578284891122782,0.999976442700979,NA,logistic,289,279
Lachnoclostridium,carbohydrate,SDC,carbohydrateSDC,5.586002407737596e-4,0,229.86791700786625,0.9999980610669224,0.9999981164156955,0.999410421701829,0.999976442700979,NA,logistic,289,279
Lachnoclostridium,carbohydrate,SDC:timepoint48H,carbohydrateSDC:timepoint48H,-10.29458117949532,0,286.67519679544625,0.9713539139387217,0.9999981164156955,0.9787992913368166,0.999976442700979,NA,logistic,289,279
Lachnoclostridium,obesity_group,obesity,obesity_groupobesity,0.05536790728057488,0,0.6501015038306306,0.9321277541107686,0.9999981164156955,0.5624788072313849,0.999976442700979,NA,logistic,289,279
Lachnoclostridium,timepoint,48H,timepoint48H,0.0030520302761673354,0,257.19059349884685,0.9999905316605741,0.9999981164156955,0.014515265879237474,0.1394013270289033,NA,logistic,289,279
Lachnospira,carbohydrate,RDC,carbohydrateRDC,-0.04908490845751144,0,1.0331815187541156,0.9621079526697236,0.9999981164156955,0.3186188543687064,0.900983315964842,NA,logistic,289,27
Lachnospira,carbohydrate,RDC:timepoint48H,carbohydrateRDC:timepoint48H,0.3453152221373303,0,1.3531980512270216,0.7985805712301961,0.9999981164156955,0.6866277502266974,0.999976442700979,NA,logistic,289,27
Lachnospira,carbohydrate,SDC,carbohydrateSDC,-0.434682532222565,0,1.0720747354287155,0.6851400252000602,0.9999981164156955,0.6042552032025376,0.999976442700979,NA,logistic,289,27
Lachnospira,carbohydrate,SDC:timepoint48H,carbohydrateSDC:timepoint48H,0.49309528993972357,0,1.3886680887208933,0.7225258696162136,0.9999981164156955,0.9230081069677615,0.999976442700979,NA,logistic,289,27
Lachnospira,timepoint,48H,timepoint48H,0.5635584560933493,0,1.1236894351542743,0.6160016176950467,0.9999981164156955,0.017331959192252618,0.15753512908672468,NA,logistic,289,27
Lactobacillus,carbohydrate,RDC,carbohydrateRDC,-0.14764417153885878,0,0.702958800874454,0.8336423327203807,0.9999981164156955,0.8356715105322006,0.999976442700979,NA,logistic,289,63
Lactobacillus,carbohydrate,SDC,carbohydrateSDC,0.3182102038711197,0,0.6852686985913402,0.642391065256761,0.9999981164156955,0.7176677398325331,0.999976442700979,NA,logistic,289,63
Lactobacillus,carbohydrate,SDC:timepoint48H,carbohydrateSDC:timepoint48H,0.33425951009001253,0,0.9836098986722197,0.7339850456489887,0.9999981164156955,0.00335477254433348,0.04743275625182615,NA,logistic,289,63
Lactobacillus,timepoint,48H,timepoint48H,-0.5095780571321566,0,0.8425554327154979,0.5453114745112948,0.9999981164156955,0.4956330256092041,0.999976442700979,NA,logistic,289,63
Lactococcus,carbohydrate,RDC,carbohydrateRDC,-0.2577890943107492,0,0.5759968981720528,0.6544758865365381,0.9999981164156955,0.6048654736510395,0.999976442700979,NA,logistic,289,118
Lactococcus,carbohydrate,RDC:timepoint48H,carbohydrateRDC:timepoint48H,-0.3683611147518624,0,0.8117138536926928,0.6499680234020828,0.9999981164156955,0.4685589392184374,0.999976442700979,NA,logistic,289,118
Lactococcus,carbohydrate,SDC:timepoint48H,carbohydrateSDC:timepoint48H,0.011539282611508363,0,0.8037720112570872,0.988545633527645,0.9999981164156955,0.42491702650626995,0.9783047915843811,NA,logistic,289,118
Lactonifactor,carbohydrate,RDC,carbohydrateRDC,-0.2476732958953287,0,142.77389422431315,0.9986158912252191,0.9999981164156955,0.9986158912252191,0.999976442700979,NA,logistic,289,26
Lactonifactor,carbohydrate,RDC:timepoint48H,carbohydrateRDC:timepoint48H,-1.3333635079171524,0,142.77420468286346,0.9925486911658753,0.9999981164156955,0.9925486911658753,0.999976442700979,NA,logistic,289,26
Lactonifactor,carbohydrate,SDC,carbohydrateSDC,-0.2616034720414935,0,150.7567858738194,0.9986154569067538,0.9999981164156955,0.9986154569067538,0.999976442700979,NA,logistic,289,26
Lactonifactor,carbohydrate,SDC:timepoint48H,carbohydrateSDC:timepoint48H,-1.7019824029922639,0,150.7572443744691,0.9909924286458484,0.9999981164156955,0.9909924286458484,0.999976442700979,NA,logistic,289,26
Lactonifactor,obesity_group,obesity,obesity_groupobesity,0.30740001826997754,0,0.9444401531902573,0.7448149027339074,0.9999981164156955,0.7448149027339074,0.999976442700979,NA,logistic,289,26
Lactonifactor,timepoint,48H,timepoint48H,14.067379231200702,0,104.7251053694298,0.893144230299555,0.9999981164156955,0.893144230299555,0.999976442700979,NA,logistic,289,26
Marvinbryantia,carbohydrate,RDC:timepoint48H,carbohydrateRDC:timepoint48H,0.43742272813865624,0,0.9092857308789793,0.6304725002800005,0.9999981164156955,0.4286089754878526,0.9783047915843811,NA,logistic,289,148
Marvinbryantia,carbohydrate,SDC,carbohydrateSDC,-0.43878249078396997,0,0.7062289077637762,0.5343999525945898,0.9999981164156955,0.7832165958560798,0.999976442700979,NA,logistic,289,148
Marvinbryantia,carbohydrate,SDC:timepoint48H,carbohydrateSDC:timepoint48H,0.539026936392996,0,0.9075032400728463,0.5525342148597288,0.9999981164156955,0.226342743609233,0.8170812517524795,NA,logistic,289,148
Marvinbryantia,obesity_group,obesity,obesity_groupobesity,0.09634369862094905,0,0.7513601617760721,0.8979703455149103,0.9999981164156955,0.8734973284643625,0.999976442700979,NA,logistic,289,148
Megasphaera,carbohydrate,RDC,carbohydrateRDC,-0.9221495000446612,0,89.38317842388706,0.9917685205438572,0.9999981164156955,1.9627915212130883e-8,1.998121768594924e-6,NA,logistic,289,31
Megasphaera,carbohydrate,RDC:timepoint48H,carbohydrateRDC:timepoint48H,2.75266738167048,0,89.38749586016355,0.9754332113273696,0.9999981164156955,0.9754332113273696,0.999976442700979,NA,logistic,289,31
Megasphaera,carbohydrate,SDC,carbohydrateSDC,7.583582479150542,0,64.51356391919062,0.9064240642091775,0.9999981164156955,1.8385118172466013e-8,1.998121768594924e-6,NA,logistic,289,31
Megasphaera,carbohydrate,SDC:timepoint48H,carbohydrateSDC:timepoint48H,-5.580654797567915,0,64.51954665589201,0.9310724795557731,0.9999981164156955,0.9310724795557731,0.999976442700979,NA,logistic,289,31
Megasphaera,obesity_group,obesity,obesity_groupobesity,-0.7185853042524339,0,0.9602093765906295,0.4542411492443432,0.9999981164156955,0.24127481797756645,0.824378019428919,NA,logistic,289,31
Megasphaera,timepoint,48H,timepoint48H,9.17541712060339,0,64.51088381482747,0.8868979183898301,0.9999981164156955,2.603871178011831e-5,8.835802864053478e-4,NA,logistic,289,31
Methanobrevibacter,carbohydrate,RDC,carbohydrateRDC,-0.28730153061113745,0,0.6639735990068389,0.6652325609530841,0.9999981164156955,0.8417643425389791,0.999976442700979,NA,logistic,289,57
Methanobrevibacter,carbohydrate,SDC,carbohydrateSDC,-0.1177391612418772,0,0.662133407591867,0.8588660020412331,0.9999981164156955,0.9420687426910589,0.999976442700979,NA,logistic,289,57
Methanobrevibacter,carbohydrate,SDC:timepoint48H,carbohydrateSDC:timepoint48H,-0.7138007928034458,0,0.9319399443831017,0.4437179344003564,0.9999981164156955,0.5952393018037435,0.999976442700979,NA,logistic,289,57
Methanobrevibacter,obesity_group,obesity,obesity_groupobesity,0.14115550616529504,0,0.9774876829394672,0.8851795400255076,0.9999981164156955,0.4917136347499004,0.999976442700979,NA,logistic,289,57
Methanobrevibacter,timepoint,48H,timepoint48H,-0.32216961175045694,0,0.7557884298288979,0.6699114260845038,0.9999981164156955,0.8118350896096228,0.999976442700979,NA,logistic,289,57
Mogibacterium,carbohydrate,RDC,carbohydrateRDC,0.3281945414627891,0,118.76461706118616,0.9977951259325089,0.9999981164156955,0.9977951259325089,0.999976442700979,NA,logistic,289,14
Mogibacterium,carbohydrate,RDC:timepoint48H,carbohydrateRDC:timepoint48H,-0.7003985545721247,0,118.7659146764922,0.9952946604636737,0.9999981164156955,0.9952946604636737,0.999976442700979,NA,logistic,289,14
Mogibacterium,carbohydrate,SDC,carbohydrateSDC,0.29624084968930897,0,125.88547778535059,0.9981223745085925,0.9999981164156955,0.9981223745085925,0.999976442700979,NA,logistic,289,14
Mogibacterium,carbohydrate,SDC:timepoint48H,carbohydrateSDC:timepoint48H,-1.235867213189523,0,125.88699657908903,0.9921670739941891,0.9999981164156955,0.9921670739941891,0.999976442700979,NA,logistic,289,14
Mogibacterium,obesity_group,obesity,obesity_groupobesity,-0.5418582994502552,0,1.1358610938551867,0.6333291728879401,0.9999981164156955,0.6333291728879401,0.999976442700979,NA,logistic,289,14
Mogibacterium,timepoint,48H,timepoint48H,11.857081482035097,0,98.65680257277847,0.90433649018932,0.9999981164156955,0.90433649018932,0.999976442700979,NA,logistic,289,14
o__Clostridiales,carbohydrate,RDC,carbohydrateRDC,-0.2850650115450927,0,0.6039340141414103,0.6369171481724696,0.9999981164156955,0.8681708427087876,0.999976442700979,NA,logistic,289,128
o__Clostridiales,carbohydrate,RDC:timepoint48H,carbohydrateRDC:timepoint48H,-0.1591982520715444,0,0.81125787424721,0.8444252088948697,0.9999981164156955,0.583687604594278,0.999976442700979,NA,logistic,289,128
o__Clostridiales,carbohydrate,SDC,carbohydrateSDC,-0.028651466267956782,0,0.6038180566192254,0.9621541843431353,0.9999981164156955,0.9021760949113073,0.999976442700979,NA,logistic,289,128
o__Clostridiales,carbohydrate,SDC:timepoint48H,carbohydrateSDC:timepoint48H,-0.5901123935395584,0,0.8118780095971141,0.46731870814063187,0.9999981164156955,0.17378351277152662,0.7093404816207732,NA,logistic,289,128
o__Clostridiales,obesity_group,obesity,obesity_groupobesity,-0.6010297772161706,0,0.84112528627529215,0.4748844280318679,0.9999981164156955,0.7242536360765816,0.999976442700979,NA,logistic,289,128
o__Clostridiales,timepoint,48H,timepoint48H,-0.18594573943002995,0,0.6754029547311243,0.7830774545250888,0.9999981164156955,0.9529446092646852,0.999976442700979,NA,logistic,289,128
Other,carbohydrate,RDC:timepoint48H,carbohydrateRDC:timepoint48H,-0.17511936093883848,0,0.7527404554800892,0.8160390847900311,0.9999981164156955,0.848383991613416,0.999976442700979,NA,logistic,289,101
Other,carbohydrate,SDC:timepoint48H,carbohydrateSDC:timepoint48H,-0.23951799860568315,0,0.7654159412024213,0.7543374298837479,0.9999981164156955,0.3461874754581816,0.9351153347637489,NA,logistic,289,101
Other,obesity_group,obesity,obesity_groupobesity,-0.22901788249572474,0,0.5746131795443118,0.6902173711167433,0.9999981164156955,0.25676522707455074,0.8377788498778611,NA,logistic,289,101
Paenibacillus,carbohydrate,RDC,carbohydrateRDC,-0.2587195301582131,0,0.7112772533815752,0.7160526516110508,0.9999981164156955,0.6581048647121521,0.999976442700979,NA,logistic,289,155
Paenibacillus,carbohydrate,RDC:timepoint48H,carbohydrateRDC:timepoint48H,-0.11657488393419199,0,0.860645195548714,0.8922556419230998,0.9999981164156955,0.46030153882010805,0.999976442700979,NA,logistic,289,155
Paenibacillus,carbohydrate,SDC,carbohydrateSDC,-0.4136159532853207,0,0.704290678008024,0.557015552932224,0.9999981164156955,0.3447542584226053,0.9351153347637489,NA,logistic,289,155
Paenibacillus,carbohydrate,SDC:timepoint48H,carbohydrateSDC:timepoint48H,-0.006762406454628179,0,0.8542552716078168,0.9936838980913,0.9999981164156955,0.3745690766561156,0.9380649629902746,NA,logistic,289,155
Parabacteroides,carbohydrate,RDC,carbohydrateRDC,0.1742010605112192,0,0.865415450123319,0.8404703897771363,0.9999981164156955,0.8156022000856883,0.999976442700979,NA,logistic,289,149
Parabacteroides,carbohydrate,SDC,carbohydrateSDC,-0.016649771404223117,0,0.8791341360583977,0.984889903723759,0.9999981164156955,0.9598383758561605,0.999976442700979,NA,logistic,289,149
Parabacteroides,carbohydrate,SDC:timepoint48H,carbohydrateSDC:timepoint48H,-1.032404054893232,0,1.2562697621565457,0.4111900249198635,0.9999981164156955,0.6533028132461289,0.999976442700979,NA,logistic,289,149
Parasutterella,carbohydrate,RDC,carbohydrateRDC,-3.2137973601786003,0,134.35283991046276,0.9809159614522931,0.9999981164156955,0.9809159614522931,0.999976442700979,NA,logistic,289,67
Parasutterella,carbohydrate,RDC:timepoint48H,carbohydrateRDC:timepoint48H,2.854945173734419,0,134.35398205298534,0.9830466858879123,0.9999981164156955,0.9830466858879123,0.999976442700979,NA,logistic,289,67
Parasutterella,carbohydrate,SDC,carbohydrateSDC,-1.1382392035555244,0,97.45555812427783,0.9906812617258128,0.9999981164156955,0.9906812617258128,0.999976442700979,NA,logistic,289,67
Parasutterella,carbohydrate,SDC:timepoint48H,carbohydrateSDC:timepoint48H,0.27245594094520087,0,97.45653721585332,0.997769384057608,0.9999981164156955,0.997769384057608,0.999976442700979,NA,logistic,289,67
Parasutterella,timepoint,48H,timepoint48H,12.959737138982108,0,63.864489410092794,0.8391932176024787,0.9999981164156955,0.8391932176024787,0.999976442700979,NA,logistic,289,67
Parvimonas,carbohydrate,RDC,carbohydrateRDC,-0.2637498116986151,0,0.9816855785517692,0.7881833674432824,0.9999981164156955,0.9551337141723325,0.999976442700979,NA,logistic,289,13
Parvimonas,carbohydrate,RDC:timepoint48H,carbohydrateRDC:timepoint48H,-0.4746160732656547,0,1.7657047342748362,0.7880859291721989,0.9999981164156955,0.6778150955732851,0.999976442700979,NA,logistic,289,13
Parvimonas,carbohydrate,SDC,carbohydrateSDC,-0.23615295241312412,0,0.9820438914546322,0.809965240443472,0.9999981164156955,0.5332572243252258,0.999976442700979,NA,logistic,289,13
Parvimonas,carbohydrate,SDC:timepoint48H,carbohydrateSDC:timepoint48H,-0.5150947972339894,0,1.7659139975541964,0.7705256721319601,0.9999981164156955,0.9473415328495114,0.999976442700979,NA,logistic,289,13
Peptoclostridium,carbohydrate,RDC,carbohydrateRDC,-0.9952012483031402,0,1.4707732126989475,0.498626945266731,0.9999981164156955,0.2910605603527394,0.8770115394723557,NA,logistic,289,13
Peptoclostridium,carbohydrate,RDC:timepoint48H,carbohydrateRDC:timepoint48H,-0.9149697881101494,0,1.7286105473824986,0.59659084529964,0.9999981164156955,0.21376097977391795,0.7827650266541312,NA,logistic,289,13
Peptoclostridium,carbohydrate,SDC,carbohydrateSDC,-0.9719453174656948,0,1.4712431856868444,0.5088505267915704,0.9999981164156955,0.32548960042061925,0.9102978385389846,NA,logistic,289,13
Peptoclostridium,carbohydrate,SDC:timepoint48H,carbohydrateSDC:timepoint48H,-0.5247690627090482,0,1.678480045210867,0.7545500828443712,0.9999981164156955,0.34965279607471833,0.9351153347637489,NA,logistic,289,13
Peptococcus,carbohydrate,RDC,carbohydrateRDC,-0.4883742795857551,0,0.6664245521395644,0.46366360874284945,0.9999981164156955,0.5546148582717254,0.999976442700979,NA,logistic,289,40
Peptococcus,carbohydrate,RDC:timepoint48H,carbohydrateRDC:timepoint48H,-0.17656768737747103,0,0.9602233069364114,0.8541061033515743,0.9999981164156955,0.10685269323094362,0.5493739480257606,NA,logistic,289,40
Peptococcus,carbohydrate,SDC:timepoint48H,carbohydrateSDC:timepoint48H,0.12770441791119277,0,0.9553279249445598,0.8936587821990385,0.9999981164156955,0.17834541171237678,0.7138995662391346,NA,logistic,289,40
Peptococcus,obesity_group,obesity,obesity_groupobesity,0.1833219766699935,0,0.6452444079907627,0.7763241978318761,0.9999981164156955,0.2503973640349948,0.8377788498778611,NA,logistic,289,40
Peptococcus,timepoint,48H,timepoint48H,-0.3744197325839035,0,0.7550035273815208,0.6199523656860315,0.9999981164156955,0.4827032485433588,0.999976442700979,NA,logistic,289,40
Peptoniphilus,carbohydrate,RDC,carbohydrateRDC,0.26762342720274146,0,1.1948652993030764,0.8227744952940429,0.9999981164156955,0.9685911204817188,0.999976442700979,NA,logistic,289,67
Peptoniphilus,carbohydrate,SDC,carbohydrateSDC,0.27391779378600745,0,1.1950514163042725,0.8187056624448192,0.9999981164156955,0.26026167753589213,0.838915484989437,NA,logistic,289,67
Phascolarctobacterium,carbohydrate,RDC,carbohydrateRDC,-0.0967327615448496,0,1.0522736553577317,0.9267557364379091,0.9999981164156955,0.7546265756742299,0.999976442700979,NA,logistic,289,55
Phascolarctobacterium,carbohydrate,RDC:timepoint48H,carbohydrateRDC:timepoint48H,0.4006550641065606,0,1.2315555444269368,0.7449355685877552,0.9999981164156955,0.9349421358283483,0.999976442700979,NA,logistic,289,55
Phascolarctobacterium,carbohydrate,SDC,carbohydrateSDC,-0.09371695935793355,0,1.0524898365462496,0.9290476560867086,0.9999981164156955,0.734513478376936,0.999976442700979,NA,logistic,289,55
Phascolarctobacterium,carbohydrate,SDC:timepoint48H,carbohydrateSDC:timepoint48H,0.6252905408036366,0,1.2274491974979136,0.6104559360622197,0.9999981164156955,0.4062869634910776,0.9663554412007407,NA,logistic,289,55
Phascolarctobacterium,obesity_group,obesity,obesity_groupobesity,0.6811808148360302,0,1.131911372588664,0.5473093037591668,0.9999981164156955,0.7228126321046315,0.999976442700979,NA,logistic,289,55
Prevotella,carbohydrate,RDC,carbohydrateRDC,-0.08835234826085214,0,0.8932058272518408,0.9212049644662094,0.9999981164156955,0.47759941172283826,0.999976442700979,NA,logistic,289,24
Prevotella,carbohydrate,RDC:timepoint48H,carbohydrateRDC:timepoint48H,-0.6689910562188948,0,1.7486109824969867,0.7020280352383523,0.9999981164156955,1.5763369561994184e-5,5.731110790753599e-4,NA,logistic,289,24
Prevotella,carbohydrate,SDC,carbohydrateSDC,0.1882500007268293,0,0.8819117355774064,0.8309707309203411,0.9999981164156955,0.6945869036140816,0.999976442700979,NA,logistic,289,24
Prevotella,carbohydrate,SDC:timepoint48H,carbohydrateSDC:timepoint48H,1.2389162381889205,0,1.4851985005405586,0.40418208118676224,0.9999981164156955,2.3350506640891302e-7,1.697915411459096e-5,NA,logistic,289,24
Pseudomonas,carbohydrate,RDC:timepoint48H,carbohydrateRDC:timepoint48H,-4.2162860002649065,0,142805.39972111132,0.999976442700979,0.9999981164156955,0.999976442700979,0.999976442700979,NA,logistic,289,15
Pseudomonas,carbohydrate,SDC,carbohydrateSDC,-0.3326280302961382,0,0.6761870399696321,0.6227778838669711,0.9999981164156955,0.6227778838669711,0.999976442700979,NA,logistic,289,15
Pseudomonas,carbohydrate,SDC:timepoint48H,carbohydrateSDC:timepoint48H,-5.0070664976577355,0,150993.6625512147,0.9999735415315771,0.9999981164156955,0.9999735415315771,0.999976442700979,NA,logistic,289,15
Pseudomonas,obesity_group,obesity,obesity_groupobesity,-0.3959296006003555,0,0.5481213794578674,0.4700859107638936,0.9999981164156955,0.4700859107638936,0.999976442700979,NA,logistic,289,15
Pseudomonas,timepoint,48H,timepoint48H,-21.09127288331897,0,14960.321276229395,0.9988751314148981,0.9999981164156955,0.9988751314148981,0.999976442700979,NA,logistic,289,15
Romboutsia,carbohydrate,RDC,carbohydrateRDC,-0.7769408721448282,0,1.1877036994523036,0.5130127318042781,0.9999981164156955,0.762843400615268,0.999976442700979,NA,logistic,289,263
Romboutsia,carbohydrate,RDC:timepoint48H,carbohydrateRDC:timepoint48H,-0.11971017874110738,0,1.6547579492002942,0.9423289335248222,0.9999981164156955,0.2340678105869769,0.824378019428919,NA,logistic,289,263
Romboutsia,carbohydrate,SDC,carbohydrateSDC,0.0639230136569697,0,1.2320654115508174,0.9586220727515341,0.9999981164156955,0.9982878671366207,0.999976442700979,NA,logistic,289,263
Romboutsia,carbohydrate,SDC:timepoint48H,carbohydrateSDC:timepoint48H,-0.8766379120349616,0,1.6948432514232246,0.6049897901964348,0.9999981164156955,0.17559312511634073,0.7093404816207732,NA,logistic,289,263
Romboutsia,timepoint,48H,timepoint48H,0.06947503458386019,0,1.4166318058914202,0.9608855001242895,0.9999981164156955,0.96175282691379,0.999976442700979,NA,logistic,289,263
Roseburia,carbohydrate,RDC,carbohydrateRDC,0.022022520581750794,0,0.5549454327773853,0.9683449629214151,0.9999981164156955,0.5240833128560465,0.999976442700979,NA,logistic,289,205
Roseburia,carbohydrate,RDC:timepoint48H,carbohydrateRDC:timepoint48H,0.03044560966182897,0,0.7515381987900275,0.9676856890412593,0.9999981164156955,0.9986730726619433,0.999976442700979,NA,logistic,289,205
Roseburia,timepoint,48H,timepoint48H,0.026938357519046774,0,0.6217833773599889,0.965442984982717,0.9999981164156955,0.03448866998502209,0.27007281572886527,NA,logistic,289,205
Ruminiclostridium,carbohydrate,RDC,carbohydrateRDC,-0.06004699330847277,0,0.6558937990357676,0.9270556805027445,0.9999981164156955,0.680506129422763,0.999976442700979,NA,logistic,289,225
Ruminiclostridium,carbohydrate,RDC:timepoint48H,carbohydrateRDC:timepoint48H,-0.20153135842287992,0,0.841104614848766,0.8106378827110481,0.9999981164156955,0.9453569103384265,0.999976442700979,NA,logistic,289,225
Ruminiclostridium,carbohydrate,SDC,carbohydrateSDC,0.04328140366751447,0,0.6641708471667354,0.94804177620299,0.9999981164156955,0.9673183382418302,0.999976442700979,NA,logistic,289,225
Ruminiclostridium,carbohydrate,SDC:timepoint48H,carbohydrateSDC:timepoint48H,-0.26473756684543304,0,0.8469601295168097,0.7546044673656149,0.9999981164156955,0.4370736246594258,0.9849144782664006,NA,logistic,289,225
Ruminiclostridium,timepoint,48H,timepoint48H,-0.35588813045937073,0,0.7073009207606671,0.6148492017327871,0.9999981164156955,0.08863289365871457,0.47993769013069915,NA,logistic,289,225
Ruminococcus,carbohydrate,RDC:timepoint48H,carbohydrateRDC:timepoint48H,0.3466725773650072,0,0.8330954175903039,0.6773178812723083,0.9999981164156955,0.8288927941869045,0.999976442700979,NA,logistic,289,163
Ruminococcus,carbohydrate,SDC,carbohydrateSDC,-0.500012460749802,0,0.618208486317237,0.41862513663150547,0.9999981164156955,0.6620032682432643,0.999976442700979,NA,logistic,289,163
Ruminococcus,carbohydrate,SDC:timepoint48H,carbohydrateSDC:timepoint48H,-0.15217606453515195,0,0.8336186486221698,0.855152079099931,0.9999981164156955,0.9790190798109273,0.999976442700979,NA,logistic,289,163
Sarcina,carbohydrate,RDC,carbohydrateRDC,-0.10163762208802805,0,1.431111631773561,0.9433817968302077,0.9999981164156955,0.5907552864093126,0.999976442700979,NA,logistic,289,13
Sarcina,carbohydrate,RDC:timepoint48H,carbohydrateRDC:timepoint48H,1.2456762796976106,0,1.9383177745590003,0.5204457529866233,0.9999981164156955,0.7700277241714333,0.999976442700979,NA,logistic,289,13
Sarcina,carbohydrate,SDC,carbohydrateSDC,-0.09435943043543124,0,1.4316733263633075,0.9474506793927652,0.9999981164156955,0.9522174555542482,0.999976442700979,NA,logistic,289,13
Sarcina,carbohydrate,SDC:timepoint48H,carbohydrateSDC:timepoint48H,0.6072899331550011,0,1.9574512923617253,0.7563744750089667,0.9999981164156955,0.8824704254704607,0.999976442700979,NA,logistic,289,13
Sarcina,obesity_group,obesity,obesity_groupobesity,-0.637089996206147,0,1.230876704638796,0.6047440640165009,0.9999981164156955,0.84377274506980815,0.999976442700979,NA,logistic,289,13
Sarcina,timepoint,48H,timepoint48H,-0.1399737101113179,0,1.6420222734364802,0.9320668476370451,0.9999981164156955,0.5673540925925531,0.999976442700979,NA,logistic,289,13
Senegalimassilia,carbohydrate,RDC,carbohydrateRDC,-0.5187703724228935,0,0.7516884323454524,0.4901060522586735,0.9999981164156955,0.5279073177137493,0.999976442700979,NA,logistic,289,84
Senegalimassilia,carbohydrate,RDC:timepoint48H,carbohydrateRDC:timepoint48H,0.03136392133609866,0,1.0047763251265571,0.9750982137153568,0.9999981164156955,0.6346109472161772,0.999976442700979,NA,logistic,289,84
Senegalimassilia,carbohydrate,SDC,carbohydrateSDC,-0.4067653256952979,0,0.7538081446404227,0.5894633534303206,0.9999981164156955,0.8314596618233221,0.999976442700979,NA,logistic,289,84
Senegalimassilia,carbohydrate,SDC:timepoint48H,carbohydrateSDC:timepoint48H,0.4158733338778166,0,0.9998123394665263,0.6774455727108027,0.9999981164156955,0.32313102840615526,0.908694438998525,NA,logistic,289,84
Senegalimassilia,obesity_group,obesity,obesity_groupobesity,-0.43111885478953904,0,1.1323838813386429,0.7034125579473395,0.9999981164156955,0.7054114971719326,0.999976442700979,NA,logistic,289,84
Senegalimassilia,timepoint,48H,timepoint48H,0.11859440644852758,0,0.8302579649616606,0.8864162042961483,0.9999981164156955,0.37183626220664134,0.9380649629902746,NA,logistic,289,84
Slackia,carbohydrate,RDC,carbohydrateRDC,0.5501932574353762,0,0.7197758862481038,0.44463174771615505,0.9999981164156955,0.6574896512651239,0.999976442700979,NA,logistic,289,88
Slackia,carbohydrate,SDC,carbohydrateSDC,0.3369557331801541,0,0.7240101519717314,0.6416436413384115,0.9999981164156955,0.8715807202068069,0.999976442700979,NA,logistic,289,88
Slackia,carbohydrate,SDC:timepoint48H,carbohydrateSDC:timepoint48H,-0.5951843751795745,0,0.9519845353755072,0.5318372901993518,0.9999981164156955,0.7808236771521141,0.999976442700979,NA,logistic,289,88
Solobacterium,carbohydrate,RDC,carbohydrateRDC,-0.4135382796716213,0,0.88796961135752706,0.6414215198054035,0.9999981164156955,0.8714214735413334,0.999976442700979,NA,logistic,289,51
Solobacterium,carbohydrate,SDC,carbohydrateSDC,0.09518794194340473,0,0.8525824610223869,0.9111036131942254,0.9999981164156955,0.34338047686219664,0.9351153347637489,NA,logistic,289,51
Solobacterium,carbohydrate,SDC:timepoint48H,carbohydrateSDC:timepoint48H,0.5164784025204444,0,1.082432594550186,0.6332581476270553,0.9999981164156955,0.041503825017757935,0.301792099057697,NA,logistic,289,51
Solobacterium,timepoint,48H,timepoint48H,0.5970703221921762,0,0.9174556980401402,0.515182528891736,0.9999981164156955,0.7649520197081876,0.999976442700979,NA,logistic,289,51
Streptococcus,carbohydrate,SDC,carbohydrateSDC,0.7528785584460516,0,6.031794775145389,0.9006673746252766,0.9999981164156955,0.971611531790829,0.999976442700979,NA,logistic,289,264
Streptococcus,carbohydrate,SDC:timepoint48H,carbohydrateSDC:timepoint48H,-0.8960231498282054,0,6.036437369887005,0.8819988827152045,0.9999981164156955,0.17506399977709197,0.7093404816207732,NA,logistic,289,264
Streptococcus,obesity_group,obesity,obesity_groupobesity,-0.5516235132843255,0,1.011894818393342,0.5856577965240038,0.9999981164156955,0.30630815179767434,0.8923285564544978,NA,logistic,289,264
Subdoligranulum,carbohydrate,RDC,carbohydrateRDC,-0.5764011102272231,0,1.1544868742569983,0.6175889129488232,0.9999981164156955,0.8537617605003373,0.999976442700979,NA,logistic,289,281
Subdoligranulum,carbohydrate,RDC:timepoint48H,carbohydrateRDC:timepoint48H,2.404847302382703,0,9.065160514342066,0.7907902422331063,0.9999981164156955,0.6814875340924795,0.999976442700979,NA,logistic,289,281
Subdoligranulum,carbohydrate,SDC,carbohydrateSDC,0.17652010172967178,0,1.2524845173367822,0.8879205375411809,0.9999981164156955,0.9492502931053103,0.999976442700979,NA,logistic,289,281
Succiniclasticum,carbohydrate,RDC,carbohydrateRDC,0.4186420585599753,0,0.9285647581751862,0.6520987197525109,0.9999981164156955,0.41446583414883975,0.9721802284873706,NA,logistic,289,30
Succiniclasticum,carbohydrate,RDC:timepoint48H,carbohydrateRDC:timepoint48H,-0.6019003306159736,0,1.2627126415561372,0.6335953826016961,0.9999981164156955,0.6092603573097601,0.999976442700979,NA,logistic,289,30
Succiniclasticum,carbohydrate,SDC,carbohydrateSDC,0.21106190327042487,0,0.9427005430706823,0.822842336868834,0.9999981164156955,0.22997981066717854,0.8223576274531329,NA,logistic,289,30
Succiniclasticum,carbohydrate,SDC:timepoint48H,carbohydrateSDC:timepoint48H,0.02058354261520298,0,1.2486451800553091,0.9868477071578143,0.9999981164156955,0.16409710438019182,0.7093404816207732,NA,logistic,289,30
Succiniclasticum,timepoint,48H,timepoint48H,0.14769515726964022,0,1.0572067073584492,0.8888945000701898,0.9999981164156955,0.0574434956322357,0.3654842409600996,NA,logistic,289,30
Terrisporobacter,carbohydrate,RDC,carbohydrateRDC,-0.134366038559597,0,0.5818967599741399,0.8173843777078375,0.9999981164156955,0.9666515344948462,0.999976442700979,NA,logistic,289,135
Terrisporobacter,carbohydrate,RDC:timepoint48H,carbohydrateRDC:timepoint48H,-0.6251501952500654,0,0.8074138177321406,0.43877560841762714,0.9999981164156955,0.6850271822929954,0.999976442700979,NA,logistic,289,135
Terrisporobacter,carbohydrate,SDC,carbohydrateSDC,0.04799196700204698,0,0.58284624883141,0.9343757918928635,0.9999981164156955,0.6851938771340984,0.999976442700979,NA,logistic,289,135
Terrisporobacter,timepoint,48H,timepoint48H,-0.08320456338009712,0,0.6641913209904224,0.9003082323455511,0.9999981164156955,0.9888367762744319,0.999976442700979,NA,logistic,289,135
Turicibacter,carbohydrate,RDC:timepoint48H,carbohydrateRDC:timepoint48H,0.10885124412924918,0,0.8848636866578036,0.9020954546226011,0.9999981164156955,0.05384161616444555,0.3605971398381945,NA,logistic,289,202
Turicibacter,carbohydrate,SDC,carbohydrateSDC,-0.3247971856834144,0,0.675642880926681,0.6307132633167747,0.9999981164156955,0.6099806265393877,0.999976442700979,NA,logistic,289,202
Turicibacter,carbohydrate,SDC:timepoint48H,carbohydrateSDC:timepoint48H,-0.26431906365704827,0,0.8900774158949367,0.7664956115969386,0.9999981164156955,0.01589623774264073,0.14983675946303948,NA,logistic,289,202
Turicibacter,timepoint,48H,timepoint48H,-0.5701137512529831,0,0.7501341762488124,0.44724520018041464,0.9999981164156955,0.6944621312764101,0.999976442700979,NA,logistic,289,202
Varibaculum,carbohydrate,RDC:timepoint48H,carbohydrateRDC:timepoint48H,0.7341048524962127,0,1.4906374710779662,0.622382090814755,0.9999981164156955,0.8574047146625641,0.999976442700979,NA,logistic,289,21
Varibaculum,carbohydrate,SDC,carbohydrateSDC,-0.5167279966266299,0,0.7537861367367179,0.49302210061971713,0.9999981164156955,0.7429734095399557,0.999976442700979,NA,logistic,289,21
Varibaculum,carbohydrate,SDC:timepoint48H,carbohydrateSDC:timepoint48H,-0.2378992879067643,0,1.6411854441715148,0.8847457989972464,0.9999981164156955,0.9841250489311275,0.999976442700979,NA,logistic,289,21
Acetanaerobacterium,carbohydrate,RDC,carbohydrateRDC,-7.9089141225282855,0,8811.151024236458,0.9992838166538797,NA,NA,NA,"Model failed to converge: degenerate  Hessian with 2 negative eigenvalues
  See ?lme4::convergence and ?lme4::troubleshooting.",logistic,289,36
Acetanaerobacterium,carbohydrate,RDC:timepoint48H,carbohydrateRDC:timepoint48H,6.701808256826205,0,8811.151039566726,0.9993931248258047,NA,NA,NA,"Model failed to converge: degenerate  Hessian with 2 negative eigenvalues
  See ?lme4::convergence and ?lme4::troubleshooting.",logistic,289,36
Acetanaerobacterium,carbohydrate,SDC,carbohydrateSDC,-0.7029533071035863,0,367.4836101881118,0.9984737407789038,NA,NA,NA,"Model failed to converge: degenerate  Hessian with 2 negative eigenvalues
  See ?lme4::convergence and ?lme4::troubleshooting.",logistic,289,36
Acetanaerobacterium,carbohydrate,SDC:timepoint48H,carbohydrateSDC:timepoint48H,-0.5633096296606708,0,367.48397790661403,0.9987769374790115,NA,NA,NA,"Model failed to converge: degenerate  Hessian with 2 negative eigenvalues
  See ?lme4::convergence and ?lme4::troubleshooting.",logistic,289,36
Acetanaerobacterium,obesity_group,obesity,obesity_groupobesity,-0.4555354419613924,0,0.7000244430679814,0.5152129209598695,NA,NA,NA,"Model failed to converge: degenerate  Hessian with 2 negative eigenvalues
  See ?lme4::convergence and ?lme4::troubleshooting.",logistic,289,36
Acetanaerobacterium,timepoint,48H,timepoint48H,14.245807125372332,0,275.43934544059016,0.9587515573488282,NA,NA,NA,"Model failed to converge: degenerate  Hessian with 2 negative eigenvalues
  See ?lme4::convergence and ?lme4::troubleshooting.",logistic,289,36
Anaerofilum,carbohydrate,RDC,carbohydrateRDC,NA,0,NA,NA,NA,NA,NA,Downdated VtV is not positive definite,logistic,289,31
Anaerofilum,carbohydrate,RDC:timepoint48H,carbohydrateRDC:timepoint48H,NA,0,NA,NA,NA,NA,NA,Downdated VtV is not positive definite,logistic,289,31
Anaerofilum,carbohydrate,SDC,carbohydrateSDC,NA,0,NA,NA,NA,NA,NA,Downdated VtV is not positive definite,logistic,289,31
Anaerofilum,carbohydrate,SDC:timepoint48H,carbohydrateSDC:timepoint48H,NA,0,NA,NA,NA,NA,NA,Downdated VtV is not positive definite,logistic,289,31
Anaerofilum,obesity_group,obesity,obesity_groupobesity,NA,0,NA,NA,NA,NA,NA,Downdated VtV is not positive definite,logistic,289,31
Anaerofilum,timepoint,48H,timepoint48H,NA,0,NA,NA,NA,NA,NA,Downdated VtV is not positive definite,logistic,289,31
Asaccharospora,carbohydrate,RDC,carbohydrateRDC,NA,0,NA,NA,NA,NA,NA,Downdated VtV is not positive definite,logistic,289,12
Asaccharospora,carbohydrate,RDC:timepoint48H,carbohydrateRDC:timepoint48H,NA,0,NA,NA,NA,NA,NA,Downdated VtV is not positive definite,logistic,289,12
Asaccharospora,carbohydrate,SDC,carbohydrateSDC,NA,0,NA,NA,NA,NA,NA,Downdated VtV is not positive definite,logistic,289,12
Asaccharospora,carbohydrate,SDC:timepoint48H,carbohydrateSDC:timepoint48H,NA,0,NA,NA,NA,NA,NA,Downdated VtV is not positive definite,logistic,289,12
Asaccharospora,obesity_group,obesity,obesity_groupobesity,NA,0,NA,NA,NA,NA,NA,Downdated VtV is not positive definite,logistic,289,12
Asaccharospora,timepoint,48H,timepoint48H,NA,0,NA,NA,NA,NA,NA,Downdated VtV is not positive definite,logistic,289,12
Barnesiella,carbohydrate,RDC,carbohydrateRDC,-1.9331984721027273,0,192.59431113647227,0.9919912311881307,NA,NA,NA,"Model is nearly unidentifiable: large eigenvalue ratio
 - Rescale variables?",logistic,289,62
Barnesiella,carbohydrate,RDC:timepoint48H,carbohydrateRDC:timepoint48H,0.6956029729044761,0,192.59486846461073,0.9971182530962561,NA,NA,NA,"Model is nearly unidentifiable: large eigenvalue ratio
 - Rescale variables?",logistic,289,62
Barnesiella,carbohydrate,SDC,carbohydrateSDC,-7.001962816671844,0,182.85397692345015,0.9694543532197736,NA,NA,NA,"Model is nearly unidentifiable: large eigenvalue ratio
 - Rescale variables?",logistic,289,62
Barnesiella,carbohydrate,SDC:timepoint48H,carbohydrateSDC:timepoint48H,5.510177883676365,0,182.85490059242372,0.975960061486573,NA,NA,NA,"Model is nearly unidentifiable: large eigenvalue ratio
 - Rescale variables?",logistic,289,62
Barnesiella,obesity_group,obesity,obesity_groupobesity,-2.6002151622305476,0,0.7530230834405257,5.543168051772917e-4,NA,NA,NA,"Model is nearly unidentifiable: large eigenvalue ratio
 - Rescale variables?",logistic,289,62
Barnesiella,timepoint,48H,timepoint48H,14.5475385227258,0,98.73340190530674,0.8828623898300155,NA,NA,NA,"Model is nearly unidentifiable: large eigenvalue ratio
 - Rescale variables?",logistic,289,62
Blautia,carbohydrate,RDC,carbohydrateRDC,-21.2836954520637,0,41422.538010076256,0.9995900316092011,NA,0.9926449399878068,0.999976442700979,A large coefficient (>15 in absolute value) or small p-value (< 10^-10) was obtained from a feature present in >95% of samples. Check this is intended.,logistic,289,285
Blautia,carbohydrate,SDC:timepoint48H,carbohydrateSDC:timepoint48H,-27.037223763319908,0,558146.6301357422,0.999961349612746,NA,0.07249534560654854,0.4342036016116298,A large coefficient (>15 in absolute value) or small p-value (< 10^-10) was obtained from a feature present in >95% of samples. Check this is intended.,logistic,289,285
Blautia,obesity_group,obesity,obesity_groupobesity,-22.533469176053554,0,39397.65724199961,0.999543650373264,NA,0.1446344512911783,0.6573119259572299,A large coefficient (>15 in absolute value) or small p-value (< 10^-10) was obtained from a feature present in >95% of samples. Check this is intended.,logistic,289,285
Carnobacterium,carbohydrate,RDC,carbohydrateRDC,-1.6350127236273708,0,185.00342713212302,0.9929485931846237,NA,0.00709074494629107,0.08657177746667029,"Model is nearly unidentifiable: large eigenvalue ratio
 - Rescale variables?",logistic,289,50
Carnobacterium,carbohydrate,RDC:timepoint48H,carbohydrateRDC:timepoint48H,1.2208078623856073,0,185.00298961777168,0.9947349138632083,NA,NA,NA,"Model is nearly unidentifiable: large eigenvalue ratio
 - Rescale variables?",logistic,289,50
Carnobacterium,carbohydrate,SDC,carbohydrateSDC,14.256934646033926,0,143.75315893808985,0.920998136017616,NA,0.010675543668246898,0.11561386653484407,"Model is nearly unidentifiable: large eigenvalue ratio
 - Rescale variables?",logistic,289,50
Carnobacterium,carbohydrate,SDC:timepoint48H,carbohydrateSDC:timepoint48H,-14.729636317656855,0,143.7527828786435,0.9183875515775586,NA,NA,NA,"Model is nearly unidentifiable: large eigenvalue ratio
 - Rescale variables?",logistic,289,50
Carnobacterium,obesity_group,obesity,obesity_groupobesity,1.6852539702436649,0,0.6728701494365433,0.012259849854596765,NA,0.3529054659495145,0.9351153347637489,"Model is nearly unidentifiable: large eigenvalue ratio
 - Rescale variables?",logistic,289,50
Carnobacterium,timepoint,48H,timepoint48H,18.25864795497779,0,143.756728605698,0.8989319009960111,NA,1.4903771394935935e-13,7.586019640022391e-11,"Model is nearly unidentifiable: large eigenvalue ratio
 - Rescale variables?",logistic,289,50
Catabacter,carbohydrate,RDC,carbohydrateRDC,NA,0,NA,NA,NA,NA,NA,Downdated VtV is not positive definite,logistic,289,26
Catabacter,carbohydrate,RDC:timepoint48H,carbohydrateRDC:timepoint48H,NA,0,NA,NA,NA,NA,NA,Downdated VtV is not positive definite,logistic,289,26
Catabacter,carbohydrate,SDC,carbohydrateSDC,NA,0,NA,NA,NA,NA,NA,Downdated VtV is not positive definite,logistic,289,26
Catabacter,carbohydrate,SDC:timepoint48H,carbohydrateSDC:timepoint48H,NA,0,NA,NA,NA,NA,NA,Downdated VtV is not positive definite,logistic,289,26
Catabacter,obesity_group,obesity,obesity_groupobesity,NA,0,NA,NA,NA,NA,NA,Downdated VtV is not positive definite,logistic,289,26
Catabacter,timepoint,48H,timepoint48H,NA,0,NA,NA,NA,NA,NA,Downdated VtV is not positive definite,logistic,289,26
Christensenella,carbohydrate,RDC,carbohydrateRDC,NA,0,NA,NA,NA,0.7889559142122058,0.999976442700979,Downdated VtV is not positive definite,logistic,289,15
Christensenella,carbohydrate,RDC:timepoint48H,carbohydrateRDC:timepoint48H,NA,0,NA,NA,NA,NA,NA,Downdated VtV is not positive definite,logistic,289,15
Christensenella,carbohydrate,SDC,carbohydrateSDC,NA,0,NA,NA,NA,0.4277819199041134,0.9783047915843811,Downdated VtV is not positive definite,logistic,289,15
Christensenella,carbohydrate,SDC:timepoint48H,carbohydrateSDC:timepoint48H,NA,0,NA,NA,NA,NA,NA,Downdated VtV is not positive definite,logistic,289,15
Christensenella,obesity_group,obesity,obesity_groupobesity,NA,0,NA,NA,NA,NA,NA,Downdated VtV is not positive definite,logistic,289,15
Christensenella,timepoint,48H,timepoint48H,NA,0,NA,NA,NA,0.001909651187985647,0.029454922869233163,Downdated VtV is not positive definite,logistic,289,15
Dielma,carbohydrate,RDC,carbohydrateRDC,NA,0,NA,NA,NA,NA,NA,Downdated VtV is not positive definite,logistic,289,48
Dielma,carbohydrate,RDC:timepoint48H,carbohydrateRDC:timepoint48H,NA,0,NA,NA,NA,NA,NA,Downdated VtV is not positive definite,logistic,289,48
Dielma,carbohydrate,SDC,carbohydrateSDC,NA,0,NA,NA,NA,NA,NA,Downdated VtV is not positive definite,logistic,289,48
Dielma,carbohydrate,SDC:timepoint48H,carbohydrateSDC:timepoint48H,NA,0,NA,NA,NA,NA,NA,Downdated VtV is not positive definite,logistic,289,48
Dielma,obesity_group,obesity,obesity_groupobesity,NA,0,NA,NA,NA,NA,NA,Downdated VtV is not positive definite,logistic,289,48
Dielma,timepoint,48H,timepoint48H,NA,0,NA,NA,NA,NA,NA,Downdated VtV is not positive definite,logistic,289,48
Flavonifractor,carbohydrate,RDC,carbohydrateRDC,-9.404022556473182,0,14505.877024764928,0.9994827390395729,NA,NA,NA,"Model failed to converge: degenerate  Hessian with 1 negative eigenvalues
  See ?lme4::convergence and ?lme4::troubleshooting.",logistic,289,102
Flavonifractor,carbohydrate,RDC:timepoint48H,carbohydrateRDC:timepoint48H,8.351831946442484,0,14505.87703654554,0.9995406139608429,NA,NA,NA,"Model failed to converge: degenerate  Hessian with 1 negative eigenvalues
  See ?lme4::convergence and ?lme4::troubleshooting.",logistic,289,102
Flavonifractor,carbohydrate,SDC,carbohydrateSDC,-3.8237103814979783,0,919.1911729774909,0.9966809182147126,NA,NA,NA,"Model failed to converge: degenerate  Hessian with 1 negative eigenvalues
  See ?lme4::convergence and ?lme4::troubleshooting.",logistic,289,102
Flavonifractor,carbohydrate,SDC:timepoint48H,carbohydrateSDC:timepoint48H,2.648518909882892,0,919.1913566960945,0.9977010125174263,NA,NA,NA,"Model failed to converge: degenerate  Hessian with 1 negative eigenvalues
  See ?lme4::convergence and ?lme4::troubleshooting.",logistic,289,102
Flavonifractor,obesity_group,obesity,obesity_groupobesity,-0.5130713735274516,0,0.6645883163768885,0.4401062345643653,NA,NA,NA,"Model failed to converge: degenerate  Hessian with 1 negative eigenvalues
  See ?lme4::convergence and ?lme4::troubleshooting.",logistic,289,102
Flavonifractor,timepoint,48H,timepoint48H,15.834178766037299,0,206.98426601739757,0.939021765917306,NA,NA,NA,"Model failed to converge: degenerate  Hessian with 1 negative eigenvalues
  See ?lme4::convergence and ?lme4::troubleshooting.",logistic,289,102
g__.Soleaferrea,carbohydrate,RDC,carbohydrateRDC,-1.9187923870297112,0,120.68826898110927,0.9873151687492034,NA,NA,NA,"Model is nearly unidentifiable: large eigenvalue ratio
 - Rescale variables?",logistic,289,69
g__.Soleaferrea,carbohydrate,RDC:timepoint48H,carbohydrateRDC:timepoint48H,0.8331679181572335,0,120.68831086060231,0.9944918730448472,NA,NA,NA,"Model is nearly unidentifiable: large eigenvalue ratio
 - Rescale variables?",logistic,289,69
g__.Soleaferrea,carbohydrate,SDC,carbohydrateSDC,-8.736532429101185,0,159.94181888946028,0.9564386630550855,NA,NA,NA,"Model is nearly unidentifiable: large eigenvalue ratio
 - Rescale variables?",logistic,289,69
g__.Soleaferrea,carbohydrate,SDC:timepoint48H,carbohydrateSDC:timepoint48H,7.37838117719956,0,159.94183462142985,0.963205317598701,NA,NA,NA,"Model is nearly unidentifiable: large eigenvalue ratio
 - Rescale variables?",logistic,289,69
g__.Soleaferrea,obesity_group,obesity,obesity_groupobesity,0.10456593462271448,0,0.43098099427886,0.8082974030342939,NA,NA,NA,"Model is nearly unidentifiable: large eigenvalue ratio
 - Rescale variables?",logistic,289,69
g__.Soleaferrea,timepoint,48H,timepoint48H,21.767033402700992,0,102.93598561509192,0.8325269025218123,NA,NA,NA,"Model is nearly unidentifiable: large eigenvalue ratio
 - Rescale variables?",logistic,289,69
Holdemania,carbohydrate,RDC,carbohydrateRDC,-8.146698115994667,0,170.6672542777392,0.9619279221523291,NA,0.1676269146708052,0.7093404816207732,"Model is nearly unidentifiable: large eigenvalue ratio
 - Rescale variables?",logistic,289,75
Holdemania,carbohydrate,RDC:timepoint48H,carbohydrateRDC:timepoint48H,7.790683827574057,0,170.6670179851063,0.9635904565949339,NA,NA,NA,"Model is nearly unidentifiable: large eigenvalue ratio
 - Rescale variables?",logistic,289,75
Holdemania,carbohydrate,SDC,carbohydrateSDC,10.825279369042029,0,93.8714065587339,0.9081912435375077,NA,0.17157274256571164,0.7093404816207732,"Model is nearly unidentifiable: large eigenvalue ratio
 - Rescale variables?",logistic,289,75
Holdemania,carbohydrate,SDC:timepoint48H,carbohydrateSDC:timepoint48H,-11.331939501251341,0,93.87147302156215,0.9039147133558058,NA,NA,NA,"Model is nearly unidentifiable: large eigenvalue ratio
 - Rescale variables?",logistic,289,75
Holdemania,obesity_group,obesity,obesity_groupobesity,-0.031402031627574864,0,0.6245452616371601,0.9598993941557259,NA,0.8396795741827293,0.999976442700979,"Model is nearly unidentifiable: large eigenvalue ratio
 - Rescale variables?",logistic,289,75
Holdemania,timepoint,48H,timepoint48H,14.845757867976545,0,93.87072833878953,0.8743377442989302,NA,1.8499308816190801e-7,1.5693580312401862e-5,"Model is nearly unidentifiable: large eigenvalue ratio
 - Rescale variables?",logistic,289,75
Hydrogenoanaerobacterium,carbohydrate,RDC,carbohydrateRDC,1.4432222692402883,0,447.7106947914396,0.9974279757318301,NA,NA,NA,"Model is nearly unidentifiable: large eigenvalue ratio
 - Rescale variables?",logistic,289,24
Hydrogenoanaerobacterium,carbohydrate,RDC:timepoint48H,carbohydrateRDC:timepoint48H,-2.71511522532276,0,447.71285892662087,0.9951613289694513,NA,NA,NA,"Model is nearly unidentifiable: large eigenvalue ratio
 - Rescale variables?",logistic,289,24
Hydrogenoanaerobacterium,carbohydrate,SDC,carbohydrateSDC,-0.8578969873231679,0,694.1155089709468,0.9990138491680066,NA,NA,NA,"Model is nearly unidentifiable: large eigenvalue ratio
 - Rescale variables?",logistic,289,24
Hydrogenoanaerobacterium,carbohydrate,SDC:timepoint48H,carbohydrateSDC:timepoint48H,-0.8872350614689739,0,694.1175016266873,0.9989801280576842,NA,NA,NA,"Model is nearly unidentifiable: large eigenvalue ratio
 - Rescale variables?",logistic,289,24
Hydrogenoanaerobacterium,obesity_group,obesity,obesity_groupobesity,-2.261280665372332,0,1.4011663977138105,0.10655868496660735,NA,NA,NA,"Model is nearly unidentifiable: large eigenvalue ratio
 - Rescale variables?",logistic,289,24
Hydrogenoanaerobacterium,timepoint,48H,timepoint48H,15.152278098845184,0,481.5447418239392,0.9748979212667795,NA,NA,NA,"Model is nearly unidentifiable: large eigenvalue ratio
 - Rescale variables?",logistic,289,24
Intestinimonas,carbohydrate,RDC,carbohydrateRDC,-0.08384603563592825,0,293.2975845229003,0.9997719058732923,NA,NA,NA,"Model is nearly unidentifiable: large eigenvalue ratio
 - Rescale variables?",logistic,289,33
Intestinimonas,carbohydrate,RDC:timepoint48H,carbohydrateRDC:timepoint48H,-0.9350786836167476,0,293.29734154482503,0.997456221127156,NA,NA,NA,"Model is nearly unidentifiable: large eigenvalue ratio
 - Rescale variables?",logistic,289,33
Intestinimonas,carbohydrate,SDC,carbohydrateSDC,-1.0570720596712204,0,370.3715202197336,0.9977227721761357,NA,NA,NA,"Model is nearly unidentifiable: large eigenvalue ratio
 - Rescale variables?",logistic,289,33
Intestinimonas,carbohydrate,SDC:timepoint48H,carbohydrateSDC:timepoint48H,-0.13303582368576142,0,370.3718947861817,0.9997134036654393,NA,NA,NA,"Model is nearly unidentifiable: large eigenvalue ratio
 - Rescale variables?",logistic,289,33
Intestinimonas,obesity_group,obesity,obesity_groupobesity,-1.7254678668325325,0,1.0367847895249633,0.09606271472863567,NA,NA,NA,"Model is nearly unidentifiable: large eigenvalue ratio
 - Rescale variables?",logistic,289,33
Intestinimonas,timepoint,48H,timepoint48H,18.35152576172987,0,287.2396573279605,0.9490584134772688,NA,NA,NA,"Model is nearly unidentifiable: large eigenvalue ratio
 - Rescale variables?",logistic,289,33
Negativicoccus,carbohydrate,RDC,carbohydrateRDC,-5.484983921847432,0,1551.5882740349891,0.9971794225661295,NA,0.19151935728531244,0.7388323064155701,"Model failed to converge: degenerate  Hessian with 2 negative eigenvalues
  See ?lme4::convergence and ?lme4::troubleshooting.",logistic,289,59
Negativicoccus,carbohydrate,RDC:timepoint48H,carbohydrateRDC:timepoint48H,4.598143175976752,0,1551.588359912618,0.9976354668717832,NA,NA,NA,"Model failed to converge: degenerate  Hessian with 2 negative eigenvalues
  See ?lme4::convergence and ?lme4::troubleshooting.",logistic,289,59
Negativicoccus,carbohydrate,SDC,carbohydrateSDC,9.113472778243661,0,153.66783514224258,0.9527081326654396,NA,0.7295136673367886,0.999976442700979,"Model failed to converge: degenerate  Hessian with 2 negative eigenvalues
  See ?lme4::convergence and ?lme4::troubleshooting.",logistic,289,59
Negativicoccus,carbohydrate,SDC:timepoint48H,carbohydrateSDC:timepoint48H,-9.649238879445804,0,153.66866814272225,0.9499317432178964,NA,NA,NA,"Model failed to converge: degenerate  Hessian with 2 negative eigenvalues
  See ?lme4::convergence and ?lme4::troubleshooting.",logistic,289,59
Negativicoccus,obesity_group,obesity,obesity_groupobesity,1.2592206754031419,0,0.7067065647870096,0.07477933200544432,NA,0.3891137449617692,0.9476502209834474,"Model failed to converge: degenerate  Hessian with 2 negative eigenvalues
  See ?lme4::convergence and ?lme4::troubleshooting.",logistic,289,59
Negativicoccus,timepoint,48H,timepoint48H,13.782957856034825,0,153.66471381673222,0.9285295823669159,NA,2.0291137885306267e-11,5.164094591810445e-9,"Model failed to converge: degenerate  Hessian with 2 negative eigenvalues
  See ?lme4::convergence and ?lme4::troubleshooting.",logistic,289,59
o__Bacteroidales,carbohydrate,RDC,carbohydrateRDC,-6.540426115079223,0,5607.194203202315,0.9990693199404515,NA,NA,NA,"Model failed to converge: degenerate  Hessian with 2 negative eigenvalues
  See ?lme4::convergence and ?lme4::troubleshooting.",logistic,289,8
o__Bacteroidales,carbohydrate,RDC:timepoint48H,carbohydrateRDC:timepoint48H,7.523566189118063,0,5607.194336772879,0.9989294226055481,NA,NA,NA,"Model failed to converge: degenerate  Hessian with 2 negative eigenvalues
  See ?lme4::convergence and ?lme4::troubleshooting.",logistic,289,8
o__Bacteroidales,carbohydrate,SDC,carbohydrateSDC,-5.906041968398086,0,4106.120392276776,0.9988523624182949,NA,NA,NA,"Model failed to converge: degenerate  Hessian with 2 negative eigenvalues
  See ?lme4::convergence and ?lme4::troubleshooting.",logistic,289,8
o__Bacteroidales,carbohydrate,SDC:timepoint48H,carbohydrateSDC:timepoint48H,6.400427481343974,0,4106.120584963321,0.9987562956089024,NA,NA,NA,"Model failed to converge: degenerate  Hessian with 2 negative eigenvalues
  See ?lme4::convergence and ?lme4::troubleshooting.",logistic,289,8
o__Bacteroidales,obesity_group,obesity,obesity_groupobesity,-1.36438781331768,0,1.2222919914118335,0.26431360475431254,NA,NA,NA,"Model failed to converge: degenerate  Hessian with 2 negative eigenvalues
  See ?lme4::convergence and ?lme4::troubleshooting.",logistic,289,8
o__Bacteroidales,timepoint,48H,timepoint48H,11.421926339746982,0,310.00543801479,0.9706091697741042,NA,NA,NA,"Model failed to converge: degenerate  Hessian with 2 negative eigenvalues
  See ?lme4::convergence and ?lme4::troubleshooting.",logistic,289,8
Odoribacter,carbohydrate,RDC,carbohydrateRDC,NA,0,NA,NA,NA,0.8891668017977452,0.999976442700979,Downdated VtV is not positive definite,logistic,289,54
Odoribacter,carbohydrate,RDC:timepoint48H,carbohydrateRDC:timepoint48H,NA,0,NA,NA,NA,NA,NA,Downdated VtV is not positive definite,logistic,289,54
Odoribacter,carbohydrate,SDC,carbohydrateSDC,NA,0,NA,NA,NA,0.7657466976807821,0.999976442700979,Downdated VtV is not positive definite,logistic,289,54
Odoribacter,carbohydrate,SDC:timepoint48H,carbohydrateSDC:timepoint48H,NA,0,NA,NA,NA,NA,NA,Downdated VtV is not positive definite,logistic,289,54
Odoribacter,obesity_group,obesity,obesity_groupobesity,NA,0,NA,NA,NA,0.19743030129784678,0.7555791230120602,Downdated VtV is not positive definite,logistic,289,54
Odoribacter,timepoint,48H,timepoint48H,NA,0,NA,NA,NA,5.297316093570229e-11,8.987779638757488e-9,Downdated VtV is not positive definite,logistic,289,54
Paeniclostridium,carbohydrate,RDC,carbohydrateRDC,-2.87298440796654,0,17.956032546663515,0.8728802318852931,NA,0.2013531328846007,0.7602481283341215,"Model failed to converge: degenerate  Hessian with 1 negative eigenvalues
  See ?lme4::convergence and ?lme4::troubleshooting.",logistic,289,17
Paeniclostridium,carbohydrate,RDC:timepoint48H,carbohydrateRDC:timepoint48H,1.7426065020312862,0,17.97084883846728,0.922751398999863,NA,NA,NA,"Model failed to converge: degenerate  Hessian with 1 negative eigenvalues
  See ?lme4::convergence and ?lme4::troubleshooting.",logistic,289,17
Paeniclostridium,carbohydrate,SDC,carbohydrateSDC,2.7702725904172594,0,6.2128724010823575,0.6556749718156842,NA,0.4241708156749713,0.9783047915843811,"Model failed to converge: degenerate  Hessian with 1 negative eigenvalues
  See ?lme4::convergence and ?lme4::troubleshooting.",logistic,289,17
Paeniclostridium,carbohydrate,SDC:timepoint48H,carbohydrateSDC:timepoint48H,-3.2672684065807633,0,6.245880562694092,0.6008992861444229,NA,NA,NA,"Model failed to converge: degenerate  Hessian with 1 negative eigenvalues
  See ?lme4::convergence and ?lme4::troubleshooting.",logistic,289,17
Paeniclostridium,obesity_group,obesity,obesity_groupobesity,0.2816554145520772,0,0.6206850753182779,0.6499860886314894,NA,0.7020933383969485,0.999976442700979,"Model failed to converge: degenerate  Hessian with 1 negative eigenvalues
  See ?lme4::convergence and ?lme4::troubleshooting.",logistic,289,17
Paeniclostridium,timepoint,48H,timepoint48H,5.2859373691438964,0,6.147157172961579,0.38984444508970933,NA,5.484899857631756e-4,0.010340051953831718,"Model failed to converge: degenerate  Hessian with 1 negative eigenvalues
  See ?lme4::convergence and ?lme4::troubleshooting.",logistic,289,17
Paraclostridium,carbohydrate,RDC,carbohydrateRDC,NA,0,NA,NA,NA,0.010650383999023644,0.11561386653484407,Downdated VtV is not positive definite,logistic,289,64
Paraclostridium,carbohydrate,RDC:timepoint48H,carbohydrateRDC:timepoint48H,NA,0,NA,NA,NA,NA,NA,Downdated VtV is not positive definite,logistic,289,64
Paraclostridium,carbohydrate,SDC,carbohydrateSDC,NA,0,NA,NA,NA,0.031458714594093815,0.2501950895061524,Downdated VtV is not positive definite,logistic,289,64
Paraclostridium,carbohydrate,SDC:timepoint48H,carbohydrateSDC:timepoint48H,NA,0,NA,NA,NA,NA,NA,Downdated VtV is not positive definite,logistic,289,64
Paraclostridium,obesity_group,obesity,obesity_groupobesity,NA,0,NA,NA,NA,0.07895304301376384,0.4516752957710074,Downdated VtV is not positive definite,logistic,289,64
Paraclostridium,timepoint,48H,timepoint48H,NA,0,NA,NA,NA,8.267491248359177e-5,0.0021040786246275633,Downdated VtV is not positive definite,logistic,289,64
Robinsoniella,carbohydrate,RDC,carbohydrateRDC,-0.8302922074742842,0,350.1115472877755,0.9981078124458796,NA,NA,NA,"Model failed to converge: degenerate  Hessian with 1 negative eigenvalues
  See ?lme4::convergence and ?lme4::troubleshooting.",logistic,289,30
Robinsoniella,carbohydrate,RDC:timepoint48H,carbohydrateRDC:timepoint48H,0.25569887352272896,0,350.11202710103134,0.9994172774727251,NA,NA,NA,"Model failed to converge: degenerate  Hessian with 1 negative eigenvalues
  See ?lme4::convergence and ?lme4::troubleshooting.",logistic,289,30
Robinsoniella,carbohydrate,SDC,carbohydrateSDC,-2.0347733243565247,0,507.8251144555609,0.9968030138135231,NA,NA,NA,"Model failed to converge: degenerate  Hessian with 1 negative eigenvalues
  See ?lme4::convergence and ?lme4::troubleshooting.",logistic,289,30
Robinsoniella,carbohydrate,SDC:timepoint48H,carbohydrateSDC:timepoint48H,1.408264784675517,0,507.82544326586833,0.9977873670885344,NA,NA,NA,"Model failed to converge: degenerate  Hessian with 1 negative eigenvalues
  See ?lme4::convergence and ?lme4::troubleshooting.",logistic,289,30
Robinsoniella,obesity_group,obesity,obesity_groupobesity,0.2454050424213648,0,0.9610040295809724,0.7984426083964637,NA,NA,NA,"Model failed to converge: degenerate  Hessian with 1 negative eigenvalues
  See ?lme4::convergence and ?lme4::troubleshooting.",logistic,289,30
Robinsoniella,timepoint,48H,timepoint48H,13.578537023947604,0,254.64546405212224,0.9574743141700369,NA,NA,NA,"Model failed to converge: degenerate  Hessian with 1 negative eigenvalues
  See ?lme4::convergence and ?lme4::troubleshooting.",logistic,289,30
Sutterella,carbohydrate,RDC,carbohydrateRDC,-14.37054994797069,0,168.3469612422812,0.93197305164579,NA,0.01202773820906253,0.12534074753176389,"Model is nearly unidentifiable: large eigenvalue ratio
 - Rescale variables?",logistic,289,57
Sutterella,carbohydrate,RDC:timepoint48H,carbohydrateRDC:timepoint48H,13.456624545004395,0,168.34681141370453,0.9362897930282111,NA,NA,NA,"Model is nearly unidentifiable: large eigenvalue ratio
 - Rescale variables?",logistic,289,57
Sutterella,carbohydrate,SDC,carbohydrateSDC,13.172360910985557,0,122.83372692642628,0.914600701101622,NA,0.007143447256581832,0.08657177746667029,"Model is nearly unidentifiable: large eigenvalue ratio
 - Rescale variables?",logistic,289,57
Sutterella,carbohydrate,SDC:timepoint48H,carbohydrateSDC:timepoint48H,-13.191416236529598,0,122.83417571777039,0.9144779463850052,NA,NA,NA,"Model is nearly unidentifiable: large eigenvalue ratio
 - Rescale variables?",logistic,289,57
Sutterella,obesity_group,obesity,obesity_groupobesity,0.44793486652672143,0,1.0261357590088243,0.6624551901751331,NA,0.1005715483741096,0.522356307371651,"Model is nearly unidentifiable: large eigenvalue ratio
 - Rescale variables?",logistic,289,57
Sutterella,timepoint,48H,timepoint48H,17.924646847261144,0,122.83418939190538,0.8839801602074975,NA,5.195516935301666e-6,2.2037651000571232e-4,"Model is nearly unidentifiable: large eigenvalue ratio
 - Rescale variables?",logistic,289,57
Tyzzerella,carbohydrate,RDC,carbohydrateRDC,4.802658446382284,0,6879.67136212013,0.9994430014876823,NA,0.5372302254985821,0.999976442700979,"Model failed to converge: degenerate  Hessian with 2 negative eigenvalues
  See ?lme4::convergence and ?lme4::troubleshooting.",logistic,289,26
Tyzzerella,carbohydrate,RDC:timepoint48H,carbohydrateRDC:timepoint48H,-4.34930085126272,0,6879.671395150074,0.9994955805925853,NA,NA,NA,"Model failed to converge: degenerate  Hessian with 2 negative eigenvalues
  See ?lme4::convergence and ?lme4::troubleshooting.",logistic,289,26
Tyzzerella,carbohydrate,SDC,carbohydrateSDC,16.888683301598682,0,6866.750967948696,0.9980376154405325,NA,0.9362979626526354,0.999976442700979,"Model failed to converge: degenerate  Hessian with 2 negative eigenvalues
  See ?lme4::convergence and ?lme4::troubleshooting.",logistic,289,26
Tyzzerella,carbohydrate,SDC:timepoint48H,carbohydrateSDC:timepoint48H,-16.88352435114391,0,6866.751003012925,0.9980382148948129,NA,NA,NA,"Model failed to converge: degenerate  Hessian with 2 negative eigenvalues
  See ?lme4::convergence and ?lme4::troubleshooting.",logistic,289,26
Tyzzerella,obesity_group,obesity,obesity_groupobesity,1.8519153808014286,0,0.7398671875564852,0.01231324660349717,NA,0.17034065748864388,0.7093404816207732,"Model failed to converge: degenerate  Hessian with 2 negative eigenvalues
  See ?lme4::convergence and ?lme4::troubleshooting.",logistic,289,26
Tyzzerella,timepoint,48H,timepoint48H,19.317869014996816,0,6866.750913896369,0.9977553563109054,NA,0.5133148069606157,0.999976442700979,"Model failed to converge: degenerate  Hessian with 2 negative eigenvalues
  See ?lme4::convergence and ?lme4::troubleshooting.",logistic,289,26
