feature,metadata,value,name,coef,null_hypothesis,stderr,pval_individual,qval_individual,pval_joint,qval_joint,error,model,N,N_not_zero
Carnobacterium,timepoint,48H,timepoint48H,22.548914108972063,0,1.9528548854875645,1.4903771394935935e-13,1.400954511123978e-10,1.4903771394935935e-13,7.586019640022391e-11,NA,linear,289,50
Negativicoccus,timepoint,48H,timepoint48H,18.63545542197895,0,2.156181722632808,2.0291137885306267e-11,9.536834806093945e-9,2.0291137885306267e-11,5.164094591810445e-9,NA,linear,289,59
Odoribacter,timepoint,48H,timepoint48H,18.652431834617282,0,2.044836968126586,5.297316093570229e-11,1.6598257093186717e-8,5.297316093570229e-11,8.987779638757488e-9,NA,linear,289,54
Megasphaera,carbohydrate,RDC,carbohydrateRDC,20.385610224285166,0,2.434285667852556,9.813957654222335e-9,1.845024038993799e-6,1.9627915212130883e-8,1.998121768594924e-6,NA,linear,289,31
Megasphaera,carbohydrate,SDC,carbohydrateSDC,20.208519628646282,0,2.3964249233900694,9.192559128484608e-9,1.845024038993799e-6,1.8385118172466013e-8,1.998121768594924e-6,NA,linear,289,31
Prevotella,carbohydrate,SDC:timepoint48H,carbohydrateSDC:timepoint48H,18.088282888629788,0,2.0318268047728085,1.1675254002003433e-7,1.8291231269805378e-5,2.3350506640891302e-7,1.697915411459096e-5,NA,linear,289,24
Holdemania,timepoint,48H,timepoint48H,9.472102500106848,0,1.614056014277772,1.8499308816190801e-7,2.4841928981741933e-5,1.8499308816190801e-7,1.5693580312401862e-5,NA,linear,289,75
Clostridium,timepoint,48H,timepoint48H,5.356919897742121,0,1.0564808401077037,8.390447731705173e-7,7.887020867802863e-5,1.6780888423449032e-6,8.541472207535557e-5,NA,linear,289,239
Sutterella,timepoint,48H,timepoint48H,20.98784525426097,0,4.031883827646623,5.195516935301666e-6,3.8534552201020935e-4,5.195516935301666e-6,2.2037651000571232e-4,NA,linear,289,57
Prevotella,carbohydrate,RDC:timepoint48H,carbohydrateRDC:timepoint48H,15.854485716034421,0,2.402309262639697,7.881715841719391e-6,5.292009208011591e-4,1.5763369561994184e-5,5.731110790753599e-4,NA,linear,289,24
Megasphaera,timepoint,48H,timepoint48H,18.286687959972497,0,3.402667445926286,1.3019440642976473e-5,8.15884946959859e-4,2.603871178011831e-5,8.835802864053478e-4,NA,linear,289,31
Erysipelatoclostridium,timepoint,48H,timepoint48H,4.628143766283849,0,1.0974187585170259,5.0662170591290386e-5,0.002381122017790648,1.0132177452705172e-4,0.0024558468206794916,NA,linear,289,118
Prevotella,timepoint,48H,timepoint48H,-11.754010046535146,0,2.224559658012085,7.258639088153718e-5,0.003101418519483861,1.451675129789331e-4,0.00321262017853378,NA,linear,289,24
Paraclostridium,timepoint,48H,timepoint48H,22.591554026693327,0,5.220410270330374,8.267491248359177e-5,0.0033788877275902724,8.267491248359177e-5,0.0021040786246275633,NA,linear,289,64
Eggerthella,timepoint,48H,timepoint48H,3.9867718441269053,0,1.0050779402001062,1.0202556324229452e-4,0.003996001226989869,2.0404071726903402e-4,0.004327363545414097,NA,linear,289,212
Enterobacter,timepoint,48H,timepoint48H,24.333814875381346,0,4.514794806540029,1.6205886550228114e-4,0.005859051291236319,3.240914679286742e-4,0.006344713737526737,NA,linear,289,25
Bacteroides,timepoint,48H,timepoint48H,6.524628581838714,0,1.7400083403388489,2.4667050459385503e-4,0.008587787937711991,1.0658464761115393e-5,4.173198894929027e-4,NA,linear,289,173
Paeniclostridium,timepoint,48H,timepoint48H,18.68123367368119,0,3.263148190208362,5.484899857631756e-4,0.017778640917840864,5.484899857631756e-4,0.010340051953831718,NA,linear,289,17
Finegoldia,timepoint,48H,timepoint48H,6.477738072315534,0,1.8318026224109238,0.0012641982852270933,0.034951364356278464,0.0018151523428283592,0.02887226695311359,NA,linear,289,45
Lactobacillus,carbohydrate,SDC:timepoint48H,carbohydrateSDC:timepoint48H,9.033656374681655,0,2.7106947947981928,0.0016787954492469457,0.04265047898086835,0.00335477254433348,0.04743275625182615,NA,linear,289,63
Christensenella,timepoint,48H,timepoint48H,15.118113657170705,0,2.369361617219005,0.001909651187985647,0.047238739913329164,0.001909651187985647,0.029454922869233163,NA,linear,289,15
Bifidobacterium,carbohydrate,SDC:timepoint48H,carbohydrateSDC:timepoint48H,3.276407949966832,0,1.1003285309222457,0.003171869764186886,0.07453893945839182,0.006333678770572809,0.08483796037425158,NA,linear,289,287
f__Prevotellaceae,carbohydrate,SDC:timepoint48H,carbohydrateSDC:timepoint48H,11.794871236275801,0,3.717278794128095,0.0035551661054960128,0.07956800331348218,0.007097693004954357,0.08657177746667029,NA,linear,289,36
Paenibacillus,timepoint,48H,timepoint48H,2.8427980428410775,0,0.9730891874943072,0.004076989116946588,0.0891248783704603,6.417108472429271e-4,0.011665386473094638,NA,linear,289,155
Terrisporobacter,obesity_group,obesity,obesity_groupobesity,-1.7111599303123417,0,0.6129980947221422,0.006051410599519267,0.12102821199038534,0.012066201628794557,0.12534074753176389,NA,linear,289,135
Fusicatenibacter,carbohydrate,SDC:timepoint48H,carbohydrateSDC:timepoint48H,3.7765989941367994,0,1.372188082519008,0.006379912083301698,0.12493994496465824,0.012719120888412734,0.12948065064404163,NA,linear,289,256
Bifidobacterium,carbohydrate,RDC:timepoint48H,carbohydrateRDC:timepoint48H,3.0155901908511544,0,1.1048783943701748,0.006768771096391064,0.12919080573337732,0.013491725930626796,0.13465271566056938,NA,linear,289,287
Carnobacterium,carbohydrate,RDC,carbohydrateRDC,-1.968961630982112,0,0.6889156932472048,0.00709074494629107,0.12919080573337732,0.00709074494629107,0.08657177746667029,NA,linear,289,50
Lachnoclostridium,timepoint,48H,timepoint48H,2.68765676278415,0,0.9937041046862956,0.007284162450924467,0.12919080573337732,0.014515265879237474,0.1394013270289033,NA,linear,289,279
Sutterella,carbohydrate,SDC,carbohydrateSDC,3.582176195545365,0,1.2716576163109297,0.007143447256581832,0.12919080573337732,0.007143447256581832,0.08657177746667029,NA,linear,289,57
Turicibacter,carbohydrate,SDC:timepoint48H,carbohydrateSDC:timepoint48H,3.3764061601880244,0,1.258617522488413,0.007979958742083036,0.13891039291774174,0.01589623774264073,0.14983675946303948,NA,linear,289,202
Lachnospira,timepoint,48H,timepoint48H,4.5685054385161425,0,1.5711964017698457,0.008703858169644954,0.1461004764190403,0.017331959192252618,0.15753512908672468,NA,linear,289,27
Carnobacterium,carbohydrate,SDC,carbohydrateSDC,-1.8569886811215686,0,0.6889156932472047,0.010675543668246898,0.17008493301952685,0.010675543668246898,0.11561386653484407,NA,linear,289,50
Paraclostridium,carbohydrate,RDC,carbohydrateRDC,3.988196549141153,0,1.500123716780739,0.010650383999023644,0.17008493301952685,0.010650383999023644,0.11561386653484407,NA,linear,289,64
Sutterella,carbohydrate,RDC,carbohydrateRDC,3.6083202114007937,0,1.379442515194884,0.01202773820906253,0.18843456527531297,0.01202773820906253,0.12534074753176389,NA,linear,289,57
Escherichia,timepoint,48H,timepoint48H,4.353042902984831,0,1.7292564217055229,0.012797098231848037,0.19568473112105667,4.2554919188920114e-5,0.0012033585481755745,NA,linear,289,181
Enterobacter,carbohydrate,SDC,carbohydrateSDC,5.596263951976778,0,2.065268943616691,0.01372416358151371,0.20157365260348262,0.02725997449701528,0.23125545031634626,NA,linear,289,25
Intestinibacter,timepoint,48H,timepoint48H,2.5203259511572793,0,1.0285457825376672,0.015106281780491646,0.21578102522043596,0.029984363811751683,0.24687834146417656,NA,linear,289,224
Roseburia,timepoint,48H,timepoint48H,2.4816060827166173,0,1.034540922092716,0.017395639122755623,0.24046912904985715,0.03448866998502209,0.27007281572886527,NA,linear,289,205
Parabacteroides,timepoint,48H,timepoint48H,5.48385740368631,0,2.284273200345534,0.01770526818872549,0.24120220431017333,5.141771691609442e-7,3.2714522387865074e-5,NA,linear,289,149
Lactobacillus,carbohydrate,RDC:timepoint48H,carbohydrateRDC:timepoint48H,6.603746903250076,0,2.723141711026617,0.019095942032645474,0.2528195142350246,0.037827229063176794,0.2873740237784625,NA,linear,289,63
Gordonibacter,timepoint,48H,timepoint48H,2.1604395078353025,0,0.9110184854144631,0.019538480385316293,0.2550857161416294,0.03869520855486521,0.28964501697685874,NA,linear,289,113
f__Ruminococcaceae,timepoint,48H,timepoint48H,2.0110227902607427,0,0.8609952579225094,0.02024782588841285,0.26072542924805586,0.04008567732361823,0.29570448924234316,NA,linear,289,274
Solobacterium,carbohydrate,SDC:timepoint48H,carbohydrateSDC:timepoint48H,8.3885494245362,0,3.481567607692526,0.020971821150053884,0.2663988092033872,0.041503825017757935,0.301792099057697,NA,linear,289,51
Dorea,carbohydrate,SDC:timepoint48H,carbohydrateSDC:timepoint48H,2.3757329995399923,0,1.051903917265822,0.024775370867714887,0.30643221862699993,0.04893692273379697,0.345956856548648,NA,linear,289,270
Turicibacter,carbohydrate,RDC:timepoint48H,carbohydrateRDC:timepoint48H,2.8191386816438233,0,1.2668785505835618,0.027293269358356673,0.3128740633762838,0.05384161616444555,0.3605971398381945,NA,linear,289,202
Varibaculum,obesity_group,obesity,obesity_groupobesity,2.489527949694653,0,1.0065130436391179,0.026807149993543698,0.3128740633762838,0.052895676696311046,0.3605971398381945,NA,linear,289,21
f__Coriobacteriaceae,carbohydrate,SDC:timepoint48H,carbohydrateSDC:timepoint48H,4.248601065671028,0,1.901797629769237,0.027743196615825336,0.3142000580587448,0.054716708273186344,0.36169875988379024,NA,linear,289,110
Faecalitalea,timepoint,48H,timepoint48H,4.011735308032374,0,1.7943825348366857,0.028979894683973488,0.3185781025963153,0.05711995507205278,0.3654842409600996,NA,linear,289,69
Succiniclasticum,timepoint,48H,timepoint48H,3.040648212054404,0,1.292477240835541,0.029146507258811825,0.3185781025963153,0.0574434956322357,0.3654842409600996,NA,linear,289,30
Paraclostridium,carbohydrate,SDC,carbohydrateSDC,3.2697671580404384,0,1.4748358264589119,0.031458714594093815,0.3360362695278203,0.031458714594093815,0.2501950895061524,NA,linear,289,64
Dialister,carbohydrate,RDC:timepoint48H,carbohydrateRDC:timepoint48H,4.383413658685289,0,2.0135666915548485,0.03375410047101443,0.35650398250284904,0.06636886164342153,0.41197256800611654,NA,linear,289,76
Escherichia,carbohydrate,SDC:timepoint48H,carbohydrateSDC:timepoint48H,4.234863356986472,0,1.9954045944840986,0.03535914105577467,0.3693065843603133,0.06946801325534717,0.4260146836984543,NA,linear,289,181
Enterobacter,carbohydrate,RDC,carbohydrateRDC,4.705300856899119,0,2.1012576422238833,0.036936888003883034,0.37739863830054404,0.07250944231235468,0.4342036016116298,NA,linear,289,25
Turicibacter,obesity_group,obesity,obesity_groupobesity,-1.2648528520611078,0,0.5201845452456783,0.038380692107919494,0.3879338772198314,0.07528830668915606,0.4456017221486097,NA,linear,289,202
Faecalibacterium,carbohydrate,RDC:timepoint48H,carbohydrateRDC:timepoint48H,2.8973208369806276,0,1.4296131109480343,0.043824107281232864,0.4246872251995762,0.08572766218346872,0.47429760925419107,NA,linear,289,256
Ruminiclostridium,timepoint,48H,timepoint48H,1.903514793949382,0,0.9453625330836913,0.04534450908126787,0.43054382359991716,0.08863289365871457,0.47993769013069915,NA,linear,289,225
Escherichia,carbohydrate,RDC:timepoint48H,carbohydrateRDC:timepoint48H,4.046117968719665,0,2.0222583231250115,0.047102143092674464,0.44276014507114,0.09198567430142615,0.4928495602044833,NA,linear,289,181
Faecalibacterium,carbohydrate,SDC:timepoint48H,carbohydrateSDC:timepoint48H,2.7914129647887242,0,1.4115096847562183,0.04913884434592624,0.455561682517572,0.09586306266819933,0.5082739468553485,NA,linear,289,256
Phascolarctobacterium,timepoint,48H,timepoint48H,5.829138249856228,0,2.891670964885434,0.04943328895403441,0.455561682517572,0.0532449040473801,0.3605971398381945,NA,linear,289,55
Akkermansia,timepoint,48H,timepoint48H,2.5153129789230126,0,1.2890012948045855,0.05255764059332168,0.47504021305502286,0.006694728618287695,0.08657177746667029,NA,linear,289,195
Peptococcus,carbohydrate,RDC:timepoint48H,carbohydrateRDC:timepoint48H,3.340123016554901,0,1.6542854387182213,0.05493528963935154,0.49180164058086145,0.10685269323094362,0.5493739480257606,NA,linear,289,40
Dorea,carbohydrate,RDC:timepoint48H,carbohydrateRDC:timepoint48H,1.9697977047067932,0,1.0576750834693822,0.0637179219749703,0.5494940060226796,0.12337587036913218,0.6096924079406629,NA,linear,289,270
Collinsella,carbohydrate,RDC:timepoint48H,carbohydrateRDC:timepoint48H,2.405306640538989,0,1.294946002543646,0.06460308010466097,0.5520626845307391,0.1250326022503127,0.6119384090904728,NA,linear,289,237
Enterococcus,carbohydrate,SDC:timepoint48H,carbohydrateSDC:timepoint48H,8.297952375366167,0,4.370131454699261,0.06586002307984386,0.5577335287842633,0.12738250351961014,0.6175018503950624,NA,linear,289,47
Lactococcus,obesity_group,obesity,obesity_groupobesity,1.253801717699337,0,0.5886029187540973,0.06810279490247707,0.5665188248524641,0.1315675991314253,0.6317727165839195,NA,linear,289,118
Blautia,carbohydrate,SDC:timepoint48H,carbohydrateSDC:timepoint48H,1.9237935078158204,0,1.0669122581655517,0.07249534560654854,0.5864586629776709,0.07249534560654854,0.4342036016116298,NA,linear,289,285
Clostridium,carbohydrate,SDC:timepoint48H,carbohydrateSDC:timepoint48H,2.3069359094335136,0,1.2808767146904791,0.07307171363260266,0.5864586629776709,0.14080395193200027,0.6562340789897076,NA,linear,289,239
Collinsella,carbohydrate,SDC:timepoint48H,carbohydrateSDC:timepoint48H,2.3245614307710407,0,1.2930633172966928,0.0736192789695374,0.5864586629776709,0.14181875970308025,0.6562340789897076,NA,linear,289,237
Varibaculum,timepoint,48H,timepoint48H,4.499941385929484,0,2.319248015775479,0.07276203814602401,0.5864586629776709,0.14022976209688456,0.6562340789897076,NA,linear,289,21
Catenibacterium,carbohydrate,SDC:timepoint48H,carbohydrateSDC:timepoint48H,5.78241768849575,0,3.21314659973247,0.07796668152903487,0.6107390053107731,0.14985455962941982,0.6750085916050858,NA,linear,289,59
Paraclostridium,obesity_group,obesity,obesity_groupobesity,3.2869179022974317,0,1.6499334754056594,0.07895304301376384,0.6133542184540332,0.07895304301376384,0.4516752957710074,NA,linear,289,64
Succiniclasticum,carbohydrate,SDC:timepoint48H,carbohydrateSDC:timepoint48H,2.262694037329179,0,1.244172569536565,0.08572274685421151,0.6395189051028478,0.16409710438019182,0.7093404816207732,NA,linear,289,30
Anaerostipes,carbohydrate,SDC:timepoint48H,carbohydrateSDC:timepoint48H,2.220292167786062,0,1.2968021395336007,0.08818617022478423,0.6425968993123812,0.1685955398306539,0.7093404816207732,NA,linear,289,255
f__Prevotellaceae,carbohydrate,SDC,carbohydrateSDC,-5.721666833958871,0,3.231066078707178,0.08710088135817919,0.6425968993123812,0.16661519918298678,0.7093404816207732,NA,linear,289,36
o__Clostridiales,carbohydrate,SDC:timepoint48H,carbohydrateSDC:timepoint48H,2.282850754783833,0,1.3386531271519992,0.09103548626556744,0.6504478923335467,0.17378351277152662,0.7093404816207732,NA,linear,289,128
Romboutsia,carbohydrate,SDC:timepoint48H,carbohydrateSDC:timepoint48H,1.9384512522386612,0,1.146032465608433,0.09203145710676777,0.6504478923335467,0.17559312511634073,0.7093404816207732,NA,linear,289,263
Streptococcus,carbohydrate,SDC:timepoint48H,carbohydrateSDC:timepoint48H,1.7726930713507834,0,1.0470927641375365,0.09174012517181622,0.6504478923335467,0.17506399977709197,0.7093404816207732,NA,linear,289,264
Terrisporobacter,carbohydrate,SDC:timepoint48H,carbohydrateSDC:timepoint48H,2.5943446126142975,0,1.5259330235438375,0.09152766234069594,0.6504478923335467,0.17467801170783948,0.7093404816207732,NA,linear,289,135
Enterorhabdus,obesity_group,obesity,obesity_groupobesity,0.9529706311913638,0,0.5436412221573835,0.09420024643482901,0.6559128270276983,0.1795268064412755,0.7138995662391346,NA,linear,289,28
Peptococcus,carbohydrate,SDC:timepoint48H,carbohydrateSDC:timepoint48H,2.8174717848163175,0,1.6143168760326974,0.09354835303386244,0.6559128270276983,0.17834541171237678,0.7138995662391346,NA,linear,289,40
Subdoligranulum,timepoint,48H,timepoint48H,1.50662570791827,0,0.9017903726742557,0.095979532883934765,0.663387947874255,0.07759570362210873,0.4516752957710074,NA,linear,289,281
Eubacterium,carbohydrate,SDC:timepoint48H,carbohydrateSDC:timepoint48H,1.8354944121108043,0,1.1061494887804715,0.0983077926431466,0.6664397966311089,0.18695116319192528,0.7336816609722983,NA,linear,289,269
Eubacterium,timepoint,48H,timepoint48H,-1.5185706878010239,0,0.9155246074781461,0.09843015516497401,0.6664397966311089,0.07969674597032439,0.4516752957710074,NA,linear,289,269
Parvimonas,timepoint,48H,timepoint48H,6.341846312386047,0,2.567326524343291,0.09854801248055758,0.6664397966311089,0.1873843141972471,0.7336816609722983,NA,linear,289,13
Sutterella,obesity_group,obesity,obesity_groupobesity,2.461942000151352,0,1.288260668183737,0.1005715483741096,0.6752661105118788,0.1005715483741096,0.522356307371651,NA,linear,289,57
Other,timepoint,48H,timepoint48H,1.8532932682736376,0,1.1203527511962856,0.10149844605560553,0.6766563070373702,0.1596590153912515,0.7066646855143218,NA,linear,289,101
Coprococcus,carbohydrate,SDC:timepoint48H,carbohydrateSDC:timepoint48H,2.0169774025059417,0,1.2442916041696725,0.10648867903241617,0.7049250583836,0.20163751930276308,0.7602481283341215,NA,linear,289,235
f__Prevotellaceae,carbohydrate,RDC:timepoint48H,carbohydrateRDC:timepoint48H,6.83946726331293,0,4.13267899255974,0.1087145250165527,0.7146269476612555,0.20561020208353042,0.768987234496543,NA,linear,289,36
Anaerostipes,carbohydrate,RDC:timepoint48H,carbohydrateRDC:timepoint48H,2.1124452119849977,0,1.3191304112677638,0.11062617374837896,0.7171627815412153,2.4343462326369256e-4,0.00495632892964878,NA,linear,289,255
Peptoclostridium,carbohydrate,RDC:timepoint48H,carbohydrateRDC:timepoint48H,5.182520004346097,0,2.726687344630744,0.11329879879066242,0.7244957201579774,0.21376097977391795,0.7827650266541312,NA,linear,289,13
Akkermansia,carbohydrate,SDC:timepoint48H,carbohydrateSDC:timepoint48H,2.4305888149729395,0,1.5387071538602346,0.11596752386891584,0.7334873762718519,0.048017858589709465,0.3442407045374946,NA,linear,289,195
Streptococcus,carbohydrate,RDC:timepoint48H,carbohydrateRDC:timepoint48H,1.6626061844728302,0,1.0547885575426759,0.1162655521962829,0.7334873762718519,0.030071625089938995,0.24687834146417656,NA,linear,289,264
Dorea,timepoint,48H,timepoint48H,-1.3554990149610593,0,0.8677204048621507,0.11949979171967644,0.7488653614433056,0.2247193832183073,0.817015471843703,NA,linear,289,270
Marvinbryantia,carbohydrate,SDC:timepoint48H,carbohydrateSDC:timepoint48H,2.425988673722557,0,1.5522886219191352,0.12042211465341707,0.7496476011537221,0.226342743609233,0.8170812517524795,NA,linear,289,148
Succiniclasticum,carbohydrate,SDC,carbohydrateSDC,-1.5294309526150982,0,0.9437207368143592,0.12249205739616141,0.7562629948345764,0.22997981066717854,0.8223576274531329,NA,linear,289,30
Romboutsia,carbohydrate,RDC:timepoint48H,carbohydrateRDC:timepoint48H,1.7731043139360205,0,1.1512608462305327,0.12482448079655335,0.7603428538299839,0.2340678105869769,0.824378019428919,NA,linear,289,263
Megasphaera,obesity_group,obesity,obesity_groupobesity,-2.31748364943252,0,1.383677458940865,0.12895167641374009,0.7632114098567345,0.24127481797756645,0.824378019428919,NA,linear,289,31
Actinomyces,timepoint,48H,timepoint48H,1.7539439399863572,0,1.1777129709695704,0.1387636063159675,0.7750299084346873,3.1296648284966155e-5,9.719441776458039e-4,NA,linear,289,141
Anaerostipes,timepoint,48H,timepoint48H,-1.5878584901241934,0,1.0750517610934502,0.1409894833429059,0.7750299084346873,8.87593690303287e-7,5.019835426270812e-5,NA,linear,289,255
Eggerthella,obesity_group,obesity,obesity_groupobesity,1.0875062283109893,0,0.6845248862544419,0.13422590755708888,0.7750299084346873,0.25043522085465353,0.8377788498778611,NA,linear,289,212
f__Christensenellaceae,carbohydrate,SDC:timepoint48H,carbohydrateSDC:timepoint48H,1.9703771978506175,0,1.331852148569576,0.14063781004537587,0.7750299084346873,0.2114951834812281,0.7800800608111963,NA,linear,289,214
Other,obesity_group,obesity,obesity_groupobesity,1.114650575172817,0,0.6985514431232179,0.13788934995242697,0.7750299084346873,0.25676522707455074,0.8377788498778611,NA,linear,289,101
Peptococcus,obesity_group,obesity,obesity_groupobesity,4.735080306796588,0,2.8186501617205786,0.13420404484370277,0.7750299084346873,0.2503973640349948,0.8377788498778611,NA,linear,289,40
Peptoniphilus,carbohydrate,SDC,carbohydrateSDC,-5.501880612731753,0,3.6688282172373383,0.1399195837224824,0.7750299084346873,0.26026167753589213,0.838915484989437,NA,linear,289,67
Peptoniphilus,carbohydrate,SDC:timepoint48H,carbohydrateSDC:timepoint48H,5.698350744678494,0,3.8003382751448638,0.14000576443236212,0.7750299084346873,0.2604099147904343,0.838915484989437,NA,linear,289,67
Solobacterium,carbohydrate,RDC:timepoint48H,carbohydrateRDC:timepoint48H,5.529964819998747,0,3.6333124105313312,0.13617186693483807,0.7750299084346873,0.2538009565251568,0.8377788498778611,NA,linear,289,51
Blautia,obesity_group,obesity,obesity_groupobesity,0.6190136815532001,0,0.40181196630442095,0.1446344512911783,0.7858750532584254,0.1446344512911783,0.6573119259572299,NA,linear,289,285
f__Defluviitaleaceae,carbohydrate,RDC:timepoint48H,carbohydrateRDC:timepoint48H,2.3577859569387205,0,1.5669712314997026,0.14730059070706003,0.7903030949075822,0.2729037173914709,0.8627825599519173,NA,linear,289,29
Faecalitalea,obesity_group,obesity,obesity_groupobesity,1.1861616959903831,0,0.8113702096787804,0.1488123912751511,0.7903030949075822,0.2754796547532734,0.865550273268001,NA,linear,289,69
f__Coriobacteriaceae,carbohydrate,RDC:timepoint48H,carbohydrateRDC:timepoint48H,2.7688922148016832,0,1.909076353556924,0.15018513368061615,0.7931125037066246,0.27781469298256767,0.8675317713382021,NA,linear,289,110
Alistipes,timepoint,48H,timepoint48H,2.742222003153625,0,1.9090947842583939,0.15363741346494555,0.797895959431209,3.507279414672589e-6,1.6229138382439526e-4,NA,linear,289,129
Collinsella,obesity_group,obesity,obesity_groupobesity,1.1143470078364626,0,0.7400516695564656,0.15613170286654218,0.8006980492249359,0.28788629709307834,0.8770115394723557,NA,linear,289,237
f__Lachnospiraceae,carbohydrate,SDC:timepoint48H,carbohydrateSDC:timepoint48H,1.5891963411886938,0,1.123236422729309,0.15830765893441306,0.8006980492249359,0.29155400299153145,0.8770115394723557,NA,linear,289,281
Finegoldia,carbohydrate,RDC,carbohydrateRDC,3.863365010162646,0,2.6912544839596855,0.15950040709693505,0.8006980492249359,0.29356043432978196,0.8770115394723557,NA,linear,289,45
Holdemanella,carbohydrate,SDC:timepoint48H,carbohydrateSDC:timepoint48H,3.270520510831,0,2.3088500438153576,0.16013960984498718,0.8006980492249359,0.2946345250486696,0.8770115394723557,NA,linear,289,108
Peptoclostridium,carbohydrate,RDC,carbohydrateRDC,-4.464726440336137,0,2.704915191112815,0.15801458465881946,0.8006980492249359,0.2910605603527394,0.8770115394723557,NA,linear,289,13
Actinomyces,obesity_group,obesity,obesity_groupobesity,0.6696289215450367,0,0.4876539246444683,0.17199467295962062,0.8203467285084257,0.31440717839275456,0.900983315964842,NA,linear,289,141
Holdemania,carbohydrate,RDC,carbohydrateRDC,0.9465292955822278,0,0.6777694940854939,0.1676269146708052,0.8203467285084257,0.1676269146708052,0.7093404816207732,NA,linear,289,75
Holdemania,carbohydrate,SDC,carbohydrateSDC,0.9457996516333317,0,0.6837064293391606,0.17157274256571164,0.8203467285084257,0.17157274256571164,0.7093404816207732,NA,linear,289,75
Lachnospira,carbohydrate,RDC,carbohydrateRDC,2.098432871235914,0,1.4905677843161178,0.17454185712945228,0.8203467285084257,0.3186188543687064,0.900983315964842,NA,linear,289,27
Ruminococcus,carbohydrate,RDC,carbohydrateRDC,1.501696777752552,0,1.088459159095751,0.1698186195342873,0.8203467285084257,0.31079887552804375,0.8988444752487175,NA,linear,289,163
Streptococcus,obesity_group,obesity,obesity_groupobesity,0.9566135283191668,0,0.6556389141956969,0.16711834682091534,0.8203467285084257,0.30630815179767434,0.8923285564544978,NA,linear,289,264
Tyzzerella,obesity_group,obesity,obesity_groupobesity,1.700637607569865,0,1.1977984167455558,0.17034065748864388,0.8203467285084257,0.17034065748864388,0.7093404816207732,NA,linear,289,26
Peptoclostridium,carbohydrate,SDC,carbohydrateSDC,-4.183089304647122,0,2.6796233261486453,0.17871417911948562,0.8285791876764491,0.32548960042061925,0.9102978385389846,NA,linear,289,13
Senegalimassilia,carbohydrate,SDC:timepoint48H,carbohydrateSDC:timepoint48H,2.3734363700427465,0,1.742016217335656,0.17727953009916866,0.8285791876764491,0.32313102840615526,0.908694438998525,NA,linear,289,84
Negativicoccus,carbohydrate,RDC,carbohydrateRDC,0.9328561120747556,0,0.7039756630092301,0.19151935728531244,0.845571382532665,0.19151935728531244,0.7388323064155701,NA,linear,289,59
Other,carbohydrate,SDC:timepoint48H,carbohydrateSDC:timepoint48H,1.956909308139747,0,1.4869785561121216,0.19141325478226007,0.845571382532665,0.3461874754581816,0.9351153347637489,NA,linear,289,101
Paenibacillus,carbohydrate,SDC,carbohydrateSDC,0.8748185230352977,0,0.6649561299817301,0.19052749177171271,0.845571382532665,0.3447542584226053,0.9351153347637489,NA,linear,289,155
Solobacterium,carbohydrate,SDC,carbohydrateSDC,-3.701352181821001,0,2.769876323420759,0.1896793701640051,0.845571382532665,0.34338047686219664,0.9351153347637489,NA,linear,289,51
Finegoldia,obesity_group,obesity,obesity_groupobesity,1.429392680484648,0,1.0218853676699378,0.1962156631939857,0.8495443267134605,0.353930739905316,0.9351153347637489,NA,linear,289,45
Odoribacter,obesity_group,obesity,obesity_groupobesity,3.305817164739886,0,2.402466316566675,0.19743030129784678,0.8495443267134605,0.19743030129784678,0.7555791230120602,NA,linear,289,54
Peptoclostridium,carbohydrate,SDC:timepoint48H,carbohydrateSDC:timepoint48H,4.042760738329214,0,2.704440276397083,0.1935589271835902,0.8495443267134605,0.34965279607471833,0.9351153347637489,NA,linear,289,13
Enterococcus,carbohydrate,SDC,carbohydrateSDC,-5.342092990312005,0,4.079532629294661,0.19890483885351284,0.8498661296468275,0.35824654278768375,0.9351153347637489,NA,linear,289,47
f__Defluviitaleaceae,carbohydrate,SDC,carbohydrateSDC,1.3701598792491234,0,1.049364809438963,0.20821496443614163,0.8529226117095119,0.3730764574571398,0.9380649629902746,NA,linear,289,29
f__Family.XIII,carbohydrate,SDC:timepoint48H,carbohydrateSDC:timepoint48H,1.469266831370882,0,1.162115647681269,0.20785608837665454,0.8529226117095119,0.3725080232780652,0.9380649629902746,NA,linear,289,190
Finegoldia,carbohydrate,RDC:timepoint48H,carbohydrateRDC:timepoint48H,-3.604622385405836,0,2.8008365452067188,0.20611025333249278,0.8529226117095119,0.3697390701362012,0.9380649629902746,NA,linear,289,45
Paenibacillus,carbohydrate,SDC:timepoint48H,carbohydrateSDC:timepoint48H,-1.5252506017130323,0,1.2086860741891403,0.20915809206650876,0.8529226117095119,0.3745690766561156,0.9380649629902746,NA,linear,289,155
Paeniclostridium,carbohydrate,RDC,carbohydrateRDC,-2.024513525846368,0,1.4565687510979057,0.2013531328846007,0.8529226117095119,0.2013531328846007,0.7602481283341215,NA,linear,289,17
Ruminiclostridium,obesity_group,obesity,obesity_groupobesity,0.6813954075153551,0,0.5176433787984835,0.2100399806814425,0.8529226117095119,0.37596316787822404,0.9380649629902746,NA,linear,289,225
Senegalimassilia,timepoint,48H,timepoint48H,1.803187496308629,0,1.4180462436716919,0.20743218725880716,0.8529226117095119,0.37183626220664134,0.9380649629902746,NA,linear,289,84
Slackia,timepoint,48H,timepoint48H,1.8926188961317854,0,1.4727456593313202,0.20272094006626398,0.8529226117095119,0.1675388426128188,0.7093404816207732,NA,linear,289,88
Clostridium,carbohydrate,RDC:timepoint48H,carbohydrateRDC:timepoint48H,1.5850427372374312,0,1.2726553315048805,0.21429572978634817,0.8571829191453927,0.38266879976803236,0.940866899275942,NA,linear,289,239
Marvinbryantia,timepoint,48H,timepoint48H,-1.5857147854736229,0,1.2945573918134634,0.22268437450874723,0.8832207258996726,1.255160801204119e-4,0.0029039856718768024,NA,linear,289,148
Adlercreutzia,carbohydrate,SDC,carbohydrateSDC,0.997747382776722,0,0.8216454675287195,0.22702795927850236,0.8855032436588889,0.40251422426284367,0.9618767143182508,NA,linear,289,136
Eggerthella,carbohydrate,RDC:timepoint48H,carbohydrateRDC:timepoint48H,1.4869437702105577,0,1.2261773497529433,0.22672861563544172,0.8855032436588889,0.4020513661229198,0.9618767143182508,NA,linear,289,212
Eisenbergiella,obesity_group,obesity,obesity_groupobesity,2.5538627411787664,0,1.996410698263262,0.2263818094079287,0.8855032436588889,0.40151489518504935,0.9618767143182508,NA,linear,289,41
Phascolarctobacterium,carbohydrate,SDC:timepoint48H,carbohydrateSDC:timepoint48H,4.207949199691306,0,3.457023782224678,0.22947223508239348,0.8913384337911151,0.4062869634910776,0.9663554412007407,NA,linear,289,55
Collinsella,timepoint,48H,timepoint48H,1.2785528506751644,0,1.0727066575112145,0.23458976792864683,0.8971954473452687,0.4141471766404775,0.9721802284873706,NA,linear,289,237
Faecalibacterium,obesity_group,obesity,obesity_groupobesity,1.0047232095166703,0,0.8030766624118139,0.23253541102699898,0.8971954473452687,0.41099810467250264,0.9721802284873706,NA,linear,289,256
Succiniclasticum,carbohydrate,RDC,carbohydrateRDC,-1.2623837716771782,0,1.0287093494517339,0.2347979574967405,0.8971954473452687,0.41446583414883975,0.9721802284873706,NA,linear,289,30
Bilophila,obesity_group,obesity,obesity_groupobesity,1.2811814821783052,0,1.0176659761860738,0.24036813594446363,0.9110727733378864,0.4229594311115108,0.9783047915843811,NA,linear,289,55
Lactococcus,carbohydrate,SDC:timepoint48H,carbohydrateSDC:timepoint48H,1.7602538717893317,0,1.4952572091518999,0.24165774646685415,0.9122822557383249,0.42491702650626995,0.9783047915843811,NA,linear,289,118
Marvinbryantia,carbohydrate,RDC:timepoint48H,carbohydrateRDC:timepoint48H,1.8604196244344682,0,1.590116369916163,0.24409588934035598,0.9144684614212931,0.4286089754878526,0.9783047915843811,NA,linear,289,148
Intestinibacter,carbohydrate,SDC:timepoint48H,carbohydrateSDC:timepoint48H,1.4474696003081677,0,1.2485849001143705,0.24770515775234908,0.9167041271149927,0.43405247032758176,0.9849144782664006,NA,linear,289,224
Lachnospira,obesity_group,obesity,obesity_groupobesity,1.6800283947909398,0,1.405320784144178,0.24588374521773013,0.9167041271149927,0.05105799270015123,0.356007099785986,NA,linear,289,27
Romboutsia,obesity_group,obesity,obesity_groupobesity,-0.9110142088925497,0,0.7553549423741305,0.24733559018854814,0.9167041271149927,0.28151738845816976,0.8693400324782442,NA,linear,289,263
Blautia,carbohydrate,RDC:timepoint48H,carbohydrateRDC:timepoint48H,1.233815677429102,0,1.0714680687197362,0.2505511434536517,0.9186546175427196,0.43832641142137097,0.9849144782664006,NA,linear,289,285
Catenibacterium,carbohydrate,RDC:timepoint48H,carbohydrateRDC:timepoint48H,3.84486320246664,0,3.3122873966280553,0.25116408160476483,0.9186546175427196,0.4392447673211649,0.9849144782664006,NA,linear,289,59
Ruminiclostridium,carbohydrate,SDC:timepoint48H,carbohydrateSDC:timepoint48H,1.3178742911824735,0,1.1417312854070654,0.24971580361800627,0.9186546175427196,0.4370736246594258,0.9849144782664006,NA,linear,289,225
Eubacterium,carbohydrate,RDC:timepoint48H,carbohydrateRDC:timepoint48H,1.250891199594906,0,1.1210508261985446,0.26557532594460187,0.9420407788223614,0.1442684888964707,0.6573119259572299,NA,linear,289,269
f__Christensenellaceae,obesity_group,obesity,obesity_groupobesity,0.8818887760699644,0,0.7538747284332932,0.2633766957910324,0.9420407788223614,0.29718657361016476,0.8794649184161271,NA,linear,289,214
Paenibacillus,carbohydrate,RDC:timepoint48H,carbohydrateRDC:timepoint48H,-1.3490157321165221,0,1.2061395543325706,0.2653582769949067,0.9420407788223614,0.46030153882010805,0.999976442700979,NA,linear,289,155
Peptoniphilus,obesity_group,obesity,obesity_groupobesity,1.634019225878384,0,1.4060928042082743,0.2655554963586093,0.9420407788223614,0.28180963724736796,0.8693400324782442,NA,linear,289,67
Eggerthella,carbohydrate,SDC:timepoint48H,carbohydrateSDC:timepoint48H,1.341486825257313,0,1.2152988955456225,0.271038899595103,0.9436169097014697,0.4686157140964816,0.999976442700979,NA,linear,289,212
Lactococcus,carbohydrate,RDC:timepoint48H,carbohydrateRDC:timepoint48H,1.6729743085652446,0,1.5122221462566907,0.2709999583116866,0.9436169097014697,0.4685589392184374,0.999976442700979,NA,linear,289,118
Prevotella,carbohydrate,RDC,carbohydrateRDC,1.2236128735368834,0,1.0871075873580764,0.27722715305764173,0.9545550325061657,0.47759941172283826,0.999976442700979,NA,linear,289,24
Catenibacterium,timepoint,48H,timepoint48H,-3.0140847848804526,0,2.772090441714129,0.2822729636972644,0.9552935256721912,0.4848679013600917,0.999976442700979,NA,linear,289,59
Coprococcus,carbohydrate,RDC:timepoint48H,carbohydrateRDC:timepoint48H,1.3552123803655027,0,1.2632410963207923,0.28455551828533354,0.9552935256721912,0.48813919358403224,0.999976442700979,NA,linear,289,235
Peptococcus,timepoint,48H,timepoint48H,-2.3008280351932435,0,2.0981494188933065,0.28076655287963614,0.9552935256721912,0.4827032485433588,0.999976442700979,NA,linear,289,40
Eisenbergiella,carbohydrate,SDC:timepoint48H,carbohydrateSDC:timepoint48H,4.273541171072614,0,3.9312205489043572,0.2861194746085121,0.9568598366250995,0.24190143995961633,0.824378019428919,NA,linear,289,41
Methanobrevibacter,obesity_group,obesity,obesity_groupobesity,-1.9726626363092388,0,1.5277110936688247,0.28705795098752984,0.9568598366250995,0.4917136347499004,0.999976442700979,NA,linear,289,57
Lactobacillus,timepoint,48H,timepoint48H,-2.5242513844822296,0,2.3583375039747243,0.28981201475187157,0.9623333447206346,0.4956330256092041,0.999976442700979,NA,linear,289,63
Parvimonas,obesity_group,obesity,obesity_groupobesity,3.934777306033054,0,1.9928313457720477,0.29690524089217873,0.9724422523994705,0.34616537823822335,0.9351153347637489,NA,linear,289,13
Coprobacillus,timepoint,48H,timepoint48H,2.4435135757661097,0,2.2689596842337854,0.300202991993954,0.9798292099802666,0.08790174616805124,0.47993769013069915,NA,linear,289,23
Adlercreutzia,carbohydrate,RDC,carbohydrateRDC,0.761810447193507,0,0.8056488003558971,0.3462950862379449,0.9806265543621827,0.5726698857233441,0.999976442700979,NA,linear,289,136
Alistipes,carbohydrate,SDC:timepoint48H,carbohydrateSDC:timepoint48H,2.192807741585772,0,2.132080231447251,0.3060217112869449,0.9806265543621827,0.3566769018390399,0.9351153347637489,NA,linear,289,129
Anaerococcus,obesity_group,obesity,obesity_groupobesity,1.0976759486201553,0,1.079277651105656,0.3339037962665432,0.9806265543621827,0.5563158473718772,0.999976442700979,NA,linear,289,57
Bacteroides,carbohydrate,RDC:timepoint48H,carbohydrateRDC:timepoint48H,1.999081834906977,0,2.023205189706209,0.32465606147796766,0.9806265543621827,0.5439105647015494,0.999976442700979,NA,linear,289,173
Carnobacterium,obesity_group,obesity,obesity_groupobesity,3.973435425873463,0,4.039316473956713,0.3529054659495145,0.9806265543621827,0.3529054659495145,0.9351153347637489,NA,linear,289,50
Dialister,carbohydrate,SDC:timepoint48H,carbohydrateSDC:timepoint48H,2.021087415102758,0,1.978089320651446,0.3110968784189022,0.9806265543621827,0.5254124890758192,0.999976442700979,NA,linear,289,76
Enterobacter,obesity_group,obesity,obesity_groupobesity,2.622040515391683,0,2.3297953940434537,0.33790653196338055,0.9806265543621827,0.5616322395832419,0.999976442700979,NA,linear,289,25
Erysipelatoclostridium,carbohydrate,RDC,carbohydrateRDC,0.9067185567690752,0,0.8897849333119585,0.31061701745601794,0.9806265543621827,0.5247511033787636,0.999976442700979,NA,linear,289,118
f__Coriobacteriaceae,timepoint,48H,timepoint48H,1.4788792870112193,0,1.543185100772511,0.3401866444541336,0.9806265543621827,0.11004973612476343,0.5580100338449901,NA,linear,289,110
f__Erysipelotrichaceae,carbohydrate,SDC:timepoint48H,carbohydrateSDC:timepoint48H,1.0510390175027062,0,1.1030818418329262,0.34179800314882514,0.9806265543621827,0.41856971481882055,0.9773026827650444,NA,linear,289,224
f__Lachnospiraceae,timepoint,48H,timepoint48H,0.9036039994144268,0,0.930350309482084,0.33231551638887513,0.9806265543621827,0.5541974303449455,0.999976442700979,NA,linear,289,281
f__Ruminococcaceae,obesity_group,obesity,obesity_groupobesity,0.35784065645865454,0,0.38043313456782973,0.3477530112609949,0.9806265543621827,0.05548112603573931,0.36204991220758087,NA,linear,289,274
Finegoldia,carbohydrate,SDC,carbohydrateSDC,-2.3948483591144836,0,2.5073266441945363,0.3466266705981207,0.9806265543621827,0.5731032924263033,0.999976442700979,NA,linear,289,45
Fusicatenibacter,timepoint,48H,timepoint48H,-1.1734251311406656,0,1.1591395203433208,0.3124124089517985,0.9806265543621827,0.14162930473620527,0.6562340789897076,NA,linear,289,256
Hungatella,timepoint,48H,timepoint48H,2.2799228486564025,0,2.265998073003679,0.3198271889849758,0.9806265543621827,0.001459376048288446,0.02473937697513902,NA,linear,289,61
Intestinibacter,carbohydrate,RDC:timepoint48H,carbohydrateRDC:timepoint48H,1.1727621652745486,0,1.248713012556933,0.3487611721378674,0.9806265543621827,0.5758879890847557,0.999976442700979,NA,linear,289,224
Lachnoclostridium,obesity_group,obesity,obesity_groupobesity,0.4329021502707756,0,0.43737548209209787,0.33854615220061257,0.9806265543621827,0.5624788072313849,0.999976442700979,NA,linear,289,279
Marvinbryantia,carbohydrate,RDC,carbohydrateRDC,0.8125535998432016,0,0.8656549259299523,0.34960950445514105,0.9806265543621827,0.5547400762090866,0.999976442700979,NA,linear,289,148
Parabacteroides,carbohydrate,RDC:timepoint48H,carbohydrateRDC:timepoint48H,2.6155023218816154,0,2.6712254553799912,0.32929589592908226,0.9806265543621827,0.4449211147388641,0.9932668745705343,NA,linear,289,149
Parvimonas,carbohydrate,SDC,carbohydrateSDC,-1.4422754146034305,0,1.2600849922569914,0.31681424511720524,0.9806265543621827,0.5332572243252258,0.999976442700979,NA,linear,289,13
Peptococcus,carbohydrate,RDC,carbohydrateRDC,-1.117018604912869,0,1.1294804018094293,0.3326281832978901,0.9806265543621827,0.5546148582717254,0.999976442700979,NA,linear,289,40
Peptoniphilus,timepoint,48H,timepoint48H,3.587247342492799,0,3.4963288777124517,0.3092833557592482,0.9806265543621827,0.0015067204051656378,0.02473937697513902,NA,linear,289,67
Roseburia,carbohydrate,RDC,carbohydrateRDC,0.9322488557204353,0,0.9160769332671398,0.31013284819180337,0.9806265543621827,0.5240833128560465,0.999976442700979,NA,linear,289,205
Roseburia,obesity_group,obesity,obesity_groupobesity,0.45795447089414143,0,0.475043756353117,0.3509665662097815,0.9806265543621827,0.449040579488275,0.998085829517607,NA,linear,289,205
Sarcina,timepoint,48H,timepoint48H,1.8957309517258063,0,1.688614627865913,0.342241756108335,0.9806265543621827,0.5673540925925531,0.999976442700979,NA,linear,289,13
Senegalimassilia,carbohydrate,RDC,carbohydrateRDC,1.3292724788736183,0,1.308327083509871,0.3129099896765704,0.9806265543621827,0.5279073177137493,0.999976442700979,NA,linear,289,84
Subdoligranulum,carbohydrate,SDC:timepoint48H,carbohydrateSDC:timepoint48H,1.0516521222524235,0,1.0848432256857734,0.3332449992997176,0.9806265543621827,0.11740167406828074,0.5858573735368127,NA,linear,289,281
o__Clostridiales,carbohydrate,RDC:timepoint48H,carbohydrateRDC:timepoint48H,1.2528604590410002,0,1.3480613735714813,0.35477725132655,0.9808547536675206,0.583687604594278,0.999976442700979,NA,linear,289,128
Akkermansia,carbohydrate,RDC:timepoint48H,carbohydrateRDC:timepoint48H,1.418113965944382,0,1.5346266434322742,0.35670607519721864,0.98329533925333,0.29237509744655155,0.8770115394723557,NA,linear,289,195
Akkermansia,carbohydrate,SDC,carbohydrateSDC,-1.1181684751417196,0,1.2374738761513264,0.36742918930494595,0.9866076119747256,0.4685471300912707,0.999976442700979,NA,linear,289,195
Coprobacillus,carbohydrate,SDC:timepoint48H,carbohydrateSDC:timepoint48H,2.8679106736394275,0,3.0626129285875057,0.36538560003361653,0.9866076119747256,0.5972645633553071,0.999976442700979,NA,linear,289,23
Enterorhabdus,carbohydrate,RDC:timepoint48H,carbohydrateRDC:timepoint48H,-1.2370277753554049,0,1.3263487709030501,0.3615973519072976,0.9866076119747256,0.5924420589082251,0.999976442700979,NA,linear,289,28
f__Christensenellaceae,timepoint,48H,timepoint48H,0.9631771683994144,0,1.0741014414759693,0.37095535249102785,0.9866076119747256,0.36874389399894614,0.9380649629902746,NA,linear,289,214
Lachnospira,carbohydrate,SDC,carbohydrateSDC,1.4381808803405907,0,1.571196401769847,0.3709174960329429,0.9866076119747256,0.6042552032025376,0.999976442700979,NA,linear,289,27
Lactococcus,carbohydrate,RDC,carbohydrateRDC,0.7130513799961931,0,0.79408402470942,0.37140273119511524,0.9866076119747256,0.6048654736510395,0.999976442700979,NA,linear,289,118
Methanobrevibacter,carbohydrate,SDC:timepoint48H,carbohydrateSDC:timepoint48H,2.531659286252039,0,2.7551933906748958,0.3637919379666299,0.9866076119747256,0.5952393018037435,0.999976442700979,NA,linear,289,57
Sarcina,carbohydrate,RDC,carbohydrateRDC,-1.571352162625279,0,1.4623831649338876,0.3602776277238014,0.9866076119747256,0.5907552864093126,0.999976442700979,NA,linear,289,13
Solobacterium,obesity_group,obesity,obesity_groupobesity,-1.63424608720307,0,1.7282423875835442,0.3718449807177101,0.9866076119747256,0.4015991787232186,0.9618767143182508,NA,linear,289,51
Succiniclasticum,carbohydrate,RDC:timepoint48H,carbohydrateRDC:timepoint48H,1.2097268429081773,0,1.3304043225681685,0.37490829257600944,0.9866076119747256,0.6092603573097601,0.999976442700979,NA,linear,289,30
Turicibacter,carbohydrate,SDC,carbohydrateSDC,-0.8068963832741847,0,0.9082376180702942,0.3754846891703837,0.9866076119747256,0.6099806265393877,0.999976442700979,NA,linear,289,202
Dialister,carbohydrate,SDC,carbohydrateSDC,1.1417685471806334,0,1.3025952434719028,0.38435613518298095,0.9898486769095948,0.6209826317131639,0.999976442700979,NA,linear,289,76
Negativicoccus,obesity_group,obesity,obesity_groupobesity,0.9209792356468789,0,1.0327186327299767,0.3891137449617692,0.9923706492335255,0.3891137449617692,0.9476502209834474,NA,linear,289,59
Senegalimassilia,carbohydrate,RDC:timepoint48H,carbohydrateRDC:timepoint48H,1.5181721827978225,0,1.7765240681383156,0.39552580469980114,0.9967674434793916,0.6346109472161772,0.999976442700979,NA,linear,289,84
Actinomyces,carbohydrate,RDC,carbohydrateRDC,0.20448117545931102,0,0.7568415508677522,0.7874397512795507,0.9999981164156955,0.5772072864377491,0.999976442700979,NA,linear,289,141
Actinomyces,carbohydrate,RDC:timepoint48H,carbohydrateRDC:timepoint48H,0.2912054305808119,0,1.4206062652714129,0.8378935446840152,0.9999981164156955,0.713879778250526,0.999976442700979,NA,linear,289,141
Actinomyces,carbohydrate,SDC,carbohydrateSDC,-0.20577186517664794,0,0.7475522324181285,0.7835398251921728,0.9999981164156955,0.9242688164927229,0.999976442700979,NA,linear,289,141
Actinomyces,carbohydrate,SDC:timepoint48H,carbohydrateSDC:timepoint48H,0.7212010343031489,0,1.5420096939302743,0.6407574462851677,0.9999981164156955,0.7297786482185002,0.999976442700979,NA,linear,289,141
Adlercreutzia,carbohydrate,RDC:timepoint48H,carbohydrateRDC:timepoint48H,0.6950756192227432,0,1.3279330660713726,0.601663042257016,0.9999981164156955,0.65368015609157,0.999976442700979,NA,linear,289,136
Adlercreutzia,carbohydrate,SDC:timepoint48H,carbohydrateSDC:timepoint48H,0.8985234926138652,0,1.3242295902265657,0.49877617545530695,0.9999981164156955,0.7487746777087907,0.999976442700979,NA,linear,289,136
Adlercreutzia,obesity_group,obesity,obesity_groupobesity,-0.30061800086323004,0,0.8496810145979992,0.7294000306947883,0.9999981164156955,0.002985748604476779,0.0446984129317259,NA,linear,289,136
Adlercreutzia,timepoint,48H,timepoint48H,-0.44730016427391994,0,1.072171484749696,0.6772831880774426,0.9999981164156955,0.009102122343311906,0.10529500619876728,NA,linear,289,136
Akkermansia,carbohydrate,RDC,carbohydrateRDC,-0.5214451509768626,0,1.2431673041203044,0.6753911213048338,0.9999981164156955,0.6164198890212402,0.999976442700979,NA,linear,289,195
Akkermansia,obesity_group,obesity,obesity_groupobesity,0.25694928293694996,0,0.6357182972624941,0.6939312223772265,0.9999981164156955,0.9063219033645011,0.999976442700979,NA,linear,289,195
Alistipes,carbohydrate,RDC,carbohydrateRDC,0.09206632125060121,0,2.0882688465464976,0.9649154340375906,0.9999981164156955,0.9497193105962078,0.999976442700979,NA,linear,289,129
Alistipes,carbohydrate,RDC:timepoint48H,carbohydrateRDC:timepoint48H,1.0162053757988987,0,2.184381165720647,0.6427021634533998,0.9999981164156955,0.3548023479575534,0.9351153347637489,NA,linear,289,129
Alistipes,carbohydrate,SDC,carbohydrateSDC,-1.1405330377833094,0,2.041505559642973,0.5775403483566267,0.9999981164156955,0.8215278427333597,0.999976442700979,NA,linear,289,129
Alistipes,obesity_group,obesity,obesity_groupobesity,0.04901475611369778,0,0.7332447895335206,0.947789797826068,0.9999981164156955,0.6561764841500171,0.999976442700979,NA,linear,289,129
Anaerococcus,carbohydrate,RDC,carbohydrateRDC,-0.24539615867303263,0,1.6138805008701844,0.8798753449491545,0.9999981164156955,0.9489618831824348,0.999976442700979,NA,linear,289,57
Anaerococcus,carbohydrate,RDC:timepoint48H,carbohydrateRDC:timepoint48H,1.0851484209678754,0,1.7323791844096006,0.5344690063447642,0.9999981164156955,0.5635795705866279,0.999976442700979,NA,linear,289,57
Anaerococcus,carbohydrate,SDC,carbohydrateSDC,0.07344376224817438,0,1.8856784592074003,0.9691166686481103,0.9999981164156955,0.5594239068573552,0.999976442700979,NA,linear,289,57
Anaerococcus,carbohydrate,SDC:timepoint48H,carbohydrateSDC:timepoint48H,0.876754650410322,0,2.0225118333901,0.6668401355226846,0.9999981164156955,0.7582321746266083,0.999976442700979,NA,linear,289,57
Anaerococcus,timepoint,48H,timepoint48H,0.4653100610181169,0,1.473566870096142,0.7536415917911325,0.9999981164156955,0.0014043002263682337,0.024647890180049346,NA,linear,289,57
Anaerostipes,carbohydrate,RDC,carbohydrateRDC,0.1604159844757657,0,0.92783991776411745,0.8628848578091574,0.9999981164156955,3.2461789823140795e-5,9.719441776458039e-4,NA,linear,289,255
Anaerostipes,carbohydrate,SDC,carbohydrateSDC,0.0675970154827959,0,0.924897359745216,0.9417997269560163,0.9999981164156955,0.8145322293624455,0.999976442700979,NA,linear,289,255
Anaerostipes,obesity_group,obesity,obesity_groupobesity,-0.14965432654802038,0,0.5979114367823406,0.8060472750643194,0.9999981164156955,0.5923209828301546,0.999976442700979,NA,linear,289,255
Anaerotruncus,carbohydrate,RDC,carbohydrateRDC,0.981554769359992,0,2.2165410399253114,0.6591571427318816,0.9999981164156955,0.8201720289574198,0.999976442700979,NA,linear,289,98
Anaerotruncus,carbohydrate,RDC:timepoint48H,carbohydrateRDC:timepoint48H,1.3050552372733355,0,2.4968100122200427,0.6027237126736631,0.9999981164156955,0.026059100985123075,0.22481495595640075,NA,linear,289,98
Anaerotruncus,carbohydrate,SDC,carbohydrateSDC,0.588585141146515,0,2.190960275532909,0.7889630967635874,0.9999981164156955,0.8126701606223949,0.999976442700979,NA,linear,289,98
Anaerotruncus,carbohydrate,SDC:timepoint48H,carbohydrateSDC:timepoint48H,1.7416734430123948,0,2.4571008736279567,0.48068103216727,0.9999981164156955,0.0371817409993997,0.28675009346506736,NA,linear,289,98
Anaerotruncus,obesity_group,obesity,obesity_groupobesity,-0.4302749982657716,0,1.4357568183576983,0.7727426319746113,0.9999981164156955,0.6286486773532631,0.999976442700979,NA,linear,289,98
Anaerotruncus,timepoint,48H,timepoint48H,1.5540806980996307,0,2.1141858095964636,0.4645153313610495,0.9999981164156955,8.267499507377459e-5,0.0021040786246275633,NA,linear,289,98
Bacteroides,carbohydrate,RDC,carbohydrateRDC,-0.8324647914017901,0,1.8583877707739496,0.6548142607962547,0.9999981164156955,0.880846805450364,0.999976442700979,NA,linear,289,173
Bacteroides,carbohydrate,SDC,carbohydrateSDC,0.5128596082357659,0,1.9025028844688536,0.7878498549706066,0.9999981164156955,0.9549923159640072,0.999976442700979,NA,linear,289,173
Bacteroides,carbohydrate,SDC:timepoint48H,carbohydrateSDC:timepoint48H,1.0252057842179203,0,2.0619465829569465,0.619754373650564,0.9999981164156955,0.7366510320275808,0.999976442700979,NA,linear,289,173
Bacteroides,obesity_group,obesity,obesity_groupobesity,-0.15876338104925436,0,0.8498566812221126,0.8544734473338492,0.9999981164156955,0.956528311963109,0.999976442700979,NA,linear,289,173
Bifidobacterium,carbohydrate,RDC,carbohydrateRDC,0.16957462347625585,0,0.8176128717614123,0.8358542000862382,0.9999981164156955,0.7067984625502,0.999976442700979,NA,linear,289,287
Bifidobacterium,carbohydrate,SDC,carbohydrateSDC,0.15707146910827102,0,0.8150710003104489,0.8473336559319242,0.9999981164156955,0.9766929873888879,0.999976442700979,NA,linear,289,287
Bifidobacterium,obesity_group,obesity,obesity_groupobesity,-0.3743120825634222,0,0.6724543053403106,0.5866660805263332,0.9999981164156955,0.6821575788628199,0.999976442700979,NA,linear,289,287
Bifidobacterium,timepoint,48H,timepoint48H,0.293564238388772,0,0.9149349316357324,0.7485682621189338,0.9999981164156955,0.9367820811861068,0.999976442700979,NA,linear,289,287
Bilophila,carbohydrate,RDC,carbohydrateRDC,0.8558344102341341,0,3.6538386831582828,0.8159548088235637,0.9999981164156955,0.35421970060364205,0.9351153347637489,NA,linear,289,55
Bilophila,carbohydrate,RDC:timepoint48H,carbohydrateRDC:timepoint48H,1.5041020452440015,0,3.7933838897831054,0.6937571213219806,0.9999981164156955,0.8479801284841344,0.999976442700979,NA,linear,289,55
Bilophila,carbohydrate,SDC,carbohydrateSDC,1.2448922785372234,0,2.5958394786443137,0.6344419931761698,0.9999981164156955,0.8663673436469885,0.999976442700979,NA,linear,289,55
Bilophila,carbohydrate,SDC:timepoint48H,carbohydrateSDC:timepoint48H,0.7127836487256543,0,2.7893673233017644,0.7997600265806148,0.9999981164156955,0.9029700591779597,0.999976442700979,NA,linear,289,55
Bilophila,timepoint,48H,timepoint48H,1.3930168614167242,0,2.2258052710769736,0.534758771374227,0.9999981164156955,0.008861461426325106,0.10489497362789486,NA,linear,289,55
Blautia,carbohydrate,RDC,carbohydrateRDC,-0.007306020670364737,0,0.7918108707581041,0.9926449399878068,0.9999981164156955,0.9926449399878068,0.999976442700979,NA,linear,289,285
Blautia,carbohydrate,SDC,carbohydrateSDC,0.07189310001032662,0,0.7893390424020509,0.9274972888093322,0.9999981164156955,0.9947433568700026,0.999976442700979,NA,linear,289,285
Blautia,timepoint,48H,timepoint48H,-0.22841462192587944,0,0.8847641606204018,0.7964778727247699,0.9999981164156955,0.958578743709365,0.999976442700979,NA,linear,289,285
Catenibacterium,carbohydrate,RDC,carbohydrateRDC,-0.1440514633079648,0,2.1291838013549085,0.9463294723024569,0.9999981164156955,0.984891951474075,0.999976442700979,NA,linear,289,59
Catenibacterium,carbohydrate,SDC,carbohydrateSDC,-0.94198936406273,0,2.0790458749623997,0.6525779794548131,0.9999981164156955,0.8792979396402998,0.999976442700979,NA,linear,289,59
Catenibacterium,obesity_group,obesity,obesity_groupobesity,-0.26037218902360365,0,1.6374344905928382,0.8775202265403684,0.9999981164156955,0.3175667198308615,0.900983315964842,NA,linear,289,59
Christensenella,carbohydrate,RDC,carbohydrateRDC,0.14571714230082236,0,0.5240550880279568,0.7889559142122058,0.9999981164156955,0.7889559142122058,0.999976442700979,NA,linear,289,15
Christensenella,carbohydrate,SDC,carbohydrateSDC,-0.46191847826357274,0,0.5493077713722693,0.4277819199041134,0.9999981164156955,0.4277819199041134,0.9783047915843811,NA,linear,289,15
Clostridium,carbohydrate,RDC,carbohydrateRDC,-0.6331416095680354,0,0.9934880568764873,0.5246006937773723,0.9999981164156955,0.7739954996430443,0.999976442700979,NA,linear,289,239
Clostridium,carbohydrate,SDC,carbohydrateSDC,-0.6265766143988939,0,0.9958580906474589,0.5298869979274639,0.9999981164156955,0.77899376528234765,0.999976442700979,NA,linear,289,239
Clostridium,obesity_group,obesity,obesity_groupobesity,-0.21741855509875452,0,0.8616663717045837,0.8045298629736858,0.9999981164156955,0.9617914255309139,0.999976442700979,NA,linear,289,239
Collinsella,carbohydrate,RDC,carbohydrateRDC,-0.3615561217679843,0,0.9881795039436164,0.7148111346957342,0.9999981164156955,0.6506127884037765,0.999976442700979,NA,linear,289,237
Collinsella,carbohydrate,SDC,carbohydrateSDC,-0.1435003775558356,0,0.9867274214434051,0.884506747922133,0.9999981164156955,0.7344489663341772,0.999976442700979,NA,linear,289,237
Coprobacillus,carbohydrate,RDC,carbohydrateRDC,-0.8335722935480169,0,3.2102247860575215,0.798794689509649,0.9999981164156955,0.6769743222078434,0.999976442700979,NA,linear,289,23
Coprobacillus,carbohydrate,RDC:timepoint48H,carbohydrateRDC:timepoint48H,0.5412728130241782,0,3.512127892336084,0.8795995613329406,0.9999981164156955,0.9855037343687797,0.999976442700979,NA,linear,289,23
Coprobacillus,carbohydrate,SDC,carbohydrateSDC,-1.6354546182255565,0,2.835654756611865,0.5736029799692709,0.9999981164156955,0.6775894846534587,0.999976442700979,NA,linear,289,23
Coprobacillus,obesity_group,obesity,obesity_groupobesity,0.7349065507933209,0,2.9398411788371637,0.8236430561774547,0.9999981164156955,0.4566119946161147,0.999976442700979,NA,linear,289,23
Coprococcus,carbohydrate,RDC,carbohydrateRDC,0.498122782512505,0,0.8961979077573462,0.5789122278744033,0.9999981164156955,0.8226850881663016,0.999976442700979,NA,linear,289,235
Coprococcus,carbohydrate,SDC,carbohydrateSDC,-0.2045244197824565,0,0.8924452231363857,0.8189521275511924,0.9999981164156955,0.9672216678817602,0.999976442700979,NA,linear,289,235
Coprococcus,obesity_group,obesity,obesity_groupobesity,0.24984974756205947,0,0.6765283723712656,0.7181209285118817,0.9999981164156955,0.24050892124990675,0.824378019428919,NA,linear,289,235
Coprococcus,timepoint,48H,timepoint48H,0.27080672853339344,0,1.0489238481378664,0.7965129879160687,0.9999981164156955,0.2724061999677617,0.8627825599519173,NA,linear,289,235
Dialister,carbohydrate,RDC,carbohydrateRDC,-0.5366557108209924,0,1.3178189725510734,0.6853995721234942,0.9999981164156955,0.49874496835135895,0.999976442700979,NA,linear,289,76
Dialister,obesity_group,obesity,obesity_groupobesity,1.0521977123066983,0,1.7646848710343221,0.5665418899947543,0.9999981164156955,0.5610501398373666,0.999976442700979,NA,linear,289,76
Dialister,timepoint,48H,timepoint48H,0.3310884372583084,0,1.6903089164562646,0.8453469050986101,0.9999981164156955,0.23998053103777983,0.824378019428919,NA,linear,289,76
Dorea,carbohydrate,RDC,carbohydrateRDC,0.3863441140592806,0,0.772068253759668,0.6172307946949671,0.9999981164156955,0.25601708557357894,0.8377788498778611,NA,linear,289,270
Dorea,carbohydrate,SDC,carbohydrateSDC,0.056266671657756846,0,0.7672591822736831,0.9415982747192586,0.9999981164156955,0.9965892384842328,0.999976442700979,NA,linear,289,270
Dorea,obesity_group,obesity,obesity_groupobesity,-0.2318964482288956,0,0.43687055018902626,0.6041822486387782,0.9999981164156955,0.4754590036649574,0.999976442700979,NA,linear,289,270
Eggerthella,carbohydrate,RDC,carbohydrateRDC,-0.6697656406161332,0,0.9637117266805733,0.48789596886692654,0.9999981164156955,0.6118802132089993,0.999976442700979,NA,linear,289,212
Eggerthella,carbohydrate,SDC,carbohydrateSDC,-0.4836223124107231,0,0.9567927011676143,0.6138113022724052,0.9999981164156955,0.7642723793127968,0.999976442700979,NA,linear,289,212
Eisenbergiella,carbohydrate,RDC,carbohydrateRDC,-0.2797561636189633,0,3.983211158708586,0.9445195768189784,0.9999981164156955,0.9703497412826132,0.999976442700979,NA,linear,289,41
Eisenbergiella,carbohydrate,RDC:timepoint48H,carbohydrateRDC:timepoint48H,1.8033886569237698,0,4.179311403404718,0.6695187598976751,0.9999981164156955,0.8376347843200631,0.999976442700979,NA,linear,289,41
Eisenbergiella,carbohydrate,SDC,carbohydrateSDC,-2.275160616827139,0,3.6254411140343903,0.5353586509133718,0.9999981164156955,0.784108416718958,0.999976442700979,NA,linear,289,41
Eisenbergiella,timepoint,48H,timepoint48H,-2.078429985552335,0,3.432113599879597,0.5498626941880184,0.9999981164156955,0.02017354530711873,0.18014622037409533,NA,linear,289,41
Enterococcus,carbohydrate,RDC,carbohydrateRDC,0.7040470245149459,0,4.439060633929639,0.8748113112585931,0.9999981164156955,0.9843277922112071,0.999976442700979,NA,linear,289,47
Enterococcus,carbohydrate,RDC:timepoint48H,carbohydrateRDC:timepoint48H,2.364250953241157,0,4.728674219997234,0.6199404679546121,0.9999981164156955,0.8555547521014408,0.999976442700979,NA,linear,289,47
Enterococcus,obesity_group,obesity,obesity_groupobesity,-0.9758996575270242,0,2.094208687852061,0.6592037285349306,0.9999981164156955,0.8598039657401835,0.999976442700979,NA,linear,289,47
Enterococcus,timepoint,48H,timepoint48H,0.537616768492488,0,4.372442983182622,0.9028327055261762,0.9999981164156955,0.030610788536791344,0.24731573595598086,NA,linear,289,47
Enterorhabdus,carbohydrate,RDC,carbohydrateRDC,0.7218472826587687,0,0.8388566175637006,0.3992243995771335,0.9999981164156955,0.6390686779365443,0.999976442700979,NA,linear,289,28
Enterorhabdus,carbohydrate,SDC,carbohydrateSDC,0.6114101433025657,0,0.8388566175637006,0.4741373272366428,0.9999981164156955,0.7234684493941783,0.999976442700979,NA,linear,289,28
Enterorhabdus,carbohydrate,SDC:timepoint48H,carbohydrateSDC:timepoint48H,0.2706211859172952,0,1.2777083335435195,0.8343036281407624,0.9999981164156955,0.6275272082441663,0.999976442700979,NA,linear,289,28
Enterorhabdus,timepoint,48H,timepoint48H,0.6243016655424768,0,1.0980159961840754,0.5756768149772494,0.9999981164156955,0.6882995661189215,0.999976442700979,NA,linear,289,28
Erysipelatoclostridium,carbohydrate,RDC:timepoint48H,carbohydrateRDC:timepoint48H,0.09034337429975227,0,1.370911979357118,0.9475879885908419,0.9999981164156955,0.5154837640294485,0.999976442700979,NA,linear,289,118
Erysipelatoclostridium,carbohydrate,SDC,carbohydrateSDC,0.4498919882309034,0,0.8989025548150762,0.6178284855587837,0.9999981164156955,0.6645211891946949,0.999976442700979,NA,linear,289,118
Erysipelatoclostridium,carbohydrate,SDC:timepoint48H,carbohydrateSDC:timepoint48H,0.14038193444123256,0,1.3633422205877912,0.9181875619354586,0.9999981164156955,0.8079141574218243,0.999976442700979,NA,linear,289,118
Erysipelatoclostridium,obesity_group,obesity,obesity_groupobesity,0.613671005481521,0,0.7076012551978714,0.4038521477862931,0.9999981164156955,0.6446077383009843,0.999976442700979,NA,linear,289,118
Escherichia,carbohydrate,RDC,carbohydrateRDC,-1.3404076786256447,0,1.8296836752065395,0.4648751458799134,0.9999981164156955,0.7136413905029562,0.999976442700979,NA,linear,289,181
Escherichia,carbohydrate,SDC,carbohydrateSDC,-1.3729233048886784,0,1.8038887717532037,0.4477276227029715,0.9999981164156955,0.6949952212746886,0.999976442700979,NA,linear,289,181
Escherichia,obesity_group,obesity,obesity_groupobesity,-0.7629724433257752,0,1.2532114885318415,0.5533101620877563,0.9999981164156955,0.577750917418382,0.999976442700979,NA,linear,289,181
Eubacterium,carbohydrate,RDC,carbohydrateRDC,0.5039912137574463,0,0.8141825021574337,0.5364738516183263,0.9999981164156955,0.06174500540639652,0.38800256483772627,NA,linear,289,269
Eubacterium,carbohydrate,SDC,carbohydrateSDC,0.07841486106842302,0,0.8090949920323879,0.9228706998001321,0.9999981164156955,0.8155962704999017,0.999976442700979,NA,linear,289,269
Eubacterium,obesity_group,obesity,obesity_groupobesity,0.02340301963536211,0,0.55284522801915,0.9668936476977921,0.9999981164156955,0.1580314930826195,0.7055967542022221,NA,linear,289,269
f__Christensenellaceae,carbohydrate,RDC,carbohydrateRDC,0.19296197802930767,0,0.9259811137979729,0.8351451691566452,0.9999981164156955,0.9165575064422052,0.999976442700979,NA,linear,289,214
f__Christensenellaceae,carbohydrate,RDC:timepoint48H,carbohydrateRDC:timepoint48H,0.8532147795255615,0,1.3144559713745136,0.517034858432853,0.9999981164156955,0.7667446720310257,0.999976442700979,NA,linear,289,214
f__Christensenellaceae,carbohydrate,SDC,carbohydrateSDC,-0.2535622697858313,0,0.9194667122114029,0.7830173594004493,0.9999981164156955,0.9071094705508752,0.999976442700979,NA,linear,289,214
f__Coriobacteriaceae,carbohydrate,RDC,carbohydrateRDC,0.839357584933914,0,1.1718758391626072,0.4754883654673916,0.9999981164156955,0.7248875452399315,0.999976442700979,NA,linear,289,110
f__Coriobacteriaceae,carbohydrate,SDC,carbohydrateSDC,0.20583546264104252,0,1.1824252263083688,0.8621578521246853,0.9999981164156955,0.8932790147944923,0.999976442700979,NA,linear,289,110
f__Coriobacteriaceae,obesity_group,obesity,obesity_groupobesity,-0.5786463405551567,0,0.6761852056194851,0.4193541195792889,0.9999981164156955,0.3067927256965366,0.8923285564544978,NA,linear,289,110
f__Defluviitaleaceae,carbohydrate,RDC,carbohydrateRDC,-0.33328920073042323,0,1.1139683344204183,0.7677115724412465,0.9999981164156955,0.8887539698751168,0.999976442700979,NA,linear,289,29
f__Defluviitaleaceae,carbohydrate,SDC:timepoint48H,carbohydrateSDC:timepoint48H,0.6479372732592028,0,1.4711474397422648,0.6647143361309613,0.9999981164156955,0.8516037268181065,0.999976442700979,NA,linear,289,29
f__Defluviitaleaceae,obesity_group,obesity,obesity_groupobesity,0.4207732582941,0,0.9363300990917558,0.6880369850710576,0.9999981164156955,0.5334139867820389,0.999976442700979,NA,linear,289,29
f__Defluviitaleaceae,timepoint,48H,timepoint48H,-0.495904635885239,0,1.2086810548147509,0.6856983176456668,0.9999981164156955,0.9012144524692358,0.999976442700979,NA,linear,289,29
f__Erysipelotrichaceae,carbohydrate,RDC,carbohydrateRDC,0.32714078605574876,0,0.8046933782803722,0.6847700989955545,0.9999981164156955,0.9006301095127275,0.999976442700979,NA,linear,289,224
f__Erysipelotrichaceae,carbohydrate,RDC:timepoint48H,carbohydrateRDC:timepoint48H,0.08256993659760437,0,1.1089765599284453,0.9407199248939292,0.9999981164156955,0.5304322115677935,0.999976442700979,NA,linear,289,224
f__Erysipelotrichaceae,carbohydrate,SDC,carbohydrateSDC,-0.06741137493351265,0,0.8011601321466705,0.9330258729352876,0.9999981164156955,0.9384609317449653,0.999976442700979,NA,linear,289,224
f__Erysipelotrichaceae,obesity_group,obesity,obesity_groupobesity,0.33435796659349143,0,0.6704493531489975,0.6261224247651376,0.9999981164156955,0.8602155587364998,0.999976442700979,NA,linear,289,224
f__Erysipelotrichaceae,timepoint,48H,timepoint48H,-0.1744672887596541,0,0.9080608704041081,0.8478264240558226,0.9999981164156955,0.9768432027843617,0.999976442700979,NA,linear,289,224
f__Family.XIII,carbohydrate,RDC,carbohydrateRDC,0.45044459985633506,0,0.7287005175288058,0.5373069442791576,0.9999981164156955,0.5216443649829186,0.999976442700979,NA,linear,289,190
f__Family.XIII,carbohydrate,RDC:timepoint48H,carbohydrateRDC:timepoint48H,0.7685888447900598,0,1.1512582584737567,0.5052926521416865,0.9999981164156955,0.7552646399749936,0.999976442700979,NA,linear,289,190
f__Family.XIII,carbohydrate,SDC,carbohydrateSDC,-0.03963221412764297,0,0.7250555137844364,0.9564730329774593,0.9999981164156955,0.8075913584325021,0.999976442700979,NA,linear,289,190
f__Family.XIII,obesity_group,obesity,obesity_groupobesity,-0.33811899029462894,0,0.5886307901530813,0.5759378708385312,0.9999981164156955,0.014460830136311054,0.1394013270289033,NA,linear,289,190
f__Family.XIII,timepoint,48H,timepoint48H,0.6090302261027641,0,0.9276709361541275,0.5123336737263608,0.9999981164156955,0.0057160462139803315,0.0786342573761078,NA,linear,289,190
f__Lachnospiraceae,carbohydrate,RDC,carbohydrateRDC,-0.023602467272030754,0,0.8317217139606919,0.9773824544762342,0.9999981164156955,0.9985403628239446,0.999976442700979,NA,linear,289,281
f__Lachnospiraceae,carbohydrate,RDC:timepoint48H,carbohydrateRDC:timepoint48H,0.9325453480956375,0,1.1285984433263803,0.40939555350820345,0.9999981164156955,0.6511863877841186,0.999976442700979,NA,linear,289,281
f__Lachnospiraceae,carbohydrate,SDC,carbohydrateSDC,0.013133612592955196,0,0.829126656758307,0.9873738856489422,0.9999981164156955,0.999840581236394,0.999976442700979,NA,linear,289,281
f__Lachnospiraceae,obesity_group,obesity,obesity_groupobesity,-0.05296133820873922,0,0.5613446176420004,0.9261648187128112,0.9999981164156955,0.7723340606727612,0.999976442700979,NA,linear,289,281
f__Prevotellaceae,carbohydrate,RDC,carbohydrateRDC,-2.29932087215624,0,3.5394555521953635,0.5210468792782157,0.9999981164156955,0.6200210196094594,0.999976442700979,NA,linear,289,36
f__Prevotellaceae,obesity_group,obesity,obesity_groupobesity,1.0757846278753267,0,1.362379479989895,0.43614921391522377,0.9999981164156955,0.68207229103158,0.999976442700979,NA,linear,289,36
f__Prevotellaceae,timepoint,48H,timepoint48H,1.3087183355424095,0,2.973830028444213,0.6631429563330042,0.9999981164156955,0.4771302998219683,0.999976442700979,NA,linear,289,36
f__Ruminococcaceae,carbohydrate,RDC,carbohydrateRDC,0.3684911100126021,0,0.7730036602581183,0.6339654178047475,0.9999981164156955,0.8660186846371469,0.999976442700979,NA,linear,289,274
f__Ruminococcaceae,carbohydrate,RDC:timepoint48H,carbohydrateRDC:timepoint48H,-0.1700444836457383,0,1.0533561353953718,0.8718759256297544,0.9999981164156955,0.9835842215667678,0.999976442700979,NA,linear,289,274
f__Ruminococcaceae,carbohydrate,SDC,carbohydrateSDC,-0.005751645033789229,0,0.7682371777927135,0.9940320372698306,0.9999981164156955,0.9999643834208514,0.999976442700979,NA,linear,289,274
f__Ruminococcaceae,carbohydrate,SDC:timepoint48H,carbohydrateSDC:timepoint48H,0.7606067673640778,0,1.043425456768518,0.46667011994205077,0.9999981164156955,0.7155592390373735,0.999976442700979,NA,linear,289,274
Faecalibacterium,carbohydrate,RDC,carbohydrateRDC,0.165511736050976,0,1.0355586645530728,0.873153237912078,0.9999981164156955,0.9765732153566643,0.999976442700979,NA,linear,289,256
Faecalibacterium,carbohydrate,SDC,carbohydrateSDC,0.2863568726955986,0,1.0318511794879264,0.7816263083573343,0.9999981164156955,0.7104586570223564,0.999976442700979,NA,linear,289,256
Faecalibacterium,timepoint,48H,timepoint48H,0.6566450792882198,0,1.1934143987230572,0.5826833410362242,0.9999981164156955,0.7578788884866375,0.999976442700979,NA,linear,289,256
Faecalitalea,carbohydrate,RDC,carbohydrateRDC,-0.12074090602215817,0,1.2927540165890843,0.9258883813681759,0.9999981164156955,0.8623770346636532,0.999976442700979,NA,linear,289,69
Faecalitalea,carbohydrate,RDC:timepoint48H,carbohydrateRDC:timepoint48H,-1.1399796806232811,0,2.263636567673757,0.6163233869973881,0.9999981164156955,0.852792256634844,0.999976442700979,NA,linear,289,69
Faecalitalea,carbohydrate,SDC,carbohydrateSDC,-0.8654930780920523,0,1.2639138223056,0.4960397080850544,0.9999981164156955,0.7460240241730027,0.999976442700979,NA,linear,289,69
Faecalitalea,carbohydrate,SDC:timepoint48H,carbohydrateSDC:timepoint48H,-1.6580090090019632,0,2.216983901155298,0.45736778331683625,0.9999981164156955,0.705550277417516,0.999976442700979,NA,linear,289,69
Finegoldia,carbohydrate,SDC:timepoint48H,carbohydrateSDC:timepoint48H,1.909616464134413,0,2.6119862483080185,0.46994330183234934,0.9999981164156955,0.7190398967276082,0.999976442700979,NA,linear,289,45
Fusicatenibacter,carbohydrate,RDC,carbohydrateRDC,0.3032091536247812,0,0.970381377638456,0.7549655581436971,0.9999981164156955,0.8538478889040911,0.999976442700979,NA,linear,289,256
Fusicatenibacter,carbohydrate,RDC:timepoint48H,carbohydrateRDC:timepoint48H,1.1375320844861727,0,1.392253374217412,0.41472659546974433,0.9999981164156955,0.6276445992864018,0.999976442700979,NA,linear,289,256
Fusicatenibacter,carbohydrate,SDC,carbohydrateSDC,0.17239041684022002,0,0.9647409277979918,0.8583345374368377,0.9999981164156955,0.7892270009703141,0.999976442700979,NA,linear,289,256
Fusicatenibacter,obesity_group,obesity,obesity_groupobesity,0.20078307293625208,0,0.6771267690810662,0.7723563560753886,0.9999981164156955,0.23503230471455983,0.824378019428919,NA,linear,289,256
Gordonibacter,carbohydrate,RDC,carbohydrateRDC,-0.07873787151623736,0,0.7436730672875974,0.9158873300006949,0.9999981164156955,0.9356739991992175,0.999976442700979,NA,linear,289,113
Gordonibacter,carbohydrate,RDC:timepoint48H,carbohydrateRDC:timepoint48H,0.20840319865633442,0,1.1075427064241972,0.8511232358000328,0.9999981164156955,0.9152016797285872,0.999976442700979,NA,linear,289,113
Gordonibacter,carbohydrate,SDC,carbohydrateSDC,0.48690272265592394,0,0.7600444002758485,0.5232218574049872,0.9999981164156955,0.5581707456879348,0.999976442700979,NA,linear,289,113
Gordonibacter,carbohydrate,SDC:timepoint48H,carbohydrateSDC:timepoint48H,-0.34737380289368375,0,1.108544409393547,0.7546628296723235,0.9999981164156955,0.9295309945269408,0.999976442700979,NA,linear,289,113
Gordonibacter,obesity_group,obesity,obesity_groupobesity,0.3235756032905457,0,0.5126403015570979,0.5407614870327371,0.9999981164156955,0.3158317494103071,0.900983315964842,NA,linear,289,113
Holdemanella,carbohydrate,RDC,carbohydrateRDC,1.020916721783681,0,1.7790773883000175,0.567546508014843,0.9999981164156955,0.46465072636841465,0.999976442700979,NA,linear,289,108
Holdemanella,carbohydrate,RDC:timepoint48H,carbohydrateRDC:timepoint48H,1.701795266757776,0,2.355457453764278,0.471921533242719,0.9999981164156955,0.24294047723838474,0.824378019428919,NA,linear,289,108
Holdemanella,carbohydrate,SDC,carbohydrateSDC,-0.3036370449201368,0,1.724676913944563,0.8606590264408683,0.9999981164156955,0.9093723340616569,0.999976442700979,NA,linear,289,108
Holdemanella,obesity_group,obesity,obesity_groupobesity,0.935819662338998,0,1.3788338809475194,0.5249328139407319,0.9999981164156955,0.7743111687297287,0.999976442700979,NA,linear,289,108
Holdemanella,timepoint,48H,timepoint48H,1.201604338397477,0,1.935072908284333,0.5362062169660009,0.9999981164156955,0.7848953268190118,0.999976442700979,NA,linear,289,108
Holdemania,obesity_group,obesity,obesity_groupobesity,0.15741452594853197,0,0.7621294164383381,0.8396795741827293,0.9999981164156955,0.8396795741827293,0.999976442700979,NA,linear,289,75
Hungatella,carbohydrate,RDC,carbohydrateRDC,-0.5729158951549539,0,2.235820280536206,0.7990045448598434,0.9999981164156955,0.9596008270130013,0.999976442700979,NA,linear,289,61
Hungatella,carbohydrate,RDC:timepoint48H,carbohydrateRDC:timepoint48H,0.62899625249706,0,2.312004957971693,0.7869025094580898,0.9999981164156955,0.6473955500952162,0.999976442700979,NA,linear,289,61
Hungatella,carbohydrate,SDC,carbohydrateSDC,-0.8543023025913554,0,2.103551424167917,0.6867220618572856,0.9999981164156955,0.9018569334730496,0.999976442700979,NA,linear,289,61
Hungatella,carbohydrate,SDC:timepoint48H,carbohydrateSDC:timepoint48H,0.9629409459373492,0,2.184224967123261,0.6615819882035983,0.9999981164156955,0.6117749631084959,0.999976442700979,NA,linear,289,61
Hungatella,obesity_group,obesity,obesity_groupobesity,2.1717054432226672,0,2.960495924336814,0.4802625348063515,0.9999981164156955,0.729872967274081,0.999976442700979,NA,linear,289,61
Intestinibacter,carbohydrate,RDC,carbohydrateRDC,-0.38816707445264736,0,0.9291618667387475,0.6765643743443224,0.9999981164156955,0.8953893960567203,0.999976442700979,NA,linear,289,224
Intestinibacter,carbohydrate,SDC,carbohydrateSDC,-0.4968920485945557,0,0.9252599183203035,0.5918402590511154,0.9999981164156955,0.8334056258685394,0.999976442700979,NA,linear,289,224
Intestinibacter,obesity_group,obesity,obesity_groupobesity,-0.19277110215749402,0,0.5741023376100084,0.7434010944915639,0.9999981164156955,0.11072497724625542,0.5580100338449901,NA,linear,289,224
Lachnoclostridium,carbohydrate,RDC,carbohydrateRDC,0.05646848269571629,0,0.889433144503306,0.9494264274243971,0.9999981164156955,0.9974423137569401,0.999976442700979,NA,linear,289,279
Lachnoclostridium,carbohydrate,RDC:timepoint48H,carbohydrateRDC:timepoint48H,0.3158755411893904,0,1.2123310010912913,0.7946429672796138,0.9999981164156955,0.9578284891122782,0.999976442700979,NA,linear,289,279
Lachnoclostridium,carbohydrate,SDC,carbohydrateSDC,-0.027012595470985765,0,0.8866490566490653,0.975718766543461,0.9999981164156955,0.999410421701829,0.999976442700979,NA,linear,289,279
Lachnoclostridium,carbohydrate,SDC:timepoint48H,carbohydrateSDC:timepoint48H,0.2204369277581305,0,1.2000148792585392,0.8543953686753634,0.9999981164156955,0.9787992913368166,0.999976442700979,NA,linear,289,279
Lachnospira,carbohydrate,RDC:timepoint48H,carbohydrateRDC:timepoint48H,-1.5154632029584432,0,1.9243147350165384,0.44020338535026615,0.9999981164156955,0.6866277502266974,0.999976442700979,NA,linear,289,27
Lachnospira,carbohydrate,SDC:timepoint48H,carbohydrateSDC:timepoint48H,-0.6534168610514258,0,1.969598924447007,0.7435284432823255,0.9999981164156955,0.9230081069677615,0.999976442700979,NA,linear,289,27
Lactobacillus,carbohydrate,RDC,carbohydrateRDC,1.038613579090633,0,1.9391941681471578,0.5946254947979592,0.9999981164156955,0.8356715105322006,0.999976442700979,NA,linear,289,63
Lactobacillus,carbohydrate,SDC,carbohydrateSDC,-1.327833481972621,0,1.8173556657721834,0.46865052915480665,0.9999981164156955,0.7176677398325331,0.999976442700979,NA,linear,289,63
Lactobacillus,obesity_group,obesity,obesity_groupobesity,-0.03877724218228353,0,1.6693311774211217,0.9818944370865997,0.9999981164156955,0.5437952961868213,0.999976442700979,NA,linear,289,63
Lactococcus,carbohydrate,SDC,carbohydrateSDC,0.5537042507108386,0,0.8066103856117217,0.49403470185868936,0.9999981164156955,0.5626251262327163,0.999976442700979,NA,linear,289,118
Lactococcus,timepoint,48H,timepoint48H,-0.5192936783329237,0,1.1798506887376443,0.6606952580520515,0.9999981164156955,0.003113791192750233,0.04528342048885339,NA,linear,289,118
Marvinbryantia,carbohydrate,SDC,carbohydrateSDC,0.4033139655479624,0,0.8613103406934707,0.6403718667336331,0.9999981164156955,0.7832165958560798,0.999976442700979,NA,linear,289,148
Marvinbryantia,obesity_group,obesity,obesity_groupobesity,-0.33099277050031967,0,0.7018215478147873,0.6443278594890548,0.9999981164156955,0.8734973284643625,0.999976442700979,NA,linear,289,148
Methanobrevibacter,carbohydrate,RDC,carbohydrateRDC,0.9856522462550205,0,1.8753851068980183,0.6022115418202523,0.9999981164156955,0.8417643425389791,0.999976442700979,NA,linear,289,57
Methanobrevibacter,carbohydrate,RDC:timepoint48H,carbohydrateRDC:timepoint48H,2.182503879291367,0,3.0197617485475234,0.4743087672010323,0.9999981164156955,0.3736004589623716,0.9380649629902746,NA,linear,289,57
Methanobrevibacter,carbohydrate,SDC,carbohydrateSDC,-0.5735359409587474,0,1.8593289288392698,0.759310869981752,0.9999981164156955,0.9420687426910589,0.999976442700979,NA,linear,289,57
Methanobrevibacter,timepoint,48H,timepoint48H,1.2670273779426162,0,2.1919772309755636,0.5662202051842696,0.9999981164156955,0.8118350896096228,0.999976442700979,NA,linear,289,57
Negativicoccus,carbohydrate,SDC,carbohydrateSDC,-0.23670501323738655,0,0.6805412548951202,0.7295136673367886,0.9999981164156955,0.7295136673367886,0.999976442700979,NA,linear,289,59
o__Clostridiales,carbohydrate,RDC,carbohydrateRDC,-0.23145839941908114,0,0.9882947617909181,0.815274421982145,0.9999981164156955,0.8681708427087876,0.999976442700979,NA,linear,289,128
o__Clostridiales,carbohydrate,SDC,carbohydrateSDC,-0.39199186191279223,0,0.970978427582057,0.6872318668906746,0.9999981164156955,0.9021760949113073,0.999976442700979,NA,linear,289,128
o__Clostridiales,obesity_group,obesity,obesity_groupobesity,-0.9832975000492787,0,1.6848216739898003,0.5697271480389778,0.9999981164156955,0.7242536360765816,0.999976442700979,NA,linear,289,128
o__Clostridiales,timepoint,48H,timepoint48H,-0.15138800317934922,0,1.1224951507327374,0.8929647422446843,0.9999981164156955,0.9529446092646852,0.999976442700979,NA,linear,289,128
Odoribacter,carbohydrate,RDC,carbohydrateRDC,-0.08437817982726738,0,0.6012175203659998,0.8891668017977452,0.9999981164156955,0.8891668017977452,0.999976442700979,NA,linear,289,54
Odoribacter,carbohydrate,SDC,carbohydrateSDC,0.18964947693026624,0,0.6317904377828512,0.7657466976807821,0.9999981164156955,0.7657466976807821,0.999976442700979,NA,linear,289,54
Other,carbohydrate,RDC,carbohydrateRDC,0.8765857377268813,0,1.1531950134832967,0.44910549984056747,0.9999981164156955,0.5398159653593043,0.999976442700979,NA,linear,289,101
Other,carbohydrate,RDC:timepoint48H,carbohydrateRDC:timepoint48H,0.7346504579479696,0,1.4379234407162897,0.6106209964744067,0.9999981164156955,0.848383991613416,0.999976442700979,NA,linear,289,101
Other,carbohydrate,SDC,carbohydrateSDC,-0.45621090307136564,0,1.1921970787156582,0.7028662169131588,0.9999981164156955,0.25197728831413335,0.8377788498778611,NA,linear,289,101
Paenibacillus,carbohydrate,RDC,carbohydrateRDC,0.5391564670447581,0,0.6598071124838891,0.415282003622389,0.9999981164156955,0.6581048647121521,0.999976442700979,NA,linear,289,155
Paenibacillus,obesity_group,obesity,obesity_groupobesity,0.1981130056298276,0,0.8188059467101315,0.8126903532321164,0.9999981164156955,0.07986400121687753,0.4516752957710074,NA,linear,289,155
Paeniclostridium,carbohydrate,SDC,carbohydrateSDC,-1.0896774903084838,0,1.2949002042695597,0.4241708156749713,0.9999981164156955,0.4241708156749713,0.9783047915843811,NA,linear,289,17
Paeniclostridium,obesity_group,obesity,obesity_groupobesity,-0.7632834065847801,0,1.8870152221040246,0.7020933383969485,0.9999981164156955,0.7020933383969485,0.999976442700979,NA,linear,289,17
Parabacteroides,carbohydrate,RDC,carbohydrateRDC,-1.438236110350498,0,2.5294404807999387,0.5705843506411163,0.9999981164156955,0.8156022000856883,0.999976442700979,NA,linear,289,149
Parabacteroides,carbohydrate,SDC,carbohydrateSDC,0.6557100755442764,0,2.5777438437649223,0.799596346979803,0.9999981164156955,0.9598383758561605,0.999976442700979,NA,linear,289,149
Parabacteroides,carbohydrate,SDC:timepoint48H,carbohydrateSDC:timepoint48H,1.7660883101840652,0,2.717610676626525,0.5168927893996578,0.9999981164156955,0.6533028132461289,0.999976442700979,NA,linear,289,149
Parabacteroides,obesity_group,obesity,obesity_groupobesity,-0.02268658894315413,0,0.8424636990810134,0.9788903171028622,0.9999981164156955,0.38240257661698174,0.940866899275942,NA,linear,289,149
Parvimonas,carbohydrate,RDC,carbohydrateRDC,0.21578136023282796,0,1.3831239821359727,0.8822425291501719,0.9999981164156955,0.9551337141723325,0.999976442700979,NA,linear,289,13
Parvimonas,carbohydrate,RDC:timepoint48H,carbohydrateRDC:timepoint48H,-2.148392228913712,0,2.4793553833990423,0.4323866594003318,0.9999981164156955,0.6778150955732851,0.999976442700979,NA,linear,289,13
Parvimonas,carbohydrate,SDC:timepoint48H,carbohydrateSDC:timepoint48H,-0.4117128084588521,0,2.412879059327558,0.8728765675239826,0.9999981164156955,0.9473415328495114,0.999976442700979,NA,linear,289,13
Peptoclostridium,obesity_group,obesity,obesity_groupobesity,-1.4849051656183891,0,1.8437155687885767,0.45973132486153473,0.9999981164156955,0.23103563993280551,0.8223576274531329,NA,linear,289,13
Peptoclostridium,timepoint,48H,timepoint48H,2.1304604409961083,0,2.5399271538571773,0.44545733753322375,0.9999981164156955,0.3297317508234766,0.9171227386292328,NA,linear,289,13
Peptococcus,carbohydrate,SDC,carbohydrateSDC,-0.4033047236495297,0,1.0998371141937413,0.7171441250944691,0.9999981164156955,0.5783322020918038,0.999976442700979,NA,linear,289,40
Peptoniphilus,carbohydrate,RDC,carbohydrateRDC,0.22237273529551702,0,3.818279800162714,0.9537723833681873,0.9999981164156955,0.9685911204817188,0.999976442700979,NA,linear,289,67
Peptoniphilus,carbohydrate,RDC:timepoint48H,carbohydrateRDC:timepoint48H,0.2802846325477654,0,3.952506490796241,0.943729489662863,0.9999981164156955,0.5742066654767699,0.999976442700979,NA,linear,289,67
Phascolarctobacterium,carbohydrate,RDC,carbohydrateRDC,2.0923776774131486,0,3.1125022181682644,0.5046481812632861,0.9999981164156955,0.7546265756742299,0.999976442700979,NA,linear,289,55
Phascolarctobacterium,carbohydrate,RDC:timepoint48H,carbohydrateRDC:timepoint48H,-0.1415268149819889,0,3.4731970811922626,0.9676655925794343,0.9999981164156955,0.9349421358283483,0.999976442700979,NA,linear,289,55
Phascolarctobacterium,carbohydrate,SDC,carbohydrateSDC,-2.1916458222569752,0,3.112502218168265,0.4847461580705449,0.9999981164156955,0.734513478376936,0.999976442700979,NA,linear,289,55
Phascolarctobacterium,obesity_group,obesity,obesity_groupobesity,0.7763759282767125,0,1.0746210260542695,0.4735141332425261,0.9999981164156955,0.7228126321046315,0.999976442700979,NA,linear,289,55
Prevotella,carbohydrate,SDC,carbohydrateSDC,0.818603341143522,0,1.049705087283314,0.4473580757977925,0.9999981164156955,0.6945869036140816,0.999976442700979,NA,linear,289,24
Prevotella,obesity_group,obesity,obesity_groupobesity,0.5806869003924496,0,1.4607994467304,0.6976720781299046,0.9999981164156955,0.6168371076314612,0.999976442700979,NA,linear,289,24
Romboutsia,carbohydrate,RDC,carbohydrateRDC,-0.08496765942068335,0,0.8528234833257675,0.9207191203543861,0.9999981164156955,0.762843400615268,0.999976442700979,NA,linear,289,263
Romboutsia,carbohydrate,SDC,carbohydrateSDC,-0.015177419163873202,0,0.8495410876709801,0.9857608407406057,0.9999981164156955,0.9982878671366207,0.999976442700979,NA,linear,289,263
Romboutsia,timepoint,48H,timepoint48H,0.23630136262583976,0,0.9532727185007261,0.8044311551238031,0.9999981164156955,0.96175282691379,0.999976442700979,NA,linear,289,263
Roseburia,carbohydrate,RDC:timepoint48H,carbohydrateRDC:timepoint48H,-0.05683803923334792,0,1.242902353748919,0.9635729861496078,0.9999981164156955,0.9986730726619433,0.999976442700979,NA,linear,289,205
Roseburia,carbohydrate,SDC,carbohydrateSDC,0.347270117755556,0,0.9017889245951731,0.7006039381493334,0.9999981164156955,0.6148321680862465,0.999976442700979,NA,linear,289,205
Roseburia,carbohydrate,SDC:timepoint48H,carbohydrateSDC:timepoint48H,0.725186187548464,0,1.2430894255283225,0.5603338279617691,0.9999981164156955,0.38447999027386237,0.940866899275942,NA,linear,289,205
Ruminiclostridium,carbohydrate,RDC,carbohydrateRDC,0.6470534408989413,0,0.8268044989827975,0.434762111516543,0.9999981164156955,0.680506129422763,0.999976442700979,NA,linear,289,225
Ruminiclostridium,carbohydrate,RDC:timepoint48H,carbohydrateRDC:timepoint48H,0.3415848492338465,0,1.1474673043357493,0.7662413859093671,0.9999981164156955,0.9453569103384265,0.999976442700979,NA,linear,289,225
Ruminiclostridium,carbohydrate,SDC,carbohydrateSDC,0.18881931107505995,0,0.8251108031575208,0.8192192992651878,0.9999981164156955,0.9673183382418302,0.999976442700979,NA,linear,289,225
Ruminococcus,carbohydrate,RDC:timepoint48H,carbohydrateRDC:timepoint48H,-0.8457043153580928,0,1.5507071947366016,0.5863489322954727,0.9999981164156955,0.8288927941869045,0.999976442700979,NA,linear,289,163
Ruminococcus,carbohydrate,SDC,carbohydrateSDC,0.017802176713476302,0,1.0826166624435427,0.9869029374655219,0.9999981164156955,0.6620032682432643,0.999976442700979,NA,linear,289,163
Ruminococcus,carbohydrate,SDC:timepoint48H,carbohydrateSDC:timepoint48H,0.22504465234890852,0,1.5556709158175346,0.8851818852945429,0.9999981164156955,0.9790190798109273,0.999976442700979,NA,linear,289,163
Ruminococcus,obesity_group,obesity,obesity_groupobesity,0.45905659691668516,0,1.1379016138462037,0.6932532078899636,0.9999981164156955,0.01653891794570343,0.1530601678975099,NA,linear,289,163
Ruminococcus,timepoint,48H,timepoint48H,-0.7236054898826229,0,1.2777548876205627,0.572045475100505,0.9999981164156955,0.09908149059578199,0.5199224609613715,NA,linear,289,163
Sarcina,carbohydrate,RDC:timepoint48H,carbohydrateRDC:timepoint48H,0.7040099670982758,0,2.2004670597503493,0.7686677411259002,0.9999981164156955,0.7700277241714333,0.999976442700979,NA,linear,289,13
Sarcina,carbohydrate,SDC,carbohydrateSDC,-0.4431175066139639,0,1.4623831649338874,0.7814078124777745,0.9999981164156955,0.9522174555542482,0.999976442700979,NA,linear,289,13
Sarcina,carbohydrate,SDC:timepoint48H,carbohydrateSDC:timepoint48H,-1.0102273005044151,0,2.06293328711051,0.6571741338091024,0.9999981164156955,0.8824704254704607,0.999976442700979,NA,linear,289,13
Sarcina,obesity_group,obesity,obesity_groupobesity,-0.8632013191133735,0,3.431620242661774,0.8189813649349789,0.9999981164156955,0.84377274506980815,0.999976442700979,NA,linear,289,13
Senegalimassilia,carbohydrate,SDC,carbohydrateSDC,0.22244436708740975,0,1.3041487478756328,0.8650481278806276,0.9999981164156955,0.8314596618233221,0.999976442700979,NA,linear,289,84
Senegalimassilia,obesity_group,obesity,obesity_groupobesity,0.5884678745140267,0,0.7181307725674966,0.4572399214864201,0.9999981164156955,0.7054114971719326,0.999976442700979,NA,linear,289,84
Slackia,carbohydrate,RDC,carbohydrateRDC,1.1606493294285325,0,1.4153771042885812,0.4147561630099159,0.9999981164156955,0.6574896512651239,0.999976442700979,NA,linear,289,88
Slackia,carbohydrate,RDC:timepoint48H,carbohydrateRDC:timepoint48H,-0.17250657062452243,0,1.8006717028401091,0.9239320525552797,0.9999981164156955,0.2069769177328613,0.768987234496543,NA,linear,289,88
Slackia,carbohydrate,SDC,carbohydrateSDC,0.5993090662404478,0,1.4076921406073704,0.6715399635856352,0.9999981164156955,0.8715807202068069,0.999976442700979,NA,linear,289,88
Slackia,carbohydrate,SDC:timepoint48H,carbohydrateSDC:timepoint48H,0.5794488034437004,0,1.7601965344768324,0.7429317493488231,0.9999981164156955,0.7808236771521141,0.999976442700979,NA,linear,289,88
Slackia,obesity_group,obesity,obesity_groupobesity,-0.0537032997169133,0,1.519636717474377,0.9724424522115442,0.9999981164156955,0.38189326992126604,0.940866899275942,NA,linear,289,88
Solobacterium,carbohydrate,RDC,carbohydrateRDC,-1.3564464794699493,0,2.9493187833717553,0.6482329000404123,0.9999981164156955,0.8714214735413334,0.999976442700979,NA,linear,289,51
Solobacterium,timepoint,48H,timepoint48H,0.6942276520034476,0,3.0571316123537704,0.8214498302427631,0.9999981164156955,0.7649520197081876,0.999976442700979,NA,linear,289,51
Streptococcus,carbohydrate,RDC,carbohydrateRDC,0.5575643366689712,0,0.753430495324863,0.4599921037937459,0.9999981164156955,0.025647143317878818,0.22481495595640075,NA,linear,289,264
Streptococcus,carbohydrate,SDC,carbohydrateSDC,0.159472650953028,0,0.7487251229152723,0.831511222304953,0.9999981164156955,0.971611531790829,0.999976442700979,NA,linear,289,264
Streptococcus,timepoint,48H,timepoint48H,0.20264786481250355,0,0.8728637629827204,0.816602889599432,0.9999981164156955,0.010010502955700953,0.11322991121003968,NA,linear,289,264
Subdoligranulum,carbohydrate,RDC,carbohydrateRDC,0.15543901448554254,0,0.8122791525182519,0.8483918805326065,0.9999981164156955,0.8537617605003373,0.999976442700979,NA,linear,289,281
Subdoligranulum,carbohydrate,RDC:timepoint48H,carbohydrateRDC:timepoint48H,0.8492785785469547,0,1.0877013894763365,0.43563091340194715,0.9999981164156955,0.6814875340924795,0.999976442700979,NA,linear,289,281
Subdoligranulum,carbohydrate,SDC,carbohydrateSDC,0.2320170079735371,0,0.8098305794465807,0.7747230440220533,0.9999981164156955,0.9492502931053103,0.999976442700979,NA,linear,289,281
Subdoligranulum,obesity_group,obesity,obesity_groupobesity,0.4771311430433928,0,0.687731352320326,0.49989173251290697,0.9999981164156955,0.33228563823829915,0.9192032057787732,NA,linear,289,281
Succiniclasticum,obesity_group,obesity,obesity_groupobesity,-0.06904244672009055,0,1.7112173256165368,0.9690002856337192,0.9999981164156955,0.5043271016819086,0.999976442700979,NA,linear,289,30
Terrisporobacter,carbohydrate,RDC,carbohydrateRDC,0.10291795326459166,0,1.1218985499838035,0.9270515840772812,0.9999981164156955,0.9666515344948462,0.999976442700979,NA,linear,289,135
Terrisporobacter,carbohydrate,RDC:timepoint48H,carbohydrateRDC:timepoint48H,1.100629091602688,0,1.5305472466357075,0.47338504032015183,0.9999981164156955,0.6850271822929954,0.999976442700979,NA,linear,289,135
Terrisporobacter,carbohydrate,SDC,carbohydrateSDC,-0.8664386776026246,0,1.1159180703784806,0.43892413804735675,0.9999981164156955,0.6851938771340984,0.999976442700979,NA,linear,289,135
Terrisporobacter,timepoint,48H,timepoint48H,0.16646234159234727,0,1.250900602667498,0.8943438419893659,0.9999981164156955,0.9888367762744319,0.999976442700979,NA,linear,289,135
Turicibacter,carbohydrate,RDC,carbohydrateRDC,-0.2826446740801699,0,0.9149467555727833,0.7577376357604799,0.9999981164156955,0.5488030200015355,0.999976442700979,NA,linear,289,202
Turicibacter,timepoint,48H,timepoint48H,-0.3030124089705316,0,1.034542121609795,0.7699232556800668,0.9999981164156955,0.6944621312764101,0.999976442700979,NA,linear,289,202
Tyzzerella,carbohydrate,RDC,carbohydrateRDC,-0.8668511171110592,0,1.3818973488200175,0.5372302254985821,0.9999981164156955,0.5372302254985821,0.999976442700979,NA,linear,289,26
Tyzzerella,carbohydrate,SDC,carbohydrateSDC,-0.11606867927041827,0,1.4349530974058946,0.9362979626526354,0.9999981164156955,0.9362979626526354,0.999976442700979,NA,linear,289,26
Tyzzerella,timepoint,48H,timepoint48H,1.6826321257943984,0,2.530436107798485,0.5133148069606157,0.9999981164156955,0.5133148069606157,0.999976442700979,NA,linear,289,26
Varibaculum,carbohydrate,RDC,carbohydrateRDC,-0.19629611671353364,0,1.3178349172676138,0.8837146716024183,0.9999981164156955,0.5578941137043698,0.999976442700979,NA,linear,289,21
Varibaculum,carbohydrate,RDC:timepoint48H,carbohydrateRDC:timepoint48H,-1.0853157253651937,0,2.808462559387116,0.7049770355238281,0.9999981164156955,0.8574047146625641,0.999976442700979,NA,linear,289,21
Varibaculum,carbohydrate,SDC,carbohydrateSDC,-0.3919905599647451,0,1.2712535055909957,0.7623566078508439,0.9999981164156955,0.7429734095399557,0.999976442700979,NA,linear,289,21
Varibaculum,carbohydrate,SDC:timepoint48H,carbohydrateSDC:timepoint48H,-0.5060282458382231,0,3.1332277680623086,0.8740041624938645,0.9999981164156955,0.9841250489311275,0.999976442700979,NA,linear,289,21
Acetanaerobacterium,carbohydrate,RDC,carbohydrateRDC,NA,0,NA,NA,NA,NA,NA,No data points have the baseline factor level,linear,289,36
Acetanaerobacterium,carbohydrate,RDC:timepoint48H,carbohydrateRDC:timepoint48H,NA,0,NA,NA,NA,NA,NA,No data points have the baseline factor level,linear,289,36
Acetanaerobacterium,carbohydrate,SDC,carbohydrateSDC,NA,0,NA,NA,NA,NA,NA,No data points have the baseline factor level,linear,289,36
Acetanaerobacterium,carbohydrate,SDC:timepoint48H,carbohydrateSDC:timepoint48H,NA,0,NA,NA,NA,NA,NA,No data points have the baseline factor level,linear,289,36
Acetanaerobacterium,obesity_group,obesity,obesity_groupobesity,NA,0,NA,NA,NA,NA,NA,No data points have the baseline factor level,linear,289,36
Acetanaerobacterium,timepoint,48H,timepoint48H,NA,0,NA,NA,NA,NA,NA,No data points have the baseline factor level,linear,289,36
Anaerofilum,carbohydrate,RDC,carbohydrateRDC,NA,0,NA,NA,NA,NA,NA,No data points have the baseline factor level,linear,289,31
Anaerofilum,carbohydrate,RDC:timepoint48H,carbohydrateRDC:timepoint48H,NA,0,NA,NA,NA,NA,NA,No data points have the baseline factor level,linear,289,31
Anaerofilum,carbohydrate,SDC,carbohydrateSDC,NA,0,NA,NA,NA,NA,NA,No data points have the baseline factor level,linear,289,31
Anaerofilum,carbohydrate,SDC:timepoint48H,carbohydrateSDC:timepoint48H,NA,0,NA,NA,NA,NA,NA,No data points have the baseline factor level,linear,289,31
Anaerofilum,obesity_group,obesity,obesity_groupobesity,NA,0,NA,NA,NA,NA,NA,No data points have the baseline factor level,linear,289,31
Anaerofilum,timepoint,48H,timepoint48H,NA,0,NA,NA,NA,NA,NA,No data points have the baseline factor level,linear,289,31
Asaccharospora,carbohydrate,RDC,carbohydrateRDC,NA,0,NA,NA,NA,NA,NA,No data points have the baseline factor level,linear,289,12
Asaccharospora,carbohydrate,RDC:timepoint48H,carbohydrateRDC:timepoint48H,NA,0,NA,NA,NA,NA,NA,No data points have the baseline factor level,linear,289,12
Asaccharospora,carbohydrate,SDC,carbohydrateSDC,NA,0,NA,NA,NA,NA,NA,No data points have the baseline factor level,linear,289,12
Asaccharospora,carbohydrate,SDC:timepoint48H,carbohydrateSDC:timepoint48H,NA,0,NA,NA,NA,NA,NA,No data points have the baseline factor level,linear,289,12
Asaccharospora,obesity_group,obesity,obesity_groupobesity,NA,0,NA,NA,NA,NA,NA,No data points have the baseline factor level,linear,289,12
Asaccharospora,timepoint,48H,timepoint48H,NA,0,NA,NA,NA,NA,NA,No data points have the baseline factor level,linear,289,12
Barnesiella,carbohydrate,RDC,carbohydrateRDC,NA,0,NA,NA,NA,NA,NA,No data points have the baseline factor level,linear,289,62
Barnesiella,carbohydrate,RDC:timepoint48H,carbohydrateRDC:timepoint48H,NA,0,NA,NA,NA,NA,NA,No data points have the baseline factor level,linear,289,62
Barnesiella,carbohydrate,SDC,carbohydrateSDC,NA,0,NA,NA,NA,NA,NA,No data points have the baseline factor level,linear,289,62
Barnesiella,carbohydrate,SDC:timepoint48H,carbohydrateSDC:timepoint48H,NA,0,NA,NA,NA,NA,NA,No data points have the baseline factor level,linear,289,62
Barnesiella,obesity_group,obesity,obesity_groupobesity,NA,0,NA,NA,NA,NA,NA,No data points have the baseline factor level,linear,289,62
Barnesiella,timepoint,48H,timepoint48H,NA,0,NA,NA,NA,NA,NA,No data points have the baseline factor level,linear,289,62
Butyricimonas,carbohydrate,RDC,carbohydrateRDC,NA,0,NA,NA,NA,0.9985196335497123,0.999976442700979,No data points have the baseline factor level,linear,289,38
Butyricimonas,carbohydrate,RDC:timepoint48H,carbohydrateRDC:timepoint48H,NA,0,NA,NA,NA,0.9919863429719891,0.999976442700979,No data points have the baseline factor level,linear,289,38
Butyricimonas,carbohydrate,SDC,carbohydrateSDC,NA,0,NA,NA,NA,0.9989022981133747,0.999976442700979,No data points have the baseline factor level,linear,289,38
Butyricimonas,carbohydrate,SDC:timepoint48H,carbohydrateSDC:timepoint48H,NA,0,NA,NA,NA,0.9923729611915595,0.999976442700979,No data points have the baseline factor level,linear,289,38
Butyricimonas,obesity_group,obesity,obesity_groupobesity,NA,0,NA,NA,NA,0.3049584404514397,0.8923285564544978,No data points have the baseline factor level,linear,289,38
Butyricimonas,timepoint,48H,timepoint48H,NA,0,NA,NA,NA,0.8979392545092475,0.999976442700979,No data points have the baseline factor level,linear,289,38
c__Mollicutes,carbohydrate,RDC,carbohydrateRDC,NA,0,NA,NA,NA,0.6807364845149387,0.999976442700979,contrasts can be applied only to factors with 2 or more levels,linear,289,11
c__Mollicutes,carbohydrate,RDC:timepoint48H,carbohydrateRDC:timepoint48H,NA,0,NA,NA,NA,0.9990115095981726,0.999976442700979,contrasts can be applied only to factors with 2 or more levels,linear,289,11
c__Mollicutes,carbohydrate,SDC,carbohydrateSDC,NA,0,NA,NA,NA,0.26825114689398466,0.8587410928870326,contrasts can be applied only to factors with 2 or more levels,linear,289,11
c__Mollicutes,carbohydrate,SDC:timepoint48H,carbohydrateSDC:timepoint48H,NA,0,NA,NA,NA,0.9897626103115283,0.999976442700979,contrasts can be applied only to factors with 2 or more levels,linear,289,11
c__Mollicutes,obesity_group,obesity,obesity_groupobesity,NA,0,NA,NA,NA,0.362191932001166,0.9380649629902746,contrasts can be applied only to factors with 2 or more levels,linear,289,11
c__Mollicutes,timepoint,48H,timepoint48H,NA,0,NA,NA,NA,0.9021278567283848,0.999976442700979,contrasts can be applied only to factors with 2 or more levels,linear,289,11
Carnobacterium,carbohydrate,RDC:timepoint48H,carbohydrateRDC:timepoint48H,NA,0,NA,NA,NA,NA,NA,Fitting error (NA p-value returned from fitting procedure),linear,289,50
Carnobacterium,carbohydrate,SDC:timepoint48H,carbohydrateSDC:timepoint48H,NA,0,NA,NA,NA,NA,NA,Fitting error (NA p-value returned from fitting procedure),linear,289,50
Catabacter,carbohydrate,RDC,carbohydrateRDC,NA,0,NA,NA,NA,NA,NA,No data points have the baseline factor level,linear,289,26
Catabacter,carbohydrate,RDC:timepoint48H,carbohydrateRDC:timepoint48H,NA,0,NA,NA,NA,NA,NA,No data points have the baseline factor level,linear,289,26
Catabacter,carbohydrate,SDC,carbohydrateSDC,NA,0,NA,NA,NA,NA,NA,No data points have the baseline factor level,linear,289,26
Catabacter,carbohydrate,SDC:timepoint48H,carbohydrateSDC:timepoint48H,NA,0,NA,NA,NA,NA,NA,No data points have the baseline factor level,linear,289,26
Catabacter,obesity_group,obesity,obesity_groupobesity,NA,0,NA,NA,NA,NA,NA,No data points have the baseline factor level,linear,289,26
Catabacter,timepoint,48H,timepoint48H,NA,0,NA,NA,NA,NA,NA,No data points have the baseline factor level,linear,289,26
Christensenella,carbohydrate,RDC:timepoint48H,carbohydrateRDC:timepoint48H,NA,0,NA,NA,NA,NA,NA,Fitting error (NA p-value returned from fitting procedure),linear,289,15
Christensenella,carbohydrate,SDC:timepoint48H,carbohydrateSDC:timepoint48H,NA,0,NA,NA,NA,NA,NA,Fitting error (NA p-value returned from fitting procedure),linear,289,15
Christensenella,obesity_group,obesity,obesity_groupobesity,NA,0,NA,NA,NA,NA,NA,Fitting error (NA p-value returned from fitting procedure),linear,289,15
Dielma,carbohydrate,RDC,carbohydrateRDC,NA,0,NA,NA,NA,NA,NA,No data points have the baseline factor level,linear,289,48
Dielma,carbohydrate,RDC:timepoint48H,carbohydrateRDC:timepoint48H,NA,0,NA,NA,NA,NA,NA,No data points have the baseline factor level,linear,289,48
Dielma,carbohydrate,SDC,carbohydrateSDC,NA,0,NA,NA,NA,NA,NA,No data points have the baseline factor level,linear,289,48
Dielma,carbohydrate,SDC:timepoint48H,carbohydrateSDC:timepoint48H,NA,0,NA,NA,NA,NA,NA,No data points have the baseline factor level,linear,289,48
Dielma,obesity_group,obesity,obesity_groupobesity,NA,0,NA,NA,NA,NA,NA,No data points have the baseline factor level,linear,289,48
Dielma,timepoint,48H,timepoint48H,NA,0,NA,NA,NA,NA,NA,No data points have the baseline factor level,linear,289,48
Enterobacter,carbohydrate,RDC:timepoint48H,carbohydrateRDC:timepoint48H,NA,0,NA,NA,NA,0.9973032613995881,0.999976442700979,Fitting error (NA p-value returned from fitting procedure),linear,289,25
Enterobacter,carbohydrate,SDC:timepoint48H,carbohydrateSDC:timepoint48H,NA,0,NA,NA,NA,0.9208237563233925,0.999976442700979,Fitting error (NA p-value returned from fitting procedure),linear,289,25
Flavonifractor,carbohydrate,RDC,carbohydrateRDC,NA,0,NA,NA,NA,NA,NA,No data points have the baseline factor level,linear,289,102
Flavonifractor,carbohydrate,RDC:timepoint48H,carbohydrateRDC:timepoint48H,NA,0,NA,NA,NA,NA,NA,No data points have the baseline factor level,linear,289,102
Flavonifractor,carbohydrate,SDC,carbohydrateSDC,NA,0,NA,NA,NA,NA,NA,No data points have the baseline factor level,linear,289,102
Flavonifractor,carbohydrate,SDC:timepoint48H,carbohydrateSDC:timepoint48H,NA,0,NA,NA,NA,NA,NA,No data points have the baseline factor level,linear,289,102
Flavonifractor,obesity_group,obesity,obesity_groupobesity,NA,0,NA,NA,NA,NA,NA,No data points have the baseline factor level,linear,289,102
Flavonifractor,timepoint,48H,timepoint48H,NA,0,NA,NA,NA,NA,NA,No data points have the baseline factor level,linear,289,102
g__.Soleaferrea,carbohydrate,RDC,carbohydrateRDC,NA,0,NA,NA,NA,NA,NA,No data points have the baseline factor level,linear,289,69
g__.Soleaferrea,carbohydrate,RDC:timepoint48H,carbohydrateRDC:timepoint48H,NA,0,NA,NA,NA,NA,NA,No data points have the baseline factor level,linear,289,69
g__.Soleaferrea,carbohydrate,SDC,carbohydrateSDC,NA,0,NA,NA,NA,NA,NA,No data points have the baseline factor level,linear,289,69
g__.Soleaferrea,carbohydrate,SDC:timepoint48H,carbohydrateSDC:timepoint48H,NA,0,NA,NA,NA,NA,NA,No data points have the baseline factor level,linear,289,69
g__.Soleaferrea,obesity_group,obesity,obesity_groupobesity,NA,0,NA,NA,NA,NA,NA,No data points have the baseline factor level,linear,289,69
g__.Soleaferrea,timepoint,48H,timepoint48H,NA,0,NA,NA,NA,NA,NA,No data points have the baseline factor level,linear,289,69
Holdemania,carbohydrate,RDC:timepoint48H,carbohydrateRDC:timepoint48H,NA,0,NA,NA,NA,NA,NA,Fitting error (NA p-value returned from fitting procedure),linear,289,75
Holdemania,carbohydrate,SDC:timepoint48H,carbohydrateSDC:timepoint48H,NA,0,NA,NA,NA,NA,NA,Fitting error (NA p-value returned from fitting procedure),linear,289,75
Hydrogenoanaerobacterium,carbohydrate,RDC,carbohydrateRDC,NA,0,NA,NA,NA,NA,NA,No data points have the baseline factor level,linear,289,24
Hydrogenoanaerobacterium,carbohydrate,RDC:timepoint48H,carbohydrateRDC:timepoint48H,NA,0,NA,NA,NA,NA,NA,No data points have the baseline factor level,linear,289,24
Hydrogenoanaerobacterium,carbohydrate,SDC,carbohydrateSDC,NA,0,NA,NA,NA,NA,NA,No data points have the baseline factor level,linear,289,24
Hydrogenoanaerobacterium,carbohydrate,SDC:timepoint48H,carbohydrateSDC:timepoint48H,NA,0,NA,NA,NA,NA,NA,No data points have the baseline factor level,linear,289,24
Hydrogenoanaerobacterium,obesity_group,obesity,obesity_groupobesity,NA,0,NA,NA,NA,NA,NA,No data points have the baseline factor level,linear,289,24
Hydrogenoanaerobacterium,timepoint,48H,timepoint48H,NA,0,NA,NA,NA,NA,NA,No data points have the baseline factor level,linear,289,24
Intestinimonas,carbohydrate,RDC,carbohydrateRDC,NA,0,NA,NA,NA,NA,NA,No data points have the baseline factor level,linear,289,33
Intestinimonas,carbohydrate,RDC:timepoint48H,carbohydrateRDC:timepoint48H,NA,0,NA,NA,NA,NA,NA,No data points have the baseline factor level,linear,289,33
Intestinimonas,carbohydrate,SDC,carbohydrateSDC,NA,0,NA,NA,NA,NA,NA,No data points have the baseline factor level,linear,289,33
Intestinimonas,carbohydrate,SDC:timepoint48H,carbohydrateSDC:timepoint48H,NA,0,NA,NA,NA,NA,NA,No data points have the baseline factor level,linear,289,33
Intestinimonas,obesity_group,obesity,obesity_groupobesity,NA,0,NA,NA,NA,NA,NA,No data points have the baseline factor level,linear,289,33
Intestinimonas,timepoint,48H,timepoint48H,NA,0,NA,NA,NA,NA,NA,No data points have the baseline factor level,linear,289,33
Lactonifactor,carbohydrate,RDC,carbohydrateRDC,NA,0,NA,NA,NA,0.9986158912252191,0.999976442700979,No data points have the baseline factor level,linear,289,26
Lactonifactor,carbohydrate,RDC:timepoint48H,carbohydrateRDC:timepoint48H,NA,0,NA,NA,NA,0.9925486911658753,0.999976442700979,No data points have the baseline factor level,linear,289,26
Lactonifactor,carbohydrate,SDC,carbohydrateSDC,NA,0,NA,NA,NA,0.9986154569067538,0.999976442700979,No data points have the baseline factor level,linear,289,26
Lactonifactor,carbohydrate,SDC:timepoint48H,carbohydrateSDC:timepoint48H,NA,0,NA,NA,NA,0.9909924286458484,0.999976442700979,No data points have the baseline factor level,linear,289,26
Lactonifactor,obesity_group,obesity,obesity_groupobesity,NA,0,NA,NA,NA,0.7448149027339074,0.999976442700979,No data points have the baseline factor level,linear,289,26
Lactonifactor,timepoint,48H,timepoint48H,NA,0,NA,NA,NA,0.893144230299555,0.999976442700979,No data points have the baseline factor level,linear,289,26
Megasphaera,carbohydrate,RDC:timepoint48H,carbohydrateRDC:timepoint48H,NA,0,NA,NA,NA,0.9754332113273696,0.999976442700979,Fitting error (NA p-value returned from fitting procedure),linear,289,31
Megasphaera,carbohydrate,SDC:timepoint48H,carbohydrateSDC:timepoint48H,NA,0,NA,NA,NA,0.9310724795557731,0.999976442700979,Fitting error (NA p-value returned from fitting procedure),linear,289,31
Mogibacterium,carbohydrate,RDC,carbohydrateRDC,NA,0,NA,NA,NA,0.9977951259325089,0.999976442700979,No data points have the baseline factor level,linear,289,14
Mogibacterium,carbohydrate,RDC:timepoint48H,carbohydrateRDC:timepoint48H,NA,0,NA,NA,NA,0.9952946604636737,0.999976442700979,No data points have the baseline factor level,linear,289,14
Mogibacterium,carbohydrate,SDC,carbohydrateSDC,NA,0,NA,NA,NA,0.9981223745085925,0.999976442700979,No data points have the baseline factor level,linear,289,14
Mogibacterium,carbohydrate,SDC:timepoint48H,carbohydrateSDC:timepoint48H,NA,0,NA,NA,NA,0.9921670739941891,0.999976442700979,No data points have the baseline factor level,linear,289,14
Mogibacterium,obesity_group,obesity,obesity_groupobesity,NA,0,NA,NA,NA,0.6333291728879401,0.999976442700979,No data points have the baseline factor level,linear,289,14
Mogibacterium,timepoint,48H,timepoint48H,NA,0,NA,NA,NA,0.90433649018932,0.999976442700979,No data points have the baseline factor level,linear,289,14
Negativicoccus,carbohydrate,RDC:timepoint48H,carbohydrateRDC:timepoint48H,NA,0,NA,NA,NA,NA,NA,Fitting error (NA p-value returned from fitting procedure),linear,289,59
Negativicoccus,carbohydrate,SDC:timepoint48H,carbohydrateSDC:timepoint48H,NA,0,NA,NA,NA,NA,NA,Fitting error (NA p-value returned from fitting procedure),linear,289,59
o__Bacteroidales,carbohydrate,RDC,carbohydrateRDC,NA,0,NA,NA,NA,NA,NA,No data points have the baseline factor level,linear,289,8
o__Bacteroidales,carbohydrate,RDC:timepoint48H,carbohydrateRDC:timepoint48H,NA,0,NA,NA,NA,NA,NA,No data points have the baseline factor level,linear,289,8
o__Bacteroidales,carbohydrate,SDC,carbohydrateSDC,NA,0,NA,NA,NA,NA,NA,No data points have the baseline factor level,linear,289,8
o__Bacteroidales,carbohydrate,SDC:timepoint48H,carbohydrateSDC:timepoint48H,NA,0,NA,NA,NA,NA,NA,No data points have the baseline factor level,linear,289,8
o__Bacteroidales,obesity_group,obesity,obesity_groupobesity,NA,0,NA,NA,NA,NA,NA,No data points have the baseline factor level,linear,289,8
o__Bacteroidales,timepoint,48H,timepoint48H,NA,0,NA,NA,NA,NA,NA,No data points have the baseline factor level,linear,289,8
Odoribacter,carbohydrate,RDC:timepoint48H,carbohydrateRDC:timepoint48H,NA,0,NA,NA,NA,NA,NA,Fitting error (NA p-value returned from fitting procedure),linear,289,54
Odoribacter,carbohydrate,SDC:timepoint48H,carbohydrateSDC:timepoint48H,NA,0,NA,NA,NA,NA,NA,Fitting error (NA p-value returned from fitting procedure),linear,289,54
Paeniclostridium,carbohydrate,RDC:timepoint48H,carbohydrateRDC:timepoint48H,NA,0,NA,NA,NA,NA,NA,Fitting error (NA p-value returned from fitting procedure),linear,289,17
Paeniclostridium,carbohydrate,SDC:timepoint48H,carbohydrateSDC:timepoint48H,NA,0,NA,NA,NA,NA,NA,Fitting error (NA p-value returned from fitting procedure),linear,289,17
Paraclostridium,carbohydrate,RDC:timepoint48H,carbohydrateRDC:timepoint48H,NA,0,NA,NA,NA,NA,NA,Fitting error (NA p-value returned from fitting procedure),linear,289,64
Paraclostridium,carbohydrate,SDC:timepoint48H,carbohydrateSDC:timepoint48H,NA,0,NA,NA,NA,NA,NA,Fitting error (NA p-value returned from fitting procedure),linear,289,64
Parasutterella,carbohydrate,RDC,carbohydrateRDC,NA,0,NA,NA,NA,0.9809159614522931,0.999976442700979,No data points have the baseline factor level,linear,289,67
Parasutterella,carbohydrate,RDC:timepoint48H,carbohydrateRDC:timepoint48H,NA,0,NA,NA,NA,0.9830466858879123,0.999976442700979,No data points have the baseline factor level,linear,289,67
Parasutterella,carbohydrate,SDC,carbohydrateSDC,NA,0,NA,NA,NA,0.9906812617258128,0.999976442700979,No data points have the baseline factor level,linear,289,67
Parasutterella,carbohydrate,SDC:timepoint48H,carbohydrateSDC:timepoint48H,NA,0,NA,NA,NA,0.997769384057608,0.999976442700979,No data points have the baseline factor level,linear,289,67
Parasutterella,obesity_group,obesity,obesity_groupobesity,NA,0,NA,NA,NA,0.08140091040753965,0.4553083889828316,No data points have the baseline factor level,linear,289,67
Parasutterella,timepoint,48H,timepoint48H,NA,0,NA,NA,NA,0.8391932176024787,0.999976442700979,No data points have the baseline factor level,linear,289,67
Pseudomonas,carbohydrate,RDC,carbohydrateRDC,NA,0,NA,NA,NA,0.191602877105806,0.7388323064155701,contrasts can be applied only to factors with 2 or more levels,linear,289,15
Pseudomonas,carbohydrate,RDC:timepoint48H,carbohydrateRDC:timepoint48H,NA,0,NA,NA,NA,0.999976442700979,0.999976442700979,contrasts can be applied only to factors with 2 or more levels,linear,289,15
Pseudomonas,carbohydrate,SDC,carbohydrateSDC,NA,0,NA,NA,NA,0.6227778838669711,0.999976442700979,contrasts can be applied only to factors with 2 or more levels,linear,289,15
Pseudomonas,carbohydrate,SDC:timepoint48H,carbohydrateSDC:timepoint48H,NA,0,NA,NA,NA,0.9999735415315771,0.999976442700979,contrasts can be applied only to factors with 2 or more levels,linear,289,15
Pseudomonas,obesity_group,obesity,obesity_groupobesity,NA,0,NA,NA,NA,0.4700859107638936,0.999976442700979,contrasts can be applied only to factors with 2 or more levels,linear,289,15
Pseudomonas,timepoint,48H,timepoint48H,NA,0,NA,NA,NA,0.9988751314148981,0.999976442700979,contrasts can be applied only to factors with 2 or more levels,linear,289,15
Robinsoniella,carbohydrate,RDC,carbohydrateRDC,NA,0,NA,NA,NA,NA,NA,No data points have the baseline factor level,linear,289,30
Robinsoniella,carbohydrate,RDC:timepoint48H,carbohydrateRDC:timepoint48H,NA,0,NA,NA,NA,NA,NA,No data points have the baseline factor level,linear,289,30
Robinsoniella,carbohydrate,SDC,carbohydrateSDC,NA,0,NA,NA,NA,NA,NA,No data points have the baseline factor level,linear,289,30
Robinsoniella,carbohydrate,SDC:timepoint48H,carbohydrateSDC:timepoint48H,NA,0,NA,NA,NA,NA,NA,No data points have the baseline factor level,linear,289,30
Robinsoniella,obesity_group,obesity,obesity_groupobesity,NA,0,NA,NA,NA,NA,NA,No data points have the baseline factor level,linear,289,30
Robinsoniella,timepoint,48H,timepoint48H,NA,0,NA,NA,NA,NA,NA,No data points have the baseline factor level,linear,289,30
Sutterella,carbohydrate,RDC:timepoint48H,carbohydrateRDC:timepoint48H,NA,0,NA,NA,NA,NA,NA,Fitting error (NA p-value returned from fitting procedure),linear,289,57
Sutterella,carbohydrate,SDC:timepoint48H,carbohydrateSDC:timepoint48H,NA,0,NA,NA,NA,NA,NA,Fitting error (NA p-value returned from fitting procedure),linear,289,57
Tyzzerella,carbohydrate,RDC:timepoint48H,carbohydrateRDC:timepoint48H,NA,0,NA,NA,NA,NA,NA,Fitting error (NA p-value returned from fitting procedure),linear,289,26
Tyzzerella,carbohydrate,SDC:timepoint48H,carbohydrateSDC:timepoint48H,NA,0,NA,NA,NA,NA,NA,Fitting error (NA p-value returned from fitting procedure),linear,289,26
