sample_key,Acetanaerobacterium,Acidaminococcus,Acinetobacter,Actinomyces,Adlercreutzia,Afipia,Akkermansia,Alistipes,Alkaliphilus,Alloprevotella,Alloscardovia,Anaerococcus,Anaerofilum,Anaerofustis,Anaerostipes,Anaerotruncus,Asaccharospora,Atopobium,Bacillus,Bacteroides,Barnesiella,Bifidobacterium,Bilophila,Blautia,Buttiauxella,Butyricicoccus,Butyricimonas,Carnobacterium,Catabacter,Catenibacterium,Cellulosilyticum,Christensenella,Citrobacter,Cloacibacterium,Clostridium,Collinsella,Coprobacillus,Coprococcus,Corynebacterium,Denitrobacterium,Desulfovibrio,Dialister,Dielma,Dorea,Eggerthella,Eisenbergiella,Enterobacter,Enterococcus,Enterorhabdus,Epulopiscium,Erysipelatoclostridium,Escherichia,Eubacterium,Ezakiella,Faecalibacterium,Faecalitalea,Fastidiosipila,Finegoldia,Flavonifractor,Fusicatenibacter,Fusobacterium,Gallicola,Gardnerella,Gemella,Gordonibacter,Granulicatella,Hafnia,Holdemanella,Holdemania,Howardella,Hungatella,Hydrogenoanaerobacterium,Intestinibacter,Intestinimonas,Klebsiella,Kluyvera,Kocuria,Lachnoclostridium,Lachnospira,Lactobacillus,Lactococcus,Lactonifactor,Leuconostoc,Lysinibacillus,Marvinbryantia,Megasphaera,Methanobacterium,Methanobrevibacter,Micrococcus,Mitsuokella,Mobiluncus,Mogibacterium,Murdochiella,Negativicoccus,Odoribacter,Olsenella,Oribacterium,Oscillibacter,Other,Oxalobacter,Paenibacillus,Paeniclostridium,Pantoea,Parabacteroides,Paraclostridium,Paraprevotella,Parasutterella,Parvimonas,Pediococcus,Peptoclostridium,Peptococcus,Peptoniphilus,Peptostreptococcus,Phascolarctobacterium,Porphyromonas,Prevotella,Propionibacterium,Pseudoflavonifractor,Pseudomonas,Rhodococcus,Robinsoniella,Romboutsia,Roseburia,Rothia,Ruminiclostridium,Ruminococcus,Sarcina,Selenomonas,Senegalimassilia,Shuttleworthia,Slackia,Solobacterium,Staphylococcus,Streptococcus,Subdoligranulum,Succiniclasticum,Sutterella,Terrisporobacter,Thermus,Tissierella,Turicibacter,Tyzzerella,Varibaculum,Victivallis,Weissella,c__Chloroplast,c__Cyanobacteria,c__Mollicutes,f__Actinomycetaceae,f__Christensenellaceae,f__Coriobacteriaceae,f__Corynebacteriaceae,f__Defluviitaleaceae,f__Enterobacteriaceae,f__Erysipelotrichaceae,f__Family XI,f__Family XIII,f__Gemmatimonadaceae,f__Lachnospiraceae,f__Neisseriaceae,f__Peptococcaceae,f__Prevotellaceae,f__Rikenellaceae,f__Ruminococcaceae,g__*Soleaferrea,g__*Stoquefichus,o__Bacteroidales,o__Clostridiales,o__Lactobacillales
116__116A__No Added Carb__1.0__0H,0,0,0,0,90,0,126,39,0,0,13,0,0,0,1235,78,0,0,0,310,0,6779,14,12949,0,0,0,0,0,0,0,0,0,0,0,2240,0,1401,0,0,0,266,0,1087,19,0,0,0,0,0,0,0,3411,0,4813,0,0,0,0,4212,0,0,0,0,19,0,0,0,0,0,0,0,16,0,0,0,0,1356,0,0,0,0,0,0,369,0,0,0,0,0,0,0,0,0,0,0,0,0,0,0,165,0,0,71,0,0,0,0,0,0,0,0,0,0,0,0,0,0,0,0,0,1239,113,0,107,6069,0,0,0,0,0,0,0,59,2167,0,0,0,0,0,0,0,0,0,0,0,0,13,0,701,0,0,27,0,698,0,104,0,988,0,0,0,0,1344,0,0,0,85,0
116__116A__No Added Carb__1.0__48H,17,0,0,0,189,0,772,634,0,0,0,0,20,0,47,1022,0,0,0,13529,31,6167,88,2255,0,0,230,0,11,0,0,11,0,0,685,5465,0,714,0,0,0,51,74,851,772,0,0,0,0,0,76,10081,207,0,2041,0,0,12,534,148,0,0,0,0,116,0,0,0,93,0,0,528,74,0,0,0,0,6835,0,0,12,71,0,0,0,0,0,0,0,0,0,0,0,121,0,0,0,26,23,0,0,0,0,3011,0,0,244,0,0,0,0,26,0,0,0,0,0,0,0,0,0,3162,0,0,470,218,0,0,0,0,0,0,0,71,3767,0,0,0,0,0,0,0,0,11,0,0,0,0,0,1007,12,0,42,0,213,0,136,0,2238,0,11,0,0,3378,13,0,0,183,0
116__116A__RDC__1.0__0H,0,0,0,0,50,0,89,15,0,0,0,0,0,0,965,56,0,0,0,140,0,4434,0,11422,0,0,0,0,0,0,0,0,0,0,0,911,0,877,0,0,0,104,0,707,0,0,0,0,0,0,0,0,1916,0,3957,0,0,0,0,2871,0,0,0,0,0,0,0,0,0,0,0,0,11,0,0,0,0,867,0,0,0,0,0,0,260,0,0,0,0,0,0,0,0,0,0,0,0,0,0,0,69,0,0,35,0,0,0,0,0,0,0,0,0,0,0,0,0,0,0,0,0,945,58,0,67,3446,0,0,0,0,0,0,0,27,1280,0,0,0,0,0,0,0,0,0,0,0,0,0,0,521,0,0,12,0,298,0,79,0,713,0,0,0,0,812,0,0,0,81,0
116__116A__RDC__1.0__48H,0,0,0,0,56,0,874,72,0,0,0,0,0,0,69,92,0,0,37,11419,0,4800,0,1849,0,0,0,0,0,0,0,0,0,0,1159,4933,0,2359,0,0,0,0,31,264,88,0,0,0,0,0,37,20984,282,0,5471,0,0,0,123,323,0,0,0,0,24,0,0,0,33,0,0,14,314,0,0,0,0,2863,0,0,0,0,0,0,0,0,0,0,0,0,0,0,0,0,0,0,0,0,0,0,0,0,0,1867,0,0,84,0,0,0,0,0,0,0,0,0,0,0,0,0,0,895,14,0,438,331,0,0,0,0,0,0,0,17,3289,0,0,0,0,0,0,0,0,0,0,0,0,0,0,298,12,0,13,0,269,0,38,0,324,0,0,0,0,654,0,0,0,69,0
116__116A__RDC__2.0__0H,0,0,0,0,65,0,118,30,0,0,0,0,0,0,1148,79,0,0,0,288,0,5616,0,11358,0,0,0,0,0,0,0,0,0,0,0,1473,0,1152,0,0,0,166,0,816,0,0,0,0,0,0,0,0,2373,0,3942,0,0,0,0,3621,0,0,0,0,14,0,0,0,0,0,0,0,15,0,0,0,0,1035,0,0,0,0,0,0,324,0,0,0,0,0,0,0,0,0,0,0,0,0,13,0,109,0,0,71,0,0,0,0,0,0,0,0,0,0,0,0,0,0,0,0,0,1182,90,0,109,4074,0,0,0,0,0,0,0,31,1570,0,0,0,0,0,0,0,0,0,0,0,0,0,0,537,16,0,0,0,388,0,116,0,773,0,0,0,0,981,0,0,0,88,0
116__116A__RDC__2.0__48H,0,0,0,0,25,0,57,139,0,0,0,0,0,0,109,94,0,0,30,3630,51,11207,13,1870,0,0,77,0,0,0,0,0,0,0,324,1173,0,297,0,0,0,99,0,246,75,0,0,0,0,0,0,11369,135,0,1644,0,0,0,93,466,0,0,0,0,0,0,0,0,24,0,0,89,32,0,0,0,0,1196,0,0,0,0,0,0,12,0,0,0,0,0,0,0,0,20,0,0,0,0,0,0,0,0,0,1936,0,0,94,0,0,0,0,0,0,0,0,0,0,0,0,0,0,1299,0,0,93,104,0,0,0,0,0,0,0,0,1692,0,0,0,0,0,0,0,0,0,0,0,0,0,0,155,0,0,12,0,61,0,39,0,635,0,0,0,0,913,0,0,0,83,0
116__116A__SDC__1.0__0H,0,0,0,0,88,0,149,31,0,0,0,0,0,0,1522,77,0,0,0,272,0,6971,13,13179,0,0,0,0,0,0,0,0,0,0,0,2020,0,1387,0,0,12,200,0,1043,16,0,0,0,0,0,0,0,3066,0,5006,0,0,0,0,4292,0,0,0,0,14,0,0,0,0,0,0,0,17,0,0,0,0,1309,0,0,0,0,0,0,380,0,0,0,0,0,0,0,0,0,0,0,0,0,0,0,110,0,0,68,0,0,0,0,0,0,0,0,0,0,0,0,0,0,0,0,0,1580,145,0,118,5367,0,0,0,0,0,0,0,43,1932,0,0,0,0,0,12,0,0,0,0,0,0,0,0,700,11,0,14,0,618,0,110,0,1076,0,0,0,0,1354,0,0,0,113,0
116__116A__SDC__1.0__48H,0,0,0,0,28,0,246,93,0,0,0,0,0,0,31,25,0,0,28,6685,0,5544,0,1864,0,0,28,0,0,0,0,0,0,0,833,3894,0,903,0,0,0,0,15,289,31,0,0,0,0,0,31,23201,235,0,4954,0,0,0,52,297,0,0,0,0,19,0,0,0,16,0,0,0,59,0,0,0,0,1281,0,0,0,0,0,0,0,0,0,0,0,0,0,0,0,0,0,0,0,0,0,0,0,0,0,4502,0,0,75,0,0,0,0,0,0,0,0,0,0,0,0,0,0,631,0,0,271,156,0,0,0,0,0,0,0,15,2308,0,0,0,0,0,0,0,0,0,0,0,0,0,0,153,0,0,11,0,124,0,0,0,232,0,0,0,0,226,0,0,0,46,0
116__116A__SDC__2.0__0H,0,0,0,0,56,0,87,13,0,0,12,0,0,0,962,71,0,0,0,169,0,5435,0,9740,0,0,0,0,0,0,0,0,0,0,0,1620,0,1175,0,0,0,183,0,816,0,0,0,0,0,0,0,0,2901,0,3790,0,0,0,0,2895,0,0,0,0,30,0,0,0,12,0,0,0,20,0,0,0,0,1017,0,0,0,0,0,0,299,0,0,0,0,0,0,0,0,0,0,0,0,0,0,0,48,0,0,39,0,0,0,0,0,0,0,0,0,0,0,0,0,0,0,0,0,814,79,0,114,5199,0,0,0,0,0,0,0,52,1857,0,0,0,0,0,0,0,0,0,0,0,0,0,0,639,21,0,21,0,561,0,113,0,867,0,0,0,0,1113,0,0,0,49,0
116__116A__SDC__2.0__48H,0,0,0,0,17,0,28,20,0,0,0,0,0,0,23,48,0,0,76,3437,0,14003,0,1323,0,0,0,0,0,0,0,0,0,0,855,6098,0,55,0,0,0,0,0,112,15,0,0,0,0,0,0,20888,85,0,6870,0,0,0,0,286,0,0,0,0,0,0,0,0,0,0,0,0,11,0,0,0,0,390,0,0,0,0,0,0,0,0,0,0,0,0,0,0,0,0,0,0,0,0,0,0,0,0,0,347,0,0,0,0,0,0,0,0,0,0,0,0,0,0,0,0,0,726,0,0,0,129,0,0,0,0,0,0,0,12,1323,0,0,0,0,0,0,0,0,0,0,0,0,0,0,50,0,0,12,0,84,0,14,0,79,0,0,0,0,40,0,0,0,46,0
116__116B__No Added Carb__1.0__48H,12,0,0,0,144,0,562,269,0,0,20,28,36,0,496,752,0,0,0,3065,14,6332,256,4887,0,0,146,0,13,0,0,73,0,0,2360,3077,0,450,0,0,0,16,142,1175,640,22,0,0,0,0,118,1234,728,0,23,0,0,0,1085,596,0,0,0,0,164,0,0,29,295,0,275,755,24,28,0,0,0,3486,0,0,14,31,0,0,22,0,0,0,0,0,0,0,0,25,0,0,0,0,16,0,0,0,0,223,7002,0,453,0,0,0,0,198,0,0,0,0,0,0,0,0,0,2060,42,0,418,2191,0,0,39,0,609,0,0,109,1825,0,141,0,0,0,11,0,0,0,0,0,0,0,0,3414,32,0,40,0,420,0,606,0,1674,0,54,0,0,4051,58,0,0,71,0
116__116B__RDC__1.0__48H,17,0,0,0,11,0,5724,312,0,0,0,0,68,0,175,264,0,0,0,7121,18,720,381,3254,0,0,114,0,0,0,0,51,0,0,3724,2097,67,617,0,0,0,0,934,1310,262,14,0,0,0,0,459,1249,256,0,0,0,0,0,1724,0,0,0,0,0,52,0,0,18,261,0,43,1555,21,0,0,0,0,3683,0,0,0,43,0,0,0,0,0,0,0,0,0,0,0,0,0,0,0,30,16,0,0,0,0,211,14061,0,691,0,0,0,0,67,0,0,0,0,0,0,0,0,0,212,17,0,167,318,0,0,0,0,413,0,0,0,2353,0,0,0,0,0,0,0,0,0,0,0,0,0,0,2070,0,0,0,0,55,0,560,0,2263,0,31,0,0,2858,128,0,11,0,0
116__116B__RDC__2.0__48H,0,0,0,0,0,0,0,33,0,0,0,0,0,0,15,0,0,0,0,3554,0,27255,0,634,0,0,0,0,0,0,0,0,0,0,88,357,0,0,0,0,0,0,0,74,0,0,0,0,0,0,0,13682,79,0,182,0,0,0,0,98,0,0,0,0,0,0,0,0,0,0,0,0,0,0,0,0,0,73,0,0,0,0,0,0,0,0,0,0,0,0,0,0,0,0,0,0,0,0,0,0,0,0,0,319,393,0,12,0,0,0,0,0,0,0,0,0,0,0,0,0,0,290,0,0,0,27,0,0,0,0,0,0,0,0,270,0,0,0,0,0,17,0,0,0,0,0,0,0,0,14,0,0,0,0,27,0,0,0,26,0,0,0,0,0,0,0,0,0,0
116__116B__SDC__1.0__48H,19,0,0,0,71,0,419,511,0,0,0,0,26,0,256,324,0,0,0,3318,44,13811,65,6496,0,0,134,0,15,0,0,14,0,0,88,2826,0,178,0,0,0,12,127,279,297,0,0,0,0,0,263,2259,389,0,58,0,0,0,624,119,0,0,0,0,92,0,0,41,108,0,29,970,15,0,0,0,0,3500,0,0,0,14,0,0,0,0,0,0,0,0,0,0,0,108,20,0,0,0,46,0,0,0,0,488,500,0,211,0,0,0,0,0,0,0,0,0,0,0,0,0,0,1026,77,0,685,530,0,0,13,0,369,0,0,46,6444,0,426,0,0,0,12,0,0,0,0,0,0,0,0,719,0,0,28,0,336,0,257,0,2602,0,0,0,0,2242,0,0,0,52,0
116__116B__SDC__2.0__48H,0,0,0,0,0,0,0,47,0,0,0,0,0,0,0,0,0,0,0,7159,0,21766,0,376,0,0,0,0,0,0,0,0,0,0,0,877,0,0,0,0,0,0,0,0,0,0,0,0,0,0,0,14436,0,0,824,0,0,0,0,43,0,0,0,0,0,0,0,0,0,0,0,0,0,0,0,0,0,239,0,0,0,0,0,0,0,0,0,0,0,0,0,0,0,0,0,0,0,0,0,0,0,0,0,1031,165,0,0,0,0,0,0,0,0,0,0,0,0,0,0,0,0,539,0,0,0,33,0,0,0,0,0,0,0,0,385,0,0,0,0,0,0,0,0,0,0,0,0,0,0,31,0,0,0,0,48,0,0,0,0,0,0,0,0,20,0,0,0,20,0
123__123A__No Added Carb__1.0__0H,0,0,0,67,44,0,0,0,0,0,0,0,0,0,284,0,0,0,0,0,0,10211,0,16663,0,0,0,0,0,0,0,0,0,0,1341,2862,0,115,0,0,0,0,0,1870,0,0,0,0,0,0,21,0,2066,0,773,0,0,0,0,424,0,0,0,0,0,0,0,801,0,0,0,0,218,0,0,0,0,820,0,57,234,0,0,0,167,0,0,29,0,0,0,0,0,0,0,0,0,0,0,0,604,0,0,0,0,0,0,0,0,0,0,0,0,0,0,0,0,0,0,0,0,6805,13,0,122,649,0,0,228,0,0,611,0,641,4534,0,0,400,0,0,1487,0,0,0,0,0,0,0,16,143,0,0,0,0,571,0,84,0,1220,0,0,0,0,799,0,0,0,64,0
123__123A__RDC__1.0__0H,0,0,0,0,41,0,293,0,0,0,0,0,0,0,2221,0,0,0,0,0,0,13010,0,9401,0,0,0,0,0,0,0,0,0,0,193,0,0,273,0,0,0,0,0,1410,0,0,0,0,0,0,29,0,2260,0,463,0,0,0,0,1032,0,0,0,0,18,0,0,0,0,0,0,0,137,0,0,0,0,1587,0,0,16,0,0,0,78,0,0,27,0,0,0,0,0,0,0,0,0,0,0,0,120,0,0,0,0,0,0,0,0,0,0,0,0,0,0,0,0,0,0,0,0,1775,29,0,171,2735,0,0,0,0,77,0,0,1209,2051,0,0,213,0,0,172,0,0,0,0,0,0,0,0,59,17,0,0,0,577,0,50,0,854,0,0,0,0,534,0,0,0,0,0
123__123A__RDC__1.0__48H,0,0,0,0,0,0,4549,251,0,0,0,12,0,0,153,0,0,0,0,22354,0,142,29,2230,0,0,0,0,0,0,0,0,7003,0,5195,1761,0,128,0,0,0,0,0,27,1453,0,0,610,0,0,0,7605,0,0,127,0,0,0,1375,71,0,0,0,0,0,0,0,0,117,0,0,0,2745,0,0,0,0,3848,84,0,0,0,0,0,0,0,0,0,0,0,0,0,0,0,0,0,0,0,13,0,0,0,0,0,0,0,0,0,0,0,0,49,0,0,0,0,0,0,0,0,0,4072,302,0,184,0,0,0,0,0,0,0,0,242,429,0,0,0,0,0,0,34,0,0,0,0,0,0,0,0,0,0,0,0,25,0,0,0,170,0,0,0,0,1178,153,0,0,0,0
123__123A__RDC__2.0__0H,0,0,0,48,86,0,428,0,0,0,0,0,0,0,3197,0,0,0,0,0,0,23276,0,17096,0,0,0,0,0,0,0,0,0,0,531,601,0,402,0,0,0,0,0,2728,0,0,0,0,0,0,33,0,3889,0,870,0,0,0,0,1539,0,0,0,0,14,0,0,142,0,0,0,0,334,0,0,0,0,2595,0,19,65,0,0,0,184,0,0,43,0,0,0,0,0,0,0,0,0,0,0,0,342,0,0,0,0,0,0,0,0,0,0,0,0,0,0,0,0,0,0,0,0,4091,22,0,271,3843,0,0,57,0,99,125,0,1776,4061,0,0,412,0,0,542,0,0,0,0,0,0,0,0,142,30,0,0,0,1001,0,100,0,1545,0,0,0,0,1052,0,0,0,20,0
123__123A__RDC__2.0__48H,0,0,0,0,0,0,16,20,0,0,0,0,0,0,16,0,0,0,0,7177,0,56,0,1349,0,0,0,0,0,0,0,0,598,0,77441,2078,0,0,0,0,0,0,0,0,77,0,0,652,0,0,0,5850,0,0,1421,0,0,0,110,330,0,0,0,0,0,0,0,0,27,0,0,0,331,0,0,0,0,1393,0,0,0,0,0,0,0,0,0,0,0,0,0,0,0,0,0,0,0,0,11,0,0,0,0,0,0,0,0,0,0,0,0,0,0,0,0,0,0,0,0,0,0,1162,30,0,86,0,61,0,0,0,0,0,0,124,260,0,0,0,0,0,0,0,0,0,0,0,0,0,0,0,0,0,0,0,0,0,0,0,26,0,0,0,0,0,62,0,0,0,0
123__123A__SDC__1.0__0H,0,0,0,89,56,0,12,0,0,0,0,0,0,0,252,0,0,0,0,0,0,11031,0,16484,0,0,0,0,0,0,0,0,0,0,1261,3302,0,118,0,0,0,0,0,2111,0,0,0,0,0,0,14,0,2010,0,916,0,0,0,0,422,0,0,0,0,0,0,0,774,0,0,0,0,185,0,0,0,0,844,0,53,258,0,0,0,192,0,0,28,0,0,0,0,0,0,0,0,0,0,21,0,816,0,0,0,0,0,0,0,0,0,0,0,0,0,0,0,0,0,15,0,0,6987,17,0,152,579,0,0,260,0,0,782,0,758,4326,0,0,322,0,0,1345,0,0,0,0,0,0,0,0,200,12,0,0,0,646,0,110,0,1414,0,0,0,0,1011,0,0,0,76,0
123__123A__SDC__1.0__48H,0,0,0,0,0,0,2361,197,0,0,0,0,0,0,106,0,0,0,0,12444,0,712,28,5769,0,0,0,0,0,0,0,0,3987,0,17103,1945,0,42,0,0,0,0,0,18,682,0,0,188,0,0,0,5415,0,0,296,0,0,0,698,46,0,0,0,0,0,0,0,0,69,0,0,0,1496,0,0,0,0,690,88,0,0,318,0,0,0,0,0,0,0,0,0,0,0,0,0,0,0,0,50,0,0,0,0,7062,67,0,0,0,0,0,0,57,0,0,0,0,0,0,0,0,0,2474,89,0,143,0,0,0,0,0,0,0,0,168,233,0,0,0,0,0,0,15,0,0,0,0,0,0,0,0,0,0,0,0,13,0,0,0,132,0,0,0,0,973,94,0,0,0,0
123__123A__SDC__2.0__0H,0,0,0,113,75,0,14,0,0,0,0,0,0,0,367,0,0,0,0,0,0,12322,0,16487,0,0,0,0,0,0,0,0,0,0,1598,3895,0,111,0,0,0,0,0,2393,18,0,0,0,0,0,12,0,2162,0,838,0,0,0,0,469,0,0,0,0,0,0,0,907,0,0,0,0,251,0,0,0,0,922,0,70,298,0,0,0,197,0,0,28,0,0,0,0,0,0,0,0,0,0,20,0,928,0,0,0,0,0,0,0,0,0,0,0,0,0,0,0,0,0,0,0,0,9506,15,0,222,609,0,0,321,0,0,891,0,903,4616,0,0,434,0,0,1838,0,0,0,0,0,0,0,0,164,12,0,0,0,762,0,120,0,1516,0,0,0,0,1030,0,0,0,64,0
123__123A__SDC__2.0__48H,0,0,0,0,0,0,0,0,16,0,0,0,0,0,0,0,0,0,0,1162,0,1454,0,3907,0,0,0,0,0,0,0,0,1100,0,43922,1638,0,0,0,0,0,0,0,0,0,0,0,99,0,0,0,4733,0,0,270,0,0,0,0,549,0,0,0,0,0,0,0,0,0,0,0,0,36,0,0,0,0,89,28,0,0,0,0,0,0,0,0,0,0,0,0,0,0,0,0,0,0,0,0,0,0,0,0,0,0,0,0,0,0,0,0,0,0,0,0,0,0,0,0,0,0,606,0,0,18,0,0,0,0,0,0,0,0,44,113,0,0,0,0,0,0,0,0,0,0,0,0,0,0,0,0,0,0,0,0,0,0,0,0,0,0,0,0,0,0,0,0,0,0
123__123B__No Added Carb__1.0__48H,0,0,0,0,0,0,4865,252,0,0,0,22,0,0,324,0,606,0,0,10818,0,87,54,2053,0,0,0,8699,0,0,0,0,324,0,9440,2623,0,22,0,0,0,0,0,73,239,0,469,130,0,0,0,5603,0,0,496,0,0,0,273,32,0,0,0,0,0,0,0,0,47,0,0,0,1419,0,0,0,0,1052,27,0,0,180,0,0,0,0,0,0,0,0,0,0,0,0,0,0,0,0,29,0,132,0,0,0,573,0,0,0,0,0,0,505,0,0,0,0,0,0,0,0,0,2729,43,0,118,0,0,0,0,0,0,0,0,85,562,0,0,0,0,0,0,0,0,0,0,0,0,0,0,0,0,0,0,0,0,0,0,0,118,0,0,0,0,199,115,0,0,0,0
123__123B__RDC__1.0__48H,0,0,0,0,0,0,6952,407,0,0,0,20,0,0,457,0,630,0,0,15069,0,119,84,3071,0,0,0,10850,0,0,0,0,533,0,12396,3630,0,43,0,0,0,0,0,135,325,0,733,205,0,0,0,7973,15,0,672,0,0,0,293,39,0,0,0,0,0,0,0,0,64,0,11,0,2120,0,0,0,0,1486,35,0,0,379,0,0,0,0,0,0,0,0,0,0,0,19,0,0,0,0,0,0,159,0,0,18,672,0,0,0,0,0,0,746,0,0,0,0,0,0,0,0,0,3919,83,0,163,0,0,0,0,0,0,0,0,97,822,0,0,0,0,0,0,18,0,0,0,0,0,0,0,0,0,0,0,0,0,0,0,0,146,0,0,0,0,282,185,0,0,0,0
123__123B__RDC__2.0__48H,0,0,0,0,0,0,189,21,0,0,0,0,0,0,779,0,0,0,0,6268,0,1744,0,6021,0,0,0,6653,0,0,0,0,666,0,32648,6018,0,24,0,0,0,0,0,12,13,0,1591,1020,0,0,0,8285,0,0,6431,0,0,0,43,1584,0,0,0,0,0,0,0,0,0,0,0,0,72,0,0,0,0,868,0,19,0,0,0,0,0,0,0,0,0,0,0,0,0,0,0,0,0,0,11,0,45,0,0,0,0,0,0,0,0,0,0,0,0,0,0,0,0,0,0,0,0,2386,288,0,89,0,0,0,0,0,0,28,0,109,620,0,0,0,0,0,0,0,0,0,0,0,0,0,0,0,156,0,0,0,0,0,0,0,63,0,0,0,0,23,13,0,0,0,0
123__123B__SDC__1.0__48H,0,0,0,0,0,0,2265,1599,0,0,0,0,0,0,325,0,0,0,0,8441,0,125,28,2957,0,0,0,8108,0,0,0,0,0,0,5231,2527,0,51,0,0,0,0,0,177,147,0,292,141,0,0,45,10072,17,0,644,0,0,14,245,59,0,0,0,0,0,0,0,0,46,0,25,0,1762,0,0,0,0,834,0,0,0,458,0,0,0,0,0,0,0,0,0,0,0,167,0,0,0,0,0,0,54,0,0,0,0,0,0,0,0,0,0,80,0,0,0,0,0,0,0,0,0,3391,140,0,110,0,0,0,0,0,0,0,0,134,561,0,0,0,0,0,0,0,0,0,0,0,0,0,0,0,0,0,0,0,14,0,0,0,277,0,0,0,0,1087,90,0,0,0,0
123__123B__SDC__2.0__48H,0,0,0,0,0,0,170,16,0,0,0,0,0,0,603,0,0,0,0,4283,0,703,0,3957,0,0,0,3462,0,0,0,0,425,0,18450,3244,0,11,0,0,0,0,0,0,0,0,1069,572,0,0,0,4484,0,0,3554,0,0,0,31,1226,0,0,0,0,0,0,0,0,0,0,0,0,67,0,0,0,0,409,0,0,0,0,0,0,0,0,0,0,0,0,0,0,0,0,0,0,0,0,0,0,22,0,0,0,0,0,0,0,0,0,0,0,0,0,0,0,0,0,0,0,0,1227,218,0,36,0,0,0,0,0,0,14,0,43,393,0,0,0,0,0,0,0,0,0,0,0,0,0,0,0,58,0,0,0,0,0,0,0,40,0,0,0,0,0,0,0,0,0,0
137__137A__No Added Carb__1.0__0H,0,0,0,93,0,0,0,0,0,0,0,0,0,0,1245,0,0,0,0,0,0,1552,0,26645,0,0,0,0,0,4410,0,0,0,0,12,544,0,482,13,0,0,0,0,1363,93,0,0,0,0,0,14,0,3735,0,1359,446,0,0,0,2321,0,0,0,0,32,15,0,0,0,0,0,0,0,0,0,0,0,2104,0,0,57,0,0,0,77,0,0,0,0,0,0,0,0,0,0,0,0,0,0,0,13,0,0,0,0,0,0,0,0,0,0,0,0,0,0,0,0,0,0,0,0,594,402,0,158,0,0,0,0,0,0,0,0,856,538,0,0,0,0,0,32,0,0,0,0,0,0,0,0,110,19,0,0,0,423,0,169,0,1535,0,0,0,0,2220,0,0,0,0,0
137__137A__No Added Carb__1.0__48H,16,0,0,0,0,0,1591,275,0,0,0,0,0,0,231,15,0,0,0,7361,46,5524,21,12427,0,0,0,0,0,0,0,0,0,0,6416,15,0,0,0,0,0,0,0,119,986,17,0,0,0,0,464,447,448,0,225,0,0,0,139,266,0,0,0,0,0,0,0,622,58,0,115,0,0,0,0,0,0,2356,0,0,0,12,0,0,0,0,0,69,0,0,0,0,0,0,113,0,0,0,0,0,0,0,0,1353,9470,0,0,0,0,14,12,13,0,222,0,0,0,0,0,0,43,125,15,0,623,17,0,0,0,0,0,0,0,47,1633,0,67,0,0,0,21,0,0,0,0,0,0,0,0,309,0,0,0,0,0,0,0,0,1904,0,0,0,0,1159,75,0,0,0,0
137__137A__RDC__1.0__0H,0,0,0,83,37,0,0,0,0,0,0,0,0,0,169,0,0,0,0,0,0,8965,0,13003,0,0,0,0,0,0,0,0,0,0,1026,2790,0,48,0,0,0,0,0,1638,0,0,0,0,0,0,20,0,1588,0,420,0,0,0,0,252,0,0,0,0,0,0,0,516,0,0,0,0,136,0,0,0,0,586,0,59,215,0,0,0,101,0,0,0,0,0,0,0,0,0,0,0,0,0,18,0,16,0,0,0,0,0,0,0,0,0,0,0,0,0,0,0,0,0,0,0,0,5091,0,0,169,536,0,0,256,0,0,595,0,716,4423,0,0,357,0,0,1215,0,0,0,0,0,0,0,0,188,0,0,0,0,463,0,67,0,986,0,0,0,0,650,0,0,0,56,0
137__137A__RDC__1.0__48H,22,0,0,0,0,0,507,142,0,0,0,0,0,0,99,32,0,0,0,2573,53,6428,81,7664,0,0,0,0,0,0,0,0,0,0,2334,78,0,0,0,0,0,0,0,175,265,0,0,0,0,0,185,360,336,0,235,0,0,0,79,159,0,0,0,0,0,0,0,1261,36,0,63,0,12,0,0,0,0,916,0,0,0,0,0,0,0,0,0,65,0,0,0,0,0,0,73,0,0,0,0,0,0,0,0,1021,13912,0,0,0,0,0,19,0,0,106,0,0,0,0,0,0,22,106,0,0,439,16,0,0,0,0,0,0,0,27,1027,0,17,0,0,0,25,0,0,0,0,0,0,0,0,128,0,0,0,0,11,0,0,0,748,0,0,0,16,801,30,0,0,0,0
137__137A__RDC__2.0__0H,0,0,0,20,0,0,0,0,0,0,0,0,0,0,959,0,0,0,0,0,0,1075,0,21942,0,0,0,0,0,2867,0,0,0,0,0,400,0,318,0,0,0,0,0,899,97,0,0,0,0,0,0,0,2833,0,1005,340,0,0,0,1646,0,0,0,0,36,0,0,0,0,0,0,0,0,0,0,0,0,1672,0,0,42,0,0,0,51,0,0,0,0,0,0,0,0,0,0,0,0,0,0,0,0,0,0,0,0,0,0,0,0,0,0,0,0,0,0,0,0,0,0,0,0,459,352,0,129,0,0,0,0,0,0,0,0,639,428,0,0,0,0,0,16,0,0,0,0,0,0,0,0,84,14,0,0,0,337,0,103,0,1248,0,0,0,0,1581,0,0,0,0,0
137__137A__SDC__1.0__0H,0,0,0,52,0,0,0,0,0,0,0,0,0,0,1215,0,0,0,0,0,0,1386,0,28129,0,0,0,0,0,3916,0,0,0,0,0,526,0,473,0,0,0,0,0,1380,153,0,0,0,0,0,0,0,3620,0,1470,488,0,0,0,1965,0,0,0,0,36,17,0,0,0,0,0,0,0,0,0,0,0,2015,0,0,61,0,0,0,81,0,0,0,0,0,0,0,0,0,0,0,0,0,0,0,0,0,0,0,0,0,0,0,0,0,0,0,0,0,0,0,0,0,0,0,0,580,369,0,211,0,0,0,0,0,0,0,0,775,575,0,0,0,0,0,26,0,0,0,0,0,0,0,0,109,22,0,0,0,494,0,185,0,1511,0,0,0,0,1999,0,0,0,0,0
137__137A__SDC__1.0__48H,11,0,0,0,0,0,1140,123,0,0,0,0,0,0,80,0,0,0,0,3458,0,5906,0,11415,0,0,0,0,0,0,0,0,0,0,2741,173,0,0,0,0,0,0,0,82,243,0,0,0,0,0,211,268,241,0,155,0,0,0,88,965,0,0,0,0,0,0,0,725,47,0,32,0,0,0,0,0,0,998,0,0,0,0,0,0,0,0,0,65,0,0,0,0,0,0,87,0,0,0,0,0,0,0,0,1836,14171,0,0,0,0,0,105,0,0,54,0,0,0,0,0,0,20,110,0,0,442,14,0,0,0,0,0,0,0,0,1066,0,15,0,0,0,13,0,0,0,0,0,0,0,0,87,0,0,0,0,0,0,0,0,513,0,0,0,15,930,14,0,0,0,0
137__137A__SDC__2.0__0H,0,0,0,56,0,0,0,0,0,0,0,0,0,0,1080,0,0,0,0,0,0,1318,0,23419,0,0,0,0,0,3259,0,0,0,0,0,433,0,404,0,0,0,0,0,1059,122,0,0,0,0,0,0,0,3377,0,1225,388,0,0,0,1747,0,0,0,0,52,11,0,0,0,0,0,0,0,0,0,0,0,1894,0,0,42,0,0,0,67,0,0,0,0,0,0,0,0,0,0,0,0,0,0,0,0,0,0,0,0,0,0,0,0,0,0,0,0,0,0,0,0,0,0,0,0,496,373,0,156,0,0,0,0,0,0,0,0,731,541,0,0,0,0,0,17,0,0,0,0,0,0,0,0,109,31,0,0,0,420,0,152,0,1331,0,0,0,0,1665,0,0,0,0,0
137__137A__SDC__2.0__48H,0,0,0,0,0,0,91,0,0,0,0,0,0,0,21,0,0,0,0,253,0,39146,0,949,0,0,0,0,0,0,0,0,0,0,1652,395,0,0,0,0,0,0,0,45,434,0,0,0,0,0,88,153,28,0,79,0,0,0,0,148,0,0,0,0,0,0,0,168,0,0,0,0,28,0,0,0,0,53,0,28,0,0,0,0,0,179,0,0,0,0,0,0,0,0,0,0,0,0,0,0,0,0,0,145,18917,0,0,0,0,0,0,0,0,102,0,0,0,0,0,0,0,301,0,0,0,23,0,0,0,0,0,15,0,77,193,13,0,0,0,0,44,0,0,0,0,0,0,0,0,0,0,0,0,0,0,0,0,0,153,0,0,0,0,107,0,0,0,0,0
137__137B__No Added Carb__1.0__0H,0,0,0,26,0,0,204,0,0,0,0,0,0,0,1295,0,0,0,0,0,0,16388,0,25188,0,0,0,0,0,0,0,0,0,0,81,0,0,0,0,0,0,0,0,3968,277,0,0,0,0,0,152,67,211,0,1382,28,0,0,0,575,0,0,0,0,0,0,0,5017,0,0,0,0,203,0,0,0,0,566,0,0,13,0,0,0,0,0,0,15,0,0,0,0,0,0,0,0,0,0,0,0,346,0,0,0,0,0,0,0,0,0,0,0,0,0,0,0,0,0,0,0,0,854,0,0,142,154,0,0,0,0,0,0,0,357,338,0,0,0,0,0,126,0,0,0,0,0,0,0,0,98,25,0,0,0,0,0,23,0,1202,0,0,0,0,430,0,0,0,0,0
137__137B__No Added Carb__1.0__48H,12,0,0,0,0,0,516,147,0,0,0,0,0,0,59,38,0,0,0,1367,0,7771,0,3965,0,0,0,7232,0,0,0,0,0,0,673,0,0,0,0,0,0,0,0,291,813,15,0,0,0,0,512,4764,565,0,331,34,0,0,150,683,0,0,0,0,0,0,0,24303,57,0,193,0,545,11,0,0,0,3056,0,0,0,12,0,0,0,0,0,15,0,0,0,0,0,0,55,0,0,0,16,0,29,0,0,570,0,0,0,0,0,0,0,0,0,0,0,0,0,0,0,0,0,175,14,0,335,138,0,0,0,0,0,0,0,61,745,11,13,11,0,0,47,0,0,0,0,0,0,0,0,286,0,0,0,0,13,0,0,0,2686,0,0,0,0,1046,45,0,0,0,0
137__137B__RDC__1.0__0H,0,0,0,37,0,0,202,0,0,0,0,0,0,0,1073,0,0,0,0,0,0,17205,0,22298,0,0,0,0,0,0,0,0,0,0,114,0,0,0,0,0,0,0,0,3279,207,0,0,0,0,0,163,77,164,0,1529,31,0,0,0,595,0,0,0,0,11,0,0,4044,0,0,0,0,303,0,0,0,0,469,0,0,15,0,0,0,0,0,0,20,0,0,0,0,0,0,0,0,0,0,0,0,257,0,0,0,0,0,0,0,0,0,0,0,0,0,0,0,0,0,0,0,0,1154,13,0,134,278,0,0,0,0,0,0,0,343,382,14,0,0,0,0,155,0,0,0,0,0,0,0,0,79,17,0,0,0,0,0,11,0,920,0,0,0,0,459,0,0,0,0,0
137__137B__RDC__1.0__48H,11,0,0,0,0,0,688,52,0,0,0,0,0,0,93,0,0,0,0,969,0,13932,0,2152,0,0,0,525,0,0,0,0,0,0,125,13,0,23,0,0,0,0,0,175,341,0,0,0,0,0,104,3799,340,0,408,0,0,0,21,385,0,0,0,0,0,0,0,10034,26,0,0,0,200,0,0,0,0,900,0,0,0,0,0,0,0,0,0,0,0,0,0,0,0,0,33,0,0,0,0,0,13,14,0,223,0,0,0,0,0,0,0,0,0,18,0,0,0,0,0,0,0,103,15,0,99,32,0,0,0,0,0,0,0,223,336,0,86,0,0,0,0,0,0,0,0,0,0,0,0,74,0,0,0,0,0,0,0,0,623,0,0,0,0,338,0,0,0,0,0
137__137B__RDC__2.0__0H,0,0,0,38,0,0,235,0,0,0,0,0,0,0,1080,0,0,0,0,0,0,14059,0,23167,0,0,0,0,0,0,0,0,0,0,130,0,0,0,0,0,0,0,0,3071,205,0,0,0,0,0,137,81,191,0,1541,20,0,0,0,516,0,0,0,0,0,0,0,4074,0,0,0,0,238,0,0,0,0,409,0,0,0,0,0,0,0,0,0,18,0,0,0,0,0,0,0,0,0,0,0,0,275,0,0,0,0,0,0,0,0,0,0,0,0,0,0,0,0,0,0,0,0,909,0,0,133,206,0,0,0,0,0,0,0,654,288,14,0,0,0,0,160,0,0,0,0,0,0,0,0,88,0,0,0,0,0,0,15,0,959,0,0,0,0,413,0,0,0,0,0
137__137B__RDC__2.0__48H,0,0,0,0,0,0,49,0,0,0,0,0,0,0,12,0,0,0,0,590,0,48823,0,686,0,0,0,109,0,0,0,0,0,0,14,0,0,0,0,0,0,0,0,97,121,0,0,0,0,0,55,3562,28,0,217,0,0,0,0,54,0,0,0,0,0,0,0,3657,0,0,0,0,13,0,0,0,0,0,0,0,0,0,0,0,0,0,0,0,0,0,0,0,0,0,0,0,0,0,0,0,14,0,0,242,0,0,0,0,0,0,0,0,0,0,0,0,0,0,0,0,0,183,0,0,0,58,0,0,0,0,0,0,0,31,199,0,0,0,0,0,34,0,0,0,0,0,0,0,0,0,0,0,0,0,0,0,0,0,134,0,0,0,0,40,0,0,0,0,0
137__137B__SDC__1.0__0H,0,0,0,27,0,0,171,0,0,0,0,0,0,0,1091,0,0,0,0,0,0,12195,0,21138,0,0,0,0,0,0,0,0,0,0,100,0,0,0,0,0,0,0,0,3104,200,0,0,0,0,0,99,59,160,0,1030,22,0,0,0,546,0,0,0,0,0,0,0,3377,0,0,0,0,172,0,0,0,0,487,0,0,11,0,0,0,0,0,0,21,0,0,0,0,0,0,0,0,0,0,0,0,258,0,0,0,0,0,0,0,0,0,0,0,0,0,0,0,0,0,0,0,0,693,0,0,149,144,0,0,0,0,0,0,0,357,286,0,0,0,0,0,87,0,0,0,0,0,0,0,0,105,12,0,0,0,0,0,14,0,916,0,0,0,0,336,0,0,0,0,0
137__137B__SDC__1.0__48H,0,0,0,0,0,0,1520,141,0,0,0,0,0,0,51,21,0,0,0,2375,0,27927,0,3227,0,0,0,1656,0,0,0,0,0,0,206,0,0,0,0,0,0,0,0,339,600,0,0,0,0,0,159,6012,426,0,596,18,0,0,31,1293,0,0,0,0,11,0,0,16904,60,0,15,0,316,0,0,0,0,2367,0,92,0,0,0,0,0,0,0,0,0,0,0,0,0,0,86,0,0,0,0,0,22,0,0,359,0,0,0,0,0,0,0,0,0,0,0,0,0,0,0,0,0,272,18,0,215,70,0,0,0,0,0,0,0,64,573,0,62,141,0,0,47,0,0,0,0,0,0,0,0,201,0,0,0,0,0,0,0,0,1780,0,0,0,0,709,14,0,0,0,0
137__137B__SDC__2.0__0H,0,0,0,33,0,0,201,0,0,0,0,0,0,0,1069,0,0,0,0,0,0,14697,0,21841,0,0,0,0,0,0,0,0,0,0,108,0,0,0,0,0,0,0,0,3481,206,0,0,0,0,0,128,65,163,0,1435,28,0,0,0,483,0,0,0,0,0,0,0,3951,0,0,0,0,224,0,0,0,0,449,0,0,21,0,0,0,0,0,0,22,0,0,0,0,0,0,0,0,0,0,0,0,211,0,0,0,0,0,0,0,0,0,0,0,0,0,0,0,0,0,0,0,0,834,0,0,145,212,0,0,0,0,0,0,0,471,340,14,0,0,0,0,134,0,0,0,0,0,0,0,0,88,0,0,0,0,0,0,13,0,980,0,0,0,0,386,0,0,0,0,0
137__137B__SDC__2.0__48H,0,0,0,0,0,0,54,0,0,0,0,0,0,0,15,0,0,0,0,562,0,48208,0,547,0,0,0,98,0,0,0,0,0,0,28,0,0,0,0,0,0,0,0,68,200,0,0,0,0,0,38,6889,31,0,273,0,0,0,0,75,0,0,0,0,0,0,0,2278,0,0,0,0,20,0,0,0,0,0,0,0,0,0,0,0,0,0,0,0,0,0,0,0,0,0,0,0,0,0,0,0,27,0,0,344,0,0,0,0,0,0,0,0,0,0,0,0,0,0,0,0,0,285,0,0,0,27,0,0,0,0,0,0,0,43,316,0,0,0,0,0,52,0,0,0,0,0,0,0,0,0,0,0,0,0,0,0,0,0,44,0,0,0,0,31,0,0,0,0,0
161__161A__No Added Carb__1.0__0H,0,0,0,12,15,0,455,0,0,0,0,0,0,0,67,0,0,0,0,0,0,3337,0,7213,0,0,0,0,0,179,0,0,0,0,64,6228,0,454,0,250,0,0,0,756,0,0,0,0,0,0,0,0,215,0,12,0,0,0,0,22,0,0,0,0,0,0,0,1439,0,50,0,0,48,0,0,0,0,1951,0,0,0,0,0,0,575,0,0,3459,0,0,0,0,0,0,0,70,0,0,0,0,0,0,0,0,0,0,0,0,0,0,0,0,0,0,0,53,0,0,0,0,0,14743,36,0,0,0,0,0,147,0,125,164,0,26,1469,0,0,0,0,0,179,0,0,0,0,0,0,0,0,70,614,0,0,0,1776,0,589,0,527,0,0,0,0,651,0,0,0,3201,0
161__161A__No Added Carb__1.0__48H,0,0,0,0,0,0,18,119,0,0,0,287,0,0,21,0,0,0,0,587,0,2403,0,3541,0,0,61,0,27,0,11,0,0,0,1849,9738,0,358,0,0,0,0,0,11,0,0,0,294,0,0,0,13826,55,0,44,0,0,37,0,0,0,0,0,0,0,0,0,1992,0,0,0,157,0,0,0,0,0,3063,0,0,0,0,0,0,120,0,0,352,0,0,0,0,0,935,11,45,0,0,0,0,0,0,0,597,0,0,0,0,0,0,0,331,0,0,0,0,0,0,0,0,0,4088,56,0,0,0,0,0,88,0,445,877,0,0,784,0,863,0,0,0,69,0,0,0,0,0,0,0,0,153,211,0,0,0,360,0,21,0,937,0,0,0,0,506,13,0,0,963,0
161__161A__RDC__1.0__0H,0,0,0,29,15,0,520,0,0,0,0,0,0,0,49,0,0,0,0,0,0,3820,0,7076,0,0,0,0,0,236,0,0,0,0,55,8025,0,427,0,311,0,0,0,825,0,0,0,0,0,0,0,0,219,0,0,0,0,0,0,15,0,0,0,0,0,0,0,1573,0,55,0,0,44,0,0,0,0,2135,0,0,0,0,0,0,616,0,0,3831,0,0,0,0,0,0,0,98,14,0,0,0,13,0,0,0,0,0,0,0,0,0,0,0,0,0,0,77,0,0,0,0,0,14775,69,0,0,0,0,0,196,0,151,136,0,23,1563,0,0,0,0,0,186,0,0,0,0,0,0,0,0,99,977,0,0,0,2053,0,778,0,564,0,0,18,0,770,0,0,0,3042,0
161__161A__RDC__1.0__48H,0,0,0,0,0,0,22,171,0,0,0,160,11,0,0,0,0,0,0,1232,0,3855,0,2935,0,0,59,0,16,0,0,0,0,0,659,14181,0,580,0,0,0,0,0,52,0,0,0,546,0,0,0,13267,58,0,55,0,0,36,22,24,0,0,0,0,0,0,0,2271,0,0,0,96,0,0,0,0,0,3881,0,0,0,18,0,0,103,0,0,363,0,0,0,0,0,134,11,85,0,0,15,0,0,0,0,601,0,0,0,0,0,0,0,120,0,0,0,0,0,0,0,0,0,4178,16,0,29,0,0,0,129,0,293,989,0,0,1069,0,454,0,0,0,51,0,0,0,0,0,0,0,0,208,184,0,0,0,383,0,96,0,1104,0,0,0,0,1229,0,0,0,991,0
161__161A__RDC__2.0__0H,0,0,0,51,25,0,641,0,0,0,0,0,0,0,80,0,0,0,0,0,0,4341,0,8061,0,0,0,0,0,315,0,0,0,0,60,8745,0,522,0,281,0,0,0,1004,0,0,0,0,0,0,0,0,234,0,17,0,0,0,0,24,0,0,0,0,0,0,0,1960,0,24,0,0,62,0,0,0,0,2398,0,0,0,0,0,0,696,0,0,3390,0,0,0,0,0,0,0,77,0,0,0,0,23,0,0,0,0,0,0,0,0,0,0,0,0,0,0,75,0,0,0,0,0,17814,78,0,0,0,0,0,227,0,177,163,0,46,1907,0,0,14,0,0,290,0,0,0,0,0,0,0,0,94,863,0,0,0,2620,0,797,0,689,0,0,14,0,815,0,0,0,3845,0
161__161A__RDC__2.0__48H,0,0,0,0,0,0,19,0,0,0,0,0,0,0,0,0,0,0,0,0,0,13537,0,0,0,0,0,0,0,0,0,0,0,0,4712,20757,0,0,0,0,0,0,0,61,0,0,0,188,0,0,0,1309,0,0,0,0,0,0,0,0,0,0,0,0,0,0,0,498,0,0,0,0,0,0,0,0,0,0,0,398,0,0,0,0,0,0,0,0,0,0,0,0,0,0,0,42,0,0,0,0,0,0,0,0,0,0,0,0,0,0,0,0,0,0,0,0,0,0,0,0,0,3967,0,0,0,0,0,0,77,0,46,515,0,0,53,0,0,0,0,0,86,0,0,0,0,0,0,0,0,0,194,0,0,0,299,0,15,0,12,0,0,0,0,0,0,0,0,1031,0
161__161A__SDC__1.0__0H,0,0,0,45,24,0,544,0,0,0,0,0,0,0,69,0,0,0,0,0,0,3943,0,6170,0,0,0,0,0,251,0,0,0,0,40,9058,0,395,0,317,0,0,0,758,0,0,0,0,0,0,0,0,196,0,27,0,0,11,0,14,0,0,0,0,0,0,0,1659,0,30,0,0,41,0,0,0,0,1938,0,0,0,0,0,0,489,0,0,3425,0,0,0,0,0,0,0,92,0,0,0,0,0,0,0,0,0,0,0,0,0,0,0,0,0,0,0,57,0,0,0,0,0,12366,27,0,0,0,0,0,217,0,165,161,0,26,1548,0,0,0,0,0,185,0,0,0,0,0,0,0,0,64,946,0,0,0,2213,0,876,0,540,0,0,19,0,643,0,0,0,2554,0
161__161A__SDC__1.0__48H,0,0,0,0,0,0,14,103,0,0,0,110,0,0,0,0,0,0,0,840,0,2570,0,6881,0,0,30,0,13,0,0,0,0,0,624,8835,0,453,0,0,0,0,0,38,0,0,0,404,0,0,0,8823,78,0,40,0,0,25,0,91,0,0,0,0,0,0,0,2689,0,0,0,0,0,0,0,0,0,2232,0,0,0,0,0,0,135,0,0,229,0,0,0,0,0,37,11,46,0,0,0,0,0,0,0,1173,0,0,0,0,0,0,0,16,0,0,0,0,0,0,0,0,0,2454,0,0,99,0,0,0,100,0,194,1289,0,0,827,0,749,0,0,0,39,0,0,0,0,0,0,0,0,137,155,0,0,0,376,0,68,0,669,0,0,0,0,914,0,0,0,634,0
161__161A__SDC__2.0__0H,0,0,0,16,15,0,474,0,0,0,0,0,0,0,62,0,0,0,0,0,0,3123,0,7012,0,0,0,0,0,212,0,0,0,0,68,5481,0,456,0,231,0,0,0,802,0,0,0,0,0,0,0,0,208,0,29,0,0,0,0,16,0,0,0,0,0,0,0,1480,0,33,0,0,54,0,0,0,0,1996,0,0,0,0,0,0,628,0,0,3237,0,0,0,0,0,0,0,72,0,0,0,0,18,0,0,0,0,0,0,0,0,0,0,0,0,0,0,83,0,0,0,0,0,15847,60,0,0,0,0,0,134,0,134,137,0,39,1443,0,0,0,0,0,227,0,0,0,0,0,0,0,0,76,567,0,0,0,1811,0,516,0,576,0,0,16,0,735,0,0,0,3477,0
161__161A__SDC__2.0__48H,0,0,0,0,0,0,33,0,0,0,0,0,0,0,0,0,0,0,0,0,0,22524,0,557,0,0,0,0,0,277,0,0,0,0,4280,16220,0,86,0,0,0,0,0,406,0,0,0,228,0,0,0,698,15,0,28,0,0,0,0,0,0,0,0,0,0,0,0,242,0,0,0,0,19,0,0,0,0,71,0,1833,0,0,0,0,0,0,0,0,0,0,0,0,0,0,0,105,0,0,0,0,0,0,0,0,0,0,0,0,0,0,0,0,0,0,0,0,0,0,0,0,0,4934,11,0,0,0,0,0,240,0,81,584,0,0,114,0,0,0,0,0,88,0,0,0,0,0,0,0,0,0,305,0,0,0,1746,0,15,0,0,0,0,11,0,0,0,0,0,1229,0
161__161B__No Added Carb__1.0__0H,0,0,0,37,82,0,37,0,0,0,0,0,0,0,2782,0,0,0,0,0,0,1404,0,14019,0,0,0,0,0,0,0,0,0,0,228,4709,0,496,0,0,0,45,0,1545,28,0,0,0,0,0,0,0,3595,0,359,0,0,0,0,321,0,0,0,0,31,0,0,0,0,0,0,0,219,0,0,0,0,1844,0,0,25,0,0,0,162,0,0,11,0,0,0,0,0,0,0,0,0,0,0,0,0,0,0,0,0,0,0,0,0,0,231,0,0,0,0,0,0,0,0,0,0,38,19,0,67,3550,0,0,0,0,0,0,0,239,1795,0,0,0,0,0,54,0,15,0,0,0,0,0,0,156,0,0,0,0,279,0,84,0,623,0,0,0,0,431,0,0,0,13,0
161__161B__No Added Carb__1.0__48H,0,0,0,0,0,0,300,89,0,0,0,401,0,0,0,17,0,0,0,3017,0,729,0,764,0,0,151,7572,0,0,0,0,0,0,1920,16739,0,412,0,0,0,0,93,45,0,0,0,15,0,148,0,4884,62,0,0,0,0,198,0,0,0,0,0,0,0,0,0,3196,0,0,0,80,51,0,0,0,0,5406,0,0,0,0,0,0,0,0,0,229,0,0,0,0,0,918,0,17,0,0,11,0,19,51,0,1237,0,0,0,0,0,0,0,374,0,0,0,0,0,0,0,0,0,3787,0,0,11,0,0,0,175,0,106,1418,0,0,578,0,0,0,0,0,47,0,0,0,0,0,0,0,0,109,128,0,0,0,210,0,18,0,522,0,0,0,0,229,11,0,0,872,0
161__161B__RDC__1.0__0H,0,0,0,91,226,0,14,0,0,0,0,0,0,0,1636,0,0,0,0,0,0,2318,0,24915,0,0,0,0,0,0,0,0,0,0,280,1494,0,201,0,0,0,11,0,1019,31,0,0,0,0,0,20,0,2044,0,244,161,0,0,0,1256,0,0,0,0,15,0,0,0,0,0,0,0,543,0,0,0,0,992,0,0,0,0,0,0,61,0,0,0,0,0,0,0,0,0,0,0,0,0,11,0,0,0,0,0,0,0,0,0,0,0,86,0,0,0,0,0,0,0,0,0,0,610,25,0,39,1733,0,0,0,0,0,0,0,1470,853,0,0,178,0,0,336,0,0,0,0,0,0,0,0,225,0,0,0,0,97,0,97,0,2599,0,0,0,0,765,0,0,0,11,0
161__161B__RDC__1.0__48H,0,0,0,0,0,0,903,77,0,0,0,145,19,0,0,0,0,0,0,2719,0,1168,0,928,0,0,49,2975,0,0,0,0,0,0,1174,19131,0,347,0,0,0,0,35,143,25,0,0,43,0,110,0,4459,152,0,0,0,0,44,46,0,0,0,0,0,0,0,0,2512,21,0,0,307,0,0,0,0,0,3139,11,0,0,0,0,0,38,0,0,99,0,0,0,0,0,1127,11,31,0,0,0,0,17,0,0,749,108,0,122,0,0,0,0,289,0,0,0,0,0,0,0,0,0,1935,13,0,45,14,0,0,118,0,127,3420,0,0,794,0,576,0,0,0,17,11,0,0,0,0,0,0,0,18,107,0,0,0,159,0,17,0,475,0,0,0,0,283,28,0,0,426,0
161__161B__RDC__2.0__0H,0,0,0,0,0,0,659,0,0,0,0,0,0,0,1144,33,0,0,0,14,0,2759,0,19642,0,0,0,0,0,76,0,0,0,0,174,717,0,305,0,95,0,0,0,2184,0,0,0,0,87,0,0,0,3548,0,8326,0,0,0,0,744,0,0,0,0,0,0,0,0,0,0,0,0,275,0,0,0,0,1324,33,924,12,0,0,0,319,0,0,0,0,0,0,0,0,0,0,0,0,0,0,0,12,0,0,0,0,0,0,0,0,0,0,0,0,24,0,19,0,0,0,0,0,115,270,0,638,19,0,0,93,0,97,0,0,308,1448,0,0,20,0,0,30,0,0,0,0,0,0,25,0,415,0,0,0,0,1017,0,110,0,1736,0,0,0,0,1755,0,0,0,145,0
161__161B__RDC__2.0__48H,0,0,0,0,0,0,31,0,0,0,0,0,0,0,0,0,0,0,0,27,0,11136,0,11,0,0,0,1092,0,0,0,0,0,0,1889,23024,0,16,0,0,0,0,0,132,0,0,0,1424,0,0,0,2920,0,0,0,0,0,0,0,0,0,0,0,0,0,0,0,113,0,0,0,0,29,0,0,0,0,81,0,1276,0,0,0,0,0,0,0,0,0,0,0,0,0,0,0,76,0,0,0,0,42,0,0,0,0,0,0,0,0,0,0,0,0,0,0,0,0,0,0,0,0,8436,0,0,0,0,0,0,128,0,34,810,0,0,42,0,0,0,0,0,115,0,0,0,0,0,0,0,0,0,241,0,0,0,210,0,0,0,26,0,0,0,0,0,0,0,0,2058,0
161__161B__SDC__1.0__0H,0,0,0,39,166,0,25,0,0,0,0,0,0,0,2014,0,0,0,0,0,0,1914,0,20831,0,0,0,0,0,0,0,0,0,0,328,2436,0,293,0,0,0,26,0,1150,21,0,0,0,0,0,0,0,2448,0,279,91,0,0,0,871,0,0,0,0,27,0,0,0,0,0,0,0,466,0,0,0,0,1264,0,0,13,0,0,0,118,0,0,0,0,0,0,0,0,0,0,0,0,0,0,0,22,0,0,0,0,0,0,0,0,0,183,0,0,0,0,0,0,0,0,0,0,481,12,0,42,2247,0,0,0,0,0,0,0,887,1193,0,0,121,0,0,250,0,0,0,0,0,0,0,0,174,0,0,0,0,147,0,100,0,1783,0,0,0,0,667,0,0,0,0,0
161__161B__SDC__1.0__48H,0,0,0,0,0,0,537,53,0,0,0,159,0,0,0,22,0,0,0,2300,0,3074,0,764,0,0,57,4000,0,0,0,0,0,0,2318,14006,0,294,0,0,0,0,19,118,0,0,0,327,0,46,0,6505,72,0,0,0,0,86,0,0,0,0,0,0,0,0,0,1995,0,0,0,0,0,0,0,0,0,2099,0,280,0,0,0,0,49,0,0,99,0,0,0,0,0,232,0,43,0,0,14,0,41,0,0,1159,0,0,0,0,0,0,0,43,0,0,0,0,0,0,0,0,0,3497,0,0,47,0,0,0,112,0,42,1437,0,0,482,0,931,0,0,0,56,0,0,0,0,0,0,0,0,0,121,0,0,0,137,0,0,0,536,0,0,0,0,226,0,0,0,889,0
161__161B__SDC__2.0__0H,0,0,0,49,87,0,33,0,0,0,0,0,0,0,3133,0,0,0,0,0,0,1661,0,15821,0,0,0,0,0,0,21,0,0,0,311,5361,0,573,0,0,0,59,0,2058,30,14,0,0,0,0,0,0,4067,0,403,0,0,0,0,347,0,0,0,0,35,0,0,0,0,0,0,0,258,0,0,0,0,2220,0,11,34,0,0,0,188,0,0,0,0,0,0,0,0,0,0,0,0,0,0,0,11,0,0,0,0,0,0,0,0,0,283,0,0,0,0,0,0,0,0,0,0,54,34,0,80,4180,0,0,0,0,0,0,0,322,2057,0,0,0,0,0,89,0,18,0,0,0,0,0,0,235,0,0,0,0,315,0,138,0,768,0,0,0,0,538,0,0,0,14,0
161__161B__SDC__2.0__48H,0,0,0,0,0,0,757,44,0,0,0,0,0,0,0,33,0,0,0,1290,0,7272,0,3779,0,0,0,460,0,54,0,0,0,0,1346,23301,0,527,0,0,0,0,0,772,0,0,0,380,0,0,0,4810,468,0,30,0,0,22,0,148,0,0,0,0,0,0,0,2803,0,0,0,0,0,0,0,0,0,853,12,125,0,0,0,0,36,0,0,16,0,0,0,0,0,16,0,61,0,0,24,0,26,0,0,2574,0,0,0,0,0,0,0,53,0,0,0,26,0,0,0,0,0,2619,21,0,46,0,0,0,78,0,35,2642,0,0,530,0,578,12,0,0,35,0,0,0,0,0,0,0,0,0,111,0,0,0,622,0,0,0,668,0,0,27,0,176,0,0,0,703,0
176__176A__No Added Carb__1.0__0H,0,0,0,68,29,0,0,0,0,0,0,0,0,0,154,0,0,0,0,0,0,8332,0,14276,0,0,0,0,0,0,0,0,0,0,977,2404,0,69,0,0,0,0,0,1729,0,0,0,0,0,0,17,0,1607,0,357,0,0,0,0,239,0,0,0,0,0,0,0,499,0,0,0,0,134,0,0,0,0,653,0,41,276,0,0,0,104,0,0,11,0,0,0,0,0,0,0,0,0,0,11,0,26,0,0,0,0,0,0,0,0,0,0,0,0,0,0,0,0,0,0,0,0,6201,0,0,133,382,0,0,212,0,0,624,0,740,4219,0,0,286,0,0,1112,0,0,0,0,0,0,0,0,184,0,0,0,0,550,0,65,0,1041,0,0,0,0,573,0,0,0,59,0
176__176A__No Added Carb__1.0__48H,13,0,0,11,0,0,0,91,0,0,0,0,12,0,37,0,0,0,0,15741,78,1264,0,6192,0,0,15,0,0,0,0,0,0,0,979,2922,0,378,0,0,0,0,0,157,154,0,0,0,0,0,0,16418,11,0,1134,0,0,0,221,11,0,0,0,0,0,0,0,2128,0,0,207,0,0,0,0,0,0,1112,0,0,0,0,0,0,75,0,0,0,0,0,0,0,0,0,0,0,0,0,12,0,0,0,0,1017,24,0,0,0,0,0,0,0,0,0,0,0,0,0,0,0,0,158,53,0,230,0,0,0,566,0,79,0,0,115,936,0,710,774,0,0,0,0,0,0,0,0,0,0,0,78,124,0,0,0,26,0,118,0,1107,0,0,0,0,446,0,0,0,0,0
176__176A__RDC__1.0__0H,0,0,9081,14,190,0,0,0,0,0,0,30,0,0,863,0,0,0,0,0,0,6844,0,4200,0,0,0,0,0,0,0,0,0,0,298,751,0,21,0,0,0,0,0,539,127,0,0,637,0,0,0,20847,1631,0,0,21,0,0,0,0,0,0,0,0,11,0,0,0,0,0,0,0,63,0,0,0,0,362,0,0,22,0,0,200,0,0,0,0,0,0,0,0,0,0,0,0,0,0,33,0,0,0,0,0,0,0,0,19,0,0,19,16,0,0,0,0,0,0,16,0,0,2151,0,0,0,271,0,0,0,0,0,0,0,36,0,29,0,71,0,0,630,0,62,0,0,0,0,0,0,274,0,0,0,0,796,0,114,0,562,0,0,0,0,238,0,0,0,0,0
176__176A__RDC__1.0__48H,0,0,0,0,0,0,0,58,0,0,0,0,0,0,177,0,0,0,0,12026,33,1517,0,5691,0,0,14,0,0,132,0,0,0,0,65,1637,0,224,0,0,0,0,0,126,43,0,0,0,0,0,0,17983,75,0,710,0,0,0,83,0,0,0,0,0,0,0,0,4129,0,0,230,0,0,0,0,0,0,1187,0,0,0,0,0,0,93,0,0,0,0,0,0,18,0,0,0,0,0,0,0,0,0,0,0,588,0,0,0,0,0,42,0,0,0,97,0,0,0,0,0,0,0,87,112,0,143,0,0,0,318,0,74,0,0,73,551,0,523,109,0,0,0,0,0,0,0,0,0,0,0,55,67,0,0,0,17,0,74,0,1760,0,0,0,0,516,0,0,0,0,0
176__176A__RDC__2.0__0H,0,0,0,41,34,0,0,0,0,0,0,0,0,0,165,0,0,0,0,0,0,8349,0,16913,0,0,0,0,0,0,0,0,0,0,1361,1792,0,50,0,0,0,0,0,1356,0,0,0,0,0,0,12,0,1626,0,351,0,0,0,0,292,0,0,0,0,0,0,0,295,0,0,0,0,148,0,0,0,0,529,0,35,227,0,0,0,86,0,0,0,0,0,0,0,0,0,0,0,0,0,12,0,15,0,0,0,0,0,0,0,0,0,0,0,0,0,0,0,0,0,0,0,0,6391,0,0,105,482,0,0,171,0,0,448,0,590,4667,0,0,348,0,0,1199,0,0,0,0,0,0,0,0,138,0,0,0,0,373,0,78,0,1199,0,0,0,0,502,0,0,0,67,0
176__176A__RDC__2.0__48H,0,0,0,0,0,0,0,0,0,0,0,0,0,0,2274,0,0,0,0,6295,0,19604,0,278,0,0,0,0,0,0,0,0,0,0,0,1273,0,176,0,0,0,0,0,506,0,0,0,0,0,0,0,17191,0,0,205,0,0,0,0,0,0,0,0,0,0,0,0,196,0,0,0,0,0,0,0,0,0,0,0,0,0,0,0,0,0,0,0,0,0,0,0,0,0,0,0,0,0,0,0,0,0,0,0,52,0,0,0,0,0,0,0,0,0,0,0,0,0,0,0,0,0,75,0,0,0,0,0,0,189,0,50,0,0,41,123,0,0,0,0,0,0,0,0,0,0,0,0,0,0,0,192,0,0,0,0,0,0,0,69,0,0,0,0,0,0,0,0,0,0
176__176A__SDC__1.0__0H,0,0,0,129,86,0,0,0,0,0,0,0,0,0,197,0,0,0,0,0,0,14566,0,22050,0,0,0,0,0,0,0,0,0,0,1420,4880,0,95,0,0,0,0,0,3079,18,0,0,0,0,0,28,0,2696,0,640,0,0,0,0,401,0,0,0,0,0,0,0,794,0,0,0,0,162,0,0,0,0,1011,0,93,461,0,0,0,208,0,0,0,0,0,0,0,0,0,0,0,0,0,28,0,39,0,0,0,0,0,0,0,0,0,0,0,0,0,0,0,0,0,0,0,0,9385,0,0,204,612,0,0,446,0,0,1090,0,1227,7021,0,0,374,0,0,1793,0,0,0,0,0,0,0,0,388,12,0,0,0,930,0,169,0,1925,0,0,0,0,1014,0,0,0,71,0
176__176A__SDC__1.0__48H,0,0,0,0,0,0,0,78,0,0,0,0,0,0,1164,0,0,0,0,8599,24,7323,0,4075,0,0,13,0,0,142,0,0,0,0,0,2035,0,259,0,0,0,13,0,278,29,0,0,0,0,0,0,14569,74,0,1001,0,0,0,75,176,0,0,0,0,22,0,0,2750,0,0,90,0,0,0,0,0,0,638,0,22,0,0,0,0,54,0,0,0,0,0,0,0,0,0,0,0,0,0,0,0,0,0,0,1692,0,0,0,0,0,0,0,0,0,0,0,14,0,0,0,0,0,105,50,0,122,0,0,0,219,0,76,0,0,78,459,0,402,24,0,0,0,0,0,0,0,0,0,0,0,27,140,0,0,0,0,0,30,0,7545,0,0,76,0,597,0,0,0,0,0
176__176A__SDC__2.0__0H,0,0,0,31,0,0,0,0,0,0,0,0,0,0,59,0,0,0,0,0,0,3694,0,11705,0,0,0,0,0,0,0,0,0,0,499,442,0,25,0,0,0,0,0,822,0,0,0,0,0,0,0,0,821,0,273,0,0,0,0,186,0,0,0,0,0,0,0,89,0,0,0,0,72,0,0,0,0,374,0,11,86,0,0,0,50,0,0,0,0,0,0,0,0,0,0,0,0,0,0,0,0,0,0,0,0,0,0,0,0,0,0,0,0,0,0,0,0,0,0,0,0,3366,0,0,57,134,0,0,47,0,0,157,0,313,1985,0,0,142,0,0,335,0,0,0,0,0,0,0,0,69,0,0,0,0,186,0,44,0,763,0,0,0,0,283,0,0,0,21,0
176__176A__SDC__2.0__48H,0,0,0,0,0,0,0,14,0,0,0,0,0,0,2715,0,0,0,0,6714,0,17964,0,1014,0,0,0,0,0,0,0,0,0,0,0,2224,0,374,0,0,0,0,0,583,0,0,0,0,0,0,0,14003,209,0,1207,0,0,0,0,77,0,0,0,0,0,0,0,1705,0,0,0,0,0,0,0,0,0,72,0,0,13,0,0,0,0,0,0,0,0,0,0,0,0,0,0,0,0,0,0,0,0,0,0,81,0,0,0,0,0,0,0,0,0,0,0,75,0,0,0,0,0,73,0,0,0,0,0,0,145,0,79,0,0,65,236,0,0,0,0,0,0,0,0,0,0,0,0,0,0,0,192,0,0,0,0,0,0,0,2482,0,0,181,0,15,0,0,0,0,0
176__176B__No Added Carb__1.0__48H,17,0,0,48,70,0,661,141,0,0,0,12,46,0,737,24,0,0,0,5002,84,5380,107,7114,0,0,79,0,0,0,0,31,0,0,730,2968,0,494,0,0,0,0,53,975,830,11,0,0,0,0,0,78,78,0,21,0,0,0,1131,42,0,0,0,0,72,0,0,993,63,0,1375,206,24,0,0,0,0,2581,0,0,93,0,0,0,101,0,0,0,0,0,0,0,0,0,0,0,0,0,23,0,0,0,0,275,5448,0,0,0,0,0,0,0,0,0,0,0,0,0,0,0,0,602,104,0,105,26,0,0,311,0,1792,0,0,1007,923,0,475,0,0,0,0,13,0,0,0,0,0,0,0,11,100,0,0,0,638,0,606,0,1366,0,0,0,0,3944,102,0,0,0,0
176__176B__RDC__1.0__0H,0,0,0,17,81,0,397,0,0,0,0,0,0,0,2960,0,0,0,0,0,0,20478,0,9855,0,0,0,0,0,0,0,0,0,0,255,0,0,355,0,0,0,0,0,1676,0,0,0,0,0,0,37,0,1908,0,402,0,0,0,0,945,0,0,0,0,0,0,0,0,0,0,0,0,158,0,0,0,0,1809,0,0,16,0,0,0,85,0,0,55,0,0,0,0,0,0,0,0,0,0,0,0,117,0,0,0,0,0,0,0,0,0,0,0,0,0,0,0,0,0,0,0,0,1847,21,0,147,2226,0,0,0,0,149,0,0,1060,2469,0,0,300,0,0,249,0,0,0,0,0,0,0,0,86,18,0,0,0,468,0,57,0,842,0,0,0,0,435,0,0,0,0,0
176__176B__RDC__1.0__48H,48,0,0,44,61,0,460,205,0,0,0,16,44,0,786,24,0,0,0,7853,113,11048,127,8714,0,0,88,0,0,0,0,35,0,0,159,2909,0,653,0,0,0,0,89,758,471,0,0,0,0,0,0,1327,101,0,110,0,0,0,1427,42,0,0,0,0,75,0,0,2439,81,0,595,0,1128,0,0,0,0,2022,0,0,127,0,0,0,141,0,0,0,0,0,0,0,0,0,12,0,0,0,40,24,0,0,0,541,1889,0,0,0,0,0,0,0,0,0,0,0,0,0,0,0,0,685,138,0,126,37,0,0,306,0,2489,0,0,1093,1052,0,1059,0,0,0,0,0,0,0,0,0,0,0,0,46,121,0,0,0,684,0,407,0,1721,0,0,0,0,5907,126,0,0,13,0
176__176B__RDC__2.0__0H,0,0,0,14,120,0,633,0,0,0,0,0,0,0,3788,0,0,0,0,0,0,24950,0,11765,0,0,0,0,0,0,0,0,0,0,288,0,0,452,0,0,0,0,0,2118,0,0,0,0,0,0,50,13,2743,0,656,0,0,0,0,1204,0,0,0,0,23,0,0,0,0,0,0,0,234,0,0,0,0,2529,0,0,26,0,0,0,127,0,0,85,0,0,0,0,0,0,0,0,0,0,15,0,106,0,0,0,0,0,0,0,0,0,0,0,0,0,0,0,0,0,0,0,0,2559,77,0,216,3165,0,0,0,0,206,0,0,1406,3501,0,0,429,0,0,341,0,0,0,0,0,0,0,0,108,35,0,0,0,760,0,100,0,1108,0,0,0,0,626,0,0,0,0,0
176__176B__RDC__2.0__48H,0,0,0,0,0,0,0,0,0,0,0,0,0,0,0,0,0,0,0,4370,0,19959,0,142,0,0,0,0,0,0,0,0,0,0,48,228,0,12,0,0,0,0,0,0,0,0,0,0,0,0,0,24430,0,0,53,0,0,0,0,0,0,0,0,0,0,0,0,61,0,0,0,0,0,0,0,0,0,0,0,0,0,0,0,0,0,0,0,0,0,0,0,0,0,0,0,0,0,0,32,0,0,0,0,64,0,0,0,0,0,0,0,0,0,0,0,0,0,0,0,0,0,74,0,0,0,0,0,0,0,0,0,0,0,22,46,0,11,0,0,0,0,0,0,0,0,0,0,0,0,0,0,0,0,0,33,0,0,0,79,0,0,0,0,17,0,0,0,0,0
176__176B__SDC__1.0__0H,0,0,0,13,74,0,431,0,0,0,0,0,0,0,2925,0,0,0,0,0,0,19950,0,9882,0,0,0,0,0,0,0,0,0,0,196,0,0,335,0,0,0,0,0,1641,0,0,0,0,0,0,19,0,2022,0,473,0,0,0,0,941,0,0,0,0,15,0,0,0,0,0,0,0,126,0,0,0,0,1943,0,0,12,0,0,0,70,0,0,56,0,0,0,0,0,0,0,0,0,0,0,0,103,0,0,0,0,0,0,0,0,0,0,0,0,0,0,0,0,0,0,0,0,1803,35,0,148,2351,0,0,0,0,136,0,0,910,2727,0,0,192,0,0,197,0,0,0,0,0,0,0,0,79,22,0,0,0,565,0,76,0,833,0,0,0,0,496,0,0,0,0,0
176__176B__SDC__1.0__48H,17,0,0,11,12,0,121,174,0,0,0,0,18,0,346,0,0,0,0,4212,77,9346,70,7283,0,0,62,0,0,0,0,11,0,0,66,2029,0,201,0,0,0,0,31,407,155,0,0,0,0,0,0,1576,77,0,93,0,0,0,401,26,0,0,0,0,29,0,0,1119,34,0,268,149,818,0,0,0,0,436,0,0,57,17,0,0,55,0,0,0,0,0,0,0,0,0,15,0,0,0,0,0,0,0,0,458,330,0,0,0,0,0,0,0,0,0,0,0,0,0,0,0,0,351,91,0,135,16,0,0,149,0,509,0,0,677,752,0,711,0,0,0,0,0,0,0,0,0,0,0,0,0,168,0,0,0,424,0,260,0,16892,0,0,0,0,4061,28,0,0,0,0
176__176B__SDC__2.0__48H,0,0,0,0,0,0,0,55,0,0,0,0,0,0,1499,0,0,0,0,9112,0,7138,0,1535,0,0,0,0,0,0,0,0,0,0,0,640,0,105,0,0,0,0,0,220,0,0,0,0,0,0,0,36037,34,0,655,0,0,0,0,880,0,0,0,0,0,0,0,151,0,0,0,0,0,0,0,0,0,63,0,0,0,0,0,0,0,0,0,0,0,0,0,0,0,0,0,0,0,0,0,0,0,0,0,2733,0,0,0,0,0,0,0,0,0,0,0,0,0,0,0,0,0,74,0,0,0,0,0,0,17,0,24,0,0,44,103,0,64,0,0,0,0,0,0,0,0,0,0,0,0,0,22,0,0,0,44,0,0,0,2040,0,0,0,0,43,0,0,0,0,0
21__21A__No Added Carb__1.0__0H,0,0,0,105,265,0,15,0,0,0,0,0,0,0,1609,0,0,0,0,0,0,2762,0,27552,0,0,0,0,0,0,0,0,0,0,304,1498,0,241,0,0,0,16,0,1098,31,0,0,0,0,0,39,0,2289,0,262,161,0,0,0,1426,0,0,0,0,27,0,0,0,0,0,0,0,644,0,0,0,0,1079,0,0,14,0,0,0,52,0,0,0,0,0,0,0,0,0,0,0,0,0,22,0,15,0,0,0,0,0,0,0,0,0,105,0,0,0,0,0,0,0,0,0,0,799,41,11,41,2020,0,0,0,0,0,0,0,1849,948,0,0,201,0,0,397,0,0,0,0,0,0,0,0,280,0,0,0,0,76,0,156,0,3122,0,0,0,0,886,0,0,0,0,0
21__21A__RDC__1.0__0H,0,0,0,50,101,0,32,0,0,0,0,0,0,0,3033,0,0,0,0,0,0,1604,0,16622,0,0,0,0,0,0,13,0,0,0,231,5229,0,563,0,0,0,67,0,1898,39,0,0,0,0,0,0,0,4244,0,423,0,0,0,0,471,0,0,0,0,25,0,0,0,0,0,0,0,247,0,0,0,0,2257,0,0,32,0,0,0,204,0,0,0,0,0,0,0,0,0,0,0,0,0,0,0,16,0,0,0,0,0,0,0,0,0,289,0,0,0,0,0,0,0,0,0,0,58,0,0,70,4196,0,0,0,0,0,0,0,322,2180,0,0,0,0,0,100,0,27,0,0,0,0,0,0,249,0,0,0,0,333,0,90,0,770,0,0,0,0,503,0,0,0,13,0
21__21A__RDC__1.0__48H,15,0,0,0,0,0,0,116,0,0,0,79,18,0,17,13,343,0,0,9783,0,3374,28,9519,0,0,0,0,0,102,0,0,0,0,160,12163,0,0,0,0,0,0,0,0,1222,0,0,86,0,0,0,0,713,0,1756,0,0,78,1116,19,0,0,0,0,0,0,0,0,268,0,0,0,0,0,0,0,0,1384,0,0,25,0,0,0,89,0,0,0,0,0,0,0,0,0,44,0,0,0,22,0,0,0,0,3505,0,0,1005,0,0,0,0,66,0,0,0,0,0,15,0,0,0,170,116,0,27,0,0,0,0,0,0,0,0,128,821,0,0,0,0,0,0,23,0,0,0,0,0,0,0,11,0,0,0,0,65,0,0,0,900,0,0,0,0,599,97,0,0,0,0
21__21A__RDC__2.0__0H,0,0,0,47,231,0,0,0,0,0,0,0,0,0,569,0,0,0,0,0,0,1751,0,20895,0,0,0,0,0,0,0,0,0,0,154,0,0,29,0,0,0,0,0,528,12,0,0,0,0,0,36,0,970,0,71,211,0,0,0,1210,0,0,0,0,23,0,0,0,0,0,0,0,421,0,0,0,0,243,0,0,0,0,0,0,0,0,0,0,0,0,0,0,0,0,0,0,0,0,0,0,0,0,0,0,0,0,0,0,0,0,0,0,0,0,0,0,0,0,0,0,0,756,24,0,16,680,0,0,0,0,0,0,0,1457,289,0,0,151,0,0,387,0,0,0,0,0,0,0,0,178,0,0,0,0,0,0,81,0,2744,0,0,0,0,611,0,0,0,0,0
21__21A__RDC__2.0__48H,0,0,0,0,0,0,0,0,0,0,0,0,0,0,0,0,0,0,0,18718,0,3763,0,5010,0,0,0,0,0,86,0,0,0,0,34,12752,0,0,0,0,0,0,0,0,310,0,0,333,0,0,0,5951,4132,0,2900,0,0,0,0,20,0,0,0,0,0,0,0,0,0,0,0,0,0,0,0,0,0,27,0,0,11,0,0,0,13,0,0,0,0,0,0,0,0,0,0,0,0,0,0,0,0,0,0,304,0,0,0,0,0,0,0,0,0,0,0,0,0,0,0,0,0,153,29,0,0,0,0,0,0,0,0,0,0,49,449,0,0,0,0,0,0,0,0,0,0,0,0,0,0,0,0,0,0,0,0,0,0,0,36,0,0,0,0,38,0,0,0,0,0
21__21A__SDC__1.0__0H,0,0,0,89,335,0,0,0,0,0,0,0,0,0,661,0,0,0,0,0,0,2707,0,28192,0,0,0,0,0,0,0,0,0,0,262,0,0,27,0,0,0,0,0,525,29,0,0,0,0,0,41,0,1352,0,129,193,0,0,0,1648,0,0,0,0,22,0,0,0,0,0,0,0,652,0,0,0,0,366,0,0,0,0,0,0,0,0,0,0,0,0,0,0,0,0,0,0,0,0,22,0,15,0,0,0,0,0,0,0,0,0,0,0,0,0,0,0,0,0,0,0,0,1009,34,0,12,918,0,0,0,0,0,0,0,2196,427,0,0,253,0,0,517,0,0,0,0,0,0,0,0,275,0,0,0,0,0,0,110,0,3722,0,0,0,0,912,0,0,0,0,0
21__21A__SDC__1.0__48H,0,0,0,0,0,0,0,69,0,0,0,36,0,14,0,0,277,0,0,4079,0,2605,0,15297,0,0,0,0,0,125,0,0,0,0,316,10201,0,340,0,0,0,0,0,0,837,0,0,0,0,0,0,20,183,0,938,0,0,19,537,86,0,0,0,0,11,0,0,0,88,0,0,0,0,0,0,0,0,826,0,0,18,0,0,0,47,0,0,0,0,0,0,0,0,0,38,0,0,0,12,0,0,0,0,4835,0,0,734,0,0,0,0,27,0,0,0,0,0,0,0,0,0,155,48,0,34,0,0,0,0,0,0,0,0,117,472,0,0,0,0,0,0,0,0,0,0,0,0,0,0,0,0,0,0,0,24,0,0,0,696,0,0,0,0,482,44,0,0,0,0
21__21A__SDC__2.0__0H,0,0,0,73,0,0,426,39,0,98,0,0,0,0,1156,55,0,0,2062,1200,0,7495,0,10908,0,0,0,240,0,43,0,55,0,0,1509,1694,0,97,10725,0,0,0,0,1399,153,0,70,225,0,0,52,6607,1577,0,1731,108,0,0,0,873,47,68,106,0,0,0,0,883,81,0,0,0,328,0,479,0,71,1169,0,157,0,0,0,0,85,130,0,122,82,23,0,0,0,68,40,0,0,0,0,0,0,110,7892,336,514,11,0,0,0,0,0,49,0,51,0,0,843,0,104,80,0,737,41,0,47,359,0,42,0,0,0,58,201,1575,610,0,98,156,23,0,149,0,0,0,0,0,25,0,0,61,172,101,0,0,325,0,92,15,1164,39,0,25,0,900,0,0,0,96,0
21__21A__SDC__2.0__48H,0,0,0,0,0,0,0,0,0,0,0,0,0,0,0,0,0,0,0,17555,0,2858,0,8093,0,0,0,0,0,160,0,0,0,0,0,13630,0,0,0,0,0,0,0,0,161,0,0,44,0,0,0,0,2468,0,4349,0,0,0,13,473,0,0,0,0,0,0,0,0,20,0,0,0,0,0,0,0,0,312,0,0,11,0,0,0,16,0,0,0,0,0,0,0,0,0,0,0,0,0,0,0,0,0,0,692,0,0,0,0,0,0,0,0,0,0,0,0,0,0,0,0,0,182,0,0,0,0,0,0,0,0,0,0,0,63,679,0,0,0,0,0,11,0,0,0,0,0,0,0,0,0,0,0,0,0,13,0,0,0,89,0,0,0,0,166,0,0,0,0,0
21__21B__No Added Carb__1.0__0H,0,0,0,65,0,0,0,0,0,0,0,0,0,0,1419,0,0,0,0,0,0,1449,0,37961,0,0,0,0,0,4149,0,0,0,0,0,621,0,753,0,0,0,0,0,1586,144,0,0,0,0,0,12,0,4984,0,1379,366,0,0,0,3050,0,0,0,0,43,0,0,0,0,0,0,0,0,0,0,0,0,2800,0,0,46,0,0,0,112,0,0,0,0,0,0,0,0,0,0,0,0,0,0,0,274,0,0,0,0,0,0,0,0,0,0,0,0,0,0,0,0,0,0,0,0,729,514,0,293,0,0,0,0,0,0,0,0,958,712,0,0,0,0,0,26,0,0,0,0,0,0,0,0,132,18,0,0,0,478,0,164,0,1842,0,0,0,0,2777,0,0,0,0,0
21__21B__No Added Carb__1.0__48H,0,0,0,0,0,0,0,0,0,0,0,0,0,0,0,0,0,0,0,7196,0,1856,0,22947,0,0,0,2085,0,223,0,0,0,0,0,14262,0,0,0,0,0,0,0,0,196,0,0,0,0,0,0,22,4066,0,4364,0,0,0,0,491,0,0,0,0,0,0,0,0,0,0,0,0,0,0,0,0,0,501,0,0,0,0,0,0,0,0,0,0,0,0,0,0,0,0,0,0,0,0,0,0,17,0,0,273,0,0,0,0,0,0,0,0,0,0,0,0,0,0,0,0,0,121,275,0,0,0,0,0,0,0,0,0,0,230,752,0,0,0,0,0,0,0,0,0,0,0,0,0,0,0,0,0,0,0,0,0,0,0,43,0,0,0,0,50,0,0,0,0,0
21__21B__RDC__1.0__0H,0,0,0,0,0,0,0,0,0,0,0,0,0,0,22,0,0,0,0,56,0,406,0,141,0,0,0,0,0,0,0,0,0,0,101,48,0,0,0,0,0,0,0,0,15,0,0,0,0,0,0,318,0,0,85,0,0,0,0,46,0,0,0,0,0,0,0,0,0,0,0,0,23,0,0,0,0,88,0,0,0,0,0,0,0,0,0,0,0,0,0,0,0,0,0,0,0,0,0,0,0,0,0,15,0,0,0,0,0,0,0,0,0,0,0,0,0,0,0,0,0,26,0,0,0,0,0,0,0,0,0,0,0,0,40,0,0,0,0,0,0,0,0,0,0,0,0,0,0,0,0,0,0,0,0,0,0,0,69,0,0,0,0,0,0,0,0,0,0
21__21B__RDC__1.0__48H,0,0,0,0,0,0,0,0,0,0,0,0,0,0,0,0,0,0,0,13512,0,1683,0,5628,0,0,0,5063,0,281,0,0,0,0,0,14745,0,18,0,0,0,0,0,0,279,0,0,12,0,0,0,20193,407,0,840,0,0,0,21,56,0,0,0,0,0,0,0,0,19,0,0,0,0,0,0,0,0,793,0,208,0,0,0,0,0,16,0,0,0,0,0,0,0,76,0,0,0,0,12,0,18,0,0,321,0,0,0,0,0,0,0,0,0,0,0,0,0,0,0,0,0,208,143,0,12,0,0,0,0,0,0,0,0,92,529,0,0,0,0,0,0,0,0,0,0,0,0,0,0,14,0,0,0,0,16,0,0,0,86,0,0,0,0,87,0,0,0,0,0
21__21B__RDC__2.0__0H,0,0,0,57,0,0,0,0,0,0,0,0,0,0,1127,0,0,0,0,0,0,1204,0,32565,0,0,0,0,0,3309,0,0,0,0,0,418,0,588,0,0,0,0,0,1304,109,0,0,0,0,0,12,0,4094,0,1225,287,0,0,0,2553,0,0,0,0,21,0,0,0,0,0,0,0,0,0,0,0,0,2283,0,0,45,0,0,0,100,0,0,0,0,0,0,0,0,0,0,0,0,0,0,0,260,0,0,0,0,0,0,0,0,0,0,0,0,0,0,0,0,0,0,0,0,579,423,0,204,0,0,0,0,0,0,0,0,762,573,0,0,0,0,0,16,0,0,0,0,0,0,0,0,88,15,0,0,0,311,0,107,0,1542,0,0,0,0,2311,0,0,0,0,0
21__21B__RDC__2.0__48H,12,0,0,11,0,0,0,100,0,0,0,199,0,0,34,0,1135,0,0,12905,0,985,0,11141,0,0,0,8489,0,294,0,0,0,0,3733,6799,0,142,0,0,0,0,34,44,951,23,0,27,0,0,0,131,1473,0,1027,17,0,129,953,121,0,0,0,0,14,0,0,0,186,0,0,0,0,0,0,0,0,2864,0,15,15,15,0,0,18,0,0,0,0,0,0,0,0,353,0,0,0,0,12,0,51,0,0,3204,0,0,180,0,0,0,0,177,0,0,0,0,0,0,0,0,0,366,102,0,34,0,0,0,0,0,0,0,0,308,589,0,0,0,0,0,15,0,0,0,0,0,0,0,0,20,0,0,0,0,61,0,19,0,1665,0,0,0,0,919,69,0,0,0,0
21__21B__SDC__1.0__0H,0,0,0,80,0,0,0,0,0,0,0,0,0,0,1049,0,0,0,0,0,0,1149,0,29310,0,0,0,0,0,3806,0,0,0,0,0,375,0,527,0,0,0,0,0,1572,68,0,0,0,0,0,12,0,3661,0,783,238,0,0,0,2269,0,0,0,0,19,0,0,0,0,0,0,0,0,0,0,0,0,2097,0,0,43,0,0,0,89,0,0,0,0,0,0,0,0,0,0,0,0,0,0,0,84,0,0,0,0,0,0,0,0,0,0,0,0,0,0,0,0,0,0,0,0,456,369,0,161,0,0,0,0,0,0,0,0,627,529,0,0,0,0,0,20,0,0,0,0,0,0,0,0,93,0,0,0,0,313,0,132,0,1214,0,0,0,0,2073,0,0,0,0,0
21__21B__SDC__1.0__48H,0,0,0,0,0,0,0,88,0,0,0,34,0,0,44,0,0,0,0,13185,0,166,0,8289,0,0,0,1200,0,133,0,0,0,0,996,13249,0,56,0,0,0,0,79,0,674,0,0,0,0,0,0,513,19,0,737,19,0,0,354,62,0,0,0,0,0,0,0,0,455,0,0,0,0,0,0,0,0,1558,0,0,0,13,0,0,23,0,0,0,0,0,0,0,0,55,0,0,0,0,27,0,0,0,0,7608,0,0,0,0,0,0,0,14,0,0,0,0,0,0,0,0,0,41,246,0,13,0,0,0,0,0,0,0,0,54,781,0,0,0,0,0,0,24,0,0,0,0,0,0,0,0,0,0,0,0,33,0,0,0,497,0,0,0,0,396,28,0,0,0,0
21__21B__SDC__2.0__0H,0,0,0,54,0,0,0,0,0,0,0,0,0,0,1088,0,0,0,0,0,0,1315,0,31782,0,0,0,0,0,3435,0,0,0,0,0,458,0,599,0,0,0,0,0,1417,96,0,0,0,0,0,0,0,3809,0,1021,252,0,0,0,2407,0,0,0,0,28,0,0,0,0,0,0,0,0,0,0,0,0,2409,0,0,45,0,0,0,98,0,0,0,0,0,0,0,0,0,0,0,0,0,0,0,127,0,0,0,0,0,0,0,0,0,0,0,0,0,0,0,0,0,0,0,0,509,356,0,182,0,0,0,0,0,0,0,0,784,549,0,0,0,0,0,22,0,0,0,0,0,0,0,0,65,17,0,0,0,367,0,136,0,1505,0,0,0,0,2297,0,0,0,0,0
21__21B__SDC__2.0__48H,15,0,0,0,0,0,0,95,0,0,0,166,0,0,64,0,0,0,0,9411,0,444,16,4978,0,0,0,9713,13,199,0,0,0,0,14321,3221,0,20,0,0,0,0,0,11,1164,21,0,0,0,0,0,0,210,0,352,14,0,313,843,104,0,0,0,0,14,0,0,0,259,0,0,0,0,0,0,0,0,3191,0,0,18,26,0,0,73,0,0,0,0,0,0,0,0,89,0,0,0,0,0,0,55,0,0,2430,0,0,0,0,0,0,0,471,0,0,0,0,0,41,0,0,0,227,17,0,39,0,0,0,0,0,0,0,0,98,413,0,0,0,0,0,0,15,0,0,0,0,0,0,0,22,0,0,0,0,25,0,0,0,769,0,0,0,0,489,54,0,0,0,0
239__239A__No Added Carb__1.0__0H,0,0,0,22,46,0,0,0,0,0,0,0,0,0,1435,0,0,0,0,0,0,13155,0,7722,0,0,0,0,0,0,0,0,0,0,0,9773,0,808,0,0,0,16,0,1690,70,0,0,0,0,0,24,28,5648,0,966,0,0,11,0,979,0,0,0,0,0,0,0,0,0,0,0,0,0,0,0,0,0,6377,0,0,71,0,69,0,58,0,0,0,0,0,0,0,0,0,0,0,0,0,19,0,257,0,0,0,0,0,0,0,0,0,0,0,0,0,0,0,0,0,0,0,0,0,15,0,177,0,0,0,0,0,0,0,0,996,2530,0,0,0,0,0,0,0,0,0,0,0,0,0,0,0,21,0,0,0,889,0,64,0,2098,0,0,0,0,290,0,0,0,0,0
239__239A__No Added Carb__1.0__48H,16,0,0,0,12,0,331,169,0,0,0,11,0,0,0,14,28,0,0,4075,21,10060,0,4374,0,0,23,0,0,0,0,0,0,0,512,6392,0,65,0,0,0,0,0,370,223,0,0,0,0,0,0,21077,170,0,0,0,0,487,0,0,0,0,0,0,0,0,0,0,0,0,87,0,180,0,0,0,0,647,0,0,0,0,0,0,0,0,0,0,0,0,0,0,0,682,0,0,0,0,18,0,0,0,0,1751,0,0,44,0,0,0,0,1035,0,0,0,0,0,0,0,0,0,0,0,0,241,142,0,0,0,0,0,0,0,120,324,0,0,0,0,0,0,182,0,0,0,0,0,0,0,0,0,0,0,0,35,0,11,0,645,0,0,0,0,498,0,0,0,0,0
239__239A__RDC__1.0__0H,0,0,0,20,43,0,0,0,0,0,0,0,0,0,1235,0,0,0,0,0,0,12910,0,6382,0,0,0,0,0,0,0,0,0,0,0,8833,0,666,0,0,0,0,0,1537,74,0,0,0,0,0,30,24,4787,0,836,0,0,0,0,838,0,0,0,0,0,0,0,0,0,0,0,0,0,0,0,0,0,5841,0,0,53,0,69,0,63,0,0,0,0,0,0,0,0,0,0,0,0,0,14,0,164,0,0,0,0,0,0,0,0,0,0,0,0,0,0,0,0,0,0,0,0,0,0,0,176,0,0,0,0,0,0,0,0,910,2136,0,0,0,0,0,0,0,0,0,0,0,0,0,0,0,11,0,0,0,797,0,78,0,1791,0,0,0,0,212,0,0,0,0,0
239__239A__RDC__1.0__48H,0,0,0,0,0,0,55,81,0,0,0,0,0,0,0,0,16,0,0,1416,0,18012,0,817,0,0,0,0,0,0,0,0,0,0,395,7551,0,59,0,0,0,0,0,151,99,0,0,0,0,0,0,16002,82,0,0,0,0,125,0,74,0,0,0,0,0,0,0,0,0,0,31,0,72,0,0,0,0,211,0,52,0,0,0,0,0,0,0,0,0,0,0,0,0,199,0,0,0,0,23,0,0,0,0,263,0,0,68,0,0,0,0,291,0,0,0,0,0,0,0,0,0,0,118,0,68,512,0,0,0,0,0,0,0,130,284,0,0,0,0,0,0,23,0,0,0,0,0,0,0,0,0,0,0,0,23,0,0,0,101,0,0,0,0,48,0,0,0,0,0
239__239A__RDC__2.0__0H,0,0,0,27,56,0,0,0,0,0,0,0,0,0,1298,0,0,0,0,0,0,11899,0,7280,0,0,0,0,0,0,0,0,0,0,0,9624,0,801,0,0,0,0,0,1724,83,0,0,0,0,0,30,26,5449,0,1000,0,0,0,0,862,0,0,0,0,0,0,0,0,0,0,0,0,0,0,0,0,0,6034,0,0,51,0,56,0,63,0,0,0,0,0,0,0,0,0,0,0,0,0,21,0,224,0,0,0,0,0,0,0,0,0,0,0,0,0,0,0,0,0,0,0,0,0,0,0,212,0,0,0,0,0,0,0,0,846,2416,0,0,0,0,0,0,0,0,0,0,0,0,0,0,0,17,0,0,0,864,0,82,0,1995,0,0,0,0,304,0,0,0,0,0
239__239A__RDC__2.0__48H,0,0,0,0,17,0,176,264,0,0,0,11,0,0,0,0,46,0,0,4137,37,13110,0,2503,0,0,0,0,0,0,0,0,0,0,1240,7695,0,170,0,0,0,0,0,368,267,0,0,0,0,0,0,13769,254,0,0,0,0,377,0,59,0,0,0,0,0,0,0,0,0,0,117,0,189,0,0,0,0,535,0,24,19,0,0,0,0,0,0,0,0,0,0,0,0,497,0,0,0,0,25,0,0,0,0,744,0,0,221,0,0,0,0,950,0,0,0,0,0,0,0,0,0,0,423,0,248,1638,0,0,0,0,0,0,0,184,410,0,0,0,0,0,0,54,0,0,0,0,0,0,0,0,0,0,0,0,50,0,27,0,385,0,0,0,0,174,0,0,0,0,0
239__239A__SDC__1.0__0H,0,0,0,30,57,0,0,0,0,0,0,0,0,0,1246,0,0,0,0,0,0,12411,0,8072,0,0,0,0,0,0,0,0,0,0,0,8503,0,861,0,0,0,13,0,1692,63,0,0,0,0,0,31,19,5441,0,1067,0,0,0,0,945,0,0,0,0,0,0,0,0,0,0,0,0,0,0,0,0,0,6090,0,0,60,0,52,0,64,0,0,0,0,0,0,0,0,0,0,0,0,0,13,0,145,0,0,0,0,0,0,0,0,0,0,0,0,0,0,0,0,0,0,0,0,0,17,0,181,0,0,0,0,0,0,0,0,901,2398,0,0,0,0,0,0,0,0,0,0,0,0,0,0,0,15,0,0,0,796,0,71,0,1951,0,0,0,0,276,0,0,0,0,0
239__239A__SDC__1.0__48H,0,0,0,0,33,0,0,160,0,0,0,38,0,0,15,15,0,0,0,4018,0,7744,0,5650,0,0,0,0,12,0,0,0,0,0,0,14080,0,148,0,0,0,0,16,509,409,25,0,0,0,0,0,18306,407,0,0,0,0,423,0,16,0,0,0,0,0,0,0,0,0,0,454,0,0,0,0,0,0,437,0,0,15,0,23,0,0,0,0,0,0,0,0,0,0,892,0,0,0,0,31,0,0,0,0,697,302,0,0,0,0,0,0,1742,0,0,0,0,0,0,0,0,0,0,0,0,169,29,0,0,0,0,0,0,0,293,688,0,0,0,0,0,0,122,0,0,0,0,0,0,0,0,0,0,0,0,206,0,64,0,1006,0,0,0,0,229,44,0,0,0,0
239__239A__SDC__2.0__0H,0,0,0,30,41,0,0,0,0,0,0,0,0,0,1196,0,0,0,0,0,0,11136,0,6716,0,0,0,0,0,0,0,0,0,0,0,7990,0,748,0,0,0,11,0,1415,46,0,0,0,0,0,34,23,4987,0,931,0,0,0,0,806,0,0,0,0,0,0,0,0,0,0,0,0,0,0,0,0,0,5155,0,0,41,0,48,0,54,0,0,0,0,0,0,0,0,0,0,0,0,0,24,0,145,0,0,0,0,0,0,0,0,0,0,0,0,0,0,0,0,0,0,0,0,0,0,0,169,22,0,0,0,0,0,0,0,875,2198,0,0,0,0,0,0,0,0,0,0,0,0,0,0,0,16,0,0,0,804,0,62,0,1740,0,0,0,0,270,0,0,0,0,0
239__239A__SDC__2.0__48H,0,0,0,12,0,0,0,0,0,0,0,0,0,0,0,0,0,0,0,0,0,27513,0,0,0,0,0,0,0,0,0,0,0,0,218,8498,0,59,0,0,0,0,0,0,36,0,0,0,0,0,0,12743,0,0,0,0,0,58,0,36,0,0,0,0,0,0,0,0,0,0,0,0,0,0,0,0,0,11,0,181,26,0,0,0,0,0,0,0,0,0,0,0,0,0,0,0,0,0,26,0,0,0,0,0,0,0,0,0,0,0,0,0,0,0,0,0,0,0,0,0,0,0,0,0,0,0,0,0,0,0,0,0,0,263,507,0,0,0,0,0,0,0,0,0,0,0,0,0,0,0,0,0,0,0,32,0,0,0,16,0,0,0,0,0,0,0,0,0,0
239__239B__No Added Carb__1.0__0H,0,0,0,71,360,0,0,0,0,0,0,0,0,0,674,0,0,0,0,0,0,2686,0,37462,0,0,0,0,0,0,0,0,0,0,286,0,0,44,0,0,0,0,0,570,32,0,0,0,0,0,50,0,2076,0,160,266,0,0,0,2940,0,0,0,0,38,0,0,0,0,0,0,0,796,0,0,0,0,542,0,0,0,0,0,0,0,0,0,0,0,0,0,0,0,0,0,0,0,0,55,0,795,0,0,0,0,0,0,0,0,0,0,0,0,0,0,0,0,0,0,0,0,1328,63,11,37,1109,0,0,0,0,0,0,0,1812,540,0,0,223,0,0,771,0,0,0,0,0,0,0,0,302,21,0,0,0,0,0,103,0,5061,0,0,0,0,1233,0,0,0,0,0
239__239B__No Added Carb__1.0__48H,0,0,0,0,0,0,0,279,0,0,0,52,0,0,25,18,0,0,0,6723,13,5455,0,3463,0,0,0,3715,0,0,0,0,0,0,371,16694,0,143,0,0,0,0,65,411,258,0,0,18,0,0,0,12847,255,0,80,202,0,622,0,46,0,0,0,0,25,0,0,0,16,0,259,0,112,0,0,0,0,1141,0,0,18,0,13,0,0,0,0,0,0,0,0,0,0,1061,0,0,0,0,11,0,15,0,0,1126,0,0,0,0,0,0,0,356,0,0,0,0,0,0,0,0,0,0,53,0,190,0,0,0,0,0,0,0,0,225,965,0,0,0,0,0,0,0,0,0,0,0,0,0,0,0,0,0,0,0,526,0,0,0,950,0,0,20,0,198,0,0,0,0,0
239__239B__RDC__1.0__0H,0,0,0,0,0,0,0,0,0,0,0,0,0,0,0,0,0,0,0,0,0,0,0,0,0,0,0,0,0,0,0,0,0,0,0,0,0,0,0,0,0,0,0,0,0,0,0,0,0,0,0,0,0,0,0,0,0,0,0,0,0,0,0,0,0,0,0,0,0,0,0,0,0,0,0,0,0,0,0,0,0,0,0,0,0,0,0,0,0,0,0,0,0,0,0,0,0,0,0,0,0,0,0,0,0,0,0,0,0,0,0,0,0,0,0,0,26,0,0,0,0,0,0,0,0,0,0,0,0,0,0,0,0,0,0,0,0,0,0,0,0,0,0,0,10748,0,0,0,0,0,0,0,0,0,0,0,0,0,0,0,0,0,0,0,0,0,0,0,0
239__239B__RDC__1.0__48H,0,0,0,0,0,0,305,249,0,0,0,43,0,0,21,19,0,0,0,5777,45,4155,0,2001,0,0,0,341,0,0,0,0,0,0,1517,8814,0,369,0,0,0,0,42,862,190,0,0,0,0,0,0,13082,868,0,21,19,0,205,0,41,0,0,0,0,0,0,0,0,16,0,377,0,0,0,0,0,0,230,0,0,16,0,13,0,0,0,0,0,0,0,0,0,0,702,0,0,0,0,40,0,0,0,0,810,0,0,13,0,0,0,0,864,0,0,0,0,0,0,0,0,0,0,107,0,182,0,0,0,0,0,0,24,0,112,535,0,0,0,0,0,0,0,0,0,0,0,0,0,0,0,0,0,0,0,164,0,0,0,803,0,0,0,0,107,0,0,0,0,0
239__239B__RDC__2.0__0H,0,0,0,26,0,0,0,0,0,0,0,0,0,0,1666,0,0,0,0,0,0,6240,0,27809,0,0,0,0,0,0,0,0,0,0,269,0,0,0,0,0,0,58,0,1930,392,0,0,0,0,0,155,0,3564,0,229,69,0,0,0,5578,0,0,0,0,0,0,0,0,0,0,0,0,429,0,0,0,0,145,0,0,50,0,0,0,0,0,0,0,0,0,0,0,0,0,0,0,0,0,0,0,537,0,0,0,0,0,0,0,0,0,0,0,0,0,0,0,0,0,0,0,0,544,25,0,0,0,0,0,0,0,0,0,0,603,4463,0,0,41,0,0,205,0,0,0,0,0,0,0,0,154,0,0,0,0,191,0,0,0,2320,0,0,0,0,119,0,0,0,0,0
239__239B__RDC__2.0__48H,0,0,0,0,0,0,0,0,0,0,0,0,0,0,1450,0,0,0,0,0,0,15881,0,629,0,0,0,190,0,0,0,0,0,0,18,14203,0,52,0,0,0,0,0,314,31,0,0,0,0,0,0,25640,12,0,472,0,0,18,0,27,0,0,0,0,0,0,0,0,0,0,0,0,0,0,0,0,0,46,0,149,0,0,0,0,0,0,0,0,0,0,0,0,0,0,0,0,0,0,0,0,0,0,0,0,0,0,0,0,0,0,0,0,0,0,0,0,0,0,0,0,0,0,0,0,72,0,0,0,0,0,0,0,0,141,358,0,0,0,0,0,0,0,0,0,0,0,0,0,0,0,0,0,0,0,71,0,0,0,0,0,0,0,0,0,0,0,0,0,0
239__239B__SDC__1.0__0H,0,0,0,21,0,0,0,0,0,0,0,0,0,0,1334,0,0,0,0,0,0,4106,0,21919,0,0,0,0,0,0,0,0,0,0,260,0,0,0,0,0,0,49,0,1501,312,0,0,0,0,0,141,0,2812,0,185,48,0,0,0,4369,0,0,0,0,0,0,0,0,0,0,0,0,398,0,0,0,0,128,0,0,33,0,0,0,0,0,0,0,0,0,0,0,0,0,0,0,0,0,0,0,410,0,0,0,0,0,0,0,0,0,0,0,0,0,0,0,0,0,0,0,0,477,25,0,0,0,0,0,0,0,0,0,0,496,3343,0,0,27,0,0,180,0,0,0,0,0,0,0,0,122,0,0,0,0,149,0,0,0,1930,0,0,0,0,101,0,0,0,0,0
239__239B__SDC__1.0__48H,13,0,0,0,0,0,0,452,0,0,0,40,0,0,25,15,0,0,0,7902,120,7795,0,4170,0,0,0,817,12,0,0,0,0,0,1351,12587,0,287,0,0,0,0,26,882,209,0,0,11,0,0,0,13878,538,0,122,16,0,288,0,351,0,0,0,0,14,0,0,0,30,0,248,0,390,0,0,0,0,438,0,0,16,0,16,0,0,0,0,0,0,0,0,0,0,895,0,0,0,0,13,0,14,0,0,2918,0,0,111,0,0,0,0,756,0,0,0,0,0,0,0,0,0,0,44,0,254,0,0,0,0,0,0,0,0,210,681,0,0,0,0,0,0,0,0,0,12,0,0,0,0,0,0,0,0,0,268,0,0,0,1132,0,0,0,0,275,0,0,0,0,0
239__239B__SDC__2.0__0H,0,0,0,21,0,0,0,0,0,0,0,0,0,0,1270,0,0,0,0,0,0,4228,0,23183,0,0,0,0,0,0,0,0,0,0,260,0,0,0,0,0,0,46,0,1599,251,0,0,0,0,0,131,11,2970,0,191,38,0,0,0,4701,0,0,0,0,0,0,0,0,0,0,0,0,370,0,0,0,0,144,0,0,37,0,0,0,0,0,0,0,0,0,0,0,0,0,0,0,0,0,0,0,320,0,0,0,0,0,0,0,0,0,0,0,0,0,0,0,0,0,0,0,0,448,29,0,0,0,0,0,0,0,0,0,0,461,3630,0,0,32,0,0,159,0,0,0,0,0,0,0,0,106,0,0,0,0,146,0,0,0,1940,0,0,0,0,111,0,0,0,11,0
239__239B__SDC__2.0__48H,0,0,0,0,0,0,0,0,0,0,0,0,0,0,589,0,0,0,0,1444,0,11544,0,3394,0,0,0,113,0,0,0,0,0,0,17,13429,0,276,0,0,0,0,0,971,27,0,0,0,0,0,0,11654,330,0,754,0,0,25,0,0,0,0,0,0,0,0,0,0,0,0,0,0,0,0,0,0,0,81,0,0,0,0,0,0,0,0,0,0,0,0,0,0,0,53,0,0,0,0,12,0,0,0,0,481,0,0,29,0,0,0,0,0,0,0,0,0,0,0,0,0,0,0,248,0,119,0,0,0,0,0,0,0,0,119,493,0,0,0,0,0,0,0,0,0,0,0,0,0,0,0,0,0,0,0,101,0,0,0,1682,0,0,0,0,12,0,0,0,0,0
276__276A__No Added Carb__1.0__48H,0,0,0,0,0,0,3605,71,0,0,0,0,0,0,32,0,0,0,0,14934,99,477,12,1869,0,0,0,0,0,0,0,0,0,0,3256,1516,0,14,0,0,0,41,244,112,816,19,0,0,0,0,39,16613,358,0,91,0,0,0,786,0,0,0,0,0,0,0,0,0,0,0,51,0,190,39,0,0,0,2971,0,0,0,0,0,0,0,0,0,0,0,0,0,0,0,695,123,0,0,0,0,0,0,0,0,1817,57,0,107,0,0,0,0,0,0,0,0,0,0,0,0,0,0,452,30,0,0,49,0,0,0,0,0,0,0,75,133,0,0,537,0,0,151,0,0,0,0,0,0,0,0,0,0,0,0,0,172,0,61,0,282,0,0,0,0,334,0,0,0,21,0
276__276A__RDC__1.0__48H,11,0,0,0,0,0,824,40,0,0,0,0,0,0,33,14,0,0,0,11221,13,464,0,1835,0,0,0,0,0,47,0,0,0,0,1960,890,0,0,0,0,0,219,70,1492,456,16,0,0,0,0,0,29389,695,0,324,0,0,0,422,0,0,0,0,0,0,0,0,0,0,0,36,0,165,16,0,0,0,2227,0,0,0,0,0,0,0,0,0,0,0,0,0,61,0,300,0,0,0,0,0,0,0,0,0,1424,0,0,39,0,0,0,0,0,0,0,0,0,0,0,0,0,0,332,63,0,0,36,0,0,0,0,0,0,0,75,76,0,0,108,0,0,128,0,0,0,0,0,0,0,0,0,0,0,0,0,18,0,48,0,248,0,0,0,0,83,0,12,0,11,0
276__276A__RDC__2.0__48H,0,0,0,0,0,0,53,0,0,0,0,0,0,0,0,0,0,0,0,1966,0,4527,0,520,0,0,0,0,0,0,0,0,0,0,373,1202,0,0,0,0,0,0,0,0,31,0,0,0,0,0,0,40944,0,0,0,0,0,0,0,0,0,0,0,0,0,0,0,0,0,0,0,0,218,0,0,0,0,29,0,7190,0,0,0,0,0,0,0,0,0,0,0,0,0,0,0,0,0,0,0,0,0,0,0,67,0,0,0,0,0,0,0,0,0,0,0,0,0,0,0,0,0,515,0,0,0,14,0,0,40,0,0,0,0,38,28,0,0,116,0,0,151,0,0,0,0,0,0,0,0,0,28,0,0,0,0,0,0,0,0,0,0,0,0,25,0,0,0,18,0
276__276A__SDC__1.0__48H,0,0,0,0,0,0,1047,39,0,0,0,0,0,0,30,46,0,0,0,12084,11,535,0,2578,0,0,0,0,0,0,0,0,0,0,1907,908,0,13,0,0,0,402,81,726,430,13,0,0,0,0,0,27969,504,0,208,0,0,0,351,0,0,0,0,0,0,0,0,0,0,0,39,0,191,19,0,0,0,3172,0,0,0,0,0,0,0,0,0,0,0,0,0,55,0,440,12,0,0,0,0,0,0,0,0,4282,0,0,46,0,0,0,0,0,0,0,0,0,0,0,0,0,0,415,54,0,13,37,0,0,0,0,0,0,0,60,41,0,0,141,0,0,153,16,0,0,0,0,0,0,0,11,0,0,0,0,51,0,42,0,388,0,0,0,0,143,0,12,0,0,0
276__276A__SDC__2.0__48H,0,0,0,0,0,0,79,0,0,0,0,0,0,0,62,0,0,0,0,1490,0,5689,0,284,0,0,0,0,0,542,0,0,0,0,1716,3600,0,22,0,0,0,0,0,0,81,0,0,0,0,0,0,34223,228,0,20,0,0,0,0,0,0,0,0,0,0,0,0,216,0,0,0,0,152,0,0,0,0,38,0,0,0,0,0,0,0,0,0,0,0,0,0,0,0,0,0,0,0,0,0,0,0,0,0,81,0,0,0,0,0,0,0,0,0,0,0,0,0,0,0,0,0,296,0,0,0,11,0,0,22,0,44,89,0,39,14,0,0,106,0,0,128,0,0,0,0,0,0,0,0,0,538,0,0,0,0,0,12,0,18,0,0,0,0,11,0,0,0,0,0
276__276B__No Added Carb__1.0__48H,0,0,0,11,0,0,673,68,0,0,0,97,0,14,206,204,0,0,0,1710,55,1089,68,7607,0,0,0,0,11,0,0,61,0,0,5455,2422,0,266,0,0,0,0,514,278,1148,23,0,0,0,0,84,82,1006,0,0,0,0,29,1339,0,0,15,0,0,0,0,0,0,36,0,353,204,216,160,0,0,0,3821,0,0,0,23,0,0,26,0,0,0,0,0,0,0,0,373,0,0,0,13,0,0,0,0,0,1067,3155,0,310,0,0,0,0,211,0,0,0,0,0,0,0,0,0,549,0,0,60,2297,0,0,0,0,0,0,0,219,235,0,0,187,0,0,195,0,0,0,0,0,0,0,0,61,62,0,0,0,103,0,669,0,739,0,0,0,0,2365,25,0,0,19,0
276__276B__RDC__1.0__48H,0,0,0,27,0,0,628,93,0,0,0,86,0,15,156,200,0,0,0,2074,54,1028,92,10108,0,0,0,0,12,0,0,69,0,0,5354,2941,0,254,0,0,0,0,560,302,1012,17,0,0,0,0,90,187,1197,0,0,11,0,18,1773,0,0,16,0,0,16,0,0,0,20,0,202,233,282,152,0,0,0,4791,0,0,0,16,0,0,38,0,0,0,0,0,0,0,0,528,21,0,0,0,0,0,0,0,0,1181,4479,0,406,0,0,0,0,211,0,0,0,0,0,0,0,0,0,707,0,0,85,2538,0,0,0,0,0,0,0,272,269,0,0,202,0,0,240,17,0,0,0,0,0,0,0,117,76,0,0,0,107,0,696,0,891,0,0,0,0,2716,36,24,0,21,0
276__276B__RDC__2.0__48H,0,0,0,0,0,0,84,0,0,0,0,0,0,0,0,0,0,0,0,1966,0,12917,0,723,0,0,0,0,0,0,0,0,0,0,96,340,0,0,0,0,0,0,0,14,14,0,0,0,0,0,0,39047,20,0,0,0,0,0,0,0,0,0,0,0,0,0,0,0,0,0,0,0,100,0,0,0,0,24,0,0,0,0,0,0,0,0,0,0,0,0,0,0,0,0,0,0,0,0,0,0,0,0,0,25,0,0,0,0,0,0,0,0,0,0,0,0,0,0,0,0,0,279,0,0,0,22,0,0,0,0,0,0,0,27,24,0,0,97,0,0,67,0,0,0,0,0,0,0,0,0,0,0,0,0,0,0,0,0,0,0,0,0,0,20,0,0,0,0,0
276__276B__SDC__1.0__48H,20,0,0,21,0,0,389,55,0,0,0,0,0,0,106,95,0,0,0,3501,47,361,63,9504,0,0,0,0,12,0,0,0,0,0,2142,1258,0,90,0,0,0,0,294,430,1010,19,0,0,0,0,47,13724,728,0,11,0,0,0,1786,0,0,0,0,0,0,0,0,0,0,0,75,411,238,230,0,0,0,3162,0,0,0,0,0,0,0,0,0,0,0,0,0,0,0,2139,35,0,0,0,0,0,0,0,0,948,450,0,246,0,0,0,0,0,0,0,0,0,0,0,0,0,0,502,19,0,99,1448,0,0,0,0,0,0,0,146,176,0,0,190,0,0,186,83,0,0,0,0,0,0,0,33,18,0,0,0,92,0,179,0,848,0,0,0,0,1669,25,49,0,0,0
276__276B__SDC__2.0__48H,0,0,0,0,0,0,170,0,0,0,0,0,0,0,36,0,0,0,0,3870,0,1467,0,2049,0,0,0,0,0,0,0,0,0,0,4274,2655,0,12,0,0,0,0,11,126,58,0,0,0,0,0,0,53410,132,0,132,0,0,0,0,0,0,0,0,0,0,0,0,0,0,0,0,0,177,0,0,0,0,179,0,0,0,0,0,0,0,0,0,0,0,0,0,0,0,0,0,0,0,0,0,0,0,0,0,148,13,0,0,0,0,0,0,0,0,0,0,0,0,0,0,0,0,354,0,0,0,61,0,0,0,0,0,0,0,36,97,0,0,131,0,0,151,0,0,0,0,0,0,0,0,0,0,0,0,0,0,0,16,0,52,0,0,0,0,45,0,0,0,12,0
41__41A__No Added Carb__1.0__48H,21,0,0,14,0,0,862,297,0,0,0,21,24,0,42,1011,0,0,0,7145,0,202,25,4373,0,19,170,0,16,0,0,0,0,0,14306,3907,0,412,0,0,0,149,15,22,791,0,0,0,0,0,20,970,98,0,565,0,0,0,111,84,0,0,0,0,42,0,0,0,14,0,18,0,43,0,0,0,0,2885,0,0,0,19,0,0,0,0,0,256,0,0,0,13,0,263,0,0,0,16,0,0,0,0,0,2158,10053,0,263,0,0,0,1118,1911,0,0,0,0,0,0,0,0,206,19,0,0,105,85,0,0,0,0,0,11,0,144,3507,0,11,0,0,0,31,0,0,0,0,0,0,0,0,289,0,0,40,0,14,0,131,0,1803,0,21,14,0,689,18,0,0,0,0
41__41A__RDC__1.0__0H,0,0,0,97,0,0,0,0,0,0,0,0,0,0,1621,0,0,0,0,0,0,2110,0,32786,0,0,0,0,0,5607,0,0,0,0,11,886,0,580,0,0,0,0,0,1718,177,0,0,0,0,0,16,0,4335,0,1561,523,0,0,0,2833,0,0,0,0,24,19,0,0,0,0,0,0,0,0,0,0,0,2508,0,0,58,0,0,0,96,0,0,0,0,0,0,0,0,0,0,0,0,0,0,0,33,0,0,0,0,0,0,0,0,0,0,0,0,0,0,0,0,0,0,0,0,782,469,0,207,0,0,0,0,0,0,0,0,1059,691,0,0,0,0,0,52,0,0,0,0,0,0,0,0,156,28,0,0,0,478,0,180,0,1863,0,0,0,0,2831,0,0,0,0,0
41__41A__RDC__1.0__48H,14,0,0,12,0,0,709,210,0,0,0,34,13,0,580,194,0,0,0,8154,20,1017,112,4518,0,32,136,0,0,0,0,0,0,0,8761,3742,0,245,0,0,0,80,0,197,271,13,0,0,0,0,39,418,398,0,580,0,0,0,109,30,0,0,0,0,17,0,0,54,22,0,91,0,38,21,0,0,0,2540,0,0,0,0,0,0,0,14,0,74,0,0,0,0,0,122,14,0,0,0,0,0,0,0,0,2170,28698,0,90,0,0,0,737,748,0,88,0,0,0,0,0,0,307,20,0,0,161,60,0,0,0,0,0,0,0,103,3217,0,253,0,0,0,33,0,0,0,0,0,0,0,0,201,0,0,20,0,13,0,153,0,2091,0,0,0,0,863,19,0,0,0,0
41__41A__RDC__2.0__0H,0,0,0,0,78,0,87,31,0,0,0,0,0,0,1008,67,0,0,0,228,0,5032,0,11619,0,0,0,0,0,0,0,0,0,0,0,1915,0,1139,0,0,0,221,0,1030,12,0,0,0,0,0,0,0,2906,0,4211,0,0,0,0,3770,0,0,0,0,21,0,0,74,0,0,0,0,20,0,0,0,0,1191,0,0,0,0,0,0,334,0,0,0,0,0,0,0,0,0,0,0,0,0,0,0,118,0,0,29,0,0,0,0,0,0,0,0,0,0,0,0,0,0,0,0,0,1131,110,0,93,4706,0,0,17,0,0,0,0,82,1723,0,0,0,0,0,0,0,0,0,0,0,0,0,0,549,13,0,21,0,594,0,126,0,1004,0,0,0,0,1008,0,0,0,42,0
41__41A__RDC__2.0__48H,0,0,0,0,0,0,58,52,0,0,0,0,0,0,2735,0,0,0,0,3551,0,6116,0,2381,0,0,0,0,0,0,0,0,0,0,3738,7391,0,668,0,0,0,23,0,1153,88,0,0,0,0,0,0,64,587,0,1396,0,0,0,31,365,0,0,0,0,14,0,0,202,0,0,0,0,21,11,0,0,0,1229,0,0,0,0,0,0,11,253,0,0,0,0,0,0,0,217,0,0,0,0,0,0,0,0,0,882,14650,0,70,0,0,0,76,12,0,176,0,0,0,0,0,0,0,17,19,0,207,21,0,0,0,0,0,22,0,777,2705,0,380,0,0,0,16,0,0,0,0,0,0,0,0,15,0,0,0,0,11,0,0,0,1408,0,0,12,0,155,0,0,0,0,0
41__41A__SDC__1.0__0H,0,0,0,0,67,0,88,27,0,0,0,0,0,0,907,81,0,0,0,241,0,4264,0,10176,0,0,0,0,0,0,0,0,0,0,0,1571,0,958,0,0,0,183,0,816,0,0,0,0,0,0,0,0,2364,0,3782,0,0,0,0,3229,0,0,0,0,0,0,0,51,0,0,0,0,0,0,0,0,0,938,0,0,0,0,0,0,291,0,0,0,0,0,0,0,0,0,0,0,0,0,0,0,124,0,0,29,0,0,0,0,0,0,0,0,0,0,0,0,0,0,0,0,0,1064,105,0,109,3811,0,0,0,0,0,0,0,49,1456,0,0,0,0,0,0,11,0,0,0,0,0,0,0,420,17,0,20,0,438,0,90,0,797,0,0,0,0,875,0,0,0,37,0
41__41A__SDC__1.0__48H,24,0,0,0,0,0,438,179,0,0,0,42,0,0,338,40,0,0,0,7373,0,1805,46,8504,0,14,95,0,0,0,0,0,0,0,8315,3751,0,312,0,0,0,35,0,119,181,0,0,0,0,0,268,282,274,0,596,0,0,0,83,766,0,0,0,0,23,0,0,18,31,0,38,0,43,19,0,0,0,2860,0,0,0,0,0,0,0,0,0,34,0,0,0,0,0,61,14,0,0,0,0,0,0,0,0,4001,20687,0,144,0,0,0,688,385,0,107,0,0,0,0,0,0,379,20,11,0,144,63,0,0,0,0,0,0,0,69,3641,0,44,0,0,0,35,0,0,0,0,0,0,0,0,142,0,0,19,0,14,0,198,0,708,0,0,0,0,1308,12,0,0,25,0
41__41A__SDC__2.0__0H,0,0,0,0,56,0,80,12,0,0,0,0,0,0,738,63,0,0,0,152,0,4037,0,10223,0,0,0,0,0,0,0,0,0,0,0,1487,0,991,0,0,0,191,0,797,0,0,0,0,0,0,0,0,2337,0,3780,0,0,0,0,3240,0,0,0,0,14,0,0,51,0,0,0,0,0,0,0,0,0,1032,0,0,0,0,0,0,274,0,0,0,0,0,0,0,0,0,0,0,0,0,0,0,78,0,0,51,0,0,0,0,0,0,0,0,0,0,0,0,0,0,0,0,0,908,95,0,91,4096,0,0,0,0,0,0,0,53,1362,0,0,0,0,0,0,0,0,0,0,0,0,0,0,425,0,0,21,0,446,0,77,0,856,0,0,0,0,846,0,0,0,16,0
41__41A__SDC__2.0__48H,0,0,0,0,0,0,23,49,0,0,0,0,0,0,137,0,0,0,0,2527,0,4391,0,7647,0,0,0,0,0,0,0,0,0,0,6020,4235,0,243,0,0,0,170,0,341,147,0,0,0,0,0,0,156,353,0,1162,0,0,0,0,8622,0,0,0,0,13,0,0,189,13,0,20,0,36,0,0,0,0,307,0,0,0,0,0,0,49,21,0,0,0,0,0,0,0,134,0,0,0,0,11,0,0,0,0,4213,9812,0,35,0,0,0,150,0,0,83,0,0,0,0,0,0,21,0,20,0,190,31,0,0,0,0,0,14,0,78,3252,0,168,0,0,0,28,0,0,0,0,0,0,0,0,14,0,0,0,0,0,0,0,0,614,0,0,26,0,1361,0,0,0,0,0
41__41B__No Added Carb__1.0__0H,0,0,0,52,0,0,199,0,0,0,0,0,0,0,1617,0,0,0,0,0,0,17733,0,26030,0,0,0,0,0,0,0,0,0,0,138,0,0,0,0,0,0,0,0,3550,258,0,0,0,0,0,213,77,184,0,1219,19,0,0,0,394,0,0,0,0,0,0,0,5065,0,0,0,0,155,0,0,0,0,557,0,0,12,0,0,0,0,0,0,0,0,0,0,0,0,0,0,0,0,0,0,0,22,0,0,0,0,0,0,0,0,0,0,0,0,0,0,0,0,0,0,0,0,963,15,0,192,144,0,0,0,0,0,0,0,553,336,0,0,0,0,0,123,0,0,0,0,0,0,0,0,98,19,0,0,0,0,0,21,0,1135,0,0,0,0,485,0,0,0,0,0
41__41B__No Added Carb__1.0__48H,12,0,0,15,0,0,693,140,0,0,0,16,0,0,200,235,0,0,0,1680,0,121,0,2572,0,44,54,9840,31,0,0,0,0,0,1857,10399,0,538,0,0,0,638,16,442,575,0,0,0,0,0,22,6095,46,0,338,0,0,0,98,59,0,0,0,0,85,0,0,0,17,0,0,0,2377,0,0,0,0,2502,0,0,15,13,0,0,0,0,0,0,0,0,0,0,0,67,0,0,0,0,0,0,39,1639,0,1433,29,0,0,0,0,11,44,708,0,0,0,0,0,0,0,0,0,17,0,0,44,343,0,0,0,0,0,0,0,102,4905,0,0,0,0,0,33,0,0,0,0,0,0,0,0,139,0,0,0,0,99,0,26,0,389,0,0,0,0,785,0,0,0,18,0
41__41B__RDC__1.0__0H,0,0,0,0,53,0,92,25,0,0,0,0,0,0,1297,39,0,0,0,140,0,6667,0,19764,0,0,0,0,0,0,0,0,0,0,11,955,0,1004,0,0,0,128,0,1471,40,0,0,0,0,0,20,11,2243,0,4748,0,0,0,0,3332,0,0,0,0,0,0,0,490,0,0,0,0,39,0,0,0,0,1195,0,0,11,0,0,0,334,0,0,0,0,0,0,0,0,0,0,0,0,0,0,0,83,0,0,40,0,0,0,0,0,0,0,0,0,0,0,0,0,0,0,0,0,1025,119,0,110,3544,0,0,0,0,0,0,0,113,1643,0,0,0,0,0,0,0,0,0,0,0,0,0,0,394,14,0,17,0,323,0,107,0,1062,0,0,0,0,913,0,0,0,54,0
41__41B__RDC__1.0__48H,15,0,0,20,0,0,1103,161,0,0,0,33,22,0,110,78,0,0,0,1752,0,287,0,2596,0,104,14,3425,32,0,0,0,0,0,1743,7559,0,410,0,0,0,573,16,917,379,0,0,0,0,0,11,10361,195,0,532,0,0,0,84,67,0,0,0,0,37,0,0,23,31,0,0,0,4083,0,0,0,0,1545,0,0,0,13,0,0,13,0,0,0,0,0,0,0,0,95,0,0,0,0,0,0,33,0,0,1980,0,0,15,0,0,0,64,503,0,0,0,0,0,0,0,0,0,23,29,0,28,271,0,0,0,0,0,0,0,108,4839,0,0,0,0,0,100,106,0,0,0,0,0,0,0,139,0,0,0,0,41,0,47,0,1158,0,0,0,0,838,12,0,0,0,0
41__41B__RDC__2.0__0H,0,0,0,0,0,0,0,0,0,0,0,0,0,0,0,0,0,0,0,0,0,0,0,0,0,0,0,0,0,0,0,0,0,0,0,0,0,0,0,0,0,0,0,0,0,0,0,0,0,0,0,0,0,0,0,0,0,0,0,0,0,0,0,0,0,0,0,0,0,0,0,0,0,0,0,0,0,0,0,0,0,0,0,0,0,0,0,0,0,0,0,0,0,0,0,0,0,0,0,0,0,0,0,0,0,0,0,0,0,0,0,0,0,0,0,0,9191,0,0,0,0,0,0,0,0,0,0,0,0,0,0,0,0,0,0,0,0,0,0,0,0,0,0,0,0,0,0,0,0,0,0,0,0,0,0,0,0,0,0,0,0,0,0,0,0,0,0,0,0
41__41B__RDC__2.0__48H,0,0,0,0,0,0,0,0,0,0,0,0,0,0,88,0,0,0,0,1877,0,7841,0,2395,0,0,0,592,0,0,0,0,0,0,6980,8335,0,333,0,0,0,179,0,1370,15,0,0,0,0,0,0,5555,2158,0,2131,0,0,0,0,33,0,0,0,0,0,0,0,0,0,0,0,0,27,0,0,0,0,407,0,0,0,0,0,0,0,0,0,0,0,0,0,0,0,0,0,0,0,0,0,0,19,0,0,534,0,0,0,0,0,0,23,0,0,0,0,0,0,0,0,0,0,19,13,0,0,57,0,0,0,0,0,0,0,45,1306,0,73,0,0,0,25,0,0,0,0,0,0,0,0,0,0,0,0,0,0,0,0,0,616,0,0,0,0,13,0,0,0,11,0
41__41B__SDC__1.0__0H,0,0,0,22,0,0,142,0,0,0,0,0,0,0,1427,0,0,0,0,0,0,10886,0,20801,0,0,0,0,0,0,0,0,0,0,47,0,0,0,0,0,0,0,0,2773,218,0,0,0,0,0,121,60,155,0,760,18,0,0,0,331,0,0,0,0,0,0,0,4567,0,0,0,0,83,0,0,0,0,507,0,0,0,0,0,0,0,0,0,0,0,0,0,0,0,0,0,0,0,0,0,0,13,0,0,0,0,0,0,0,0,0,0,0,0,0,0,0,0,0,0,0,0,536,0,0,145,36,0,0,0,0,0,0,0,297,244,13,0,0,0,0,80,0,0,0,0,0,0,0,0,83,16,0,0,0,0,0,24,0,1119,0,0,0,0,384,0,0,0,0,0
41__41B__SDC__1.0__48H,16,0,0,13,0,0,2362,171,0,0,0,0,28,0,114,141,0,0,0,5804,11,5516,11,3273,0,82,68,3089,19,0,0,0,0,0,9689,7038,0,322,0,0,0,150,0,1272,365,0,0,0,17,0,22,14913,301,0,731,0,0,0,388,347,0,0,0,0,28,0,0,328,19,0,0,14,5076,0,0,0,0,1377,0,0,14,0,0,0,14,0,0,86,0,0,0,0,0,166,0,0,0,0,28,0,23,74,0,1151,78,0,0,0,0,0,27,17,0,104,0,0,0,0,0,0,0,1090,31,0,246,144,67,0,20,0,250,0,0,68,3396,0,246,260,0,0,449,17,0,0,0,0,0,0,0,136,230,0,0,0,97,0,179,0,1834,0,0,0,0,1284,0,0,0,505,0
41__41B__SDC__2.0__0H,0,0,0,57,161,0,63,0,0,0,0,0,0,0,1000,0,0,0,0,0,0,11215,0,30695,0,0,0,0,0,0,0,0,0,0,182,0,0,16,0,0,0,0,0,2286,136,0,0,0,0,0,81,21,770,0,708,112,0,0,0,1027,0,0,0,0,15,0,0,2087,0,0,0,0,353,0,0,0,0,530,0,0,11,0,0,0,0,0,0,0,0,0,0,0,0,0,0,0,0,0,0,0,0,0,0,0,0,0,0,0,0,0,0,0,0,0,0,0,0,0,0,0,0,968,33,0,118,468,0,0,0,0,0,0,0,1249,351,0,0,134,0,0,280,0,0,0,0,0,0,0,0,174,0,0,0,0,0,0,69,0,2702,0,0,0,0,764,0,0,0,0,0
41__41B__SDC__2.0__48H,0,0,0,0,0,0,0,14,0,0,0,0,0,0,256,0,0,0,0,3041,0,12126,0,5958,0,0,0,828,0,0,0,0,0,0,1813,8892,0,353,0,0,0,234,0,1591,60,0,0,0,0,0,0,6375,1401,0,1764,0,0,0,0,4527,0,0,0,0,20,0,0,0,0,0,0,0,68,0,0,0,0,187,0,0,0,0,0,0,0,0,0,0,0,0,0,0,0,14,0,0,0,0,13,0,31,0,0,8895,0,0,0,0,0,0,57,0,0,0,0,0,0,0,0,0,0,16,53,0,0,83,0,0,0,0,0,0,0,67,4191,0,55,0,0,0,28,0,0,0,0,0,0,0,0,0,0,0,0,0,20,0,0,0,595,0,0,0,0,281,0,0,0,14,0
50__50A__No Added Carb__1.0__0H,0,0,0,0,13,0,651,0,0,0,0,0,0,0,1332,48,0,0,0,80,0,3675,0,19026,0,0,0,0,0,69,0,0,0,0,187,923,0,453,0,68,0,49,0,2025,0,0,0,0,68,0,0,0,3515,0,7286,0,0,0,0,1387,0,0,0,0,0,0,0,18,0,0,0,0,298,0,0,0,0,1313,16,966,0,0,0,0,376,0,0,0,0,0,0,0,0,0,0,0,0,0,0,0,260,0,0,12,0,0,0,0,0,0,0,0,0,23,0,13,0,0,0,0,0,451,283,0,576,768,0,0,109,0,92,0,0,358,1558,0,0,25,0,0,16,0,0,0,0,0,0,24,0,435,0,0,0,0,934,0,107,0,1560,0,0,12,0,1651,0,0,0,136,0
50__50A__No Added Carb__1.0__48H,0,0,0,0,0,0,380,139,0,0,0,0,0,0,131,1018,0,0,0,6284,0,1582,1084,5935,0,0,0,0,0,19,0,0,0,0,8161,1067,0,553,0,14,0,0,0,38,103,0,0,0,30,0,0,376,192,0,522,0,0,0,219,499,0,0,0,0,0,0,0,0,0,0,12,0,132,0,0,0,0,8055,0,19,0,0,0,0,49,0,0,0,0,0,0,39,0,36,105,0,0,0,24,0,0,0,0,1281,5767,0,11,0,0,0,0,0,0,79,0,0,0,0,0,0,126,70,32,0,53,0,0,0,174,0,185,0,0,1785,4968,0,2309,14,0,0,0,0,0,0,0,0,0,0,0,737,0,0,0,0,40,0,0,0,2307,0,0,52,0,2103,37,0,0,64,0
50__50A__RDC__1.0__0H,0,0,0,0,59,0,74,22,0,0,0,0,0,0,801,60,0,0,0,189,0,4249,13,10077,0,0,0,0,0,0,0,0,0,0,0,1520,0,955,0,0,0,180,0,815,0,0,0,0,0,0,0,0,2292,0,3900,0,0,0,0,3036,0,0,0,0,0,0,0,73,0,0,0,0,0,0,0,0,0,990,0,0,0,0,0,0,257,0,0,0,0,0,0,0,0,0,0,0,0,0,0,0,48,0,0,44,0,0,0,0,0,0,0,0,0,0,0,0,0,0,0,0,0,1020,96,0,76,3598,0,0,0,0,0,0,0,61,1370,0,0,0,0,0,0,0,0,0,0,0,0,0,0,417,17,0,16,0,485,0,89,0,785,0,0,0,0,896,0,0,0,31,0
50__50A__RDC__1.0__48H,0,0,0,0,0,0,594,133,0,0,0,0,0,0,83,865,0,0,0,8360,0,1863,997,5722,0,0,0,0,0,12,0,0,0,0,4045,1188,0,582,0,0,0,0,0,72,55,0,0,0,20,0,0,366,150,0,527,0,0,0,126,352,0,0,0,0,0,0,0,11,19,0,25,0,116,0,0,0,0,5941,0,28,0,0,0,0,43,0,0,0,0,0,0,30,0,40,102,0,0,0,0,0,0,0,0,1157,9129,0,13,0,0,0,0,12,0,82,0,0,0,0,0,0,93,42,37,0,49,0,0,0,79,0,112,0,0,6754,3434,0,2117,15,0,0,11,0,0,0,0,0,0,0,0,623,0,0,0,0,30,0,11,0,2298,0,0,65,0,1833,22,0,20,58,0
50__50A__RDC__2.0__0H,0,0,0,0,0,0,671,0,0,0,0,0,0,0,1241,37,0,0,0,27,0,2867,0,20235,0,0,0,0,0,70,0,0,0,0,222,699,0,285,0,79,0,0,0,2081,0,0,0,0,94,0,0,0,3567,0,7425,0,0,0,0,822,0,0,0,0,0,0,0,0,0,0,0,0,293,0,0,0,0,1317,23,1138,18,0,0,0,340,0,0,0,0,0,0,0,0,0,0,0,0,0,0,0,202,0,0,0,0,0,0,0,0,0,0,0,0,26,0,18,0,0,0,0,0,142,257,0,662,0,0,0,91,0,92,0,0,374,1350,0,0,39,0,0,21,0,0,0,0,0,0,32,0,352,0,0,0,0,928,0,93,0,1710,0,0,0,0,1615,0,0,0,163,0
50__50A__RDC__2.0__48H,0,0,0,0,0,0,34,0,0,0,0,0,0,0,0,0,0,0,0,190,0,6712,0,957,0,0,0,0,0,0,0,0,0,0,265,213,0,0,0,0,0,0,0,17,0,0,0,0,12,0,0,23,0,0,104,0,0,0,0,23,0,0,0,0,0,0,0,0,0,0,0,0,77,0,0,0,0,56,0,604,0,0,0,0,0,1212,0,0,0,0,0,0,0,0,0,0,0,0,0,0,0,0,0,19,31363,0,0,0,0,0,0,0,0,0,0,0,0,0,0,0,15,31,0,0,0,0,0,0,27,0,0,12,0,23816,133,0,0,0,0,0,0,0,0,0,0,0,0,0,0,0,0,0,0,0,0,0,0,0,19,0,0,0,0,28,0,0,0,35,0
50__50A__SDC__1.0__0H,0,0,0,0,0,0,787,0,0,0,0,0,0,0,1346,44,0,0,0,27,0,3130,0,22697,0,0,0,0,0,85,0,0,0,0,214,840,0,327,0,107,0,0,0,2448,0,0,0,0,132,0,0,0,4098,0,8555,0,0,0,0,872,0,0,0,0,0,0,0,0,0,0,0,0,342,0,0,0,0,1553,23,1122,18,0,0,0,391,0,0,0,0,0,0,0,0,0,0,0,0,0,0,0,156,0,0,0,0,0,0,0,0,0,0,0,0,40,0,16,0,0,0,0,0,111,327,0,696,0,0,0,96,0,95,0,0,364,1634,0,0,40,0,0,25,0,0,0,0,0,0,32,0,485,0,0,0,0,1145,0,129,0,1794,0,0,0,0,1798,0,0,0,192,0
50__50A__SDC__1.0__48H,0,0,0,0,14,0,1053,173,0,0,0,0,0,0,133,710,0,0,0,6528,0,2790,881,6968,0,0,0,0,0,16,0,0,0,0,3962,1086,0,388,0,0,0,0,0,41,45,0,0,0,26,13,0,256,206,0,681,0,0,0,157,2425,0,0,0,0,0,0,0,16,14,0,35,0,124,0,0,0,0,4032,0,33,0,0,0,0,52,79,0,0,0,0,0,19,0,32,97,0,0,0,0,0,0,0,0,3242,11381,0,85,0,0,0,0,0,0,160,0,0,0,0,0,0,104,54,29,0,123,0,0,0,94,0,76,245,0,4775,3562,0,1927,0,0,0,14,0,0,0,0,0,0,0,0,667,0,0,0,0,31,0,0,0,2246,0,0,38,0,2205,19,0,23,56,0
50__50A__SDC__2.0__0H,0,0,0,0,0,0,818,0,0,0,0,0,0,0,1377,55,0,0,0,16,0,3226,0,20017,0,0,0,0,0,82,0,0,0,0,214,822,0,266,0,102,0,0,0,2380,0,0,0,0,123,0,0,0,3664,0,7881,0,0,0,0,894,0,0,0,0,0,0,0,0,0,0,0,0,312,0,0,0,0,1369,15,1289,0,0,0,0,421,0,0,0,0,0,0,0,0,0,0,0,0,0,0,0,199,0,0,0,0,0,0,0,0,0,0,0,0,46,0,22,0,0,0,0,0,121,306,0,693,0,0,0,108,0,112,0,0,384,1581,0,0,28,0,0,24,0,0,0,0,0,0,27,0,399,0,0,0,0,1025,0,100,0,1762,0,0,0,0,1741,0,0,0,147,0
50__50A__SDC__2.0__48H,0,0,0,0,0,0,64,0,0,0,0,0,0,0,428,0,0,0,0,1321,0,5513,0,2448,0,0,0,0,0,67,0,0,0,0,213,1036,0,422,0,0,0,0,0,152,0,0,0,0,11,0,0,24,360,0,1626,0,0,0,19,6987,0,0,0,0,0,0,0,0,0,0,0,0,78,0,0,0,0,456,0,0,0,0,0,0,22,49,0,0,0,0,0,0,0,46,0,0,0,0,0,0,0,0,0,588,4070,0,0,0,0,0,0,0,0,303,0,457,0,0,0,0,0,29,0,0,81,0,0,0,23,0,13,12,0,30594,769,0,505,0,0,0,0,0,0,0,0,0,0,0,0,41,0,0,0,0,0,0,0,0,1623,0,0,1071,0,358,0,0,0,49,13
50__50B__No Added Carb__1.0__0H,0,0,0,20,0,0,1067,0,0,0,0,0,0,0,1717,53,0,0,0,20,0,4406,0,27539,0,0,0,0,0,105,0,0,0,0,329,1303,0,364,0,114,0,0,0,3221,0,0,0,0,175,0,0,0,5129,0,12355,0,0,0,0,983,0,0,0,0,0,0,0,0,0,0,0,0,427,0,0,0,0,1979,32,1594,15,0,0,0,467,0,0,0,0,0,0,0,0,0,0,0,0,0,0,0,44,0,0,0,0,0,0,0,0,0,0,0,0,29,0,38,0,0,101,0,0,181,372,0,970,151,0,0,171,0,168,0,0,547,2298,0,0,33,0,0,27,0,0,0,12,0,0,53,0,675,0,0,0,0,1702,0,168,0,2391,0,0,28,0,2799,0,0,0,242,0
50__50B__No Added Carb__1.0__48H,0,0,0,0,12,0,915,118,0,0,0,0,0,0,47,51,102,0,0,2559,0,3560,64,4039,0,0,0,7265,0,0,0,0,0,0,1023,4096,0,334,0,16,0,0,0,69,118,0,83,0,43,0,0,8348,168,0,359,0,0,0,424,249,0,0,0,0,0,0,0,0,0,0,36,0,1639,0,0,0,0,2506,0,72,0,0,0,0,52,0,0,0,0,0,0,123,0,37,27,0,0,0,0,0,55,0,0,933,0,0,0,0,0,0,0,0,0,236,0,0,0,0,0,0,0,140,18,0,0,170,0,0,63,0,157,0,0,116,7506,0,1794,12,0,0,18,0,0,0,0,0,0,0,0,1158,0,0,0,0,199,0,14,0,569,0,0,34,0,949,15,0,0,55,0
50__50B__RDC__1.0__0H,0,0,0,15,0,0,0,0,0,0,0,0,0,0,1204,0,0,0,0,0,0,3771,0,18932,0,0,0,0,0,0,0,0,0,0,227,0,0,0,0,0,0,45,0,1082,264,0,0,0,0,0,97,0,2405,0,95,60,0,0,0,2454,0,0,0,0,0,0,0,0,0,0,0,0,398,0,0,0,0,90,0,0,32,0,0,0,0,0,0,0,0,0,0,0,0,0,0,0,0,0,0,0,14,0,0,0,0,0,0,0,0,0,0,0,0,0,0,0,0,0,0,0,0,515,16,0,0,0,0,0,0,0,0,0,0,414,3082,0,0,29,0,0,215,0,0,0,0,0,0,0,0,76,0,0,0,0,95,0,0,0,1352,0,0,0,0,63,0,0,0,0,0
50__50B__RDC__1.0__48H,0,0,0,0,0,0,787,159,0,0,0,0,0,0,20,242,0,0,0,2520,0,3214,39,2834,0,0,0,2997,0,0,0,0,0,0,168,3131,0,292,0,16,0,0,0,14,48,0,0,0,43,0,0,5748,159,0,491,0,0,0,225,185,0,0,0,0,0,0,0,0,0,0,0,0,1333,0,0,0,0,2650,0,74,0,0,0,0,49,0,0,0,0,0,0,58,0,66,25,0,0,0,0,0,26,0,0,620,0,0,0,0,0,0,0,0,0,80,0,0,0,0,0,0,0,35,25,0,0,0,0,0,57,0,121,0,0,20286,5235,0,1933,15,0,0,11,0,0,0,0,0,0,0,0,581,0,0,0,0,237,0,0,0,1167,0,0,38,0,898,29,0,0,72,0
50__50B__RDC__2.0__0H,0,0,0,0,12,0,942,0,0,0,0,0,0,0,1251,49,0,0,0,16,0,3671,0,20828,0,0,0,0,0,79,0,0,0,0,204,885,0,302,0,83,0,0,0,2565,0,0,0,0,141,0,0,0,3686,0,10004,0,0,0,0,868,0,0,0,0,0,0,0,0,0,0,0,0,349,0,0,0,0,1535,18,1174,0,0,0,0,396,0,0,0,0,0,0,0,0,0,0,0,0,0,0,0,20,0,0,0,0,0,0,0,0,0,0,0,0,25,0,26,0,0,77,0,0,147,330,0,701,0,0,0,115,0,144,0,0,414,1845,0,0,24,0,0,29,0,0,0,12,0,0,41,0,504,0,0,0,0,1150,0,142,0,1989,0,0,0,0,2422,0,0,0,158,0
50__50B__RDC__2.0__48H,0,0,0,0,0,0,111,0,0,0,0,0,0,0,20,13,0,0,0,54,0,22624,0,4867,0,0,0,276,0,13,0,0,0,0,122,147,0,33,0,0,0,0,0,159,0,0,0,0,11,0,0,398,33,0,625,0,0,0,0,94,0,0,0,0,0,0,0,0,0,0,0,0,221,0,0,0,0,200,0,749,0,0,0,0,47,0,0,0,0,0,0,0,0,0,0,0,0,0,0,0,48,0,0,0,0,0,0,0,0,0,0,0,0,0,0,0,0,0,0,0,0,90,14,0,24,0,0,0,0,0,11,0,0,38710,353,0,80,19,0,0,17,0,0,0,0,0,0,0,0,60,0,0,0,0,46,0,0,0,148,0,0,0,0,164,0,0,0,108,0
50__50B__SDC__1.0__0H,0,0,0,0,0,0,334,0,0,0,0,0,0,0,800,22,0,0,0,0,0,1508,0,11956,0,0,0,0,0,37,0,0,0,0,128,361,0,162,0,52,0,0,0,1344,0,0,0,0,43,0,0,0,1969,0,4898,0,0,0,0,430,0,0,0,0,0,0,0,0,0,0,0,0,157,0,0,0,0,734,16,503,0,0,0,0,201,0,0,0,0,0,0,0,0,0,0,0,0,0,0,0,0,0,0,0,0,0,0,0,0,0,0,0,0,0,0,13,0,0,0,0,0,72,162,0,336,0,0,0,59,0,51,0,0,172,869,0,0,22,0,0,0,0,0,0,0,0,0,0,0,226,0,0,0,0,534,0,70,0,934,0,0,0,0,912,0,0,0,78,0
50__50B__SDC__1.0__48H,0,0,0,0,0,0,218,11,0,0,0,0,0,0,14,96,0,0,0,642,0,10946,13,2399,0,0,0,1784,0,25,0,0,0,0,385,1034,0,113,0,12,0,0,0,19,20,0,0,0,14,0,0,2160,62,0,391,0,0,0,95,67,0,0,0,0,0,0,0,0,0,0,0,0,597,0,0,0,0,918,0,278,0,0,0,0,0,0,0,0,0,0,0,0,0,0,0,0,0,0,0,0,27,0,0,170,0,0,0,0,0,0,0,0,0,50,0,0,0,0,0,0,0,30,0,0,14,0,0,0,19,0,43,0,0,17979,2273,0,407,17,0,0,0,0,0,0,0,0,0,0,0,285,0,0,0,0,69,0,0,0,145,0,0,20,0,319,0,0,0,39,0
50__50B__SDC__2.0__0H,0,0,0,12,0,0,569,0,0,0,0,0,0,0,1101,29,0,0,0,0,0,2480,0,15085,0,0,0,0,0,53,0,0,0,0,148,573,0,222,0,66,0,0,0,2004,0,0,0,0,86,0,0,0,2736,0,6661,0,0,0,0,601,0,0,0,0,0,0,0,0,0,0,0,0,300,0,0,0,0,1113,0,816,0,0,0,0,305,0,0,0,0,0,0,0,0,0,0,0,0,0,0,0,0,0,0,0,0,0,0,0,0,0,0,0,0,15,0,14,0,0,0,0,0,104,219,0,498,0,0,0,87,0,71,0,0,252,1208,0,0,14,0,0,0,0,0,0,13,0,0,20,0,292,0,0,0,0,817,0,95,0,1229,0,0,0,0,1253,0,0,0,116,0
50__50B__SDC__2.0__48H,0,0,0,0,0,0,418,33,0,0,0,0,0,0,11,184,0,0,0,1116,0,11787,26,3404,0,0,0,3047,0,31,0,0,0,0,514,1634,0,213,0,12,0,0,0,34,20,0,0,0,38,0,0,3140,88,0,484,0,0,0,135,82,0,0,0,0,0,0,0,0,0,0,0,0,1029,0,0,0,0,1515,0,384,0,0,0,0,23,0,0,0,0,0,0,60,0,18,0,0,0,0,0,0,32,0,0,296,0,0,0,0,0,0,0,0,0,75,0,0,0,0,0,0,0,52,40,0,21,0,0,0,35,0,51,0,0,18554,3471,0,733,11,0,0,0,0,0,0,0,0,0,0,0,488,0,0,0,0,164,0,0,0,311,0,0,31,0,624,14,0,0,57,0
58__58A__No Added Carb__1.0__0H,0,0,0,80,251,0,0,0,0,0,0,109,0,0,1661,0,0,59,0,21,0,14890,0,7776,0,0,0,0,0,0,0,0,0,0,489,1488,17,46,0,0,17,43,0,926,214,293,0,0,0,0,26,72,2358,14,0,82,49,0,0,15,12,0,0,14,44,0,0,0,0,0,57,0,143,0,0,0,0,805,0,0,40,0,0,0,14,0,0,0,0,0,0,0,11,0,0,0,0,0,47,0,242,0,0,0,0,0,0,124,0,12,68,78,96,0,15,0,0,0,12,0,0,3381,22,0,32,1294,0,0,0,0,0,0,0,75,81,127,0,171,0,0,962,0,114,0,0,0,0,0,0,627,0,30,11,0,1765,0,383,0,2450,0,0,0,0,1044,0,0,0,21,0
58__58A__No Added Carb__1.0__48H,0,0,0,0,0,0,299,98,0,0,0,15,0,0,134,0,0,0,0,2721,78,68,22,7965,0,0,0,0,0,0,0,0,0,0,8200,0,43,0,0,0,0,0,0,572,202,57,0,0,0,0,70,72,19,0,19,0,0,12,16,21,0,0,0,0,0,0,0,0,17,0,0,0,13,12,0,0,0,3759,18,0,0,0,0,0,0,0,0,0,0,0,0,0,0,0,67,0,0,0,13,0,0,0,0,1141,14652,0,171,0,0,0,0,160,0,128,0,0,0,0,0,0,1542,153,513,0,107,0,0,0,0,0,0,0,0,0,628,0,0,0,0,53,55,54,0,0,0,0,0,0,0,1380,0,0,0,0,256,0,0,0,568,0,0,0,13,196,53,0,0,0,0
58__58A__RDC__1.0__0H,0,0,0,12,14,0,991,0,0,0,0,0,0,0,1689,60,0,0,0,25,0,4077,0,28135,0,0,0,0,0,120,0,0,0,0,304,921,0,404,0,130,0,0,0,3084,0,0,0,0,184,0,0,0,5095,0,10627,0,0,0,0,1182,0,0,0,0,0,0,0,0,0,0,0,0,397,0,0,0,0,1905,26,1637,19,0,0,0,495,0,0,0,0,0,0,0,0,0,0,0,0,0,0,0,149,0,0,14,0,0,0,0,0,0,0,0,0,38,0,25,0,0,0,0,0,165,463,0,952,0,0,0,132,0,164,0,0,471,2004,0,0,37,0,0,32,0,0,0,18,0,0,42,0,562,0,0,0,0,1449,0,168,0,2367,0,0,0,0,2171,0,0,0,208,0
58__58A__RDC__1.0__48H,0,0,0,0,0,0,551,312,0,0,0,13,0,0,909,0,0,0,0,5483,187,844,31,15232,0,0,20,0,0,0,0,0,0,0,7412,121,80,34,0,0,0,0,0,670,227,138,0,0,0,0,201,93,148,0,167,0,0,19,19,53,0,0,0,0,0,0,0,57,54,0,0,0,26,46,0,0,0,3500,38,0,0,0,0,0,0,0,0,0,0,0,0,0,0,0,82,0,0,0,15,0,0,0,0,1701,18874,0,214,0,0,0,0,15,0,159,0,0,0,0,0,0,1032,57,299,0,159,0,0,0,0,0,0,0,0,14,1005,0,0,0,0,0,54,73,0,0,0,0,0,0,0,1524,0,0,0,0,0,0,0,0,1156,0,0,0,18,258,27,0,0,0,0
58__58A__RDC__2.0__0H,0,0,0,82,292,0,16,0,0,0,0,99,0,0,1844,12,0,55,0,32,0,14853,0,8595,0,0,0,0,0,0,0,0,0,0,738,1343,0,64,0,0,0,57,0,983,225,269,0,0,0,0,22,89,2875,11,0,63,69,0,0,16,17,0,0,17,21,0,0,0,0,0,66,0,227,0,0,0,0,859,0,0,25,0,0,0,80,0,0,0,0,0,0,0,36,0,0,0,0,0,51,0,391,0,0,0,0,0,0,129,0,0,83,113,90,0,0,0,0,0,15,0,0,4349,19,0,49,1337,0,0,0,0,0,0,0,93,90,115,0,234,0,0,1490,0,129,0,0,0,0,0,0,657,0,38,0,0,1645,0,336,0,2393,0,0,0,0,1126,0,0,0,33,0
58__58A__RDC__2.0__48H,0,0,0,0,0,0,184,23,0,0,0,0,0,0,3930,0,0,0,0,3118,12,7139,0,10090,0,0,0,0,0,0,0,0,0,0,5249,1525,0,146,0,0,0,0,0,1142,286,0,0,0,0,0,91,82,686,0,2655,0,0,0,45,374,0,0,0,0,0,0,0,890,30,0,0,0,25,31,0,0,0,1655,73,0,0,0,0,0,0,58,0,0,0,0,0,0,0,59,0,0,0,0,0,0,0,0,0,1643,12222,0,72,0,0,0,0,0,0,252,0,0,0,0,0,0,225,32,145,0,158,0,0,0,0,0,0,57,0,11,1185,0,0,0,0,0,77,0,0,0,0,0,0,0,0,203,0,0,0,0,0,0,0,0,1936,0,0,0,33,132,65,0,0,0,0
58__58A__SDC__1.0__0H,0,0,0,74,290,0,0,0,0,0,0,111,0,0,1547,0,0,37,0,27,0,13093,0,7230,0,0,0,0,0,0,0,0,0,0,585,1353,0,49,0,0,13,39,0,875,189,212,0,0,0,0,16,65,2418,0,0,73,60,0,0,12,0,0,0,11,33,0,0,0,0,0,42,0,189,0,0,0,0,700,0,0,39,0,0,0,13,0,0,0,0,0,11,0,0,0,0,0,12,0,41,0,269,0,0,0,0,0,0,102,0,0,51,61,76,0,13,12,0,0,16,0,0,3619,20,0,28,1192,0,0,0,0,0,0,0,63,88,94,0,173,0,0,1121,0,120,0,0,0,0,0,0,665,0,42,0,0,1487,0,302,0,2235,0,0,0,0,939,0,0,0,42,0
58__58A__SDC__1.0__48H,0,0,0,0,0,0,195,121,0,0,0,0,0,0,699,0,0,0,0,3219,109,875,209,15231,0,0,0,0,0,0,0,0,0,0,4615,152,136,26,0,0,0,0,0,507,128,28,0,11,0,0,61,77,126,0,298,0,0,0,24,812,0,0,0,0,0,0,0,101,15,0,18,0,16,18,0,0,0,2430,16,0,0,0,0,0,0,16,0,0,0,0,0,0,0,0,49,0,0,0,0,0,0,0,0,2863,11269,0,118,0,0,0,0,0,0,194,0,0,0,0,0,0,1461,44,150,0,141,0,0,0,0,0,0,19,0,26,579,0,20,0,0,0,70,18,0,0,0,0,0,0,0,804,0,0,0,0,103,0,0,0,2515,0,0,11,22,366,28,0,0,0,0
58__58A__SDC__2.0__0H,0,0,0,80,311,0,14,0,0,0,0,85,0,0,1694,12,0,59,0,25,0,13781,0,8156,0,0,0,0,0,0,0,0,0,0,675,1324,11,49,0,0,0,40,0,993,236,257,0,0,0,0,38,80,2601,14,0,87,48,0,0,15,16,0,0,0,36,0,0,0,0,0,68,0,190,0,0,0,0,756,0,0,38,0,0,0,109,0,11,0,0,0,12,0,13,0,0,0,0,0,56,0,288,0,0,0,0,0,0,146,0,0,74,66,111,0,15,0,0,0,0,0,0,4121,32,0,27,1216,0,0,0,12,0,0,0,75,83,97,0,189,0,0,1173,0,117,0,0,0,0,0,0,613,0,34,13,0,1607,0,348,0,2390,0,0,0,0,1093,0,0,0,32,0
58__58A__SDC__2.0__48H,0,0,0,0,0,0,25,15,0,0,0,0,0,0,849,0,0,0,0,1602,26,2116,14,15033,0,0,0,0,0,0,0,0,0,0,6275,41,13,25,0,0,0,0,0,380,168,0,0,0,0,0,66,100,72,0,1123,0,0,0,26,5893,0,0,0,0,0,0,0,100,0,0,0,0,35,15,0,0,0,1426,32,0,0,0,0,0,0,0,0,0,0,0,0,0,0,0,0,0,0,0,0,0,0,0,0,1139,18654,0,86,0,0,0,0,0,0,401,0,0,0,0,0,0,108,46,133,0,96,0,0,0,0,0,0,0,0,12,1855,0,13,0,0,0,27,0,0,0,0,0,0,0,0,89,0,0,0,0,110,0,0,0,2876,0,0,62,12,135,0,0,0,0,0
58__58B__No Added Carb__1.0__0H,0,0,0,25,49,0,0,0,0,0,0,0,0,0,1045,0,0,0,0,0,0,8960,0,5831,0,0,0,0,0,0,0,0,0,0,0,6053,0,654,0,0,0,0,0,1132,45,0,0,0,0,0,23,26,4221,0,700,0,0,0,0,712,0,0,0,0,0,0,0,0,0,0,0,0,0,0,0,0,0,4292,0,0,30,0,41,0,49,0,0,0,0,0,0,0,0,0,0,0,0,0,16,0,199,0,0,0,0,0,0,0,0,0,0,0,0,0,0,0,0,0,0,0,0,0,0,0,158,0,0,0,0,0,0,0,0,695,1714,0,0,0,0,0,0,0,0,0,0,0,0,0,0,0,0,0,0,0,636,0,50,0,1512,0,0,0,0,203,0,0,0,0,0
58__58B__No Added Carb__1.0__48H,0,0,0,0,0,0,10990,0,0,0,0,0,0,0,223,0,98,0,17,0,0,562,0,3465,0,0,0,0,0,0,0,0,0,0,23955,24,25,0,0,0,0,0,0,12,1578,218,0,0,0,0,61,14,211,0,36,0,0,14,525,135,0,0,0,0,0,0,0,0,0,0,0,0,636,0,0,0,0,3185,21,0,14,0,0,0,0,0,0,0,0,0,0,0,0,0,0,0,0,0,0,0,0,1708,0,0,0,0,0,0,0,0,0,0,0,0,0,0,0,0,0,0,0,303,610,0,46,0,0,0,0,0,0,0,0,58,681,0,0,15,0,0,63,191,0,0,0,0,0,0,0,227,0,0,0,0,531,0,0,0,8320,0,0,0,0,610,0,0,0,0,0
58__58B__RDC__1.0__0H,0,0,0,42,0,0,0,0,0,0,0,0,0,0,1123,0,0,0,0,0,0,914,0,30488,0,0,0,0,0,2299,0,0,0,0,0,374,0,532,0,0,0,0,0,1112,108,0,0,0,0,0,0,0,4041,0,1202,265,0,0,0,2244,0,0,0,0,18,0,0,0,0,0,0,0,0,0,0,0,0,1960,0,0,42,0,0,0,98,0,0,0,0,0,0,0,0,0,0,0,0,0,0,0,266,0,0,0,0,0,0,0,0,0,0,0,0,0,0,0,0,0,0,0,0,548,462,0,237,0,0,0,0,0,0,0,0,667,518,0,0,0,0,0,17,0,0,0,0,0,0,0,0,104,18,0,0,0,341,0,146,0,1489,0,0,0,0,1650,0,0,0,0,0
58__58B__RDC__1.0__48H,0,0,0,11,0,0,9717,514,0,0,0,0,0,0,338,0,0,0,22,8495,0,980,0,9380,0,0,0,0,0,0,0,0,0,0,11796,146,20,0,0,0,0,0,0,182,1427,0,0,0,0,0,107,0,68,0,0,55,0,0,838,272,0,0,0,0,0,0,0,0,0,0,0,0,1492,0,0,0,0,2866,28,0,16,0,0,0,0,0,0,0,0,0,0,0,0,0,147,0,0,0,11,0,0,549,0,575,0,0,0,0,0,0,0,0,0,0,0,0,0,0,0,0,0,186,599,0,259,0,0,0,0,0,0,0,0,50,785,0,0,0,0,0,41,137,0,0,0,0,0,0,0,528,0,0,0,0,467,0,0,0,3549,0,0,0,0,430,0,0,0,0,0
58__58B__RDC__2.0__0H,0,0,0,24,57,0,0,0,0,0,0,0,0,0,1166,0,0,0,0,0,0,11104,0,5990,0,0,0,0,0,0,0,0,0,0,0,6821,0,719,0,0,0,0,0,1377,30,0,0,0,0,0,29,18,4656,0,748,0,0,0,0,797,0,0,0,0,0,0,0,0,0,0,0,0,0,0,0,0,0,5237,0,0,36,0,67,0,67,0,0,0,0,0,0,0,0,0,0,0,0,0,0,0,63,0,0,0,0,0,0,0,0,0,0,0,0,0,0,0,0,0,0,0,0,0,0,0,138,0,0,0,0,0,0,0,0,803,1929,0,0,0,0,0,0,0,0,0,0,0,0,0,0,0,17,0,0,0,680,0,75,0,1647,0,0,0,0,237,0,0,0,0,0
58__58B__RDC__2.0__48H,0,0,0,0,0,0,936,0,0,0,0,0,0,0,81,0,0,0,46,0,0,60624,0,3584,0,0,0,0,0,0,0,0,0,0,17094,0,0,0,0,0,0,0,0,14,519,31,0,0,0,0,0,155,73,0,197,0,0,0,65,903,0,0,0,0,0,0,0,0,0,0,0,0,589,0,0,0,0,563,0,0,33,0,0,0,0,0,0,0,0,0,0,0,0,0,0,0,0,0,0,0,0,1266,0,0,0,0,0,0,1309,0,0,0,0,0,0,0,0,0,0,0,0,632,64,0,13,0,23,0,0,0,0,0,0,260,893,0,0,37,0,0,188,13,0,0,0,0,0,0,0,17,0,0,0,0,55,0,0,0,1239,0,0,0,0,38,0,21,0,23,0
58__58B__SDC__1.0__0H,0,0,0,23,46,0,0,0,0,0,0,0,0,0,1151,0,0,0,0,0,0,10977,0,5901,0,0,0,0,0,0,0,0,0,0,0,8254,0,827,0,0,0,11,0,1545,71,0,0,0,0,0,36,25,4993,0,827,0,0,0,0,808,0,0,0,0,0,0,0,0,0,0,0,0,0,0,0,0,0,5583,0,0,52,0,54,0,69,0,0,0,0,0,0,0,0,0,0,0,0,0,0,0,71,0,0,0,0,0,0,0,0,0,0,0,0,0,0,0,0,0,0,0,0,0,0,0,188,0,0,0,0,0,0,0,0,706,2153,0,0,0,0,0,0,0,0,0,0,0,0,0,0,0,0,0,0,0,781,0,69,0,1699,0,0,0,0,280,0,0,0,0,0
58__58B__SDC__1.0__48H,0,0,0,0,0,0,10142,0,0,0,0,0,0,0,538,0,0,0,0,0,0,1265,0,8013,0,0,0,0,0,0,0,0,0,0,25361,52,18,0,0,0,0,0,0,59,1503,195,0,0,0,0,0,1960,259,0,1433,11,0,0,428,5990,0,0,0,0,0,0,0,0,0,0,0,0,1869,0,0,0,0,3693,35,0,0,0,0,0,0,0,0,0,0,0,0,0,0,0,0,0,0,0,0,0,0,382,0,0,0,0,0,0,0,0,0,0,0,0,0,0,0,0,0,0,0,239,597,0,79,0,0,0,0,0,0,0,0,69,834,0,0,0,0,0,74,158,0,0,0,0,0,0,0,190,0,0,0,0,535,0,0,0,9113,0,0,0,0,413,0,89,0,0,0
58__58B__SDC__2.0__0H,0,0,0,29,52,0,0,0,0,0,0,0,0,0,1256,0,0,0,0,0,0,10564,0,6895,0,0,0,0,0,0,0,0,0,0,0,7070,0,801,0,0,0,0,0,1387,55,0,0,0,0,0,30,22,5045,0,848,0,0,0,0,824,0,0,0,0,0,0,0,0,0,0,0,0,0,0,0,0,0,5133,0,0,48,0,57,0,59,0,0,0,0,0,0,0,0,0,0,0,0,0,0,0,56,0,0,0,0,0,0,0,0,0,0,0,0,0,0,0,0,0,0,0,0,0,12,0,173,0,0,0,0,0,0,0,0,954,1977,0,0,0,0,0,0,0,0,0,0,0,0,0,0,0,11,0,0,0,665,0,60,0,1785,0,0,0,0,258,0,0,0,0,0
58__58B__SDC__2.0__48H,0,0,0,0,0,0,0,0,0,0,0,0,0,0,4121,0,0,0,124,0,0,26101,0,20273,0,0,0,0,0,0,0,0,0,0,23784,0,0,0,0,0,0,0,0,701,1420,0,0,0,0,0,0,0,0,0,2225,0,0,0,0,4814,0,0,0,0,0,0,0,0,0,0,0,0,243,0,0,0,0,39,26,0,29,0,0,0,0,0,0,0,0,0,0,0,0,0,0,0,0,0,0,0,0,921,0,0,0,0,0,0,74,0,0,0,0,0,0,0,0,0,0,0,0,350,175,0,0,0,0,0,0,0,0,0,0,163,946,0,0,17,0,0,116,0,0,0,0,0,0,0,0,0,0,0,0,0,0,0,0,0,13,0,0,0,0,0,0,0,0,0,0
66__66A__No Added Carb__1.0__0H,0,0,0,15,26,0,0,0,0,0,0,0,0,0,1085,0,0,0,0,0,0,5108,0,22747,0,0,0,0,0,0,0,0,0,0,0,1208,0,631,0,0,0,0,0,1159,0,0,0,0,0,0,13,0,3936,0,39,0,0,0,0,176,0,0,0,0,24,0,0,460,0,0,0,0,0,0,0,0,0,718,0,0,17,0,0,0,732,0,0,0,0,0,0,0,0,0,0,0,0,0,31,0,133,0,0,0,0,0,0,0,0,0,0,0,0,0,0,0,0,0,0,0,0,303,221,0,42,38,0,0,190,0,56,0,0,297,932,0,0,0,0,0,0,0,0,0,0,0,0,0,0,88,17,0,0,0,510,0,369,0,4975,0,0,0,0,1263,0,0,0,0,0
66__66A__No Added Carb__1.0__48H,0,0,0,0,0,153,837,0,0,0,0,0,0,0,173,52,0,0,0,11473,46,5127,0,4586,0,0,0,0,125,0,0,0,0,0,10649,2074,0,629,1558,0,0,0,66,1217,324,102,0,0,0,221,0,519,388,0,922,0,0,0,0,1169,0,0,44,0,0,55,0,124,0,0,228,0,0,0,103,0,0,1246,0,0,0,0,0,0,0,544,0,0,0,0,0,392,0,0,0,0,0,0,16,0,0,0,1106,1915,12448,0,56,0,0,0,0,0,0,0,0,0,222,0,0,0,1079,512,0,0,0,0,0,0,0,0,55,2897,41,3440,2100,0,431,0,0,0,75,0,0,0,0,496,0,0,0,26,0,0,0,0,0,0,0,0,1647,0,0,0,0,1560,0,0,0,0,0
66__66A__RDC__1.0__0H,0,0,0,68,235,0,33,0,0,0,0,0,0,0,2307,0,0,0,0,0,0,2516,0,26566,0,0,0,0,0,0,11,0,0,0,366,3081,0,365,0,0,0,29,0,1460,28,0,0,0,0,0,11,0,3109,0,320,116,0,0,0,1264,0,0,0,0,31,0,0,0,0,0,0,0,551,0,0,0,0,1602,0,0,16,0,0,0,140,0,0,0,0,0,0,0,0,0,0,0,0,0,0,0,26,0,0,0,0,0,0,0,0,0,199,0,0,0,0,0,0,0,0,0,0,630,34,0,50,2844,0,0,0,0,0,0,0,1289,1442,0,0,170,0,0,349,0,0,0,0,0,0,0,0,274,0,0,0,0,219,0,125,0,2468,0,0,0,0,892,0,0,0,13,0
66__66A__RDC__1.0__48H,0,0,0,13,23,0,22,595,0,0,0,0,16,0,332,983,0,0,0,5078,122,1989,287,4864,0,0,0,0,15,0,0,28,0,0,16181,2905,0,35,0,0,0,0,0,657,169,32,0,86,0,427,0,52,371,0,329,0,0,0,77,0,46,0,0,0,12,0,0,26,66,0,0,0,29,0,0,0,0,2796,0,0,0,0,0,0,0,37,0,0,0,0,0,14,0,0,124,0,0,0,12,0,0,0,0,4605,24965,0,440,0,0,0,0,0,0,321,0,0,0,0,0,0,420,1424,0,0,415,46,0,0,314,0,0,4253,0,151,2161,26,32,17,0,0,297,0,0,0,0,0,0,0,0,265,0,0,0,0,28,0,12,0,2028,0,0,0,0,1210,58,0,0,27,0
66__66A__RDC__2.0__0H,0,0,0,30,29,0,0,0,0,0,0,0,0,0,982,0,0,0,0,0,0,4010,0,14545,0,0,0,0,0,0,0,0,0,0,0,1438,0,608,0,0,0,0,0,881,0,0,0,0,0,0,16,14,2473,0,45,0,0,0,0,163,0,0,0,0,19,0,0,1083,0,0,0,0,0,0,0,0,0,743,0,0,49,0,0,0,535,0,0,0,0,0,0,0,0,0,0,0,0,0,0,0,157,0,0,0,0,0,0,0,0,0,0,0,0,0,0,0,0,0,0,0,0,275,276,0,57,78,0,0,262,0,122,0,0,475,859,0,0,0,0,0,0,0,0,0,0,0,0,0,0,109,16,0,0,0,734,0,292,0,3700,0,0,0,0,1181,0,0,0,0,0
66__66A__RDC__2.0__48H,0,0,0,0,0,0,0,0,0,0,0,0,0,0,207,0,0,0,0,13,0,26790,0,320,0,0,0,0,0,0,0,0,0,0,10652,3698,0,0,0,0,0,0,0,171,0,0,0,23,0,0,0,0,21,0,50,0,0,0,0,17,0,0,0,0,0,0,0,0,0,0,0,0,22,0,0,0,0,0,0,0,0,0,0,0,0,0,0,0,0,0,0,0,0,0,0,0,0,0,0,0,0,0,0,0,13457,0,0,0,0,0,0,0,0,0,0,0,0,0,0,0,0,905,0,0,0,0,0,0,65,0,0,2273,0,16,320,0,0,12,0,0,200,0,0,0,0,0,0,0,0,0,0,0,0,0,0,0,0,0,13,0,0,0,0,0,0,0,0,14,0
66__66A__SDC__1.0__0H,0,0,0,45,27,0,0,0,0,0,0,0,0,0,1636,0,0,0,0,0,0,5697,0,21587,0,0,0,0,0,0,0,0,0,0,0,1966,0,899,0,0,0,0,0,1430,0,0,0,0,0,0,17,21,4732,0,80,0,0,0,0,227,0,0,0,0,24,0,0,1366,0,0,0,0,11,0,0,0,0,965,0,13,43,0,0,0,980,0,0,0,0,0,0,0,0,0,0,0,0,0,0,14,216,0,0,0,0,0,0,0,0,0,0,0,0,0,0,0,0,0,0,0,0,373,354,0,49,137,0,0,250,0,203,0,0,646,1070,0,0,0,0,0,0,0,0,0,0,0,0,0,0,147,0,0,0,0,775,0,345,0,5549,0,0,0,0,1784,0,0,0,0,0
66__66A__SDC__1.0__48H,0,0,0,0,0,0,0,0,0,0,0,0,0,0,146,0,0,0,0,1491,0,10115,0,3578,0,0,0,0,0,22,0,0,0,0,9655,4714,0,52,0,0,0,35,0,1120,12,0,0,133,0,0,0,36,378,0,1910,0,0,0,0,5401,0,0,0,0,0,0,0,382,0,0,0,0,0,0,0,0,0,160,0,0,0,0,0,0,0,2096,0,0,0,0,0,0,0,0,0,0,0,0,0,0,0,0,0,786,14241,0,0,0,0,0,0,0,0,167,0,0,0,0,0,0,0,688,0,0,111,86,0,0,110,0,0,7722,0,108,784,23,0,0,0,0,156,0,0,0,0,0,0,0,0,0,0,0,0,0,18,0,0,0,3116,0,0,26,0,647,0,0,0,13,0
66__66A__SDC__2.0__0H,0,0,0,11,0,0,0,0,0,0,0,0,0,0,791,0,0,0,0,0,0,2608,0,28043,0,0,0,0,0,0,0,0,0,0,0,380,0,436,0,0,0,0,0,1293,0,0,0,0,0,0,0,0,3133,0,69,0,0,0,0,182,0,0,0,0,14,0,0,293,0,0,0,0,0,0,0,0,0,812,0,0,18,0,0,0,598,0,0,0,0,0,0,0,0,0,0,0,0,0,0,0,54,0,0,0,0,0,0,0,0,0,0,0,0,0,0,0,0,0,0,0,0,238,307,0,23,43,0,0,51,0,17,0,0,239,623,0,0,0,0,0,0,0,0,0,0,0,0,0,0,64,0,0,0,0,251,0,274,0,4381,0,0,0,0,986,0,0,0,0,0
66__66A__SDC__2.0__48H,0,0,0,0,15,0,53,274,0,0,0,0,0,0,158,980,0,0,0,3028,62,2518,509,3821,0,0,0,0,0,0,0,11,0,0,8118,2645,0,62,0,0,0,0,0,463,99,0,0,58,0,111,0,63,150,0,233,0,0,0,53,349,0,0,0,0,0,0,0,19,30,0,0,0,17,0,0,0,0,1591,0,0,0,0,0,0,12,231,0,0,0,0,0,0,0,0,83,0,0,0,42,0,0,0,0,4069,16917,0,145,0,0,0,0,0,0,158,0,0,0,0,0,0,313,794,0,0,315,39,0,0,191,0,11,4078,0,210,1482,17,81,0,0,0,146,0,0,0,0,0,0,0,0,170,0,0,0,0,16,0,0,0,741,0,0,0,0,1804,32,0,0,0,0
66__66B__No Added Carb__1.0__0H,0,0,0,0,125,0,164,80,0,0,12,0,0,0,1360,135,0,0,0,421,0,7751,19,17522,0,0,0,0,0,0,0,0,0,0,0,2757,0,1565,0,0,0,336,0,1374,14,0,0,0,0,0,0,0,3849,0,7461,0,0,0,0,5765,0,0,0,0,27,0,0,64,0,0,0,0,20,0,0,0,0,1729,0,0,11,0,0,0,496,0,0,0,0,0,0,0,0,0,0,0,0,0,12,0,168,0,0,81,0,0,0,0,0,0,0,0,0,0,0,0,0,0,11,0,0,2060,170,0,180,6107,0,0,14,0,0,0,0,103,2454,0,0,0,0,0,14,0,0,0,0,0,0,0,0,806,11,0,29,0,781,0,132,0,1390,0,0,0,0,1563,0,0,0,90,0
66__66B__No Added Carb__1.0__48H,0,0,0,0,0,0,0,192,0,0,0,0,45,0,40,293,0,0,0,1675,43,1916,33,679,0,0,0,9067,13,0,0,40,0,0,4636,5378,0,125,0,0,0,0,0,539,77,0,0,81,0,144,0,0,117,0,644,0,0,0,372,31,0,0,0,0,0,0,0,119,27,0,0,0,1933,19,0,0,0,3019,0,0,0,0,0,0,0,0,0,0,0,0,0,0,0,0,44,0,0,0,0,0,39,0,0,815,0,0,690,0,0,0,0,0,0,116,0,0,0,0,0,0,0,1289,0,0,199,0,0,0,132,0,0,7852,0,65,1248,0,0,13,0,0,241,0,0,0,0,0,0,0,0,149,0,0,0,0,34,0,0,0,846,0,0,0,0,533,0,0,0,20,0
66__66B__RDC__1.0__0H,0,0,0,34,66,0,19,0,0,0,0,0,0,0,3125,0,0,0,0,0,0,1320,0,15934,0,0,0,0,0,0,17,0,0,0,357,5106,0,534,0,0,0,55,0,1756,36,0,0,0,0,0,0,0,3423,0,355,0,0,0,0,383,0,0,0,0,15,0,0,0,0,0,0,0,273,0,0,0,0,1881,0,0,37,0,0,0,182,0,0,0,0,0,0,0,0,0,0,0,0,0,0,0,202,0,0,0,0,0,0,0,0,0,298,0,0,0,0,0,0,0,0,0,0,48,24,0,103,2726,0,0,0,0,0,0,0,308,1675,0,0,0,0,0,68,0,0,0,0,0,0,0,0,176,0,0,0,0,276,0,91,0,669,0,0,0,0,487,0,0,0,45,0
66__66B__RDC__1.0__48H,0,0,0,24,0,0,63,180,0,0,0,0,0,0,0,0,0,0,0,1521,27,30845,0,740,0,0,0,1678,0,0,0,0,0,0,5959,4418,0,75,0,0,0,0,0,425,56,0,0,244,0,33,0,2153,0,0,389,0,0,0,55,26,0,0,0,0,0,0,0,160,0,0,0,0,1176,0,0,0,0,532,0,0,22,0,0,0,0,0,0,0,0,0,0,0,0,0,60,0,0,0,12,0,25,0,0,362,0,0,159,0,0,0,0,0,0,0,0,0,0,0,0,0,0,1558,16,0,57,97,0,0,54,0,0,11588,0,97,1125,0,0,19,0,0,348,0,0,0,0,0,0,0,0,72,0,0,0,0,19,0,0,0,538,0,0,16,0,230,0,0,33,25,0
66__66B__RDC__2.0__0H,0,0,0,0,104,0,146,33,0,0,0,0,0,0,1396,86,0,0,0,247,0,6447,0,13567,0,0,0,0,0,0,0,0,0,0,0,2111,0,1424,0,0,0,334,0,1155,21,0,0,0,0,0,0,0,3504,0,4997,0,0,0,0,4177,0,0,0,0,16,0,0,63,0,0,0,0,0,0,0,0,0,1415,0,0,0,0,0,0,424,0,0,0,0,0,0,0,0,0,0,0,0,0,0,0,99,0,0,51,0,0,0,0,0,0,0,0,0,0,0,0,0,0,0,0,0,1199,127,0,142,5426,0,0,11,0,0,0,0,59,2357,0,0,0,0,0,0,0,0,0,0,0,0,12,0,633,15,0,18,0,693,0,159,0,1177,0,0,0,0,1292,0,0,0,75,0
66__66B__SDC__1.0__0H,0,0,0,0,84,0,121,59,0,0,0,0,0,0,1100,83,0,0,0,325,0,5780,11,13798,0,0,0,0,0,0,0,0,0,0,0,1691,0,1155,0,0,0,221,0,925,0,0,0,0,0,0,0,0,2895,0,5166,0,0,0,0,4396,0,0,0,0,12,0,0,59,0,0,0,0,13,0,0,0,0,1224,0,0,0,0,0,0,429,0,0,0,0,0,0,0,0,0,0,0,0,0,0,0,89,0,0,61,0,0,0,0,0,0,0,0,0,0,0,0,0,0,0,0,0,1698,120,0,123,4978,0,0,0,0,0,0,0,93,1763,0,0,0,0,0,0,0,0,0,0,0,0,0,0,618,22,0,28,0,506,0,101,0,1108,0,0,0,0,1258,0,0,0,64,0
66__66B__SDC__1.0__48H,0,0,0,19,0,0,24,350,0,0,0,0,58,0,17,1073,0,0,0,2756,119,2857,0,1177,0,0,0,7450,27,0,0,29,0,0,3803,9122,0,471,0,0,0,0,17,798,172,0,0,117,0,72,0,286,24,0,941,0,0,0,522,31,0,0,0,0,0,0,0,309,42,0,0,0,1789,0,0,0,0,2743,0,0,17,0,0,0,0,0,0,0,0,0,0,32,0,0,64,0,0,0,23,0,27,593,0,1527,14,0,566,0,0,0,0,0,0,19,0,0,0,0,0,0,0,1486,14,0,252,46,0,0,225,0,0,13669,0,73,2077,0,0,21,0,0,274,0,0,0,0,0,0,0,0,245,0,0,0,0,0,0,0,0,998,0,0,0,0,999,29,0,0,19,0
66__66B__SDC__2.0__0H,0,0,0,0,70,0,79,23,0,0,0,0,0,0,1222,65,0,0,0,211,0,5377,11,13378,0,0,0,0,0,0,0,0,0,0,0,1837,0,1251,0,0,0,243,0,1101,13,0,0,0,0,0,0,0,3021,0,4795,0,0,0,0,4182,0,0,0,0,0,0,0,61,0,0,0,0,20,0,0,0,0,1316,0,0,0,0,0,0,353,0,0,0,0,0,0,0,0,0,0,0,0,0,0,0,112,0,0,41,0,0,0,0,0,0,0,0,0,0,0,0,0,0,12,0,0,1194,136,0,93,4743,0,0,16,0,0,0,0,73,1812,0,0,0,0,0,0,0,0,0,0,0,0,0,0,454,18,0,16,0,528,0,112,0,1095,0,0,0,0,1125,0,0,0,63,0
67__67A__No Added Carb__1.0__0H,0,0,0,27,0,0,70,0,0,0,0,0,0,0,1427,0,0,0,0,0,0,18359,0,3622,0,0,0,0,0,176,0,0,0,0,633,3295,0,316,0,0,0,0,0,1534,0,0,0,0,71,0,0,0,541,0,0,0,0,0,0,761,0,0,0,0,0,0,0,398,0,24,0,0,1345,0,0,0,0,769,0,0,0,0,0,0,299,0,0,1731,0,0,0,0,0,0,0,0,0,0,0,0,11,0,0,0,0,0,0,0,0,0,0,0,0,0,0,0,0,0,0,0,0,2617,0,0,0,21,199,0,54,0,26,0,0,26,486,0,0,702,0,0,680,0,0,0,0,0,0,0,0,77,682,0,0,0,0,0,275,0,429,0,0,0,0,282,0,0,0,1115,0
67__67A__No Added Carb__1.0__48H,0,0,0,0,0,0,2708,0,0,52,0,0,0,0,108,0,0,0,0,4280,0,5017,0,4792,0,0,29,0,0,21,0,0,0,0,4242,1435,0,413,0,0,0,0,0,692,0,0,0,43,0,0,18,6097,438,0,269,0,0,0,54,3220,0,0,0,0,0,0,0,1586,0,0,0,0,891,0,0,0,0,193,0,0,0,0,0,0,12,0,0,41,0,0,0,0,0,0,0,0,0,0,0,0,0,0,0,1734,0,0,0,0,0,0,0,0,0,410,0,0,0,0,0,0,0,514,271,0,0,0,23,0,0,0,169,0,0,0,442,0,241,86,0,0,157,0,0,0,0,0,0,0,0,0,213,0,0,0,14,0,21,0,299,0,0,0,0,722,0,0,0,228,0
67__67A__RDC__1.0__0H,0,0,0,17,0,0,72,0,0,0,0,0,0,0,1755,0,0,0,0,0,0,23434,0,5007,0,0,0,0,0,151,0,0,0,0,829,3216,0,310,0,0,0,0,0,2163,0,0,0,0,79,0,0,0,650,0,20,0,0,0,0,1020,0,0,0,0,0,0,0,388,0,37,0,0,1850,0,0,0,0,975,0,0,0,0,0,0,332,0,0,2071,0,0,0,0,0,0,0,0,0,0,0,0,11,0,0,0,0,0,0,0,0,0,0,0,0,0,0,0,0,0,0,0,0,3129,11,0,18,44,301,0,36,0,23,0,0,23,508,0,0,1003,0,0,755,0,0,0,0,0,0,0,0,108,662,0,0,0,0,0,275,0,542,0,0,0,0,339,0,0,0,1413,0
67__67A__RDC__2.0__0H,0,0,0,29,0,0,55,0,0,0,0,0,0,0,1671,0,0,0,0,0,0,19907,0,3987,0,0,0,0,0,196,0,0,0,0,796,3539,0,316,0,0,0,0,0,1797,0,0,0,0,67,0,0,0,531,0,11,0,0,0,0,918,0,0,0,0,0,0,0,393,0,28,0,0,1585,0,0,0,0,795,0,0,0,0,0,0,343,0,0,1799,0,0,0,0,0,0,0,0,0,0,0,0,11,0,0,0,0,0,0,0,0,0,0,0,0,0,0,0,0,0,0,0,0,2893,0,0,11,16,289,0,57,0,27,0,0,14,530,0,0,821,0,0,790,0,0,0,0,0,0,0,0,86,758,0,0,0,0,0,245,0,469,0,0,0,0,314,0,0,0,1278,0
67__67A__RDC__2.0__48H,0,0,0,0,0,0,2413,12,0,494,0,0,0,0,217,0,0,0,0,7273,0,9284,0,3621,0,0,0,0,0,98,0,0,0,0,3970,1811,0,0,0,0,0,0,0,1201,0,0,0,0,0,0,46,11068,704,0,459,0,0,0,21,185,0,0,0,0,0,0,0,2547,0,0,0,0,1361,0,0,0,0,502,0,0,0,0,0,0,19,0,0,20,0,0,0,0,0,0,0,0,0,0,12,0,0,0,0,845,30,0,0,0,0,0,0,0,0,399,0,0,0,0,0,0,0,809,482,0,24,0,33,0,11,0,200,0,0,0,829,0,506,92,0,0,245,0,0,0,0,0,0,0,0,0,283,0,0,0,0,0,48,0,995,0,0,0,0,147,0,0,0,351,0
67__67A__SDC__1.0__0H,0,0,0,47,0,0,102,0,0,0,0,0,0,0,2088,0,0,0,0,0,0,26219,0,5215,0,0,0,0,0,205,0,0,0,0,871,4648,0,420,0,0,0,0,0,2389,0,0,0,0,91,0,0,0,727,0,18,0,0,0,0,1135,0,0,0,0,0,0,0,550,0,41,0,0,2018,0,0,0,0,1035,0,0,0,0,0,0,416,0,0,2555,0,0,0,0,0,0,0,0,0,0,0,0,11,0,0,0,0,0,0,0,0,0,0,0,0,0,0,0,0,0,0,0,0,3645,13,0,17,29,354,0,72,0,31,0,0,16,685,0,0,1049,0,0,997,0,0,0,0,0,0,0,0,118,976,0,0,0,0,0,370,0,655,0,0,0,0,392,0,0,0,1558,0
67__67A__SDC__1.0__48H,39,0,0,0,0,0,3581,33,0,0,0,0,15,0,155,21,0,0,0,6616,14,6263,0,4778,0,0,42,0,0,0,0,0,0,0,5917,1621,0,150,0,0,0,0,0,173,106,0,0,0,18,0,35,16003,186,0,111,0,0,0,269,366,0,0,0,0,0,0,0,685,0,0,0,0,2041,0,0,0,0,176,0,0,0,0,0,0,19,0,0,120,0,0,0,0,0,53,0,0,0,0,25,0,0,53,0,1661,177,0,51,0,0,0,0,0,0,173,0,0,0,0,0,0,0,1675,18,0,158,0,72,0,13,0,317,0,0,0,218,0,165,129,0,0,402,0,0,0,0,0,0,0,0,13,341,0,0,0,233,0,83,0,536,0,0,0,0,580,0,0,0,530,0
67__67A__SDC__2.0__0H,0,0,0,33,0,0,96,0,0,0,0,0,0,0,2001,0,0,0,0,0,0,25951,0,4974,0,0,0,0,0,198,0,0,0,0,1007,4802,0,390,0,0,0,0,0,2375,0,0,0,0,85,0,0,0,737,0,12,0,0,0,0,1060,0,0,0,0,0,0,0,526,0,43,0,0,2013,0,0,0,0,1097,0,0,0,0,0,0,370,0,0,2334,0,0,0,0,0,0,0,0,0,0,0,0,13,0,0,0,0,0,0,0,0,0,0,0,0,0,0,0,0,0,0,0,0,3716,0,0,16,28,340,0,63,0,37,0,0,31,566,0,0,1040,0,0,1063,0,0,0,0,0,0,0,0,142,994,0,0,0,0,0,366,0,579,0,0,0,0,351,0,0,0,1645,0
67__67A__SDC__2.0__48H,0,0,0,0,0,0,3106,51,0,0,0,0,21,0,78,383,0,0,0,5286,12,5581,0,1561,0,0,76,0,0,0,0,0,0,0,10915,1789,0,166,0,0,0,0,0,144,259,0,0,0,25,0,25,9544,226,0,34,0,0,11,343,93,0,0,0,0,0,0,0,349,0,0,0,0,2218,0,0,0,0,343,0,0,0,0,0,0,13,0,0,144,0,0,0,0,0,20,0,0,0,0,47,0,0,1166,0,411,0,0,0,0,0,173,0,16,0,151,0,0,0,0,0,0,0,1533,0,0,598,0,98,0,29,0,156,0,0,0,108,0,225,328,0,0,466,0,0,0,0,0,0,0,0,45,304,0,0,0,211,0,242,0,570,0,0,0,0,527,14,0,0,561,0
67__67B__No Added Carb__1.0__0H,0,0,0,18,99,0,0,0,0,0,0,0,0,0,1142,0,0,0,0,0,0,597,0,13833,0,0,0,0,0,0,0,0,0,0,43,2173,0,917,0,0,0,0,0,1215,27,0,0,0,0,0,0,0,2192,0,21,0,0,0,0,1500,0,0,0,0,0,0,0,0,0,0,0,0,52,0,0,0,0,1584,0,38,0,0,0,0,24,0,0,0,0,0,0,0,0,0,0,0,0,0,0,0,22,0,0,0,0,0,0,0,0,0,0,0,0,0,0,0,0,0,0,0,0,11814,83,0,88,0,0,0,0,0,0,0,0,789,349,0,0,0,0,0,0,0,0,0,0,0,0,0,0,0,30,0,0,0,287,0,38,0,2479,0,0,0,0,532,0,0,0,0,0
67__67B__No Added Carb__1.0__48H,0,51,0,0,40,0,360,334,0,0,0,0,0,0,1282,14,0,0,24,5912,0,19757,58,9708,59,0,0,572,0,75,0,0,736,26,1803,3657,0,482,305,0,0,45,0,638,162,0,349,66,0,0,0,9233,1997,0,4397,0,0,0,179,759,0,0,36,0,0,0,0,121,0,0,0,0,237,0,0,19,0,2104,0,4508,14,0,0,0,21,113,0,60,0,0,0,0,0,0,58,0,118,0,0,0,0,0,135,555,1328,0,42,0,0,0,38,67,0,173,0,57,22,0,0,0,115,809,411,73,298,1042,0,0,90,0,0,0,55,844,1366,0,73,394,0,0,184,0,0,0,0,0,0,0,0,114,12,0,0,95,447,0,219,0,2228,0,0,134,0,1562,76,0,55,123,0
67__67B__RDC__1.0__0H,0,0,0,27,40,0,0,0,0,0,0,0,0,0,1234,0,0,0,0,0,0,10251,0,7097,0,0,0,0,0,0,0,0,0,0,0,7404,0,737,0,0,0,0,0,1328,54,0,0,0,0,0,25,27,4966,0,855,0,0,11,0,975,0,0,0,0,0,0,0,0,0,0,0,0,0,0,0,0,0,4901,0,0,37,0,48,0,51,0,0,0,0,0,0,0,0,0,0,0,0,0,15,0,232,0,0,0,0,0,0,0,0,0,0,0,0,0,0,0,0,0,0,0,0,0,0,0,156,0,0,0,0,0,0,0,0,793,2005,0,0,0,0,0,0,0,0,0,0,0,0,0,0,0,12,0,0,0,687,0,58,0,1733,0,0,0,0,225,0,0,0,0,0
67__67B__RDC__1.0__48H,0,0,0,0,14,0,0,226,0,0,0,0,0,0,0,0,0,0,0,4378,0,13945,71,6277,104,0,0,0,0,0,0,0,1447,0,40,4206,0,235,0,0,0,0,0,269,127,0,441,172,0,0,145,5164,261,0,4132,0,0,0,174,47,0,0,0,0,0,0,0,0,20,0,0,0,542,0,0,88,0,3241,0,1164,0,0,0,0,17,31,0,0,0,0,0,0,0,0,0,0,34,0,20,0,0,0,0,302,0,0,0,0,0,0,0,41,0,493,0,29,0,0,0,0,0,0,11,0,181,0,0,0,0,0,0,0,0,54,547,0,0,0,0,0,0,0,0,0,36,0,0,0,0,94,0,0,0,212,30,0,412,0,1411,0,0,37,0,738,28,0,33,13,0
67__67B__RDC__2.0__0H,0,0,0,21,106,0,0,0,0,0,0,0,0,0,1085,0,0,0,0,0,0,860,0,14715,0,0,0,0,0,0,0,0,0,0,58,2495,0,841,0,0,0,0,0,1494,19,0,0,0,0,0,0,0,2987,0,13,0,0,0,0,1504,0,0,0,0,0,0,0,0,0,0,0,0,73,0,0,0,0,1828,0,29,12,0,0,0,35,0,0,0,0,0,0,0,0,0,0,0,0,0,0,0,14,0,0,0,0,0,0,0,0,0,0,0,0,0,0,0,0,0,0,0,0,9097,93,0,82,0,0,0,0,0,0,0,0,1107,405,0,0,0,0,0,0,0,0,0,0,0,0,0,0,0,18,0,0,0,258,0,33,0,2362,0,0,0,0,488,0,0,0,0,0
67__67B__RDC__2.0__48H,0,0,0,0,0,0,0,0,0,0,0,0,0,0,19,0,0,0,0,267,0,23835,0,1010,0,0,0,0,0,0,0,0,35,0,0,1711,0,92,0,0,0,0,0,1917,65,0,0,30,0,0,0,154,115,0,3711,0,0,0,0,34,0,0,0,0,0,0,0,0,0,0,0,0,0,0,0,0,0,39,0,2906,0,0,0,0,0,16374,0,0,0,0,0,0,0,0,0,0,0,0,0,0,0,0,0,20,0,0,0,0,0,0,0,0,0,46,0,0,0,0,0,0,0,0,0,0,222,0,0,0,98,0,0,0,0,24,640,0,0,0,0,0,0,0,0,0,14,0,0,0,0,0,0,0,0,21,0,0,0,0,117,0,0,0,0,112,0,0,0,14,0
67__67B__SDC__1.0__0H,0,0,0,29,124,0,0,0,0,0,0,0,0,0,1629,0,0,0,0,0,0,1068,0,19994,0,0,0,0,0,0,0,0,0,0,65,3653,0,1266,0,0,0,17,0,2092,27,0,0,0,0,0,0,15,3672,0,34,0,0,0,0,2117,0,0,0,0,0,0,0,0,0,0,0,0,114,0,0,0,0,2166,0,50,0,0,0,0,32,0,0,0,0,0,0,0,0,0,0,0,0,0,0,0,28,0,0,0,0,0,0,0,0,0,0,0,0,0,0,0,0,0,0,0,0,17691,114,0,135,0,0,0,0,0,0,0,0,1400,511,0,0,0,0,0,12,0,0,0,0,0,0,0,0,19,44,0,0,0,348,0,79,0,3247,0,0,0,0,734,0,0,0,0,0
67__67B__SDC__1.0__48H,0,0,0,0,12,0,0,245,0,0,0,0,0,0,26,0,0,0,0,3956,0,21784,12,3963,33,0,0,0,0,0,0,0,352,0,0,1459,0,109,0,0,0,0,0,228,29,0,145,83,0,0,31,3361,138,0,3128,0,0,0,88,523,0,0,0,0,0,0,0,0,0,0,0,0,11,0,0,33,0,600,0,3386,0,0,0,0,15,559,0,0,0,0,0,0,0,0,0,0,13,0,0,0,0,0,0,415,0,0,0,0,0,0,0,17,0,175,0,107,0,0,0,0,0,0,0,0,66,0,0,0,0,0,0,0,0,32,226,0,171,0,0,0,0,0,0,0,0,0,0,0,0,17,0,0,0,62,0,0,75,0,786,0,0,121,0,651,0,0,154,27,0
67__67B__SDC__2.0__0H,0,0,0,27,131,0,16,0,0,0,0,0,0,0,1533,0,0,0,0,0,0,1000,0,19170,0,0,0,0,0,0,0,0,0,0,74,3034,0,1118,0,0,0,0,0,1650,20,0,0,0,0,0,0,0,3371,0,30,0,0,0,0,1965,0,0,0,0,0,0,0,0,0,0,0,0,90,0,0,0,0,2055,0,35,16,0,0,0,46,0,0,0,0,0,0,0,0,0,0,0,0,0,0,0,27,0,0,0,0,0,0,0,0,0,0,0,0,0,0,0,0,0,0,0,0,15390,103,0,175,0,0,0,0,0,0,0,0,1123,515,0,0,0,0,0,12,0,0,0,0,0,0,0,0,0,35,0,0,0,313,0,65,0,3309,0,0,0,0,720,0,0,0,0,0
67__67B__SDC__2.0__48H,0,0,0,0,17,0,0,184,0,0,0,0,0,0,60,0,0,0,0,3889,0,18605,23,3909,94,0,0,0,0,0,0,0,926,0,0,2012,0,120,0,0,0,0,0,134,78,0,505,82,0,0,43,5075,193,0,2883,0,0,0,95,260,0,0,0,0,0,0,0,0,14,0,0,0,168,0,0,97,0,630,0,4515,0,0,0,0,12,136,0,0,0,0,0,0,0,0,0,0,21,0,0,0,0,0,0,292,0,0,0,0,0,0,0,29,0,317,0,75,0,0,0,0,0,18,0,0,123,0,0,0,0,0,0,0,0,33,294,0,23,0,0,0,0,0,0,0,12,0,0,0,0,31,0,0,0,145,12,0,195,0,836,0,0,64,0,621,0,0,114,29,0
73__73A__No Added Carb__1.0__0H,0,0,0,61,70,0,41,0,0,0,0,0,0,0,3411,0,0,0,0,0,0,1699,0,18883,0,0,0,0,0,0,11,0,0,0,404,6182,0,626,0,0,0,43,0,2138,18,0,0,0,0,0,0,0,4086,0,434,0,0,0,0,426,0,0,0,0,21,0,0,0,0,0,0,0,281,0,0,0,0,2307,0,0,39,0,0,0,215,0,0,0,0,0,0,0,0,0,0,0,0,0,0,0,190,0,0,0,0,0,0,0,0,0,359,0,0,0,0,0,0,0,0,0,0,53,43,0,100,3443,0,0,0,0,0,0,0,390,2047,0,0,11,0,0,101,0,19,0,0,0,0,0,0,253,0,0,0,0,298,0,109,0,788,0,0,0,0,623,0,0,0,34,0
73__73A__No Added Carb__1.0__48H,26,0,0,21,95,0,881,352,0,0,0,66,31,0,106,95,0,0,0,6213,352,794,0,4421,0,0,0,0,0,0,0,0,0,0,13703,0,21,0,0,0,0,0,32,114,633,0,0,0,0,0,80,204,197,0,80,30,0,14,111,29,0,0,0,0,49,0,0,0,25,0,28,0,167,154,0,0,0,4968,0,0,0,0,0,0,0,0,0,0,0,0,0,0,0,14,161,0,0,0,0,0,0,0,0,2274,17930,0,63,0,0,290,0,188,0,256,0,0,0,0,0,0,404,477,299,0,286,67,0,0,0,0,0,0,0,369,1210,0,20,72,0,0,182,0,0,0,0,0,0,0,0,67,0,0,0,0,0,0,0,0,883,0,0,0,0,1105,90,0,0,0,0
73__73A__RDC__1.0__0H,0,0,0,117,382,0,16,0,0,0,0,147,0,0,2543,11,0,84,0,45,0,20029,0,11829,0,0,0,0,0,0,0,0,0,0,969,2048,23,80,0,0,11,70,0,1313,324,362,0,0,0,0,27,127,3640,18,15,129,63,0,0,19,31,0,0,25,37,0,0,0,0,0,84,0,262,0,0,0,0,1173,0,0,42,0,0,0,0,0,0,0,0,0,12,0,21,0,0,0,16,0,67,0,393,0,0,0,0,0,0,180,0,19,108,132,167,0,21,0,0,0,23,0,0,5754,47,0,44,1957,0,0,0,12,0,0,0,141,141,146,0,249,0,0,1854,0,198,0,0,0,0,0,0,999,0,63,21,0,2468,0,542,0,3636,0,0,0,0,1618,0,12,0,43,0
73__73A__RDC__1.0__48H,0,0,0,12,22,0,558,212,0,0,0,57,16,0,133,75,0,0,0,4371,309,1432,231,3524,0,0,25,0,0,0,0,0,0,0,9003,78,0,15,0,0,0,0,0,150,129,17,0,0,0,0,37,179,51,0,162,0,0,0,0,15,0,0,0,0,19,0,0,41,32,0,0,0,82,168,0,0,0,2354,0,0,0,0,0,0,0,0,0,0,0,0,0,0,0,0,52,0,0,0,0,0,0,0,0,855,24604,0,87,0,0,114,0,105,0,73,0,0,0,0,0,0,206,327,104,0,42,44,0,0,0,0,0,0,0,274,481,0,0,37,0,0,113,0,0,0,0,0,0,0,0,48,0,0,0,0,0,0,0,0,1106,0,0,0,0,1007,56,0,0,0,0
73__73A__RDC__2.0__0H,0,0,0,41,64,0,23,0,0,0,0,0,0,0,3374,0,0,0,0,0,0,1415,0,19114,0,0,0,0,0,0,12,0,0,0,390,4370,0,558,0,0,0,35,0,1911,28,0,0,0,0,0,0,0,3678,0,503,0,0,0,0,416,0,0,0,0,25,0,0,0,0,0,0,0,291,0,0,0,0,2173,0,0,22,0,0,0,215,0,0,0,0,0,0,0,0,0,0,0,0,0,0,0,163,0,0,0,0,0,0,0,0,0,304,0,0,0,0,0,0,0,0,0,0,39,21,0,74,3009,0,0,0,0,0,0,0,306,2069,0,0,0,0,0,72,0,11,0,0,0,0,0,0,141,0,0,0,0,262,0,81,0,761,0,0,0,0,587,0,0,0,13,0
73__73A__RDC__2.0__48H,0,0,0,15,16,0,119,53,0,0,0,0,0,0,1544,0,0,0,0,2161,54,7022,0,4857,0,0,0,0,0,0,0,0,0,0,12494,328,0,94,0,0,0,0,0,1188,131,0,0,0,0,0,20,64,928,0,1378,0,0,0,42,95,0,0,0,0,20,0,0,331,0,0,27,0,1086,217,0,0,0,1015,0,13,0,0,0,0,0,63,0,0,0,0,0,0,0,50,0,0,0,0,0,0,0,0,0,961,21041,0,220,0,0,0,0,0,0,189,0,0,0,0,0,0,46,352,89,0,506,19,0,0,0,0,0,34,0,159,396,0,45,46,0,0,157,0,0,0,0,0,0,0,0,26,0,0,0,0,0,0,0,0,1252,0,0,0,15,252,20,0,0,0,0
73__73A__SDC__1.0__0H,0,0,0,40,82,0,24,0,0,0,0,0,0,0,2955,0,0,0,0,0,0,1454,0,16582,0,0,0,0,0,0,11,0,0,0,332,4947,0,568,0,0,0,40,0,1833,26,0,0,0,0,0,0,0,3600,0,352,0,0,0,0,413,0,0,0,0,22,0,0,0,0,0,0,0,258,0,0,0,0,2014,0,0,27,0,0,0,164,0,0,0,0,0,0,0,0,0,0,0,0,0,0,0,181,0,0,0,0,0,0,0,0,0,394,0,0,0,0,0,0,0,0,0,0,55,43,0,74,3010,0,0,0,0,0,0,0,320,1848,0,0,0,0,0,88,0,15,0,0,0,0,0,0,193,0,0,0,0,313,0,91,0,732,0,0,0,0,559,0,0,0,31,0
73__73A__SDC__1.0__48H,14,0,0,15,63,0,924,287,0,0,0,65,0,11,660,48,0,0,0,5768,351,2955,19,7552,0,0,40,0,0,0,0,0,0,0,9341,222,39,42,0,0,0,0,0,119,201,0,0,0,0,0,63,163,440,0,495,0,0,0,46,687,0,0,0,0,21,0,0,117,42,0,65,0,75,259,0,0,0,2971,0,0,0,0,0,0,0,17,0,14,0,0,0,0,0,0,117,0,0,0,0,0,0,0,0,3409,22464,0,204,0,0,81,41,37,0,196,0,0,0,0,0,0,332,348,219,0,300,48,0,0,0,0,0,0,0,214,978,0,21,26,0,0,102,0,0,0,0,0,0,0,0,134,0,0,0,0,0,0,0,0,2227,0,0,16,16,1560,113,0,0,0,0
73__73A__SDC__2.0__0H,0,0,0,73,108,0,61,0,0,0,0,0,0,0,4039,0,0,0,0,0,0,1947,0,22016,0,0,0,0,0,0,28,0,0,0,560,6764,0,755,0,0,0,70,0,2370,44,0,0,0,0,0,0,0,4702,0,501,0,0,0,0,451,0,0,0,0,42,0,0,0,0,0,0,0,376,0,0,0,0,2715,0,0,38,0,0,0,232,0,0,16,0,0,0,0,0,0,0,0,0,0,0,0,239,0,0,0,0,0,0,0,0,0,484,0,0,0,0,0,0,0,0,0,0,70,63,0,131,3967,0,0,0,0,0,0,0,482,2311,0,0,0,0,0,114,0,15,0,0,0,0,0,0,241,0,0,0,0,382,0,108,0,1032,0,0,0,0,747,0,0,0,33,0
73__73A__SDC__2.0__48H,0,0,0,0,26,0,36,0,0,0,0,14,0,0,244,0,0,0,0,1480,0,1592,0,4672,0,0,0,0,0,0,0,0,0,0,13478,18,0,26,0,0,0,0,0,520,111,0,0,0,0,0,0,18,351,0,1397,0,0,0,24,2753,0,0,0,0,16,0,0,26,11,0,0,0,1198,119,0,0,0,1256,0,0,0,0,0,0,0,11,0,0,0,0,0,0,0,16,0,0,0,0,0,0,0,0,0,778,8398,0,103,0,0,0,0,0,0,175,0,0,0,0,0,0,12,154,167,0,185,0,0,0,0,0,0,0,0,29,290,0,79,0,0,0,62,0,0,0,0,0,0,0,0,16,0,0,0,0,0,0,0,0,3361,0,0,66,0,285,36,0,0,0,0
73__73B__No Added Carb__1.0__48H,0,0,0,0,23,0,332,424,0,0,0,27,120,0,0,21,0,0,0,13152,101,3693,232,2638,0,0,123,0,76,0,0,21,0,0,14242,6833,0,26,0,0,0,0,0,1536,72,0,0,0,0,0,85,19,137,0,0,0,0,0,3415,0,0,0,0,0,14,0,0,0,170,0,0,0,5053,0,0,0,0,1432,0,66,0,0,0,0,0,0,0,0,0,0,0,0,0,0,0,0,0,0,41,0,0,137,0,5478,66,0,0,0,0,0,0,0,0,0,0,0,0,0,0,0,0,727,128,0,2553,0,0,0,31,0,2047,0,0,21,733,0,0,44,0,0,34,0,0,0,0,0,0,0,0,0,0,0,18,0,57,0,0,0,165,0,0,0,0,2345,132,0,0,12,0
73__73B__RDC__1.0__0H,0,0,0,91,416,0,0,0,0,0,0,0,0,0,659,0,0,0,0,0,0,2541,0,35839,0,0,0,0,0,0,0,0,0,0,258,0,0,49,0,0,0,0,0,624,30,0,0,0,0,0,74,0,1844,0,188,308,0,0,0,2776,0,0,0,0,37,0,0,0,0,0,0,0,655,0,0,0,0,510,0,0,0,0,0,0,0,0,0,0,0,0,0,0,0,0,0,0,0,0,36,0,707,0,0,0,0,0,0,0,0,0,0,0,0,0,0,0,0,0,0,0,0,1079,62,0,35,1238,0,0,0,0,0,0,0,1995,558,0,0,170,0,0,661,0,0,0,0,0,0,0,0,295,11,0,0,0,15,0,128,0,4687,0,0,0,0,1321,0,0,0,0,0
73__73B__RDC__1.0__48H,0,0,0,36,79,0,4057,681,0,0,0,15,43,0,0,547,0,0,0,10006,494,1106,0,5625,0,0,0,0,0,77,0,0,0,0,13298,1206,0,244,0,0,0,0,60,0,582,0,3464,0,0,0,0,0,295,0,1442,0,0,0,336,71,0,0,0,0,28,0,0,0,60,0,0,0,480,119,0,0,0,6309,0,0,0,0,0,0,0,0,0,0,0,0,0,0,0,0,13,0,0,0,36,0,0,32,0,4190,14,0,0,0,0,0,0,46,0,0,0,0,0,0,0,0,0,471,44,0,0,16,0,0,0,0,0,0,0,528,1068,0,0,35,0,0,236,0,0,0,0,0,0,0,0,79,0,0,0,0,26,0,0,0,1633,0,0,0,0,1252,135,0,0,0,0
73__73B__RDC__2.0__0H,0,0,0,37,245,0,0,0,0,0,0,0,0,0,669,0,0,0,0,0,0,2296,0,27935,0,0,0,0,0,0,0,0,0,0,353,0,0,24,0,0,0,0,0,494,14,0,0,0,0,0,19,0,1254,0,101,225,0,0,0,1646,0,0,0,0,21,0,0,0,0,0,0,0,749,0,0,0,0,305,0,0,0,0,0,0,0,0,0,0,0,0,0,0,0,0,0,0,0,0,19,0,661,0,0,0,0,0,0,0,0,0,0,0,0,0,0,0,0,0,0,0,0,994,30,0,19,751,0,0,0,0,0,0,0,1220,434,0,0,256,0,0,731,0,0,0,0,0,0,0,0,175,12,0,0,0,0,0,70,0,3262,0,0,0,0,768,0,0,0,0,0
73__73B__RDC__2.0__48H,0,0,0,17,0,0,0,0,0,0,0,0,0,0,0,0,0,0,11,0,0,13275,0,880,0,0,0,0,0,0,0,0,0,0,39106,961,0,0,0,0,0,0,0,320,110,0,143,0,0,0,0,0,132,0,691,0,0,0,0,47,0,0,0,0,18,0,0,0,0,0,0,0,139,0,0,0,0,0,0,478,0,0,0,0,0,0,0,0,0,0,0,0,0,0,0,0,0,0,0,0,0,0,0,0,0,0,0,0,0,0,0,0,0,0,0,0,0,0,0,0,0,493,16,0,0,0,19,0,0,0,0,0,0,532,75,0,0,53,0,0,252,0,0,0,0,0,0,0,0,26,0,0,0,0,0,0,0,0,155,0,0,0,0,14,0,0,0,0,0
73__73B__SDC__1.0__0H,0,0,0,66,293,0,0,0,0,0,0,0,0,0,640,0,0,0,0,0,0,2306,0,32963,0,0,0,0,0,0,0,0,0,0,269,0,0,22,0,0,0,0,0,614,20,0,0,0,0,0,45,0,1581,0,216,217,0,0,0,2380,0,0,0,0,23,0,0,0,0,0,0,0,675,0,0,0,0,408,0,0,0,0,0,0,0,0,0,0,0,0,0,0,0,0,0,0,0,0,21,0,501,0,0,0,0,0,0,0,0,0,0,0,0,0,0,0,0,0,0,0,0,954,37,13,31,951,0,0,0,0,0,0,0,1615,436,0,0,235,0,0,601,0,0,0,0,0,0,0,0,261,11,0,0,0,17,0,94,0,4093,0,0,0,0,1045,0,0,0,0,0
73__73B__SDC__1.0__48H,0,0,0,13,33,0,4357,1082,0,0,0,0,26,0,68,380,0,0,0,4994,616,1387,0,6829,0,0,0,0,0,0,0,0,0,0,13236,52,0,181,0,0,0,0,72,543,443,0,3092,0,0,0,0,0,165,0,3537,32,0,0,310,1759,0,0,0,0,27,0,0,0,128,0,0,0,849,112,0,0,0,3119,0,0,0,0,0,0,0,0,0,0,0,0,0,0,0,0,0,0,0,0,0,0,0,0,0,12291,0,0,0,0,0,0,0,0,0,0,0,0,0,0,0,0,0,374,179,0,0,13,0,0,0,0,0,0,0,499,1066,0,0,24,0,0,175,0,0,0,0,0,0,0,0,0,0,0,0,0,0,0,0,0,1456,0,0,0,0,876,111,0,0,0,0
73__73B__SDC__2.0__0H,0,0,0,95,250,0,0,0,0,0,0,0,0,0,675,0,0,0,0,0,0,3342,0,30405,0,0,0,0,0,0,0,0,0,0,419,0,0,25,0,0,0,0,0,570,17,0,0,0,0,0,25,0,1181,0,129,196,0,0,0,1665,0,0,0,0,26,0,0,0,0,0,0,0,910,0,0,0,0,312,0,0,0,0,0,0,0,0,0,0,0,0,0,0,0,0,0,0,0,0,16,0,292,0,0,0,0,0,0,0,0,0,0,0,0,0,0,0,0,0,0,0,0,913,42,14,0,627,0,0,0,0,0,0,0,1522,400,0,0,330,0,0,556,0,0,0,0,0,0,0,0,188,12,0,0,0,0,0,51,0,3267,0,0,0,0,799,0,0,0,0,0
73__73B__SDC__2.0__48H,0,0,0,12,0,0,0,0,0,0,0,0,0,0,355,0,0,0,0,0,0,11957,0,2499,0,0,0,0,0,783,0,0,0,0,15141,0,0,0,0,0,0,0,0,573,80,0,250,0,0,0,0,0,2136,0,2523,0,0,0,0,2359,0,0,0,0,12,0,0,0,0,0,0,0,132,0,0,0,0,0,0,14,0,0,0,0,0,0,0,0,0,0,0,0,0,0,0,0,0,0,0,0,0,0,0,0,0,0,0,0,0,0,0,0,0,0,0,0,0,0,0,0,0,333,31,0,0,0,0,0,0,0,0,0,0,212,118,0,0,46,0,0,153,0,0,0,0,0,0,0,0,0,0,0,0,0,0,0,0,0,69,0,0,0,0,19,0,0,0,0,0
84__84A__No Added Carb__1.0__48H,24,0,0,0,18,0,711,175,0,0,0,81,0,0,63,92,0,0,0,10460,452,1794,0,1210,0,0,0,0,0,0,0,0,0,0,14613,147,219,0,0,0,0,94,184,17,1049,139,0,0,0,0,0,1460,797,0,0,44,36,19,241,0,19,0,0,0,0,0,0,0,24,0,592,84,29,0,0,0,0,3877,0,0,0,34,0,0,0,0,0,0,0,0,0,0,75,0,29,0,0,0,39,0,0,0,0,2325,12986,0,402,0,0,0,28,686,285,0,0,0,0,0,0,0,644,1064,31,0,122,13,0,0,0,0,0,0,0,37,88,269,0,32,0,503,365,0,0,0,0,0,0,0,0,130,0,0,0,0,268,0,75,0,1473,0,23,0,0,1186,59,20,0,1909,0
84__84A__RDC__1.0__0H,0,0,0,34,33,0,0,0,0,0,0,0,0,0,1919,0,0,0,0,0,0,6761,0,25041,0,0,0,0,0,0,0,0,0,0,0,2564,0,1085,0,0,0,0,0,1671,11,0,0,0,0,0,40,26,4220,0,114,0,0,0,0,244,0,0,0,0,31,0,0,1859,0,0,0,0,16,0,0,0,0,1339,0,25,85,0,0,0,977,0,0,0,0,0,0,0,0,0,0,0,0,0,0,0,178,0,0,0,0,0,0,0,0,0,0,0,0,0,0,0,0,0,0,0,0,385,466,0,66,168,0,0,341,0,192,0,0,801,1417,0,0,0,0,0,0,0,0,0,0,0,0,0,0,183,21,0,0,0,1149,0,450,0,6323,0,0,0,0,2190,0,0,0,0,0
84__84A__RDC__1.0__48H,13,0,0,0,12,0,608,152,0,0,0,150,0,0,88,156,0,11,0,6557,290,1831,116,2635,0,0,0,0,11,0,0,0,0,0,15645,374,151,314,0,0,0,67,53,93,908,127,0,0,0,0,0,3278,881,0,41,30,24,31,283,17,58,0,0,0,0,0,0,0,52,0,684,85,39,0,0,0,0,2853,0,0,0,39,0,0,0,767,0,0,0,0,0,18,51,0,38,0,0,0,21,0,0,0,0,3241,14782,0,282,0,0,0,33,551,445,31,0,0,0,0,0,0,330,1118,70,0,86,16,0,0,0,0,0,24,0,134,123,157,0,64,0,0,527,17,23,0,0,0,0,0,0,99,0,0,0,0,309,0,231,0,2100,0,17,0,0,1023,19,16,0,825,0
84__84A__RDC__2.0__0H,0,0,0,34,112,0,525,0,0,0,0,0,0,0,3630,0,0,0,0,0,0,21655,0,13738,0,0,0,0,0,0,0,0,0,0,354,0,0,456,0,0,0,0,0,2402,0,0,0,0,0,0,27,0,3675,0,669,0,0,0,0,1652,0,0,0,0,14,0,0,0,0,0,0,0,266,0,0,0,0,2515,0,0,17,0,0,0,169,0,0,49,0,0,0,0,0,0,0,0,0,0,0,0,201,0,0,0,0,0,0,0,0,0,0,0,0,0,0,0,0,0,0,0,0,3244,28,0,240,4241,0,0,0,0,175,0,0,2120,3379,0,0,399,0,0,282,0,0,0,0,0,0,0,0,106,28,0,0,0,824,0,75,0,1431,0,0,0,0,836,0,0,0,0,0
84__84A__RDC__2.0__48H,0,200,0,0,0,0,21,76,0,0,0,0,0,0,45,12,0,0,0,5085,119,1923,13,3055,0,0,0,0,0,0,0,0,0,0,16258,1697,35,539,0,0,0,330,14,1222,570,13,0,0,0,0,0,737,1293,0,743,0,0,15,191,22,23,0,0,0,0,0,0,19,22,0,386,12,78,0,0,0,0,2798,13,0,0,22,0,0,0,4697,0,0,0,0,0,0,0,93,12,0,0,0,0,0,0,0,0,1811,7846,0,204,0,0,0,0,0,0,24,0,0,0,0,0,0,17,845,58,0,154,0,0,0,0,0,0,49,0,37,302,70,12,29,0,0,337,0,0,0,0,0,0,0,0,12,0,0,0,0,146,0,16,0,2538,0,0,19,0,178,12,19,0,11,0
84__84A__SDC__1.0__0H,0,0,0,19,44,0,298,0,0,0,0,0,0,0,2509,0,0,0,0,0,0,14244,0,11282,0,0,0,0,0,0,0,0,0,0,231,0,0,316,0,0,0,0,0,1748,0,0,0,0,0,0,27,0,2304,0,538,0,0,0,0,1246,0,0,0,0,13,0,0,0,0,0,0,0,185,0,0,0,0,1580,0,0,0,0,0,0,119,0,0,33,0,0,0,0,0,0,0,0,0,0,0,0,110,0,0,0,0,0,0,0,0,0,0,0,0,0,0,0,0,0,0,0,0,2066,79,0,184,2527,0,0,0,0,74,0,0,1333,2172,0,0,271,0,0,190,0,0,0,0,0,0,0,0,31,11,0,0,0,427,0,40,0,1029,0,0,0,0,516,0,0,0,0,0
84__84A__SDC__1.0__48H,11,0,0,0,12,0,546,102,0,0,0,70,0,0,28,72,0,0,0,5664,270,1169,37,1703,0,0,0,0,0,0,0,0,0,0,14403,184,193,232,0,0,0,72,46,176,632,98,0,0,0,0,0,2348,853,0,26,0,26,16,196,95,45,0,0,0,0,0,0,0,18,0,543,69,21,0,0,0,0,2232,0,0,0,0,0,0,0,616,0,0,0,0,0,0,31,0,19,0,0,0,0,0,0,0,0,5299,11233,0,104,0,0,0,24,528,281,0,0,0,0,0,0,0,388,673,21,0,80,0,0,0,0,0,0,40,0,38,73,206,0,21,0,0,291,0,0,0,0,0,0,0,0,65,0,0,0,0,165,0,58,0,2770,0,16,0,0,681,13,38,0,603,0
84__84A__SDC__2.0__0H,0,0,0,13,62,0,263,0,0,0,0,0,0,0,2436,0,0,0,0,0,0,13775,0,9048,0,0,0,0,0,0,0,0,0,0,179,0,0,264,0,0,0,0,0,1542,0,0,0,0,0,0,30,0,2463,0,395,0,0,0,0,1027,0,0,0,0,0,0,0,0,0,0,0,0,128,0,0,0,0,1669,0,0,13,0,0,0,81,0,0,37,0,0,0,0,0,0,0,0,0,0,0,0,114,0,0,0,0,0,0,0,0,0,0,0,0,0,0,0,0,0,0,0,0,1876,14,0,199,2854,0,0,0,0,99,0,0,1362,2237,0,0,216,0,0,155,0,0,0,0,0,0,0,0,60,19,0,0,0,563,0,57,0,860,0,0,0,0,633,0,0,0,0,0
84__84A__SDC__2.0__48H,0,0,0,0,0,0,156,56,0,0,0,26,0,0,0,0,0,0,0,3156,84,637,0,2307,0,0,0,0,0,0,0,0,0,0,13377,85,36,122,0,0,0,120,39,422,366,50,0,0,0,0,0,1372,937,0,59,0,0,16,120,624,0,0,0,0,0,0,0,0,15,0,410,17,0,0,0,0,0,680,0,0,0,0,0,0,42,2168,0,0,0,0,0,0,0,11,0,0,0,0,0,0,0,0,0,7310,4890,0,70,0,0,0,0,42,0,0,0,0,0,0,0,0,13,386,35,0,52,0,0,0,0,0,0,0,0,17,76,116,0,22,0,0,189,0,0,0,0,0,0,0,0,0,0,0,0,0,90,0,0,0,8271,0,0,0,0,215,0,128,0,0,0
84__84B__No Added Carb__1.0__0H,0,0,0,23,0,0,0,0,0,0,0,0,0,0,1276,0,0,0,0,0,0,3200,0,19741,0,0,0,0,0,0,0,0,0,0,337,0,0,0,0,0,0,49,0,1183,307,0,0,0,0,0,91,0,2409,0,110,64,0,0,0,2466,0,0,0,0,0,0,0,0,0,0,0,0,482,0,0,0,0,90,0,0,36,0,0,0,0,0,0,0,0,0,0,0,0,0,0,0,0,0,0,0,15,0,0,0,0,0,0,0,0,0,0,0,0,0,0,0,0,0,11,0,0,710,0,0,0,0,0,0,0,0,0,0,0,509,2910,0,0,36,0,0,299,0,0,0,0,0,0,0,0,70,0,0,0,0,136,0,0,0,1413,0,0,0,0,98,0,0,0,0,0
84__84B__No Added Carb__1.0__48H,0,0,0,34,31,0,665,106,0,0,0,154,13,0,135,194,0,0,0,2532,122,2354,0,2207,0,0,0,9308,15,0,0,0,0,0,8437,287,355,0,0,0,17,375,544,17,1616,107,0,0,0,0,0,4829,334,0,0,119,81,141,327,0,0,65,0,0,17,0,0,0,147,0,1262,77,782,32,0,0,0,1567,0,0,0,73,0,0,0,0,0,0,0,0,0,0,231,0,15,0,0,0,11,0,348,664,0,984,284,0,110,81,0,0,0,561,44,0,0,0,0,0,0,0,0,1221,0,0,0,27,0,0,0,0,0,0,0,13,108,123,0,55,0,0,341,0,22,0,0,0,0,0,0,129,0,24,0,0,436,16,329,0,1742,0,16,0,0,1519,51,24,0,611,0
84__84B__RDC__1.0__0H,0,0,0,45,0,0,122,0,0,0,0,0,0,0,1304,0,0,0,0,0,0,14194,0,19667,0,0,0,0,0,0,0,0,0,0,50,0,0,0,0,0,0,0,0,3573,284,0,0,0,0,0,177,38,175,0,855,26,0,0,0,280,0,0,0,0,0,0,0,6559,0,0,0,0,62,0,0,0,0,363,0,0,0,0,0,0,0,0,0,22,0,0,0,0,0,0,0,0,0,0,0,0,16,0,0,0,0,0,0,0,0,0,0,0,0,0,0,0,0,0,0,0,0,417,0,0,138,74,0,0,0,0,0,0,0,330,379,19,0,0,0,0,59,0,0,0,0,0,0,0,0,110,19,0,0,0,0,0,41,0,1118,0,0,0,0,318,0,0,0,0,0
84__84B__RDC__1.0__48H,0,127,0,0,0,0,289,95,0,0,0,18,0,0,0,40,0,0,0,3187,77,1730,0,3426,0,0,0,2318,0,0,0,0,0,0,12142,2152,26,238,0,0,0,250,48,534,372,35,0,11,0,0,0,15831,259,0,636,61,0,20,90,82,0,0,0,0,0,0,0,35,90,0,31,0,126,0,0,0,0,580,0,0,0,0,0,0,0,3003,0,0,0,0,0,0,0,0,0,0,0,0,0,0,0,0,0,1540,0,0,108,0,0,0,0,0,14,0,0,0,0,0,0,0,0,558,318,0,23,0,0,0,0,0,0,120,0,0,63,106,0,24,0,0,187,0,0,0,0,0,0,0,0,50,0,12,0,0,194,0,12,0,2182,0,0,13,0,87,0,14,0,0,0
84__84B__RDC__2.0__0H,0,0,0,14,0,0,12,0,0,0,0,0,0,0,1774,0,0,0,0,0,0,4503,0,46168,0,0,0,0,0,0,0,0,0,0,342,0,0,0,0,0,0,23,0,2427,218,0,0,0,0,0,70,0,3481,0,136,47,0,0,0,4183,0,0,0,0,0,0,0,0,0,0,0,0,474,0,0,0,0,158,0,0,38,0,0,0,0,0,0,0,0,0,0,0,0,0,0,0,0,0,0,0,0,0,0,0,0,0,0,0,0,0,0,0,0,0,0,0,0,0,0,0,0,639,0,0,0,0,0,0,0,0,0,0,0,376,3978,0,0,54,0,0,166,0,0,0,0,0,0,0,0,79,0,0,0,0,93,0,0,0,2152,0,0,0,0,96,0,0,0,0,0
84__84B__RDC__2.0__48H,26,0,0,23,24,0,970,282,0,0,0,422,19,0,59,419,0,38,0,5918,261,2622,0,4632,0,0,0,13917,19,0,0,0,0,0,10739,443,418,630,0,0,13,695,646,574,1902,289,0,0,0,0,0,16409,385,17,64,152,98,348,748,28,15,48,0,0,25,0,0,294,334,0,1582,217,5245,63,0,0,0,3153,11,0,15,53,0,0,0,103,0,0,0,0,0,0,134,0,45,0,0,0,34,0,69,0,0,2651,28,0,195,107,0,0,0,504,0,0,0,0,0,0,0,0,0,1451,38,0,55,23,0,0,0,0,0,0,0,34,156,265,0,985,0,0,560,0,49,0,0,0,0,0,0,209,0,27,13,0,583,12,167,0,4456,0,13,0,0,3258,110,13,0,811,0
84__84B__SDC__1.0__0H,0,0,0,27,0,0,13,0,0,0,0,0,0,0,1865,0,0,0,0,0,0,4944,0,29615,0,0,0,0,0,0,0,0,0,0,353,0,0,0,0,0,0,38,0,1655,353,0,0,0,0,0,101,0,3450,0,127,69,0,0,0,3565,0,0,0,0,0,0,0,0,0,0,0,0,559,0,0,0,0,188,0,0,40,0,0,0,0,0,0,0,0,0,0,0,0,0,0,0,0,0,0,0,36,0,0,0,0,0,0,0,0,0,0,0,0,0,0,0,0,0,16,0,0,683,18,0,0,0,0,0,0,0,0,0,0,628,4486,0,0,62,0,0,249,0,0,0,0,0,0,0,0,98,0,0,0,0,138,0,0,0,2113,0,0,0,0,102,0,0,0,0,0
84__84B__SDC__1.0__48H,11,11,0,32,42,0,986,130,0,0,0,244,23,0,239,298,0,38,0,3121,98,2815,0,2353,0,0,0,10311,19,0,0,0,0,0,11878,392,425,0,0,0,0,532,733,28,1867,115,0,0,0,0,0,4277,411,15,0,146,128,154,318,92,0,89,0,0,35,0,0,0,180,0,1459,165,2209,60,0,0,0,1867,0,0,0,54,0,0,0,92,0,0,0,0,0,0,317,0,14,0,0,0,37,0,344,1129,0,1514,0,0,160,93,0,0,0,821,38,0,0,0,0,0,0,0,0,1194,29,0,17,27,0,0,0,0,0,0,0,12,130,229,0,1787,0,0,418,0,49,0,0,0,0,0,0,233,0,29,13,0,485,29,332,0,2097,0,11,0,0,1900,94,26,0,809,0
84__84B__SDC__2.0__0H,0,0,0,46,0,0,12,0,0,0,0,0,0,0,1828,0,0,0,0,0,0,4712,0,27208,0,0,0,0,0,0,0,0,0,0,421,0,0,0,0,0,0,84,0,1639,392,0,0,0,0,0,147,0,3490,0,130,75,0,0,0,3659,0,0,0,0,0,0,0,0,0,0,0,0,557,0,0,0,0,168,0,0,30,0,0,0,0,0,0,0,0,0,0,0,0,0,0,0,0,0,0,0,25,0,0,0,0,0,0,0,0,0,0,0,0,0,0,0,0,0,0,0,0,744,16,0,0,0,0,0,0,0,0,0,0,796,4296,0,0,48,0,0,321,0,0,0,0,0,0,0,0,112,0,0,0,0,173,0,0,0,2075,0,0,0,0,125,0,0,0,0,0
84__84B__SDC__2.0__48H,0,71,0,0,0,0,0,51,0,0,0,0,0,0,0,0,0,0,0,1357,15,1223,0,2788,0,0,0,1548,0,0,0,0,0,0,13618,1068,0,23,0,0,0,193,51,197,208,12,0,0,0,0,0,10457,927,0,135,15,0,0,11,1072,0,0,0,0,0,0,0,0,34,0,0,0,28,0,0,0,0,187,0,0,0,0,0,0,0,1383,0,0,0,0,0,0,0,0,0,0,0,0,0,0,0,0,0,2723,0,0,25,0,0,0,0,0,0,0,0,0,0,0,0,0,0,314,170,0,0,0,0,0,0,0,0,0,0,0,0,47,0,18,0,0,146,0,0,0,0,0,0,0,0,0,0,0,0,0,80,0,11,0,2744,0,0,23,0,25,0,0,0,0,0
92__92A__No Added Carb__1.0__0H,0,0,9748,0,133,0,0,0,0,0,0,30,0,0,988,0,0,13,0,0,0,7935,0,4769,0,0,0,0,0,0,0,0,0,0,465,833,0,32,0,0,0,0,0,611,143,0,0,795,0,0,0,21359,1737,0,0,18,0,0,0,0,0,0,0,0,15,0,0,0,0,0,0,0,89,0,0,0,0,428,0,0,25,0,0,204,35,0,0,0,0,0,0,0,0,0,0,0,0,0,24,0,0,0,0,0,0,0,0,19,0,0,17,0,0,0,0,0,0,0,0,0,0,2853,0,0,0,324,0,0,0,0,0,0,0,39,0,27,0,100,0,0,813,0,46,0,0,0,0,0,0,316,0,0,0,0,954,0,136,0,569,0,0,0,0,251,0,0,0,21,0
92__92A__No Added Carb__1.0__48H,11,0,0,16,76,0,571,632,0,0,0,0,15,0,463,217,0,0,0,2758,646,13583,0,3312,0,0,128,0,18,0,0,0,0,0,1556,263,12,1105,0,0,0,0,43,930,1177,0,3891,0,0,0,0,5875,741,0,1358,0,0,0,596,106,0,0,0,0,41,0,0,0,0,0,91,0,3749,107,0,0,0,2457,0,0,11,0,0,0,0,0,0,0,0,0,0,0,0,29,45,0,0,0,157,0,0,0,0,2360,0,0,55,0,0,31,0,0,0,0,0,0,0,0,0,0,0,2218,56,0,46,2475,0,0,0,0,220,0,0,1472,6278,0,0,70,0,0,205,0,0,0,0,0,0,0,0,180,0,0,0,0,383,0,21,0,894,0,0,0,0,2007,20,0,0,0,0
92__92A__RDC__1.0__0H,0,0,0,38,137,0,13,0,0,0,0,0,0,0,1796,0,0,0,0,0,0,1203,0,21216,0,0,0,0,0,0,0,0,0,0,132,3956,0,1262,0,0,0,14,0,2108,27,0,0,0,0,0,0,0,3858,0,24,0,0,0,0,2251,0,0,0,0,0,0,0,0,0,0,0,0,119,0,0,0,0,2329,0,65,22,0,0,0,34,0,0,0,0,0,0,0,0,0,0,0,0,0,0,0,41,0,0,0,0,0,0,0,0,0,0,0,0,0,0,0,0,0,0,0,0,20490,164,0,188,0,0,0,0,0,0,0,0,1603,525,0,0,0,0,0,16,0,0,0,0,0,0,0,0,15,27,0,0,0,382,0,83,0,3458,0,0,0,0,801,0,0,0,0,0
92__92A__RDC__1.0__48H,0,0,0,11,120,0,323,317,0,0,0,0,0,0,836,88,987,0,0,2090,368,16324,0,4710,0,0,66,0,0,0,0,0,0,0,3481,132,0,119,0,0,0,0,15,425,713,0,391,0,0,0,0,11683,777,0,915,0,0,0,254,52,0,0,0,0,39,0,0,0,0,0,32,0,3504,57,0,0,0,719,0,0,12,0,0,0,0,0,0,0,0,0,0,0,0,808,49,0,0,0,100,0,0,0,0,1723,0,0,48,0,0,0,0,30,0,0,0,0,0,0,0,0,0,2232,91,0,28,463,0,0,0,0,529,0,0,1323,4207,0,0,101,0,0,224,0,0,0,0,0,0,0,0,274,0,0,0,0,348,0,82,0,1007,0,0,0,0,2879,11,0,0,0,0
92__92A__RDC__2.0__0H,0,0,8718,18,186,0,0,0,0,0,0,11,0,0,895,0,0,0,0,0,0,7239,0,4256,0,0,0,0,0,0,0,0,0,0,324,795,0,32,0,0,0,0,0,517,132,0,0,575,0,0,0,20517,1552,0,0,17,0,0,0,0,0,0,0,0,24,0,0,0,0,0,0,0,60,0,0,0,0,415,0,0,16,0,0,183,0,0,0,0,0,0,0,0,0,0,0,0,0,0,22,0,0,0,0,0,0,0,0,27,0,0,14,0,0,0,0,0,0,0,0,0,0,2259,0,0,0,291,0,0,0,0,0,0,0,28,0,22,0,92,0,0,550,0,64,0,0,0,0,0,0,258,0,0,0,0,833,0,121,0,558,0,0,0,0,222,0,0,0,17,0
92__92A__RDC__2.0__48H,0,0,0,12,12,0,101,0,0,0,0,0,0,0,13,0,0,0,0,11,0,22108,0,2361,0,0,0,0,0,0,0,0,0,0,718,404,0,78,0,0,0,0,0,821,19,0,671,0,0,0,0,1204,255,0,1406,0,0,0,0,61,0,0,0,0,13,0,0,0,0,0,0,0,281,0,0,0,0,186,0,2517,0,0,0,0,0,0,0,0,0,0,0,0,0,0,0,0,0,0,22,0,0,0,0,0,0,0,0,0,0,0,0,0,0,0,0,0,0,0,0,0,0,2454,11,0,12,289,0,0,0,0,140,0,0,496,2071,0,0,55,0,0,182,0,0,0,0,0,0,0,0,13,0,0,0,0,96,0,11,0,127,0,0,0,0,107,0,0,0,0,0
92__92A__SDC__1.0__0H,0,0,8846,0,125,0,0,0,0,0,0,0,0,0,847,0,0,0,0,0,0,6239,0,4011,0,0,0,0,0,0,0,0,0,0,329,644,0,15,0,0,0,0,0,458,90,0,0,657,0,0,0,19577,1428,0,0,18,0,0,0,0,0,0,0,0,0,0,0,0,0,0,0,0,72,0,0,0,0,361,0,0,16,0,0,190,0,0,0,0,0,0,0,0,0,0,0,0,0,0,30,0,0,0,0,0,0,0,0,17,0,0,12,0,14,0,0,0,0,0,12,0,0,2278,0,0,0,235,0,0,0,0,0,0,0,32,0,17,0,109,0,0,590,0,52,0,0,0,0,0,0,208,0,0,0,0,664,0,110,0,418,0,0,0,0,183,0,0,0,11,0
92__92A__SDC__1.0__48H,0,0,0,0,42,0,1118,211,0,0,0,0,0,0,241,51,740,0,0,1465,84,17068,0,4025,0,0,45,0,0,0,0,0,0,0,418,64,0,55,0,0,0,0,0,354,370,0,2886,0,0,0,0,4658,527,0,812,0,0,0,151,1488,0,0,0,0,25,0,0,0,0,0,0,0,1217,32,0,0,0,603,0,0,0,0,0,0,0,0,0,0,0,0,0,0,0,32,12,0,0,0,34,0,0,0,0,2504,0,0,78,0,0,0,0,0,0,0,0,0,0,0,0,0,0,1272,29,0,133,1175,0,0,0,0,185,0,0,593,5022,0,0,28,0,0,79,0,0,0,0,0,0,0,0,68,0,0,0,0,156,0,12,0,657,0,0,0,0,1558,13,0,0,0,0
92__92A__SDC__2.0__0H,0,0,11872,13,134,0,0,0,0,0,0,0,0,0,955,0,0,0,0,0,0,6647,0,5184,0,0,0,0,0,0,0,0,0,0,459,590,0,34,0,0,0,0,0,510,82,12,0,569,0,0,0,21223,1778,0,0,11,0,0,0,12,0,0,0,0,0,0,0,0,0,0,0,0,82,0,0,0,0,399,0,0,0,0,0,209,0,0,0,0,0,0,0,0,0,0,0,0,0,0,13,0,0,0,0,0,0,0,0,13,0,12,11,0,17,0,0,0,0,0,28,0,0,2669,0,0,0,243,0,0,0,0,0,0,0,38,0,20,0,109,0,0,713,0,41,0,0,0,0,0,0,208,0,0,0,0,744,0,90,0,471,0,0,0,0,234,0,0,0,25,0
92__92A__SDC__2.0__48H,0,0,0,0,0,0,47,0,0,0,0,0,0,0,1187,0,0,0,0,27,0,35972,0,1409,0,0,0,0,0,0,0,0,0,0,376,666,0,29,0,0,0,0,0,693,0,0,1437,0,0,0,0,1782,32,0,1480,0,0,0,0,289,0,0,0,0,0,0,0,0,0,0,0,0,128,0,0,0,0,152,0,0,0,0,0,0,0,0,0,0,0,0,0,0,0,0,0,0,0,0,13,0,0,0,0,0,0,0,0,0,0,0,0,0,0,0,0,0,0,0,0,0,0,1026,0,0,0,89,0,0,0,0,80,0,0,154,1402,0,0,23,0,0,76,0,0,0,0,0,0,0,0,0,0,0,0,0,30,0,0,0,12,0,0,0,0,45,0,0,0,0,0
92__92B__No Added Carb__1.0__0H,0,0,0,11,65,0,299,0,0,0,0,0,0,0,2242,0,0,0,0,0,0,15581,0,10058,0,0,0,0,0,0,0,0,0,0,161,0,0,306,0,0,0,0,0,1628,0,0,0,0,0,0,14,0,2338,0,360,0,0,0,0,1206,0,0,0,0,14,0,0,0,0,0,0,0,127,0,0,0,0,1785,0,0,0,0,0,0,78,0,0,30,0,0,0,0,0,0,0,0,0,0,0,0,122,0,0,0,0,0,0,0,0,0,0,0,0,0,0,0,0,0,0,0,0,1897,0,0,161,2524,0,0,0,0,88,0,0,1250,2122,0,0,181,0,0,199,0,0,0,0,0,0,0,0,62,15,0,0,0,644,0,63,0,920,0,0,0,0,532,0,0,0,0,0
92__92B__No Added Carb__1.0__48H,0,0,0,0,74,0,380,288,0,0,0,25,14,0,1498,120,0,0,0,2565,342,8663,0,1204,0,0,89,9376,0,0,0,0,0,0,7989,0,0,910,0,0,0,0,146,831,244,0,324,0,0,0,0,9010,640,0,849,0,0,65,278,24,0,0,0,0,87,0,0,0,0,0,53,0,3759,92,0,0,0,1539,0,0,0,0,0,0,0,0,0,0,0,0,0,0,0,0,24,0,0,0,37,0,42,0,0,1133,0,0,138,0,0,34,0,103,0,0,0,0,0,0,0,0,0,1156,13,0,17,312,0,0,0,0,462,0,0,317,1036,0,0,82,0,0,176,0,0,0,0,0,0,0,0,278,0,0,0,0,549,0,11,0,330,0,0,0,0,925,19,0,0,0,0
92__92B__RDC__1.0__0H,0,0,0,17,78,0,330,0,0,0,0,0,0,0,2753,0,0,0,0,0,0,17621,0,11756,0,0,0,0,0,0,0,0,0,0,233,0,0,314,0,0,0,0,0,1961,0,0,0,0,0,0,25,0,2840,0,517,0,0,0,0,1527,0,0,0,0,21,0,0,0,0,0,0,0,174,0,0,0,0,2050,0,0,16,0,0,0,101,0,0,25,0,0,0,0,0,0,0,0,0,0,0,0,130,0,0,0,0,0,0,0,0,0,0,0,0,0,0,0,0,0,0,0,0,2615,25,0,221,2937,0,0,0,0,91,0,0,1613,2688,0,0,208,0,0,258,0,0,0,0,0,0,0,0,70,29,0,0,0,733,0,65,0,1070,0,0,0,0,619,0,0,0,0,0
92__92B__RDC__1.0__48H,11,0,0,0,20,0,1645,399,0,0,0,38,13,15,546,32,0,0,0,2572,379,12813,0,2491,0,0,70,4450,0,0,0,0,0,0,5367,0,0,77,0,0,0,0,37,2463,104,0,2296,0,0,0,0,5547,379,0,2185,0,0,53,286,46,0,0,0,0,39,0,0,0,22,0,15,0,3829,252,0,0,0,921,0,0,0,0,0,0,0,0,0,0,0,0,0,0,0,0,25,0,0,0,26,0,30,0,0,2307,0,0,203,0,0,0,0,68,0,0,0,0,0,0,0,0,0,1307,35,0,0,545,0,0,0,0,498,0,0,473,1601,0,0,113,0,0,198,0,0,0,0,0,0,0,0,402,12,0,0,0,281,0,0,0,1073,0,0,0,0,961,0,0,0,0,0
92__92B__RDC__2.0__0H,0,0,0,22,81,0,413,0,0,0,0,0,0,0,2939,0,0,0,0,0,0,18151,0,13335,0,0,0,0,0,0,0,0,0,0,288,0,0,391,0,0,0,0,0,2081,0,0,0,0,0,0,28,0,3126,0,645,0,0,0,0,1828,0,0,0,0,15,0,0,0,0,0,0,0,202,0,0,0,0,2073,0,0,12,0,0,0,110,0,0,26,0,0,0,0,0,0,0,0,0,0,14,0,124,0,0,0,0,0,0,0,0,0,0,0,0,0,0,0,0,0,0,0,0,3184,41,0,265,3275,0,0,0,0,108,0,0,2019,2921,0,0,291,0,0,283,0,0,0,0,0,0,0,0,93,17,0,0,0,738,0,61,0,1175,0,0,0,0,705,0,0,0,0,0
92__92B__RDC__2.0__48H,0,0,0,14,24,0,184,0,0,0,0,0,0,0,117,0,0,0,0,95,0,32026,0,2385,0,0,0,1296,0,0,0,0,0,0,1892,0,0,80,0,0,0,0,0,160,0,0,339,0,0,0,0,705,76,0,37,0,0,0,0,76,0,0,0,0,19,0,0,0,0,0,0,0,126,0,0,0,0,278,0,0,0,0,0,0,0,0,0,0,0,0,0,0,0,0,0,0,0,0,20,0,51,0,0,17,0,0,0,0,0,0,0,0,0,0,0,0,0,0,0,0,0,1826,13,0,12,303,0,0,0,0,50,0,0,399,1287,0,0,104,0,0,281,0,0,0,0,0,0,0,0,13,0,0,0,0,120,0,13,0,77,0,0,0,0,114,0,0,0,0,0
92__92B__SDC__1.0__0H,0,0,0,25,81,0,481,0,0,0,0,0,0,0,3015,0,0,0,0,0,0,18358,0,12254,0,0,0,0,0,0,0,0,0,0,250,0,0,394,0,0,0,0,0,2004,0,0,0,0,0,0,24,0,2983,0,510,0,0,0,0,1543,0,0,0,0,22,0,0,0,0,0,0,0,188,0,0,0,0,2140,0,0,0,0,0,0,99,0,0,50,0,0,0,0,0,0,0,0,0,0,0,0,85,0,0,0,0,0,0,0,0,0,0,0,0,0,0,0,0,0,0,0,0,2820,39,0,238,3122,0,0,0,0,105,0,0,1871,2850,0,0,240,0,0,258,0,0,0,0,0,0,0,0,73,20,0,0,0,743,0,61,0,1134,0,0,0,0,751,0,0,0,0,0
92__92B__SDC__1.0__48H,0,0,0,0,16,0,173,0,0,0,0,0,0,0,73,0,0,0,0,76,0,39868,0,2012,0,0,0,1325,0,0,0,0,0,0,2454,0,0,66,0,0,0,0,0,86,18,0,383,0,0,0,0,967,47,0,26,0,0,0,0,63,0,0,0,0,16,0,0,0,0,0,0,0,110,0,0,0,0,228,0,0,11,0,0,0,0,0,0,0,0,0,0,0,0,0,0,0,0,0,18,0,36,0,0,0,0,0,0,0,0,0,0,0,0,0,0,0,0,0,0,0,0,1811,21,0,11,216,0,0,0,0,40,0,0,321,1390,0,0,91,0,0,222,0,0,0,0,0,0,0,0,0,0,0,0,0,91,0,11,0,30,0,0,0,0,143,0,0,0,0,0
92__92B__SDC__2.0__0H,0,0,0,16,82,0,335,0,0,0,0,0,0,0,2629,0,0,0,0,0,0,15602,0,10798,0,0,0,0,0,0,0,0,0,0,173,0,0,292,0,0,0,0,0,1652,0,0,0,0,0,0,12,0,2340,0,424,0,0,0,0,1286,0,0,0,0,18,0,0,0,0,0,0,0,147,0,0,0,0,1765,0,0,17,0,0,0,86,0,0,25,0,0,0,0,0,0,0,0,0,0,0,0,75,0,0,0,0,0,0,0,0,0,0,0,0,0,0,0,0,0,0,0,0,2297,0,0,179,2479,0,0,0,0,84,0,0,1379,2403,0,0,212,0,0,175,0,0,0,0,0,0,0,0,55,22,0,0,0,576,0,45,0,898,0,0,0,0,556,0,0,0,0,0
92__92B__SDC__2.0__48H,0,0,0,0,30,0,2685,303,0,0,0,15,0,0,730,54,0,0,0,2764,288,14571,0,3603,0,0,71,5764,0,0,0,0,0,0,6629,0,0,95,0,0,0,0,61,1794,153,0,1556,0,0,0,0,8745,931,0,1677,0,0,47,282,313,0,0,0,0,64,0,0,0,14,0,29,0,3660,70,0,0,0,911,0,0,0,0,0,0,0,0,0,0,0,0,0,0,0,0,25,0,0,0,32,0,34,0,0,3490,0,0,157,0,0,11,0,38,0,0,0,0,0,0,0,0,0,1133,48,0,57,689,0,0,0,0,505,0,0,495,1876,0,0,84,0,0,154,0,0,0,0,0,0,0,0,245,0,0,0,0,342,0,14,0,1355,0,0,0,0,1405,0,0,0,0,0
