sample_key,Acetanaerobacterium,Acidaminococcus,Acinetobacter,Actinomyces,Adlercreutzia,Afipia,Akkermansia,Alistipes,Alkaliphilus,Alloprevotella,Alloscardovia,Anaerococcus,Anaerofilum,Anaerofustis,Anaerostipes,Anaerotruncus,Asaccharospora,Atopobium,Bacillus,Bacteroides,Barnesiella,Bifidobacterium,Bilophila,Blautia,Buttiauxella,Butyricicoccus,Butyricimonas,Carnobacterium,Catabacter,Catenibacterium,Cellulosilyticum,Christensenella,Citrobacter,Cloacibacterium,Clostridium,Collinsella,Coprobacillus,Coprococcus,Corynebacterium,Denitrobacterium,Desulfovibrio,Dialister,Dielma,Dorea,Eggerthella,Eisenbergiella,Enterobacter,Enterococcus,Enterorhabdus,Epulopiscium,Erysipelatoclostridium,Escherichia,Eubacterium,Ezakiella,Faecalibacterium,Faecalitalea,Fastidiosipila,Finegoldia,Flavonifractor,Fusicatenibacter,Fusobacterium,Gallicola,Gardnerella,Gemella,Gordonibacter,Granulicatella,Hafnia,Holdemanella,Holdemania,Howardella,Hungatella,Hydrogenoanaerobacterium,Intestinibacter,Intestinimonas,Klebsiella,Kluyvera,Kocuria,Lachnoclostridium,Lachnospira,Lactobacillus,Lactococcus,Lactonifactor,Leuconostoc,Lysinibacillus,Marvinbryantia,Megasphaera,Methanobacterium,Methanobrevibacter,Micrococcus,Mitsuokella,Mobiluncus,Mogibacterium,Murdochiella,Negativicoccus,Odoribacter,Olsenella,Oribacterium,Oscillibacter,Other,Oxalobacter,Paenibacillus,Paeniclostridium,Pantoea,Parabacteroides,Paraclostridium,Paraprevotella,Parasutterella,Parvimonas,Pediococcus,Peptoclostridium,Peptococcus,Peptoniphilus,Peptostreptococcus,Phascolarctobacterium,Porphyromonas,Prevotella,Propionibacterium,Pseudoflavonifractor,Pseudomonas,Rhodococcus,Robinsoniella,Romboutsia,Roseburia,Rothia,Ruminiclostridium,Ruminococcus,Sarcina,Selenomonas,Senegalimassilia,Shuttleworthia,Slackia,Solobacterium,Staphylococcus,Streptococcus,Subdoligranulum,Succiniclasticum,Sutterella,Terrisporobacter,Thermus,Tissierella,Turicibacter,Tyzzerella,Varibaculum,Victivallis,Weissella,c__Chloroplast,c__Cyanobacteria,c__Mollicutes,f__Actinomycetaceae,f__Christensenellaceae,f__Coriobacteriaceae,f__Corynebacteriaceae,f__Defluviitaleaceae,f__Enterobacteriaceae,f__Erysipelotrichaceae,f__Family XI,f__Family XIII,f__Gemmatimonadaceae,f__Lachnospiraceae,f__Neisseriaceae,f__Peptococcaceae,f__Prevotellaceae,f__Rikenellaceae,f__Ruminococcaceae,g__*Soleaferrea,g__*Stoquefichus,o__Bacteroidales,o__Clostridiales,o__Lactobacillales
116__116A__No Added Carb__1.0__0H,0.0,0.0,0.0,0.0,0.0016425755584793778,0.0,0.0022996057818691286,0.0007117827420057304,0.0,0.0,0.00023726091400191012,0.0,0.0,0.0,0.022539786830191463,0.0014235654840094607,0.0,0.0,0.0,0.005657760256967857,0.0,0.12372244123195314,0.0002555117535409032,0.23633012118592048,0.0,0.0,0.0,0.0,0.0,0.0,0.0,0.0,0.0,0.0,0.0,0.040881880566484514,0.0,0.025569426193590313,0.0,0.0,0.0,0.004854723317268161,0.0,0.019838662578492487,0.00034676595123386866,0.0,0.0,0.0,0.0,0.0,0.0,0.0,0.06225361366617641,0.0,0.08784129069936672,0.0,0.0,0.0,0.0,0.07687253613667089,0.0,0.0,0.0,0.0,0.00034676595123386866,0.0,0.0,0.0,0.0,0.0,0.0,0.0,0.00029201343261788936,0.0,0.0,0.0,0.0,0.024748138414349627,0.0,0.0,0.0,0.0,0.0,0.0,0.006734559789747449,0.0,0.0,0.0,0.0,0.0,0.0,0.0,0.0,0.0,0.0,0.0,0.0,0.0,0.0,0.0,0.0030113885238688596,0.0,0.0,0.001295809607239509,0.0,0.0,0.0,0.0,0.0,0.0,0.0,0.0,0.0,0.0,0.0,0.0,0.0,0.0,0.0,0.0,0.0,0.022612790188291435,0.0020623448678592188,0.0,0.00195283983062926,0.11076434515995805,0.0,0.0,0.0,0.0,0.0,0.0,0.0,0.0010767995327795922,0.03954956928018502,0.0,0.0,0.0,0.0,0.0,0.0,0.0,0.0,0.0,0.0,0.0,0.0,0.00023726091400191012,0.0,0.012793838516595154,0.0,0.0,0.0004927726675428133,0.0,0.012739085997995173,0.0,0.001898087312019281,0.0,0.01803182946419317,0.0,0.0,0.0,0.0,0.02452912833989071,0.0,0.0,0.0,0.0015513213607794125,0.0
116__116A__No Added Carb__1.0__48H,0.0002333690250670728,0.0,0.0,0.0,0.0025945144551518095,0.0,0.010597699256003306,0.008703291876012716,0.0,0.0,0.0,0.0,0.0002745517941960856,0.0,0.0006451967163612014,0.014029596683404377,0.0,0.0,0.0,0.18572056118405791,0.00042555528100413276,0.08465804574032641,0.0012080278944603768,0.03095571479556666,0.0,0.0,0.003157345633250985,0.0,0.0001510034868080471,0.0,0.0,0.0001510034868080471,0.0,0.0,0.009403398951212933,0.0750212777641234,0.0,0.009801499052803059,0.0,0.0,0.0,0.0007001070752002185,0.0010158416385303171,0.011682178843003644,0.010597699256003306,0.0,0.0,0.0,0.0,0.0,0.0010432968179403255,0.13838783186404316,0.0028416110699308866,0.0,0.02801801059770874,0.0,0.0,0.00016473107651805138,0.007330532905032287,0.002031683277050634,0.0,0.0,0.0,0.0,0.0015924004063404967,0.0,0.0,0.0,0.0012766658430103984,0.0,0.0,0.007248167366772261,0.0010158416385303171,0.0,0.0,0.0,0.0,0.09382807566652927,0.0,0.0,0.00016473107651805138,0.0009746588693963041,0.0,0.0,0.0,0.0,0.0,0.0,0.0,0.0,0.0,0.0,0.0,0.0016610383548905183,0.0,0.0,0.0,0.00035691733245511134,0.0003157345633250985,0.0,0.0,0.0,0.0,0.04133377261621289,0.0,0.0,0.0033495318891910452,0.0,0.0,0.0,0.0,0.00035691733245511134,0.0,0.0,0.0,0.0,0.0,0.0,0.0,0.0,0.0,0.043406638662413545,0.0,0.0,0.006451967163612013,0.0029926145567409335,0.0,0.0,0.0,0.0,0.0,0.0,0.0,0.0009746588693963041,0.05171183043681613,0.0,0.0,0.0,0.0,0.0,0.0,0.0,0.0,0.0001510034868080471,0.0,0.0,0.0,0.0,0.0,0.013823682837804312,0.00016473107651805138,0.0,0.0005765587678121798,0.0,0.002923976608190912,0.0,0.0018669522005305824,0.0,0.030722345770509585,0.0,0.0001510034868080471,0.0,0.0,0.04637179803971447,0.00017845866622705567,0.0,0.0,0.002512148916890784,0.0
116__116A__RDC__1.0__0H,0.0,0.0,0.0,0.0,0.0013125082031763542,0.0,0.002336264601650631,0.0003937524609531063,0.0,0.0,0.0,0.0,0.0,0.0,0.02533140832130684,0.0014700091875603969,0.0,0.0,0.0,0.003675022968890992,0.0,0.11639322745803143,0.0,0.2998293739334809,0.0,0.0,0.0,0.0,0.0,0.0,0.0,0.0,0.0,0.0,0.0,0.023913899461906456,0.0,0.023021393883706217,0.0,0.0,0.0,0.0027300170626107373,0.0,0.01855886599290501,0.0,0.0,0.0,0.0,0.0,0.0,0.0,0.0,0.050295314345713577,0.0,0.10387189919902805,0.0,0.0,0.0,0.0,0.07536422102642035,0.0,0.0,0.0,0.0,0.0,0.0,0.0,0.0,0.0,0.0,0.0,0.0,0.00028875180469907795,0.0,0.0,0.0,0.0,0.022758892243058146,0.0,0.0,0.0,0.0,0.0,0.0,0.006825042656521843,0.0,0.0,0.0,0.0,0.0,0.0,0.0,0.0,0.0,0.0,0.0,0.0,0.0,0.0,0.0,0.001811261320380489,0.0,0.0,0.0009187557422232481,0.0,0.0,0.0,0.0,0.0,0.0,0.0,0.0,0.0,0.0,0.0,0.0,0.0,0.0,0.0,0.0,0.0,0.0248064050400067,0.0015225095156804111,0.0,0.0017587609922604748,0.09045806536292443,0.0,0.0,0.0,0.0,0.0,0.0,0.0,0.0007087544297151914,0.03360021000130907,0.0,0.0,0.0,0.0,0.0,0.0,0.0,0.0,0.0,0.0,0.0,0.0,0.0,0.0,0.013676335477103693,0.0,0.0,0.00031500196876208507,0.0,0.007822548890932113,0.0,0.00207376296102056,0.0,0.018716366977305054,0.0,0.0,0.0,0.0,0.021315133219605757,0.0,0.0,0.0,0.0021262632891505743,0.0
116__116A__RDC__1.0__48H,0.0,0.0,0.0,0.0,0.0008335566074240633,0.0,0.01300943705158538,0.0010717156381187956,0.0,0.0,0.0,0.0,0.0,0.0,0.0010270608198588457,0.001369414426478461,0.0,0.0,0.0005507427584763811,0.169971123217809,0.0,0.0714477092077197,0.0,0.027522252984418072,0.0,0.0,0.0,0.0,0.0,0.0,0.0,0.0,0.0,0.0,0.017251644785780614,0.07342740615041748,0.0,0.03511357208776054,0.0,0.0,0.0,0.0,0.0004614331219664815,0.0039296240064255845,0.001309874668808528,0.0,0.0,0.0,0.0,0.0,0.0005507427584763811,0.312345568753649,0.004197552915955283,0.0,0.08143550355740849,0.0,0.0,0.0,0.0018308475484479427,0.004807835432104597,0.0,0.0,0.0,0.0,0.0003572385460385985,0.0,0.0,0.0,0.0004912030008034481,0.0,0.0,0.00020838915185576582,0.004673870977344747,0.0,0.0,0.0,0.0,0.042615581554552105,0.0,0.0,0.0,0.0,0.0,0.0,0.0,0.0,0.0,0.0,0.0,0.0,0.0,0.0,0.0,0.0,0.0,0.0,0.0,0.0,0.0,0.0,0.0,0.0,0.0,0.02779018189396877,0.0,0.0,0.0012503349111385948,0.0,0.0,0.0,0.0,0.0,0.0,0.0,0.0,0.0,0.0,0.0,0.0,0.0,0.0,0.013322020779385029,0.00020838915185576582,0.0,0.006519603465202674,0.004926914947454464,0.0,0.0,0.0,0.0,0.0,0.0,0.0,0.0002530439701107156,0.04895656574674498,0.0,0.0,0.0,0.0,0.0,0.0,0.0,0.0,0.0,0.0,0.0,0.0,0.0,0.0,0.004435711946645015,0.00017861927301979927,0.0,0.00019350421243778253,0.0,0.0040040487035155,0.0,0.0005656276978943643,0.0,0.004822720371524581,0.0,0.0,0.0,0.0,0.009734750379559062,0.0,0.0,0.0,0.0010270608198588457,0.0
116__116A__RDC__2.0__0H,0.0,0.0,0.0,0.0,0.0014846622964250868,0.0,0.0026952330919783425,0.0006852287521975786,0.0,0.0,0.0,0.0,0.0,0.0,0.02622142025078387,0.0018044357141188902,0.0,0.0,0.0,0.0065781960211059535,0.0,0.1282748224119211,0.0,0.25942760558227046,0.0,0.0,0.0,0.0,0.0,0.0,0.0,0.0,0.0,0.0,0.0,0.03364473173287931,0.0,0.026312784084383815,0.0,0.0,0.0,0.003791599095497668,0.0,0.018638222059788538,0.0,0.0,0.0,0.0,0.0,0.0,0.0,0.0,0.054201594298866666,0.0,0.09003905803884461,0.0,0.0,0.0,0.0,0.08270711039034913,0.0,0.0,0.0,0.0,0.00031977341769280334,0.0,0.0,0.0,0.0,0.0,0.0,0.0,0.0003426143760987893,0.0,0.0,0.0,0.0,0.02364039195087746,0.0,0.0,0.0,0.0,0.0,0.0,0.007400470523735448,0.0,0.0,0.0,0.0,0.0,0.0,0.0,0.0,0.0,0.0,0.0,0.0,0.0,0.00029693245928581735,0.0,0.0024896644663184686,0.0,0.0,0.0016217080468690025,0.0,0.0,0.0,0.0,0.0,0.0,0.0,0.0,0.0,0.0,0.0,0.0,0.0,0.0,0.0,0.0,0.0,0.026998012836583395,0.002055686256598736,0.0,0.0024896644663184686,0.09305406454844277,0.0,0.0,0.0,0.0,0.0,0.0,0.0,0.0007080697106045645,0.03586030469837794,0.0,0.0,0.0,0.0,0.0,0.0,0.0,0.0,0.0,0.0,0.0,0.0,0.0,0.0,0.012265594664392455,0.00036545533450577523,0.0,0.0,0.0,0.00886229186176455,0.0,0.0026495511751683702,0.0,0.01765606084828914,0.0,0.0,0.0,0.0,0.02240698019688622,0.0,0.0,0.0,0.0020100043397787634,0.0
116__116A__RDC__2.0__48H,0.0,0.0,0.0,0.0,0.0005993479094738999,0.0,0.0013665132335997719,0.0033323743766794436,0.0,0.0,0.0,0.0,0.0,0.0,0.0026131568853095637,0.0022535481396196238,0.0,0.0,0.0007192174913688799,0.08702531645568547,0.0012226697353297958,0.26867568085895516,0.00031166091292694797,0.04483122362873051,0.0,0.0,0.0018459915611796916,0.0,0.0,0.0,0.0,0.0,0.0,0.0,0.007767548906788703,0.028121403912495305,0.0,0.007120253164558811,0.0,0.0,0.0,0.0023734177215196037,0.0,0.005897583429229016,0.0017980437284196996,0.0,0.0,0.0,0.0,0.0,0.0,0.2725594553129545,0.0032364787111594595,0.0,0.039413118526993425,0.0,0.0,0.0,0.0022295742232496278,0.011171845032598136,0.0,0.0,0.0,0.0,0.0,0.0,0.0,0.0,0.0005753739930959039,0.0,0.0,0.0021336785577296437,0.0007671653241268718,0.0,0.0,0.0,0.0,0.028672803989295212,0.0,0.0,0.0,0.0,0.0,0.0,0.00028768699654795196,0.0,0.0,0.0,0.0,0.0,0.0,0.0,0.0,0.00047947832757991993,0.0,0.0,0.0,0.0,0.0,0.0,0.0,0.0,0.0,0.04641350210969225,0.0,0.0,0.0022535481396196238,0.0,0.0,0.0,0.0,0.0,0.0,0.0,0.0,0.0,0.0,0.0,0.0,0.0,0.0,0.031142117376294798,0.0,0.0,0.0022295742232496278,0.0024932873034095838,0.0,0.0,0.0,0.0,0.0,0.0,0.0,0.0,0.04056386651319323,0.0,0.0,0.0,0.0,0.0,0.0,0.0,0.0,0.0,0.0,0.0,0.0,0.0,0.0,0.0037159570387393795,0.0,0.0,0.00028768699654795196,0.0,0.0014624088991197558,0.0,0.0009349827387798438,0.0,0.01522343690069746,0.0,0.0,0.0,0.0,0.021888185653996348,0.0,0.0,0.0,0.001989835059459668,0.0
116__116A__SDC__1.0__0H,0.0,0.0,0.0,0.0,0.0016166069624359868,0.0,0.0027372095159399782,0.0005694865435839954,0.0,0.0,0.0,0.0,0.0,0.0,0.027959952236599778,0.0014145310921299887,0.0,0.0,0.0,0.00499678515660996,0.0,0.12806099017199898,0.0002388169376319981,0.24210526315744807,0.0,0.0,0.0,0.0,0.0,0.0,0.0,0.0,0.0,0.0,0.0,0.037108478001299704,0.0,0.025479930191999796,0.0,0.0,0.00022044640396799825,0.0036741067327999703,0.0,0.019160466611599848,0.00029392853862399767,0.0,0.0,0.0,0.0,0.0,0.0,0.0,0.05632405621379955,0.0,0.09196289152199927,0.0,0.0,0.0,0.0,0.07884633048589938,0.0,0.0,0.0,0.0,0.0002571874712959979,0.0,0.0,0.0,0.0,0.0,0.0,0.0,0.0003122990722879975,0.0,0.0,0.0,0.0,0.02404702856621981,0.0,0.0,0.0,0.0,0.0,0.0,0.006980802792319944,0.0,0.0,0.0,0.0,0.0,0.0,0.0,0.0,0.0,0.0,0.0,0.0,0.0,0.0,0.0,0.002020758703039984,0.0,0.0,0.00124919628914999,0.0,0.0,0.0,0.0,0.0,0.0,0.0,0.0,0.0,0.0,0.0,0.0,0.0,0.0,0.0,0.0,0.0,0.02902544318909977,0.002663727381279979,0.0,0.0021677229723499826,0.0985946541746992,0.0,0.0,0.0,0.0,0.0,0.0,0.0,0.0007899329475519937,0.03549187103889972,0.0,0.0,0.0,0.0,0.0,0.00022044640396799825,0.0,0.0,0.0,0.0,0.0,0.0,0.0,0.0,0.012859373564799898,0.00020207587030399838,0.0,0.0002571874712959979,0.0,0.01135298980439991,0.0,0.002020758703039984,0.0,0.01976669422249984,0.0,0.0,0.0,0.0,0.0248737025810998,0.0,0.0,0.0,0.0020758703040299835,0.0
116__116A__SDC__1.0__48H,0.0,0.0,0.0,0.0,0.00047112666576913566,0.0,0.004139184277831192,0.0015648135684504505,0.0,0.0,0.0,0.0,0.0,0.0,0.0005216045228161502,0.00042064880872312116,0.0,0.0,0.00047112666576913566,0.11248149145203239,0.0,0.09328307982232686,0.0,0.031363575178338036,0.0,0.0,0.00047112666576913566,0.0,0.0,0.0,0.0,0.0,0.0,0.0,0.014016018306604037,0.06552025844661888,0.0,0.015193834971104376,0.0,0.0,0.0,0.0,0.0002523892852340727,0.004862700228831401,0.0005216045228161502,0.0,0.0,0.0,0.0,0.0,0.0005216045228161502,0.3903789204471124,0.003954098801991139,0.0,0.08335576793652401,0.0,0.0,0.0,0.000874949522143252,0.004997307847621439,0.0,0.0,0.0,0.0,0.00031969309462909207,0.0,0.0,0.0,0.0002692152375820775,0.0,0.0,0.0,0.0009927311885852858,0.0,0.0,0.0,0.0,0.021554044958906206,0.0,0.0,0.0,0.0,0.0,0.0,0.0,0.0,0.0,0.0,0.0,0.0,0.0,0.0,0.0,0.0,0.0,0.0,0.0,0.0,0.0,0.0,0.0,0.0,0.0,0.07575043747482181,0.0,0.0,0.0012619464261703634,0.0,0.0,0.0,0.0,0.0,0.0,0.0,0.0,0.0,0.0,0.0,0.0,0.0,0.0,0.010617175932203059,0.0,0.0,0.004559833086551313,0.002624848566430756,0.0,0.0,0.0,0.0,0.0,0.0,0.0,0.0002523892852340727,0.038834298021311185,0.0,0.0,0.0,0.0,0.0,0.0,0.0,0.0,0.0,0.0,0.0,0.0,0.0,0.0,0.0025743707093807415,0.0,0.0,0.00018508547583805332,0.0,0.002086418091260601,0.0,0.0,0.0,0.0039036209449511243,0.0,0.0,0.0,0.0,0.003802665230851095,0.0,0.0,0.0,0.0007739938080502229,0.0
116__116A__SDC__2.0__0H,0.0,0.0,0.0,0.0,0.0013056960992321345,0.0,0.002028492154170209,0.0003031080230360312,0.0,0.0,0.00027979202126402885,0.0,0.0,0.0,0.02242999370470231,0.0016554361258101706,0.0,0.0,0.0,0.003940404299470406,0.0,0.12672246963101305,0.0,0.2270978572589734,0.0,0.0,0.0,0.0,0.0,0.0,0.0,0.0,0.0,0.0,0.0,0.03777192287070389,0.0,0.027396302082102825,0.0,0.0,0.0,0.00426682832428044,0.0,0.01902585744600196,0.0,0.0,0.0,0.0,0.0,0.0,0.0,0.0,0.06763972114060697,0.0,0.0883676467159091,0.0,0.0,0.0,0.0,0.06749982513000695,0.0,0.0,0.0,0.0,0.0006994800531600721,0.0,0.0,0.0,0.00027979202126402885,0.0,0.0,0.0,0.000466320035440048,0.0,0.0,0.0,0.0,0.023712373802190444,0.0,0.0,0.0,0.0,0.0,0.0,0.006971484529830718,0.0,0.0,0.0,0.0,0.0,0.0,0.0,0.0,0.0,0.0,0.0,0.0,0.0,0.0,0.0,0.0011191680850601154,0.0,0.0,0.0009093240691090936,0.0,0.0,0.0,0.0,0.0,0.0,0.0,0.0,0.0,0.0,0.0,0.0,0.0,0.0,0.0,0.0,0.0,0.018979225442401958,0.0018419641399901898,0.0,0.0026580242020102737,0.12121989321301249,0.0,0.0,0.0,0.0,0.0,0.0,0.0,0.001212432092140125,0.04329781529060446,0.0,0.0,0.0,0.0,0.0,0.0,0.0,0.0,0.0,0.0,0.0,0.0,0.0,0.0,0.014898925132301535,0.0004896360372120504,0.0,0.0004896360372120504,0.0,0.013080276994101348,0.0,0.0026347082002402713,0.0,0.020214973536302083,0.0,0.0,0.0,0.0,0.025950709972302675,0.0,0.0,0.0,0.0011424840868301178,0.0
116__116A__SDC__2.0__48H,0.0,0.0,0.0,0.0,0.00029564189071687675,0.0,0.00048693958470979695,0.000347813989078855,0.0,0.0,0.0,0.0,0.0,0.0,0.0003999860874398332,0.0008347535737886518,0.0,0.0,0.001321693158499449,0.059771834023175076,0.0,0.24352196445289845,0.0,0.023007895377590407,0.0,0.0,0.0,0.0,0.0,0.0,0.0,0.0,0.0,0.0,0.0148690480330938,0.10604848526995578,0.0,0.0009564884699656011,0.0,0.0,0.0,0.0,0.0,0.0019477583388391878,0.0002608604918088912,0.0,0.0,0.0,0.0,0.0,0.0,0.3632569301938485,0.0014782094535793835,0.0,0.11947410524895018,0.0,0.0,0.0,0.0,0.004973740043817926,0.0,0.0,0.0,0.0,0.0,0.0,0.0,0.0,0.0,0.0,0.0,0.0,0.00019129769399292023,0.0,0.0,0.0,0.0,0.006782372787027172,0.0,0.0,0.0,0.0,0.0,0.0,0.0,0.0,0.0,0.0,0.0,0.0,0.0,0.0,0.0,0.0,0.0,0.0,0.0,0.0,0.0,0.0,0.0,0.0,0.0,0.006034572710507484,0.0,0.0,0.0,0.0,0.0,0.0,0.0,0.0,0.0,0.0,0.0,0.0,0.0,0.0,0.0,0.0,0.0,0.012625647803594734,0.0,0.0,0.0,0.0022434002295590645,0.0,0.0,0.0,0.0,0.0,0.0,0.0,0.00020868839344691297,0.023007895377590407,0.0,0.0,0.0,0.0,0.0,0.0,0.0,0.0,0.0,0.0,0.0,0.0,0.0,0.0,0.0008695349726966375,0.0,0.0,0.00020868839344691297,0.0,0.0014608187541293909,0.0,0.00024346979235489847,0.0,0.0013738652568594271,0.0,0.0,0.0,0.0,0.00069562797815671,0.0,0.0,0.0,0.0007999721748806664,0.0
116__116B__No Added Carb__1.0__48H,0.0002010858636640464,0.0,0.0,0.0,0.0024130303639685567,0.0,0.009417521281592173,0.004507674777131041,0.0,0.0,0.00033514310610607736,0.0004692003485491083,0.0006032575909911392,0.0,0.008311549031441918,0.01260138078960291,0.0,0.0,0.0,0.05136068101081185,0.00023460017427405416,0.1061063073930245,0.004289831758160991,0.0818922179771319,0.0,0.0,0.0024465446745805647,0.0,0.00021784301896905027,0.0,0.0,0.0012232723372902824,0.0,0.0,0.039546886520509125,0.0515617668745119,0.0,0.00754071988739174,0.0,0.0,0.0,0.0002681144848850619,0.002379516053350549,0.019689657483704544,0.010724579395402476,0.0003686574167170851,0.0,0.0,0.0,0.0,0.0019773443260304563,0.020678329646804775,0.012199209062302815,0.0,0.000385414572022089,0.0,0.0,0.0,0.018181513506304196,0.009987264561972305,0.0,0.0,0.0,0.0,0.0027481734700706343,0.0,0.0,0.00048595750385411216,0.004943360815071141,0.0,0.004608217708961063,0.01265165225550292,0.0004021717273280928,0.0004692003485491083,0.0,0.0,0.0,0.05841544339431348,0.0,0.0,0.00023460017427405416,0.0005194718144651199,0.0,0.0,0.0003686574167170851,0.0,0.0,0.0,0.0,0.0,0.0,0.0,0.0,0.0004189288826330967,0.0,0.0,0.0,0.0,0.0002681144848850619,0.0,0.0,0.0,0.0,0.0037368456330908626,0.11733360144802707,0.0,0.007590991353311752,0.0,0.0,0.0,0.0,0.003317916750450766,0.0,0.0,0.0,0.0,0.0,0.0,0.0,0.0,0.0,0.034519739928907965,0.0007038005228231625,0.0,0.007004490917621617,0.036714927273908474,0.0,0.0,0.0006535290569071508,0.0,0.010205107580902355,0.0,0.0,0.0018265299282804216,0.03058180843220706,0.0,0.0023627588980505458,0.0,0.0,0.0,0.00018432870835804257,0.0,0.0,0.0,0.0,0.0,0.0,0.0,0.0,0.05720892821231321,0.0005362289697701238,0.0,0.0006702862122131547,0.0,0.0070380052282316245,0.0,0.010154836115002343,0.0,0.028051477981106476,0.0,0.0009048863864872088,0.0,0.0,0.06788323614181567,0.0009719150077082243,0.0,0.0,0.0011897580266802745,0.0
116__116B__RDC__1.0__48H,0.0002691960539031653,0.0,0.0,0.0,0.00017418568193710698,0.0,0.09063989485525567,0.004940539342213034,0.0,0.0,0.0,0.0,0.0010767842156106614,0.0,0.002771135849001702,0.004180456366492567,0.0,0.0,0.0,0.11276147646106925,0.00028503111589717504,0.011401244635907004,0.006033158619823706,0.05152729172942264,0.0,0.0,0.0018051970673511088,0.0,0.0,0.0,0.0,0.000807588161708496,0.0,0.0,0.05896977086673622,0.033206125002020394,0.0010609491536206516,0.009770233250466,0.0,0.0,0.0,0.0,0.014789947902609082,0.02074393121251274,0.004148786242502548,0.00022169086792013615,0.0,0.0,0.0,0.0,0.007268293455374464,0.019777992430812148,0.00405377587053249,0.0,0.0,0.0,0.0,0.0,0.027299646878116767,0.0,0.0,0.0,0.0,0.0,0.0008234232237025057,0.0,0.0,0.00028503111589717504,0.004132951180502538,0.0,0.0006809076657544182,0.024623521401115123,0.0003325363018802042,0.0,0.0,0.0,0.0,0.058320533324935815,0.0,0.0,0.0,0.0006809076657544182,0.0,0.0,0.0,0.0,0.0,0.0,0.0,0.0,0.0,0.0,0.0,0.0,0.0,0.0,0.0,0.0004750518598282918,0.0002533609919081556,0.0,0.0,0.0,0.0,0.0033411980807920524,0.22265680670113674,0.0,0.01094202783800672,0.0,0.0,0.0,0.0,0.0010609491536206516,0.0,0.0,0.0,0.0,0.0,0.0,0.0,0.0,0.0,0.003357033142782062,0.0002691960539031653,0.0,0.002644455353041624,0.005035549714183093,0.0,0.0,0.0,0.0,0.0065398806036340166,0.0,0.0,0.0,0.037259900872522886,0.0,0.0,0.0,0.0,0.0,0.0,0.0,0.0,0.0,0.0,0.0,0.0,0.0,0.0,0.03277857832812013,0.0,0.0,0.0,0.0,0.0008709284096855349,0.0,0.008867634716795447,0.0,0.03583474529302201,0.0,0.0004908869218223015,0.0,0.0,0.045256607179627796,0.002026887935271245,0.0,0.00017418568193710698,0.0,0.0
116__116B__RDC__2.0__48H,0.0,0.0,0.0,0.0,0.0,0.0,0.0,0.0006944590584824994,0.0,0.0,0.0,0.0,0.0,0.0,0.000315663208401227,0.0,0.0,0.0,0.0,0.07479113617715377,0.0,0.5735600496644124,0.0,0.013342031608409594,0.0,0.0,0.0,0.0,0.0,0.0,0.0,0.0,0.0,0.0,0.0018518908226213316,0.007512784359945403,0.0,0.0,0.0,0.0,0.0,0.0,0.0,0.0015572718281111199,0.0,0.0,0.0,0.0,0.0,0.0,0.0,0.28792693448920703,0.0016624928975811954,0.0,0.0038300469286027543,0.0,0.0,0.0,0.0,0.002062332961551483,0.0,0.0,0.0,0.0,0.0,0.0,0.0,0.0,0.0,0.0,0.0,0.0,0.0,0.0,0.0,0.0,0.0,0.0015362276142211046,0.0,0.0,0.0,0.0,0.0,0.0,0.0,0.0,0.0,0.0,0.0,0.0,0.0,0.0,0.0,0.0,0.0,0.0,0.0,0.0,0.0,0.0,0.0,0.0,0.0,0.006713104231994828,0.008270376060105947,0.0,0.0002525305667211816,0.0,0.0,0.0,0.0,0.0,0.0,0.0,0.0,0.0,0.0,0.0,0.0,0.0,0.0,0.0061028220290843885,0.0,0.0,0.0,0.0005681937751224087,0.0,0.0,0.0,0.0,0.0,0.0,0.0,0.0,0.005681937751224086,0.0,0.0,0.0,0.0,0.0,0.0003577516361882573,0.0,0.0,0.0,0.0,0.0,0.0,0.0,0.0,0.00029461899450721184,0.0,0.0,0.0,0.0,0.0005681937751224087,0.0,0.0,0.0,0.0005471495612283934,0.0,0.0,0.0,0.0,0.0,0.0,0.0,0.0,0.0,0.0
116__116B__SDC__1.0__48H,0.00034515332073797595,0.0,0.0,0.0,0.0012897834617059101,0.0,0.007611539020489469,0.009282807731429353,0.0,0.0,0.0,0.0,0.0004723150704839671,0.0,0.004650486847839676,0.00588577241679959,0.0,0.0,0.0,0.06027466937949579,0.0007993024269729443,0.2508901322479825,0.0011807876762099177,0.11800610376421877,0.0,0.0,0.0024342392094198304,0.0,0.000272489463740981,0.0,0.0,0.00025432349949098225,0.0,0.0,0.0015986048539498884,0.05133701496879642,0.0,0.0032335416363897746,0.0,0.0,0.0,0.00021799157099298478,0.002307077459669839,0.005068304025579647,0.005395291382069623,0.0,0.0,0.0,0.0,0.0,0.004777648597589667,0.04103691323939714,0.007066560093009508,0.0,0.0010536259264599264,0.0,0.0,0.0,0.01133556169159921,0.002161749745679849,0.0,0.0,0.0,0.0,0.0016712687109398836,0.0,0.0,0.0007448045342249481,0.0019619241389298636,0.0,0.0005268129632319633,0.01762098532189877,0.000272489463740981,0.0,0.0,0.0,0.0,0.06358087487279557,0.0,0.0,0.0,0.00025432349949098225,0.0,0.0,0.0,0.0,0.0,0.0,0.0,0.0,0.0,0.0,0.0,0.0019619241389298636,0.0003633192849879747,0.0,0.0,0.0,0.0008356343554719417,0.0,0.0,0.0,0.0,0.008864990553699383,0.009082982124689366,0.0,0.003833018456619733,0.0,0.0,0.0,0.0,0.0,0.0,0.0,0.0,0.0,0.0,0.0,0.0,0.0,0.0,0.0186382793198987,0.0013987792471999024,0.0,0.012443685510799133,0.009627961052169329,0.0,0.0,0.00023615753524198354,0.0,0.006703240808019532,0.0,0.0,0.0008356343554719417,0.11706147362299184,0.0,0.00773870077023946,0.0,0.0,0.0,0.00021799157099298478,0.0,0.0,0.0,0.0,0.0,0.0,0.0,0.0,0.01306132829529909,0.0,0.0,0.0005086469989829646,0.0,0.006103763987789574,0.0,0.004668652812089675,0.0,0.0472678389768967,0.0,0.0,0.0,0.0,0.040728091847097164,0.0,0.0,0.0,0.0009446301409679342,0.0
116__116B__SDC__2.0__48H,0.0,0.0,0.0,0.0,0.0,0.0,0.0,0.000978371739628033,0.0,0.0,0.0,0.0,0.0,0.0,0.0,0.0,0.0,0.0,0.0,0.14902475072300506,0.0,0.4530901975480154,0.0,0.007826973917030265,0.0,0.0,0.0,0.0,0.0,0.0,0.0,0.0,0.0,0.0,0.0,0.01825600033310062,0.0,0.0,0.0,0.0,0.0,0.0,0.0,0.0,0.0,0.0,0.0,0.0,0.0,0.0,0.0,0.3005058390060102,0.0,0.0,0.017152730073500582,0.0,0.0,0.0,0.0,0.0008951060596600304,0.0,0.0,0.0,0.0,0.0,0.0,0.0,0.0,0.0,0.0,0.0,0.0,0.0,0.0,0.0,0.0,0.0,0.004975124378110169,0.0,0.0,0.0,0.0,0.0,0.0,0.0,0.0,0.0,0.0,0.0,0.0,0.0,0.0,0.0,0.0,0.0,0.0,0.0,0.0,0.0,0.0,0.0,0.0,0.0,0.02146172901180073,0.0034347092986901167,0.0,0.0,0.0,0.0,0.0,0.0,0.0,0.0,0.0,0.0,0.0,0.0,0.0,0.0,0.0,0.0,0.011220050375700381,0.0,0.0,0.0,0.0006869418597390233,0.0,0.0,0.0,0.0,0.0,0.0,0.0,0.0,0.008014321696950273,0.0,0.0,0.0,0.0,0.0,0.0,0.0,0.0,0.0,0.0,0.0,0.0,0.0,0.0,0.0006453090197550219,0.0,0.0,0.0,0.0,0.000999188159620034,0.0,0.0,0.0,0.0,0.0,0.0,0.0,0.0,0.00041632839984201414,0.0,0.0,0.0,0.00041632839984201414,0.0
123__123A__No Added Carb__1.0__0H,0.0,0.0,0.0,0.0011540183954000514,0.0007578628268280338,0.0,0.0,0.0,0.0,0.0,0.0,0.0,0.0,0.0,0.004891660064070218,0.0,0.0,0.0,0.0,0.0,0.0,0.17587584829000782,0.0,0.28700609735063276,0.0,0.0,0.0,0.0,0.0,0.0,0.0,0.0,0.0,0.0,0.023097592063101028,0.049295532054202194,0.0,0.001980777842850088,0.0,0.0,0.0,0.0,0.0,0.032209170140201436,0.0,0.0,0.0,0.0,0.0,0.0,0.0003617072582590161,0.0,0.035585104550601585,0.0,0.013314271935000593,0.0,0.0,0.0,0.0,0.0073030417858003255,0.0,0.0,0.0,0.0,0.0,0.0,0.0,0.013796548279300614,0.0,0.0,0.0,0.0,0.003754865823830167,0.0,0.0,0.0,0.0,0.014123807227262627,0.0,0.0009817768438460438,0.00403045230631018,0.0,0.0,0.0,0.002876433910920128,0.0,0.0,0.0004995004995000222,0.0,0.0,0.0,0.0,0.0,0.0,0.0,0.0,0.0,0.0,0.0,0.0,0.010403389713700462,0.0,0.0,0.0,0.0,0.0,0.0,0.0,0.0,0.0,0.0,0.0,0.0,0.0,0.0,0.0,0.0,0.0,0.0,0.0,0.0,0.11721037583100521,0.00022391401701700998,0.0,0.0021013469289300935,0.011178476695700499,0.0,0.0,0.003927107375380175,0.0,0.0,0.010523958799800469,0.0,0.01104068345450049,0.07809431947360349,0.0,0.0,0.006889662062080307,0.0,0.0,0.025612318715801143,0.0,0.0,0.0,0.0,0.0,0.0,0.0,0.00027558648248301223,0.00246305418719011,0.0,0.0,0.0,0.0,0.009834992593610438,0.0,0.0014468290330400643,0.0,0.021013469289300937,0.0,0.0,0.0,0.0,0.013762099969000612,0.0,0.0,0.0,0.001102345929930049,0.0
123__123A__RDC__1.0__0H,0.0,0.0,0.0,0.0,0.0009505703422055349,0.0,0.0067931002503938236,0.0,0.0,0.0,0.0,0.0,0.0,0.0,0.051493090976528974,0.0,0.0,0.0,0.0,0.0,0.0,0.30163219883116976,0.0,0.21795882407482067,0.0,0.0,0.0,0.0,0.0,0.0,0.0,0.0,0.0,0.0,0.004474636001112518,0.0,0.0,0.006329407400543562,0.0,0.0,0.0,0.0,0.0,0.032690345914918394,0.0,0.0,0.0,0.0,0.0,0.0,0.0006723546322923784,0.0,0.05239729203382949,0.0,0.01073448947420604,0.0,0.0,0.0,0.0,0.023926551052613466,0.0,0.0,0.0,0.0,0.00041732356487123485,0.0,0.0,0.0,0.0,0.0,0.0,0.0,0.0031762960215217877,0.0,0.0,0.0,0.0,0.036794027636120705,0.0,0.0,0.00037095427988520876,0.0,0.0,0.0,0.0018084021144410176,0.0,0.0,0.0006259853473063522,0.0,0.0,0.0,0.0,0.0,0.0,0.0,0.0,0.0,0.0,0.0,0.0,0.0027821570991415656,0.0,0.0,0.0,0.0,0.0,0.0,0.0,0.0,0.0,0.0,0.0,0.0,0.0,0.0,0.0,0.0,0.0,0.0,0.0,0.0,0.04115274042472316,0.0006723546322923784,0.0,0.003964573866272231,0.06340999721783568,0.0,0.0,0.0,0.0,0.0017852174719510047,0.0,0.0,0.028030232773815774,0.04755170175282676,0.0,0.0,0.004938328850972779,0.0,0.0,0.003987758508762244,0.0,0.0,0.0,0.0,0.0,0.0,0.0,0.0,0.0013678939070807699,0.0003941389223782218,0.0,0.0,0.0,0.01337753871840753,0.0,0.0011592321246406525,0.0,0.019799684688911145,0.0,0.0,0.0,0.0,0.012380599091206966,0.0,0.0,0.0,0.0,0.0
123__123A__RDC__1.0__48H,0.0,0.0,0.0,0.0,0.0,0.0,0.0661961583235663,0.003652502910358141,0.0,0.0,0.0,0.00017462165308491112,0.0,0.0,0.0022264260768288667,0.0,0.0,0.0,0.0,0.32529103608783444,0.0,0.0020663562281689482,0.0004220023282887852,0.03245052386498348,0.0,0.0,0.0,0.0,0.0,0.0,0.0,0.0,0.10190628637994814,0.0,0.07559662398136154,0.02562572759018696,0.0,0.001862630966239052,0.0,0.0,0.0,0.0,0.0,0.00039289871944080004,0.02114377182768924,0.0,0.0,0.008876600698485483,0.0,0.0,0.0,0.11066647264294369,0.0,0.0,0.0018480791618190595,0.0,0.0,0.0,0.02000873108268982,0.0010331781140894742,0.0,0.0,0.0,0.0,0.0,0.0,0.0,0.0,0.0017025611175791335,0.0,0.0,0.0,0.03994470314317967,0.0,0.0,0.0,0.0,0.0559953434225715,0.0012223515715893778,0.0,0.0,0.0,0.0,0.0,0.0,0.0,0.0,0.0,0.0,0.0,0.0,0.0,0.0,0.0,0.0,0.0,0.0,0.0,0.00018917345750890373,0.0,0.0,0.0,0.0,0.0,0.0,0.0,0.0,0.0,0.0,0.0,0.0,0.0007130384167636371,0.0,0.0,0.0,0.0,0.0,0.0,0.0,0.0,0.0,0.05925494761346985,0.004394644935967763,0.0,0.0026775320139686373,0.0,0.0,0.0,0.0,0.0,0.0,0.0,0.0,0.0035215366705482077,0.006242724097786823,0.0,0.0,0.0,0.0,0.0,0.0,0.0004947613504067482,0.0,0.0,0.0,0.0,0.0,0.0,0.0,0.0,0.0,0.0,0.0,0.0,0.00036379511059381485,0.0,0.0,0.0,0.002473806752038741,0.0,0.0,0.0,0.0,0.017142025611191273,0.0022264260768288667,0.0,0.0,0.0,0.0
123__123A__RDC__2.0__0H,0.0,0.0,0.0,0.0006181504423634918,0.0011075195425690897,0.0,0.005511841444405469,0.0,0.0,0.0,0.0,0.0,0.0,0.0,0.04117139508826616,0.0,0.0,0.0,0.0,0.0,0.0,0.29975145200975356,0.0,0.22016458255555804,0.0,0.0,0.0,0.0,0.0,0.0,0.0,0.0,0.0,0.0,0.0068382892686443784,0.007739758663753638,0.0,0.005177009954795745,0.0,0.0,0.0,0.0,0.0,0.03513155014097112,0.0,0.0,0.0,0.0,0.0,0.0,0.00042497842912465065,0.0,0.050083063965658835,0.0,0.01120397676779079,0.0,0.0,0.0,0.0,0.019819448558283707,0.0,0.0,0.0,0.0,0.00018029387902285178,0.0,0.0,0.0018286950586584969,0.0,0.0,0.0,0.0,0.004301296828116465,0.0,0.0,0.0,0.0,0.033418758290311525,0.0,0.00024468455010179886,0.0008370787240333119,0.0,0.0,0.0,0.0023695766957280524,0.0,0.0,0.0005537597712835449,0.0,0.0,0.0,0.0,0.0,0.0,0.0,0.0,0.0,0.0,0.0,0.0,0.00440432190183638,0.0,0.0,0.0,0.0,0.0,0.0,0.0,0.0,0.0,0.0,0.0,0.0,0.0,0.0,0.0,0.0,0.0,0.0,0.0,0.0,0.052684447077256696,0.0002833189527497671,0.0,0.0034899743725071313,0.04949066979175932,0.0,0.0,0.0007340536503063967,0.0,0.001274935287378952,0.0016097667769886768,0.0,0.022871566367481198,0.052298103050757015,0.0,0.0,0.005305791296955639,0.0,0.0,0.0069799487450242625,0.0,0.0,0.0,0.0,0.0,0.0,0.0,0.0,0.0018286950586584969,0.00038634402647668245,0.0,0.0,0.0,0.012891012350089404,0.0,0.0012878134215889413,0.0,0.019896717363583644,0.0,0.0,0.0,0.0,0.013547797195088864,0.0,0.0,0.0,0.0002575626843177883,0.0
123__123A__RDC__2.0__48H,0.0,0.0,0.0,0.0,0.0,0.0,0.00015878686832601876,0.00019848358540702345,0.0,0.0,0.0,0.0,0.0,0.0,0.00015878686832601876,0.0,0.0,0.0,0.0,0.07122583462350841,0.0,0.0005557540391410657,0.0,0.013387717835701581,0.0,0.0,0.0,0.0,0.0,0.0,0.0,0.0,0.005934659203680701,0.0,0.7685383668770908,0.020622444523802436,0.0,0.0,0.0,0.0,0.0,0.0,0.0,0.0,0.0007641618038190904,0.0,0.0,0.006470564884280764,0.0,0.0,0.0,0.05805644873170686,0.0,0.0,0.014102258743201665,0.0,0.0,0.0,0.001091659719740129,0.003274979159220387,0.0,0.0,0.0,0.0,0.0,0.0,0.0,0.0,0.00026795284030003166,0.0,0.0,0.0,0.003284903338490388,0.0,0.0,0.0,0.0,0.013824381723601632,0.0,0.0,0.0,0.0,0.0,0.0,0.0,0.0,0.0,0.0,0.0,0.0,0.0,0.0,0.0,0.0,0.0,0.0,0.0,0.0,0.0001091659719740129,0.0,0.0,0.0,0.0,0.0,0.0,0.0,0.0,0.0,0.0,0.0,0.0,0.0,0.0,0.0,0.0,0.0,0.0,0.0,0.0,0.0,0.0,0.011531896312201362,0.0002977253781110352,0.0,0.0008534794172521008,0.0,0.0006053749354930716,0.0,0.0,0.0,0.0,0.0,0.0,0.0012305982295301454,0.002580286610300305,0.0,0.0,0.0,0.0,0.0,0.0,0.0,0.0,0.0,0.0,0.0,0.0,0.0,0.0,0.0,0.0,0.0,0.0,0.0,0.0,0.0,0.0,0.0,0.00025802866103003045,0.0,0.0,0.0,0.0,0.0,0.0006152991147630727,0.0,0.0,0.0,0.0
123__123A__SDC__1.0__0H,0.0,0.0,0.0,0.001476908780139898,0.0009292909178409358,0.0,0.00019913376810898627,0.0,0.0,0.0,0.0,0.0,0.0,0.0,0.004181809130279711,0.0,0.0,0.0,0.0,0.0,0.0,0.18305371633398737,0.0,0.2735434194587951,0.0,0.0,0.0,0.0,0.0,0.0,0.0,0.0,0.0,0.0,0.020925640132098553,0.05479497519129622,0.0,0.0019581487197398648,0.0,0.0,0.0,0.0,0.0,0.035030948706497575,0.0,0.0,0.0,0.0,0.0,0.0,0.00023232272945998396,0.0,0.033354906158197695,0.0,0.01520054429899895,0.0,0.0,0.0,0.0,0.007002870845159516,0.0,0.0,0.0,0.0,0.0,0.0,0.0,0.012844128042999113,0.0,0.0,0.0,0.0,0.003069978925009788,0.0,0.0,0.0,0.0,0.014005741690308033,0.0,0.0008795074758139393,0.004281376014339704,0.0,0.0,0.0,0.00318614028973978,0.0,0.0,0.0004646454589199679,0.0,0.0,0.0,0.0,0.0,0.0,0.0,0.0,0.0,0.0,0.00034848409418997595,0.0,0.013541096231399066,0.0,0.0,0.0,0.0,0.0,0.0,0.0,0.0,0.0,0.0,0.0,0.0,0.0,0.0,0.0,0.0,0.0,0.0002489172101359828,0.0,0.0,0.11594563648099199,0.00028210617148698055,0.0,0.0025223610627098255,0.009608204311249337,0.0,0.0,0.004314564975689702,0.0,0.0,0.012976883888399102,0.0,0.012578616352199132,0.07178772340319504,0.0,0.0,0.005343422777579631,0.0,0.0,0.02231957650889846,0.0,0.0,0.0,0.0,0.0,0.0,0.0,0.0,0.003318896135149771,0.00019913376810898627,0.0,0.0,0.0,0.01072003451649926,0.0,0.001825392874329874,0.0,0.02346459567549838,0.0,0.0,0.0,0.0,0.01677701996319884,0.0,0.0,0.0,0.0012611805313599129,0.0
123__123A__SDC__1.0__48H,0.0,0.0,0.0,0.0,0.0,0.0,0.03562805577352505,0.00297277720770209,0.0,0.0,0.0,0.0,0.0,0.0,0.0015995654011011248,0.0,0.0,0.0,0.0,0.18778294199313203,0.0,0.010744250618707554,0.00042252670972429707,0.08705559244286122,0.0,0.0,0.0,0.0,0.0,0.0,0.0,0.0,0.0601647854168423,0.0,0.25808836844318145,0.029350516086220635,0.0,0.0006337900645864456,0.0,0.0,0.0,0.0,0.0,0.00027162431339419096,0.010291543429707235,0.0,0.0,0.0028369650510119944,0.0,0.0,0.0,0.08171364761275746,0.0,0.0,0.0044667109313731405,0.0,0.0,0.0,0.010532987263807405,0.0006941510231184881,0.0,0.0,0.0,0.0,0.0,0.0,0.0,0.0,0.0010412265346807321,0.0,0.0,0.0,0.022574998491015873,0.0,0.0,0.0,0.0,0.010412265346807321,0.0013279410877009338,0.0,0.0,0.004798696203303374,0.0,0.0,0.0,0.0,0.0,0.0,0.0,0.0,0.0,0.0,0.0,0.0,0.0,0.0,0.0,0.0,0.0007545119816505305,0.0,0.0,0.0,0.0,0.10656727228807493,0.0010110460554107108,0.0,0.0,0.0,0.0,0.0,0.0,0.0008601436590816048,0.0,0.0,0.0,0.0,0.0,0.0,0.0,0.0,0.0,0.03733325285212625,0.0013430313273409442,0.0,0.002157904267521517,0.0,0.0,0.0,0.0,0.0,0.0,0.0,0.0,0.0025351602583417823,0.003516025834492472,0.0,0.0,0.0,0.0,0.0,0.0,0.00022635359449515915,0.0,0.0,0.0,0.0,0.0,0.0,0.0,0.0,0.0,0.0,0.0,0.0,0.00019617311522913792,0.0,0.0,0.0,0.0019919116315614003,0.0,0.0,0.0,0.0,0.014682803162910324,0.0014184825255009973,0.0,0.0,0.0,0.0
123__123A__SDC__2.0__0H,0.0,0.0,0.0,0.001673627773328559,0.0011108148938090436,0.0,0.00020735211350982147,0.0,0.0,0.0,0.0,0.0,0.0,0.0,0.00543558754701532,0.0,0.0,0.0,0.0,0.0,0.0,0.18249948161984283,0.0,0.2441867353890647,0.0,0.0,0.0,0.0,0.0,0.0,0.0,0.0,0.0,0.0,0.02366776267067962,0.057688320151650326,0.0,0.0016440060428285844,0.0,0.0,0.0,0.0,0.0,0.035442400544969485,0.0002665955745127704,0.0,0.0,0.0,0.0,0.0,0.00017773038300884696,0.0,0.03202109067207243,0.0,0.012411505080089312,0.0,0.0,0.0,0.0,0.006946295802594019,0.0,0.0,0.0,0.0,0.0,0.0,0.0,0.013433454782388433,0.0,0.0,0.0,0.0,0.003717527177936799,0.0,0.0,0.0,0.0,0.013655617761188243,0.0,0.0010367605675491072,0.0044136378447161995,0.0,0.0,0.0,0.0029177404543974878,0.0,0.0,0.0004147042270206429,0.0,0.0,0.0,0.0,0.0,0.0,0.0,0.0,0.0,0.0,0.00029621730501474495,0.0,0.013744482952688163,0.0,0.0,0.0,0.0,0.0,0.0,0.0,0.0,0.0,0.0,0.0,0.0,0.0,0.0,0.0,0.0,0.0,0.0,0.0,0.0,0.14079208507387878,0.00022216297876080868,0.0,0.003288012085667169,0.009019816937702234,0.0,0.0,0.004754287745485906,0.0,0.0,0.013196480938388636,0.0,0.013374211321388484,0.06836695399744112,0.0,0.0,0.0064279155188144655,0.0,0.0,0.02722237033087656,0.0,0.0,0.0,0.0,0.0,0.0,0.0,0.0,0.0024289819011179084,0.00017773038300884696,0.0,0.0,0.0,0.011285879321090281,0.0,0.0017773038300884696,0.0,0.022453271720080666,0.0,0.0,0.0,0.0,0.015255191208286865,0.0,0.0,0.0,0.0009478953760471838,0.0
123__123A__SDC__2.0__48H,0.0,0.0,0.0,0.0,0.0,0.0,0.0,0.0,0.00026763013515302726,0.0,0.0,0.0,0.0,0.0,0.0,0.0,0.0,0.0,0.0,0.01943663856550198,0.0,0.024320888532002476,0.0,0.06535193362770667,0.0,0.0,0.0,0.0,0.0,0.0,0.0,0.0,0.018399571791801878,0.0,0.7346781747625688,0.027398635086302792,0.0,0.0,0.0,0.0,0.0,0.0,0.0,0.0,0.0,0.0,0.0,0.0016559614612601688,0.0,0.0,0.0,0.07916833935500807,0.0,0.0,0.00451625853071046,0.0,0.0,0.0,0.0,0.009183059012440938,0.0,0.0,0.0,0.0,0.0,0.0,0.0,0.0,0.0,0.0,0.0,0.0,0.0006021678040950614,0.0,0.0,0.0,0.0,0.0014886926267901517,0.0004683527365180478,0.0,0.0,0.0,0.0,0.0,0.0,0.0,0.0,0.0,0.0,0.0,0.0,0.0,0.0,0.0,0.0,0.0,0.0,0.0,0.0,0.0,0.0,0.0,0.0,0.0,0.0,0.0,0.0,0.0,0.0,0.0,0.0,0.0,0.0,0.0,0.0,0.0,0.0,0.0,0.0,0.0,0.0,0.010136491368901034,0.0,0.0,0.00030108390204703066,0.0,0.0,0.0,0.0,0.0,0.0,0.0,0.0,0.000735982871671075,0.0018901378295201926,0.0,0.0,0.0,0.0,0.0,0.0,0.0,0.0,0.0,0.0,0.0,0.0,0.0,0.0,0.0,0.0,0.0,0.0,0.0,0.0,0.0,0.0,0.0,0.0,0.0,0.0,0.0,0.0,0.0,0.0,0.0,0.0,0.0,0.0
123__123B__No Added Carb__1.0__48H,0.0,0.0,0.0,0.0,0.0,0.0,0.08775727402283191,0.004545700524921653,0.0,0.0,0.0,0.00039684687122314437,0.0,0.0,0.005844472103472126,0.0,0.010931327452803976,0.0,0.0,0.19514042967707096,0.0,0.0015693489907505707,0.0009740786839113543,0.037033028482813465,0.0,0.0,0.0,0.15691686058005708,0.0,0.0,0.0,0.0,0.005844472103472126,0.0,0.17028338474306193,0.047314970146317206,0.0,0.00039684687122314437,0.0,0.0,0.0,0.0,0.0,0.001316810072700479,0.004311200101021568,0.0,0.008460053754713077,0.0023450042390508533,0.0,0.0,0.0,0.10106968270303676,0.0,0.0,0.008947093096673254,0.0,0.0,0.0,0.004924508902001791,0.0005772318126882099,0.0,0.0,0.0,0.0,0.0,0.0,0.0,0.0,0.0008478092248863084,0.0,0.0,0.0,0.025596623193909308,0.0,0.0,0.0,0.0,0.0189764958421069,0.00048703934195617717,0.0,0.0,0.003246928946371181,0.0,0.0,0.0,0.0,0.0,0.0,0.0,0.0,0.0,0.0,0.0,0.0,0.0,0.0,0.0,0.0,0.0005231163302491903,0.0,0.002381081227340866,0.0,0.0,0.0,0.010336057145903759,0.0,0.0,0.0,0.0,0.0,0.0,0.009109439543993313,0.0,0.0,0.0,0.0,0.0,0.0,0.0,0.0,0.0,0.049227050525817904,0.0007756552483002821,0.0,0.002128542309290774,0.0,0.0,0.0,0.0,0.0,0.0,0.0,0.0,0.0015332720024505578,0.010137633710303686,0.0,0.0,0.0,0.0,0.0,0.0,0.0,0.0,0.0,0.0,0.0,0.0,0.0,0.0,0.0,0.0,0.0,0.0,0.0,0.0,0.0,0.0,0.0,0.002128542309290774,0.0,0.0,0.0,0.0,0.0035896603351613056,0.0020744268268507544,0.0,0.0,0.0,0.0
123__123B__RDC__1.0__48H,0.0,0.0,0.0,0.0,0.0,0.0,0.09138350312193204,0.005349983568851876,0.0,0.0,0.0,0.0002628984554720922,0.0,0.0,0.006007229707532107,0.0,0.008281301347352905,0.0,0.0,0.19808084127506947,0.0,0.0015642458100605485,0.0011041735129803873,0.040368057837714154,0.0,0.0,0.0,0.14262241209305002,0.0,0.0,0.0,0.0,0.007006243838322457,0.0,0.16294446270105714,0.047716069668116735,0.0,0.0005652316792641982,0.0,0.0,0.0,0.0,0.0,0.0017745645744306224,0.004272099901411498,0.0,0.00963522839303338,0.002694709168580945,0.0,0.0,0.0,0.10480446927403676,0.00019717384160406915,0.0,0.008833388103843098,0.0,0.0,0.0,0.003851462372661351,0.0005126519881701797,0.0,0.0,0.0,0.0,0.0,0.0,0.0,0.0,0.000841275057509295,0.0,0.0001445941505090507,0.0,0.027867236280009772,0.0,0.0,0.0,0.0,0.01953335524150685,0.00046007229707516135,0.0,0.0,0.004981925731191747,0.0,0.0,0.0,0.0,0.0,0.0,0.0,0.0,0.0,0.0,0.0,0.0002497535326980876,0.0,0.0,0.0,0.0,0.0,0.0,0.002090042721000733,0.0,0.0,0.000236608609924083,0.008833388103843098,0.0,0.0,0.0,0.0,0.0,0.0,0.00980611238909344,0.0,0.0,0.0,0.0,0.0,0.0,0.0,0.0,0.0,0.05151495234971807,0.0010910285902103827,0.0,0.0021426224120907516,0.0,0.0,0.0,0.0,0.0,0.0,0.0,0.0,0.0012750575090404472,0.01080512651990379,0.0,0.0,0.0,0.0,0.0,0.0,0.000236608609924083,0.0,0.0,0.0,0.0,0.0,0.0,0.0,0.0,0.0,0.0,0.0,0.0,0.0,0.0,0.0,0.0,0.001919158724940673,0.0,0.0,0.0,0.0,0.0037068682221513003,0.002431810713110853,0.0,0.0,0.0,0.0
123__123B__RDC__2.0__48H,0.0,0.0,0.0,0.0,0.0,0.0,0.002228773584910397,0.0002476415094340441,0.0,0.0,0.0,0.0,0.0,0.0,0.009186320754721634,0.0,0.0,0.0,0.0,0.07391509433961316,0.0,0.02056603773580366,0.0,0.07100235849061265,0.0,0.0,0.0,0.07845518867921396,0.0,0.0,0.0,0.0,0.007853773584911398,0.0,0.3850000000000685,0.07096698113211262,0.0,0.00028301886792505036,0.0,0.0,0.0,0.0,0.0,0.00014150943396202517,0.0001533018867920273,0.0,0.01876179245280334,0.01202830188680214,0.0,0.0,0.0,0.0977004716981174,0.0,0.0,0.0758372641509135,0.0,0.0,0.0,0.0005070754716980902,0.018679245283003323,0.0,0.0,0.0,0.0,0.0,0.0,0.0,0.0,0.0,0.0,0.0,0.0,0.0008490566037741512,0.0,0.0,0.0,0.0,0.010235849056601822,0.0,0.00022405660377403986,0.0,0.0,0.0,0.0,0.0,0.0,0.0,0.0,0.0,0.0,0.0,0.0,0.0,0.0,0.0,0.0,0.0,0.0,0.00012971698113202308,0.0,0.0005306603773580944,0.0,0.0,0.0,0.0,0.0,0.0,0.0,0.0,0.0,0.0,0.0,0.0,0.0,0.0,0.0,0.0,0.0,0.0,0.0,0.0,0.028136792452805006,0.0033962264150906047,0.0,0.0010495283018901868,0.0,0.0,0.0,0.0,0.0,0.0,0.0003301886792450588,0.0,0.0012853773584902287,0.007311320754721301,0.0,0.0,0.0,0.0,0.0,0.0,0.0,0.0,0.0,0.0,0.0,0.0,0.0,0.0,0.0,0.0018396226415103275,0.0,0.0,0.0,0.0,0.0,0.0,0.0,0.0007429245283021321,0.0,0.0,0.0,0.0,0.0002712264150940482,0.0001533018867920273,0.0,0.0,0.0,0.0
123__123B__SDC__1.0__48H,0.0,0.0,0.0,0.0,0.0,0.0,0.042946530147913956,0.030318543799809854,0.0,0.0,0.0,0.0,0.0,0.0,0.006162305650362003,0.0,0.0,0.0,0.0,0.160049298445052,0.0,0.00237011755783077,0.0005309063329541725,0.05606750094801822,0.0,0.0,0.0,0.15373530527104995,0.0,0.0,0.0,0.0,0.0,0.0,0.09918467956013224,0.04791429654911557,0.0,0.0009670079635953142,0.0,0.0,0.0,0.0,0.0,0.003356086461891091,0.002787258248010906,0.0,0.005536594615091799,0.002673492605230869,0.0,0.0,0.0008532423208192772,0.19097459234006206,0.00032233598786510475,0.0,0.012210845657903967,0.0,0.0,0.00026545316647708626,0.004645430413351509,0.0011186954873003635,0.0,0.0,0.0,0.0,0.0,0.0,0.0,0.0,0.0008722032612822835,0.0,0.0004740235115661541,0.0,0.03340917709521086,0.0,0.0,0.0,0.0,0.015813424345805138,0.0,0.0,0.0,0.008684110731892822,0.0,0.0,0.0,0.0,0.0,0.0,0.0,0.0,0.0,0.0,0.0,0.0031664770572610293,0.0,0.0,0.0,0.0,0.0,0.0,0.0010238907849803326,0.0,0.0,0.0,0.0,0.0,0.0,0.0,0.0,0.0,0.0,0.0015168752370104928,0.0,0.0,0.0,0.0,0.0,0.0,0.0,0.0,0.0,0.0642965491088209,0.0026545316647708624,0.0,0.002085703450890678,0.0,0.0,0.0,0.0,0.0,0.0,0.0,0.0,0.0025407660219908257,0.010637087599503457,0.0,0.0,0.0,0.0,0.0,0.0,0.0,0.0,0.0,0.0,0.0,0.0,0.0,0.0,0.0,0.0,0.0,0.0,0.0,0.00026545316647708626,0.0,0.0,0.0,0.005252180508151707,0.0,0.0,0.0,0.0,0.020610542282906697,0.0017064846416405544,0.0,0.0,0.0,0.0
123__123B__SDC__2.0__48H,0.0,0.0,0.0,0.0,0.0,0.0,0.003484534814600662,0.0003279562178450623,0.0,0.0,0.0,0.0,0.0,0.0,0.01235984996000235,0.0,0.0,0.0,0.0,0.08778978006441668,0.0,0.01440957632160274,0.0,0.08110767212581542,0.0,0.0,0.0,0.0709615266362135,0.0,0.0,0.0,0.0,0.008711337036511654,0.0,0.3781745137020719,0.06649312316811264,0.0,0.00022546989976804285,0.0,0.0,0.0,0.0,0.0,0.0,0.0,0.0,0.021911574804804164,0.011724434788002228,0.0,0.0,0.0,0.09190973005101748,0.0,0.0,0.07284727488881385,0.0,0.0,0.0,0.0006354151720751208,0.02512964519240478,0.0,0.0,0.0,0.0,0.0,0.0,0.0,0.0,0.0,0.0,0.0,0.0,0.0013733166622302612,0.0,0.0,0.0,0.0,0.008383380818661594,0.0,0.0,0.0,0.0,0.0,0.0,0.0,0.0,0.0,0.0,0.0,0.0,0.0,0.0,0.0,0.0,0.0,0.0,0.0,0.0,0.0,0.0,0.0004509397995370857,0.0,0.0,0.0,0.0,0.0,0.0,0.0,0.0,0.0,0.0,0.0,0.0,0.0,0.0,0.0,0.0,0.0,0.0,0.0,0.0,0.02515014245600478,0.004468403468140849,0.0,0.0007379014901511403,0.0,0.0,0.0,0.0,0.0,0.0,0.0002869616906140545,0.0,0.0008813823354581675,0.008055424600821532,0.0,0.0,0.0,0.0,0.0,0.0,0.0,0.0,0.0,0.0,0.0,0.0,0.0,0.0,0.0,0.001188841289690226,0.0,0.0,0.0,0.0,0.0,0.0,0.0,0.0008198905446121558,0.0,0.0,0.0,0.0,0.0,0.0,0.0,0.0,0.0,0.0
137__137A__No Added Carb__1.0__0H,0.0,0.0,0.0,0.0017324565488699582,0.0,0.0,0.0,0.0,0.0,0.0,0.0,0.0,0.0,0.0,0.02319256347679944,0.0,0.0,0.0,0.0,0.0,0.0,0.0289115329445993,0.0,0.49635811553464704,0.0,0.0,0.0,0.0,0.0,0.08215197183359801,0.0,0.0,0.0,0.0,0.00022354278049999457,0.010133939382599755,0.0,0.008978968350069783,0.00024217134554099416,0.0,0.0,0.0,0.0,0.025390734151699387,0.0017324565488699582,0.0,0.0,0.0,0.0,0.0,0.0002607999105829937,0.0,0.06957769043049832,0.0,0.025316219891599386,0.008308340008569799,0.0,0.0,0.0,0.04323689946159895,0.0,0.0,0.0,0.0,0.0005961140813319855,0.00027942847562499324,0.0,0.0,0.0,0.0,0.0,0.0,0.0,0.0,0.0,0.0,0.0,0.039194500847609046,0.0,0.0,0.0010618282073699742,0.0,0.0,0.0,0.0014343995082099653,0.0,0.0,0.0,0.0,0.0,0.0,0.0,0.0,0.0,0.0,0.0,0.0,0.0,0.0,0.0,0.00024217134554099416,0.0,0.0,0.0,0.0,0.0,0.0,0.0,0.0,0.0,0.0,0.0,0.0,0.0,0.0,0.0,0.0,0.0,0.0,0.0,0.0,0.011065367634699733,0.0074886831467398185,0.0,0.002943313276579929,0.0,0.0,0.0,0.0,0.0,0.0,0.0,0.0,0.015946051675599614,0.010022167992399756,0.0,0.0,0.0,0.0,0.0,0.0005961140813319855,0.0,0.0,0.0,0.0,0.0,0.0,0.0,0.0,0.0020491421545799507,0.00035394273579099144,0.0,0.0,0.0,0.00787988301260981,0.0,0.0031482274920399235,0.0,0.02859484733889931,0.0,0.0,0.0,0.0,0.041355414392399,0.0,0.0,0.0,0.0,0.0
137__137A__No Added Carb__1.0__48H,0.00027818346199316604,0.0,0.0,0.0,0.0,0.0,0.02766186800191651,0.004781278253012854,0.0,0.0,0.0,0.0,0.0,0.0,0.0040162737325323975,0.00026079699561915563,0.0,0.0,0.0,0.1279817789830764,0.0007997774532304773,0.09604284025315733,0.00036511579386621794,0.21606161763712894,0.0,0.0,0.0,0.0,0.0,0.0,0.0,0.0,0.0,0.0,0.11155156825906659,0.00026079699561915563,0.0,0.0,0.0,0.0,0.0,0.0,0.0,0.002068989498571235,0.017143055845310232,0.0002955699283681764,0.0,0.0,0.0,0.0,0.008067320397804816,0.007771750469434639,0.007789136935814649,0.0,0.003911954934282335,0.0,0.0,0.0,0.0024167188260714426,0.00462480005564276,0.0,0.0,0.0,0.0,0.0,0.0,0.0,0.010814382085006454,0.001008415049730602,0.0,0.0019994436330811934,0.0,0.0,0.0,0.0,0.0,0.0,0.040962514778524445,0.0,0.0,0.0,0.00020863759649512452,0.0,0.0,0.0,0.0,0.0,0.001199666179850716,0.0,0.0,0.0,0.0,0.0,0.0,0.001964670700331173,0.0,0.0,0.0,0.0,0.0,0.0,0.0,0.0,0.02352388900481404,0.16464983656709828,0.0,0.0,0.0,0.0,0.00024341052924414528,0.00020863759649512452,0.0002260240628691349,0.0,0.003859795535162304,0.0,0.0,0.0,0.0,0.0,0.0,0.0007476180541074463,0.0021733082968212972,0.00026079699561915563,0.0,0.010831768551406466,0.0002955699283681764,0.0,0.0,0.0,0.0,0.0,0.0,0.0,0.0008171639196054878,0.028392099589716946,0.0,0.0011648932471006951,0.0,0.0,0.0,0.00036511579386621794,0.0,0.0,0.0,0.0,0.0,0.0,0.0,0.0,0.005372418109743207,0.0,0.0,0.0,0.0,0.0,0.0,0.0,0.0,0.03310383197721976,0.0,0.0,0.0,0.0,0.02015091452811203,0.0013039849780907783,0.0,0.0,0.0,0.0
137__137A__RDC__1.0__0H,0.0,0.0,0.0,0.0017490622497583666,0.0007797024486862719,0.0,0.0,0.0,0.0,0.0,0.0,0.0,0.0,0.0,0.003561343616976674,0.0,0.0,0.0,0.0,0.0,0.0,0.18891979601282355,0.0,0.2740127281156611,0.0,0.0,0.0,0.0,0.0,0.0,0.0,0.0,0.0,0.0,0.02162093817167981,0.05879377923874509,0.0,0.0010115058793790555,0.0,0.0,0.0,0.0,0.0,0.034517638133767764,0.0,0.0,0.0,0.0,0.0,0.0,0.00042146078307360636,0.0,0.033463986176068744,0.0,0.008850676444551734,0.0,0.0,0.0,0.0,0.0053104058667250405,0.0,0.0,0.0,0.0,0.0,0.0,0.0,0.010873688203289844,0.0,0.0,0.0,0.0,0.002865933324897323,0.0,0.0,0.0,0.0,0.012348800944088467,0.0,0.0012433093100688388,0.004530703418045769,0.0,0.0,0.0,0.0021283769545180123,0.0,0.0,0.0,0.0,0.0,0.0,0.0,0.0,0.0,0.0,0.0,0.0,0.0,0.0003793147047666457,0.0,0.0003371686264586851,0.0,0.0,0.0,0.0,0.0,0.0,0.0,0.0,0.0,0.0,0.0,0.0,0.0,0.0,0.0,0.0,0.0,0.0,0.0,0.0,0.1072828423318998,0.0,0.0,0.003561343616976674,0.01129514898638945,0.0,0.0,0.005394698023344961,0.0,0.0,0.012538458296488291,0.0,0.015088296034085909,0.09320605217671296,0.0,0.0,0.007523074977862974,0.0,0.0,0.025603742571776087,0.0,0.0,0.0,0.0,0.0,0.0,0.0,0.0,0.003961731360896299,0.0,0.0,0.0,0.0,0.009756817128160887,0.0,0.0014118936232986813,0.0,0.020778016605580596,0.0,0.0,0.0,0.0,0.013697475449887208,0.0,0.0,0.0,0.0011800901926088978,0.0
137__137A__RDC__1.0__48H,0.0005151742225545694,0.0,0.0,0.0,0.0,0.0,0.011872424128890073,0.00332521543648722,0.0,0.0,0.0,0.0,0.0,0.0,0.002318284001498062,0.0007493443237163736,0.0,0.0,0.0,0.06025196702874963,0.0012411015361589624,0.15052454102687415,0.0018967778194084143,0.17946796553024397,0.0,0.0,0.0,0.0,0.0,0.0,0.0,0.0,0.0,0.0,0.05465530161105431,0.001826526789058473,0.0,0.0,0.0,0.0,0.0,0.0,0.0,0.004097976770326574,0.006205507680774812,0.0,0.0,0.0,0.0,0.0,0.004332146871486379,0.008430123641802952,0.007868115399023422,0.0,0.0055029973772854,0.0,0.0,0.0,0.0018499437991784534,0.0037233046084668873,0.0,0.0,0.0,0.0,0.0,0.0,0.0,0.029528849756475316,0.0008430123641802953,0.0,0.0014752716373187666,0.0,0.0002810041213937651,0.0,0.0,0.0,0.0,0.021449981266382066,0.0,0.0,0.0,0.0,0.0,0.0,0.0,0.0,0.0,0.0015221056575487276,0.0,0.0,0.0,0.0,0.0,0.0,0.0017094417384785707,0.0,0.0,0.0,0.0,0.0,0.0,0.0,0.0,0.02390876732858001,0.3257774447357277,0.0,0.0,0.0,0.0,0.0,0.00044492319220662806,0.0,0.0,0.002482203072307925,0.0,0.0,0.0,0.0,0.0,0.0,0.0005151742225545694,0.002482203072307925,0.0,0.0,0.010280067440991407,0.00037467216185768675,0.0,0.0,0.0,0.0,0.0,0.0,0.0,0.0006322592731354714,0.024049269389279895,0.0,0.0003980891719746672,0.0,0.0,0.0,0.0005854252529035106,0.0,0.0,0.0,0.0,0.0,0.0,0.0,0.0,0.002997377294867494,0.0,0.0,0.0,0.0,0.00025758711127778466,0.0,0.0,0.0,0.017515923566885354,0.0,0.0,0.0,0.00037467216185768675,0.01875702510298432,0.0007025103034834127,0.0,0.0,0.0,0.0
137__137A__RDC__2.0__0H,0.0,0.0,0.0,0.00048086170417406684,0.0,0.0,0.0,0.0,0.0,0.0,0.0,0.0,0.0,0.0,0.023057318715103206,0.0,0.0,0.0,0.0,0.0,0.0,0.025846316599303594,0.0,0.5275533756492533,0.0,0.0,0.0,0.0,0.0,0.06893152529330958,0.0,0.0,0.0,0.0,0.0,0.009617234083481337,0.0,0.007645701096361063,0.0,0.0,0.0,0.0,0.0,0.021614733602603006,0.002332179265240324,0.0,0.0,0.0,0.0,0.0,0.0,0.0,0.06811406039620946,0.0,0.024163300634703358,0.008174648970961136,0.0,0.0,0.0,0.0395749182535055,0.0,0.0,0.0,0.0,0.0008655510675131203,0.0,0.0,0.0,0.0,0.0,0.0,0.0,0.0,0.0,0.0,0.0,0.0,0.04020003846894858,0.0,0.0,0.0010098095787701403,0.0,0.0,0.0,0.0012261973456401704,0.0,0.0,0.0,0.0,0.0,0.0,0.0,0.0,0.0,0.0,0.0,0.0,0.0,0.0,0.0,0.0,0.0,0.0,0.0,0.0,0.0,0.0,0.0,0.0,0.0,0.0,0.0,0.0,0.0,0.0,0.0,0.0,0.0,0.0,0.0,0.0,0.011035776110801533,0.008463165993461176,0.0,0.0031015579919204312,0.0,0.0,0.0,0.0,0.0,0.0,0.0,0.0,0.015363531448402135,0.01029044046930143,0.0,0.0,0.0,0.0,0.0,0.00038468936333905347,0.0,0.0,0.0,0.0,0.0,0.0,0.0,0.0,0.0020196191575302808,0.00033660319292204676,0.0,0.0,0.0,0.008102519715331127,0.0,0.0024764377765003442,0.0,0.03000577034050417,0.0,0.0,0.0,0.0,0.03801211771490528,0.0,0.0,0.0,0.0,0.0
137__137A__SDC__1.0__0H,0.0,0.0,0.0,0.0009658426048026217,0.0,0.0,0.0,0.0,0.0,0.0,0.0,0.0,0.0,0.0,0.02256728393919116,0.0,0.0,0.0,0.0,0.0,0.0,0.025743420197289917,0.0,0.5224651275099055,0.0,0.0,0.0,0.0,0.0,0.07273537770017151,0.0,0.0,0.0,0.0,0.0,0.009769869425506172,0.0,0.008785452924456559,0.0,0.0,0.0,0.0,0.0,0.02563197681978996,0.002841806125668887,0.0,0.0,0.0,0.0,0.0,0.0,0.0,0.06723750441127366,0.0,0.027303627481889307,0.009064061368146449,0.0,0.0,0.0,0.03649770612378571,0.0,0.0,0.0,0.0,0.0006686602648637381,0.00031575623618587635,0.0,0.0,0.0,0.0,0.0,0.0,0.0,0.0,0.0,0.0,0.0,0.03742640093612534,0.0,0.0,0.0011330076710195562,0.0,0.0,0.0,0.0015044855959394107,0.0,0.0,0.0,0.0,0.0,0.0,0.0,0.0,0.0,0.0,0.0,0.0,0.0,0.0,0.0,0.0,0.0,0.0,0.0,0.0,0.0,0.0,0.0,0.0,0.0,0.0,0.0,0.0,0.0,0.0,0.0,0.0,0.0,0.0,0.0,0.0,0.01077285982279578,0.006853767714847315,0.0,0.003919092107948465,0.0,0.0,0.0,0.0,0.0,0.0,0.0,0.0,0.014394769590794361,0.010679990341595818,0.0,0.0,0.0,0.0,0.0,0.0004829213024018109,0.0,0.0,0.0,0.0,0.0,0.0,0.0,0.0,0.0020245546908392066,0.00040862571741684,0.0,0.0,0.0,0.009175504745626405,0.0,0.0034361708055486544,0.0,0.02806515722798901,0.0,0.0,0.0,0.0,0.037129218596185454,0.0,0.0,0.0,0.0,0.0
137__137A__SDC__1.0__48H,0.0002260630099260223,0.0,0.0,0.0,0.0,0.0,0.02342834830140231,0.0025277954746302494,0.0,0.0,0.0,0.0,0.0,0.0,0.0016440946176501622,0.0,0.0,0.0,0.0,0.07106598984770701,0.0,0.12137528514801198,0.0,0.23459175075502314,0.0,0.0,0.0,0.0,0.0,0.0,0.0,0.0,0.0,0.0,0.05633079183710556,0.003555354610660351,0.0,0.0,0.0,0.0,0.0,0.0,0.0,0.0016851969830901663,0.004993937401100493,0.0,0.0,0.0,0.0,0.0,0.004336299554040427,0.005507716969110544,0.004952835035660489,0.0,0.0031854333216903142,0.0,0.0,0.0,0.0018085040794101784,0.019831891325301956,0.0,0.0,0.0,0.0,0.0,0.0,0.0,0.01489960747240147,0.0009659055878670953,0.0,0.0006576378470580649,0.0,0.0,0.0,0.0,0.0,0.0,0.020510080355102024,0.0,0.0,0.0,0.0,0.0,0.0,0.0,0.0,0.0,0.0013358268768401318,0.0,0.0,0.0,0.0,0.0,0.0,0.0017879528966901765,0.0,0.0,0.0,0.0,0.0,0.0,0.0,0.0,0.03773197147500373,0.2912308103330288,0.0,0.0,0.0,0.0,0.0,0.002157874185660213,0.0,0.0,0.0011097638669101096,0.0,0.0,0.0,0.0,0.0,0.0,0.00041102365441104055,0.002260630099260223,0.0,0.0,0.009083622762490896,0.0002877165580880284,0.0,0.0,0.0,0.0,0.0,0.0,0.0,0.0,0.021907560780102163,0.0,0.0003082677408080304,0.0,0.0,0.0,0.00026716537536702634,0.0,0.0,0.0,0.0,0.0,0.0,0.0,0.0,0.0017879528966901765,0.0,0.0,0.0,0.0,0.0,0.0,0.0,0.0,0.01054275673570104,0.0,0.0,0.0,0.0003082677408080304,0.01911259993010189,0.0002877165580880284,0.0,0.0,0.0,0.0
137__137A__SDC__2.0__0H,0.0,0.0,0.0,0.0012180532898301572,0.0,0.0,0.0,0.0,0.0,0.0,0.0,0.0,0.0,0.0,0.02349102773250303,0.0,0.0,0.0,0.0,0.0,0.0,0.028667754214203704,0.0,0.5093855356171397,0.0,0.0,0.0,0.0,0.0,0.07088635127790915,0.0,0.0,0.0,0.0,0.0,0.009418162044591217,0.0,0.008787384448071135,0.0,0.0,0.0,0.0,0.0,0.023034257748802973,0.0026536160957003428,0.0,0.0,0.0,0.0,0.0,0.0,0.0,0.07345296356720948,0.0,0.026644915715103443,0.00843936922240109,0.0,0.0,0.0,0.03799891245240491,0.0,0.0,0.0,0.0,0.001131049483410146,0.0002392604676450309,0.0,0.0,0.0,0.0,0.0,0.0,0.0,0.0,0.0,0.0,0.0,0.04119630233820532,0.0,0.0,0.000913539967374118,0.0,0.0,0.0,0.0014573137574801882,0.0,0.0,0.0,0.0,0.0,0.0,0.0,0.0,0.0,0.0,0.0,0.0,0.0,0.0,0.0,0.0,0.0,0.0,0.0,0.0,0.0,0.0,0.0,0.0,0.0,0.0,0.0,0.0,0.0,0.0,0.0,0.0,0.0,0.0,0.0,0.0,0.010788471995601392,0.008113104948341048,0.0,0.003393148450240438,0.0,0.0,0.0,0.0,0.0,0.0,0.0,0.0,0.015899945622602055,0.01176726481780152,0.0,0.0,0.0,0.0,0.0,0.00036976617727004776,0.0,0.0,0.0,0.0,0.0,0.0,0.0,0.0,0.002370853724850306,0.0006742794997280871,0.0,0.0,0.0,0.00913539967374118,0.0,0.003306144643830427,0.0,0.028950516585103735,0.0,0.0,0.0,0.0,0.036215334420904674,0.0,0.0,0.0,0.0,0.0
137__137A__SDC__2.0__48H,0.0,0.0,0.0,0.0,0.0,0.0,0.0014212532017203825,0.0,0.0,0.0,0.0,0.0,0.0,0.0,0.00032798150809008826,0.0,0.0,0.0,0.0,0.003951396264131064,0.0,0.6113887674141645,0.0,0.014821640532303988,0.0,0.0,0.0,0.0,0.0,0.0,0.0,0.0,0.0,0.0,0.025801211969806944,0.00616917598551166,0.0,0.0,0.0,0.0,0.0,0.0,0.0,0.0007028175173361892,0.006778284500531824,0.0,0.0,0.0,0.0,0.0,0.00137439870057037,0.002389579558940643,0.0004373086774541177,0.0,0.001233835197100332,0.0,0.0,0.0,0.0,0.002311488723680622,0.0,0.0,0.0,0.0,0.0,0.0,0.0,0.002623852064720706,0.0,0.0,0.0,0.0,0.0004373086774541177,0.0,0.0,0.0,0.0,0.0008277628537512228,0.0,0.0004373086774541177,0.0,0.0,0.0,0.0,0.0,0.0027956519022907522,0.0,0.0,0.0,0.0,0.0,0.0,0.0,0.0,0.0,0.0,0.0,0.0,0.0,0.0,0.0,0.0,0.0,0.002264634222530609,0.2954488661210795,0.0,0.0,0.0,0.0,0.0,0.0,0.0,0.0,0.0015930530393004287,0.0,0.0,0.0,0.0,0.0,0.0,0.0,0.004701068282631266,0.0,0.0,0.0,0.00035921784219409663,0.0,0.0,0.0,0.0,0.0,0.00023427250577906305,0.0,0.0012025988630003238,0.0030143062410208114,0.00020303617167505465,0.0,0.0,0.0,0.0,0.000687199350284185,0.0,0.0,0.0,0.0,0.0,0.0,0.0,0.0,0.0,0.0,0.0,0.0,0.0,0.0,0.0,0.0,0.0,0.002389579558940643,0.0,0.0,0.0,0.0,0.0016711438745504498,0.0,0.0,0.0,0.0,0.0
137__137B__No Added Carb__1.0__0H,0.0,0.0,0.0,0.000435139160850846,0.0,0.0,0.003414168800518792,0.0,0.0,0.0,0.0,0.0,0.0,0.0,0.02167327743469233,0.0,0.0,0.0,0.0,0.0,0.0,0.27427156030890293,0.0,0.42154943013483076,0.0,0.0,0.0,0.0,0.0,0.0,0.0,0.0,0.0,0.0,0.0013556258472695202,0.0,0.0,0.0,0.0,0.0,0.0,0.0,0.0,0.06640893039447648,0.004635905675218359,0.0,0.0,0.0,0.0,0.0,0.0025438904788191,0.0011213201452696033,0.00353132165151875,0.0,0.023129320011391813,0.0004686114039928341,0.0,0.0,0.0,0.009623269903426594,0.0,0.0,0.0,0.0,0.0,0.0,0.0,0.08396512192257029,0.0,0.0,0.0,0.0,0.0033974326789487975,0.0,0.0,0.0,0.0,0.009472644809286647,0.0,0.0,0.000217569580424923,0.0,0.0,0.0,0.0,0.0,0.0,0.00025104182356791116,0.0,0.0,0.0,0.0,0.0,0.0,0.0,0.0,0.0,0.0,0.0,0.0,0.0057906980636279505,0.0,0.0,0.0,0.0,0.0,0.0,0.0,0.0,0.0,0.0,0.0,0.0,0.0,0.0,0.0,0.0,0.0,0.0,0.0,0.0,0.014292647821794941,0.0,0.0,0.0023765292631091586,0.002577362721959088,0.0,0.0,0.0,0.0,0.0,0.0,0.0,0.005974795400907886,0.0056568090910579984,0.0,0.0,0.0,0.0,0.0,0.0021087513179692536,0.0,0.0,0.0,0.0,0.0,0.0,0.0,0.0,0.0016401399139794196,0.0004184030392798519,0.0,0.0,0.0,0.0,0.0,0.00038493079613686375,0.0,0.02011681812859288,0.0,0.0,0.0,0.0,0.007196532275607453,0.0,0.0,0.0,0.0,0.0
137__137B__No Added Carb__1.0__48H,0.0001862602055069193,0.0,0.0,0.0,0.0,0.0,0.00800918883680653,0.0022816875174590115,0.0,0.0,0.0,0.0,0.0,0.0,0.0009157793437426033,0.0005898239841057444,0.0,0.0,0.0,0.02121814174399081,0.0,0.12061900474994774,0.0,0.06154347623627334,0.0,0.0,0.0,0.11225281718595137,0.0,0.0,0.0,0.0,0.0,0.0,0.010446093192195475,0.0,0.0,0.0,0.0,0.0,0.0,0.0,0.0,0.0045168099835480435,0.012619128923094533,0.00023282525688389914,0.0,0.0,0.0,0.0,0.007947102101636556,0.07394530158626797,0.008769751342626201,0.0,0.005137677335237774,0.0005277372489367714,0.0,0.0,0.0023282525688389914,0.010601310030095408,0.0,0.0,0.0,0.0,0.0,0.0,0.0,0.37722348120283655,0.0008847359761586167,0.0,0.0029956849719087026,0.0,0.008459317666776335,0.00017073852171492604,0.0,0.0,0.0,0.047434265669079455,0.0,0.0,0.0,0.0001862602055069193,0.0,0.0,0.0,0.0,0.0,0.00023282525688389914,0.0,0.0,0.0,0.0,0.0,0.0,0.0008536926085736302,0.0,0.0,0.0,0.0002483469406758924,0.0,0.000450128829974805,0.0,0.0,0.008847359761586168,0.0,0.0,0.0,0.0,0.0,0.0,0.0,0.0,0.0,0.0,0.0,0.0,0.0,0.0,0.0,0.0,0.0,0.0027162946636488236,0.00021730357309190587,0.0,0.005199764070407747,0.002141992363329072,0.0,0.0,0.0,0.0,0.0,0.0,0.0,0.0009468227113275899,0.01156365442519499,0.00017073852171492604,0.00020178188929891258,0.00017073852171492604,0.0,0.0,0.000729519138235684,0.0,0.0,0.0,0.0,0.0,0.0,0.0,0.0,0.004439201564588077,0.0,0.0,0.0,0.0,0.00020178188929891258,0.0,0.0,0.0,0.04169124266598194,0.0,0.0,0.0,0.0,0.016235681246692966,0.0006984757706516973,0.0,0.0,0.0,0.0
137__137B__RDC__1.0__0H,0.0,0.0,0.0,0.0006601013344746646,0.0,0.0,0.003603796474698169,0.0,0.0,0.0,0.0,0.0,0.0,0.0,0.019142938699790276,0.0,0.0,0.0,0.0,0.0,0.0,0.30694712053084405,0.0,0.3978091771927979,0.0,0.0,0.0,0.0,0.0,0.0,0.0,0.0,0.0,0.0,0.0020338257332489667,0.0,0.0,0.0,0.0,0.0,0.0,0.0,0.0,0.05849925069577028,0.003692999357738124,0.0,0.0,0.0,0.0,0.0,0.0029080139870085223,0.001373724398769302,0.0029258545636185133,0.0,0.027278241632786145,0.000553057874830719,0.0,0.0,0.0,0.010615143081394607,0.0,0.0,0.0,0.0,0.00019624634268190032,0.0,0.0,0.07214729180046335,0.0,0.0,0.0,0.0,0.005405694712047254,0.0,0.0,0.0,0.0,0.00836723042888575,0.0,0.0,0.00026760864911186405,0.0,0.0,0.0,0.0,0.0,0.0,0.0003568115321488187,0.0,0.0,0.0,0.0,0.0,0.0,0.0,0.0,0.0,0.0,0.0,0.0,0.004585028188107671,0.0,0.0,0.0,0.0,0.0,0.0,0.0,0.0,0.0,0.0,0.0,0.0,0.0,0.0,0.0,0.0,0.0,0.0,0.0,0.0,0.02058802540498954,0.00023192749589688217,0.0,0.002390637265398785,0.00495968029686748,0.0,0.0,0.0,0.0,0.0,0.0,0.0,0.006119317776346891,0.006815100264036538,0.0002497680725038731,0.0,0.0,0.0,0.0,0.002765289374148595,0.0,0.0,0.0,0.0,0.0,0.0,0.0,0.0,0.001409405551989284,0.00030328980232584594,0.0,0.0,0.0,0.0,0.0,0.00019624634268190032,0.0,0.016413330478791663,0.0,0.0,0.0,0.0,0.00818882466280584,0.0,0.0,0.0,0.0,0.0
137__137B__RDC__1.0__48H,0.0002929739519520723,0.0,0.0,0.0,0.0,0.0,0.018324188994804525,0.001384967772870342,0.0,0.0,0.0,0.0,0.0,0.0,0.0024769615937806117,0.0,0.0,0.0,0.0,0.025808341767406373,0.0,0.3710648271450916,0.0,0.05731635860011416,0.0,0.0,0.0,0.013982847706803452,0.0,0.0,0.0,0.0,0.0,0.0,0.003329249454000822,0.0003462419432160855,0.0,0.0006125818995371512,0.0,0.0,0.0,0.0,0.0,0.004660949235601151,0.009082192510522244,0.0,0.0,0.0,0.0,0.0,0.002769935545730684,0.10118254940602497,0.009055558514892236,0.0,0.010866670217902684,0.0,0.0,0.0,0.0005593139082731381,0.010254088318302533,0.0,0.0,0.0,0.0,0.0,0.0,0.0,0.267245512172066,0.0006924838864331709,0.0,0.0,0.0,0.005326799126401315,0.0,0.0,0.0,0.0,0.02397059606880592,0.0,0.0,0.0,0.0,0.0,0.0,0.0,0.0,0.0,0.0,0.0,0.0,0.0,0.0,0.0,0.0,0.0008789218558572171,0.0,0.0,0.0,0.0,0.0,0.0003462419432160855,0.00037287593884809204,0.0,0.0059393810259414665,0.0,0.0,0.0,0.0,0.0,0.0,0.0,0.0,0.0,0.0004794119213761184,0.0,0.0,0.0,0.0,0.0,0.0,0.0,0.0027433015501006773,0.00039950993448009865,0.0,0.0026367655675706507,0.0008522878602252105,0.0,0.0,0.0,0.0,0.0,0.0,0.0,0.0059393810259414665,0.00894902253236221,0.0,0.0022905236243505656,0.0,0.0,0.0,0.0,0.0,0.0,0.0,0.0,0.0,0.0,0.0,0.0,0.0019709156767704866,0.0,0.0,0.0,0.0,0.0,0.0,0.0,0.0,0.0165929792788041,0.0,0.0,0.0,0.0,0.009002290523622222,0.0,0.0,0.0,0.0,0.0
137__137B__RDC__2.0__0H,0.0,0.0,0.0,0.0007126247093240335,0.0,0.0,0.004407021228720207,0.0,0.0,0.0,0.0,0.0,0.0,0.0,0.020253544370300955,0.0,0.0,0.0,0.0,0.0,0.0,0.2636523891680124,0.0,0.43445728002402045,0.0,0.0,0.0,0.0,0.0,0.0,0.0,0.0,0.0,0.0,0.002437926637160115,0.0,0.0,0.0,0.0,0.0,0.0,0.0,0.0,0.057591328482502716,0.0038444227739901807,0.0,0.0,0.0,0.0,0.0,0.002569199609930121,0.0015190158277700715,0.003581876828440169,0.0,0.02889880729130136,0.00037506563648601765,0.0,0.0,0.0,0.009676693421350456,0.0,0.0,0.0,0.0,0.0,0.0,0.0,0.0764008701523036,0.0,0.0,0.0,0.0,0.00446328107419021,0.0,0.0,0.0,0.0,0.007670092266150361,0.0,0.0,0.0,0.0,0.0,0.0,0.0,0.0,0.0,0.00033755907283801586,0.0,0.0,0.0,0.0,0.0,0.0,0.0,0.0,0.0,0.0,0.0,0.0,0.005157152501690243,0.0,0.0,0.0,0.0,0.0,0.0,0.0,0.0,0.0,0.0,0.0,0.0,0.0,0.0,0.0,0.0,0.0,0.0,0.0,0.0,0.017046733178300803,0.0,0.0,0.0024941864826301175,0.003863176055810182,0.0,0.0,0.0,0.0,0.0,0.0,0.0,0.012264646313100577,0.005400945165400254,0.0002625459455400124,0.0,0.0,0.0,0.0,0.0030005250918901413,0.0,0.0,0.0,0.0,0.0,0.0,0.0,0.0,0.0016502888005400776,0.0,0.0,0.0,0.0,0.0,0.0,0.0002812992273650132,0.0,0.017984397269500848,0.0,0.0,0.0,0.0,0.007745105393440364,0.0,0.0,0.0,0.0,0.0
137__137B__RDC__2.0__48H,0.0,0.0,0.0,0.0,0.0,0.0,0.0008301989088806238,0.0,0.0,0.0,0.0,0.0,0.0,0.0,0.0002033140185019079,0.0,0.0,0.0,0.0,0.009996272576325472,0.0,0.8272000271086253,0.0,0.011622784724294736,0.0,0.0,0.0,0.0018467690013891634,0.0,0.0,0.0,0.0,0.0,0.0,0.00023719968825189255,0.0,0.0,0.0,0.0,0.0,0.0,0.0,0.0,0.0016434549828892556,0.0020500830198890716,0.0,0.0,0.0,0.0,0.0,0.0009318559181315779,0.06035037782517266,0.0004743993765037851,0.0,0.0036765951678983345,0.0,0.0,0.0,0.0,0.0009149130832565856,0.0,0.0,0.0,0.0,0.0,0.0,0.0,0.06195994713837193,0.0,0.0,0.0,0.0,0.00022025685337690023,0.0,0.0,0.0,0.0,0.0,0.0,0.0,0.0,0.0,0.0,0.0,0.0,0.0,0.0,0.0,0.0,0.0,0.0,0.0,0.0,0.0,0.0,0.0,0.0,0.0,0.0,0.0,0.00023719968825189255,0.0,0.0,0.004100166039778143,0.0,0.0,0.0,0.0,0.0,0.0,0.0,0.0,0.0,0.0,0.0,0.0,0.0,0.0,0.0,0.0,0.0,0.003100538782148596,0.0,0.0,0.0,0.0009826844227575548,0.0,0.0,0.0,0.0,0.0,0.0,0.0,0.0005252278811287621,0.0033716241401484724,0.0,0.0,0.0,0.0,0.0,0.000576056385753739,0.0,0.0,0.0,0.0,0.0,0.0,0.0,0.0,0.0,0.0,0.0,0.0,0.0,0.0,0.0,0.0,0.0,0.0022703398732689716,0.0,0.0,0.0,0.0,0.000677713395004693,0.0,0.0,0.0,0.0,0.0
137__137B__SDC__1.0__0H,0.0,0.0,0.0,0.0005700171005131076,0.0,0.0,0.0036101083032506823,0.0,0.0,0.0,0.0,0.0,0.0,0.0,0.02303291320960435,0.0,0.0,0.0,0.0,0.0,0.0,0.2574577237320486,0.0,0.44626005446798733,0.0,0.0,0.0,0.0,0.0,0.0,0.0,0.0,0.0,0.0,0.002111174446340399,0.0,0.0,0.0,0.0,0.0,0.0,0.0,0.0,0.06553085481451237,0.004222348892690798,0.0,0.0,0.0,0.0,0.0,0.002090062701880395,0.0012455929233402352,0.0033778791141506385,0.0,0.021745096797304107,0.0004644583781960878,0.0,0.0,0.0,0.011527012477002179,0.0,0.0,0.0,0.0,0.0,0.0,0.0,0.07129436105311347,0.0,0.0,0.0,0.0,0.003631220047710686,0.0,0.0,0.0,0.0,0.010281419553701944,0.0,0.0,0.0002322291890980439,0.0,0.0,0.0,0.0,0.0,0.0,0.00044334663373208374,0.0,0.0,0.0,0.0,0.0,0.0,0.0,0.0,0.0,0.0,0.0,0.0,0.005446830071571029,0.0,0.0,0.0,0.0,0.0,0.0,0.0,0.0,0.0,0.0,0.0,0.0,0.0,0.0,0.0,0.0,0.0,0.0,0.0,0.0,0.014630438913202766,0.0,0.0,0.0031456499250505946,0.0030400912027405747,0.0,0.0,0.0,0.0,0.0,0.0,0.0,0.007536892773451424,0.006037958916551141,0.0,0.0,0.0,0.0,0.0,0.0018367217683203472,0.0,0.0,0.0,0.0,0.0,0.0,0.0,0.0,0.0022167331686604188,0.00025334093356104787,0.0,0.0,0.0,0.0,0.0,0.00029556442248805583,0.0,0.019338357928503653,0.0,0.0,0.0,0.0,0.0070935461397213405,0.0,0.0,0.0,0.0,0.0
137__137B__SDC__1.0__48H,0.0,0.0,0.0,0.0,0.0,0.0,0.021409656882100874,0.001986027381820081,0.0,0.0,0.0,0.0,0.0,0.0,0.0007183503295960294,0.0002957913121870121,0.0,0.0,0.0,0.033452588878201364,0.0,0.3933601893060161,0.0,0.04545326497270186,0.0,0.0,0.0,0.023325257761000955,0.0,0.0,0.0,0.0,0.0,0.0,0.0029015719195401185,0.0,0.0,0.0,0.0,0.0,0.0,0.0,0.0,0.004774916896730195,0.008451180348190345,0.0,0.0,0.0,0.0,0.0,0.0022395627922700916,0.08468082708890345,0.006000338047210245,0.0,0.008394839145870343,0.00025353541044601034,0.0,0.0,0.0004366443179900178,0.01821229365030074,0.0,0.0,0.0,0.0,0.00015493830638300634,0.0,0.0,0.2380979210100097,0.0008451180348190344,0.0,0.00021127950870500863,0.0,0.004450954983380182,0.0,0.0,0.0,0.0,0.03333990647360136,0.0,0.001295847653390053,0.0,0.0,0.0,0.0,0.0,0.0,0.0,0.0,0.0,0.0,0.0,0.0,0.0,0.0,0.0012113358499100495,0.0,0.0,0.0,0.0,0.0,0.0003098766127670127,0.0,0.0,0.005056622908330206,0.0,0.0,0.0,0.0,0.0,0.0,0.0,0.0,0.0,0.0,0.0,0.0,0.0,0.0,0.0,0.0,0.0,0.0038312017578501566,0.00025353541044601034,0.0,0.0030283396247701238,0.0009859710406220404,0.0,0.0,0.0,0.0,0.0,0.0,0.0,0.0009014592371400368,0.00807087723252033,0.0,0.0008732886359790357,0.001986027381820081,0.0,0.0,0.000662009127275027,0.0,0.0,0.0,0.0,0.0,0.0,0.0,0.0,0.002831145416640116,0.0,0.0,0.0,0.0,0.0,0.0,0.0,0.0,0.025071835033001023,0.0,0.0,0.0,0.0,0.009986478111440407,0.00019719420812400805,0.0,0.0,0.0,0.0
137__137B__SDC__2.0__0H,0.0,0.0,0.0,0.0006293746304808114,0.0,0.0,0.0038334636583788506,0.0,0.0,0.0,0.0,0.0,0.0,0.0,0.02038792363589389,0.0,0.0,0.0,0.0,0.0,0.0,0.28030057406591596,0.0,0.41655064558586113,0.0,0.0,0.0,0.0,0.0,0.0,0.0,0.0,0.0,0.0,0.0020597715179393825,0.0,0.0,0.0,0.0,0.0,0.0,0.0,0.0,0.0663894875364801,0.003928823450878822,0.0,0.0,0.0,0.0,0.0,0.0024412106879292683,0.0012396773024596283,0.003108729235409068,0.0,0.027368260446691793,0.00053401483798384,0.0,0.0,0.0,0.009211755955217239,0.0,0.0,0.0,0.0,0.0,0.0,0.0,0.0753533080311774,0.0,0.0,0.0,0.0,0.0042721187038687195,0.0,0.0,0.0,0.0,0.008563309366237433,0.0,0.0,0.00040051112848787994,0.0,0.0,0.0,0.0,0.0,0.0,0.00041958308698687426,0.0,0.0,0.0,0.0,0.0,0.0,0.0,0.0,0.0,0.0,0.0,0.0,0.0040241832433787934,0.0,0.0,0.0,0.0,0.0,0.0,0.0,0.0,0.0,0.0,0.0,0.0,0.0,0.0,0.0,0.0,0.0,0.0,0.0,0.0,0.015906013388495233,0.0,0.0,0.002765433982419171,0.004043255201878788,0.0,0.0,0.0,0.0,0.0,0.0,0.0,0.008982892453227307,0.0064844658897980564,0.00026700741899192,0.0,0.0,0.0,0.0,0.002555642438919234,0.0,0.0,0.0,0.0,0.0,0.0,0.0,0.0,0.001678332347949497,0.0,0.0,0.0,0.0,0.0,0.0,0.0002479354604919257,0.0,0.018690519329394396,0.0,0.0,0.0,0.0,0.007361775980777793,0.0,0.0,0.0,0.0,0.0
137__137B__SDC__2.0__48H,0.0,0.0,0.0,0.0,0.0,0.0,0.0008917807540500747,0.0,0.0,0.0,0.0,0.0,0.0,0.0,0.00024771687612502077,0.0,0.0,0.0,0.0,0.009281125625490777,0.0,0.7961290109490667,0.0,0.009033408749360757,0.0,0.0,0.0,0.0016184169240201357,0.0,0.0,0.0,0.0,0.0,0.0,0.00046240483543303875,0.0,0.0,0.0,0.0,0.0,0.0,0.0,0.0,0.0011229831717700942,0.0033028916816702767,0.0,0.0,0.0,0.0,0.0,0.0006275494195170525,0.11376810397500954,0.0005119482106580429,0.0,0.004508447145480378,0.0,0.0,0.0,0.0,0.0012385843806301039,0.0,0.0,0.0,0.0,0.0,0.0,0.0,0.03761993625420315,0.0,0.0,0.0,0.0,0.0003302891681670277,0.0,0.0,0.0,0.0,0.0,0.0,0.0,0.0,0.0,0.0,0.0,0.0,0.0,0.0,0.0,0.0,0.0,0.0,0.0,0.0,0.0,0.0,0.0,0.0,0.0,0.0,0.0,0.00044589037702503733,0.0,0.0,0.0056809736924704765,0.0,0.0,0.0,0.0,0.0,0.0,0.0,0.0,0.0,0.0,0.0,0.0,0.0,0.0,0.0,0.0,0.0,0.004706620646380394,0.0,0.0,0.0,0.00044589037702503733,0.0,0.0,0.0,0.0,0.0,0.0,0.0,0.0007101217115580595,0.005218568857030437,0.0,0.0,0.0,0.0,0.0,0.000858751837233072,0.0,0.0,0.0,0.0,0.0,0.0,0.0,0.0,0.0,0.0,0.0,0.0,0.0,0.0,0.0,0.0,0.0,0.000726636169967061,0.0,0.0,0.0,0.0,0.0005119482106580429,0.0,0.0,0.0,0.0,0.0
161__161A__No Added Carb__1.0__0H,0.0,0.0,0.0,0.0002341874670669927,0.0002927343338339909,0.0,0.008879608126309724,0.0,0.0,0.0,0.0,0.0,0.0,0.0,0.0013075466911299594,0.0,0.0,0.0,0.0,0.0,0.0,0.06512363146699797,0.0,0.1407661833293256,0.0,0.0,0.0,0.0,0.0,0.0034932963837598914,0.0,0.0,0.0,0.0,0.0012489998243599611,0.12154329540799623,0.0,0.008860092504049724,0.0,0.004878905563899848,0.0,0.0,0.0,0.014753810425199541,0.0,0.0,0.0,0.0,0.0,0.0,0.0,0.0,0.00419585878495987,0.0,0.0002341874670669927,0.0,0.0,0.0,0.0,0.00042934368962398666,0.0,0.0,0.0,0.0,0.0,0.0,0.0,0.028082980425799126,0.0,0.0009757811127809697,0.0,0.0,0.0009367498682699709,0.0,0.0,0.0,0.0,0.03807497902069881,0.0,0.0,0.0,0.0,0.0,0.0,0.011221482796999652,0.0,0.0,0.0675045373821979,0.0,0.0,0.0,0.0,0.0,0.0,0.0,0.0013660935578899574,0.0,0.0,0.0,0.0,0.0,0.0,0.0,0.0,0.0,0.0,0.0,0.0,0.0,0.0,0.0,0.0,0.0,0.0,0.0,0.0010343279795499679,0.0,0.0,0.0,0.0,0.0,0.28771881891499107,0.0007025624012019782,0.0,0.0,0.0,0.0,0.0,0.002868796471579911,0.0,0.002439452781949924,0.003200562049919901,0.0,0.0005074061786459842,0.02866844909349911,0.0,0.0,0.0,0.0,0.0,0.0034932963837598914,0.0,0.0,0.0,0.0,0.0,0.0,0.0,0.0,0.0013660935578899574,0.011982592064899628,0.0,0.0,0.0,0.034659745125998925,0.0,0.011494701508599643,0.0,0.010284732928699681,0.0,0.0,0.0,0.0,0.012704670088399605,0.0,0.0,0.0,0.06246950684019806,0.0
161__161A__No Added Carb__1.0__48H,0.0,0.0,0.0,0.0,0.0,0.0,0.0003507131166709828,0.002318603382429886,0.0,0.0,0.0,0.005591925804689726,0.0,0.0,0.00040916530278197995,0.0,0.0,0.0,0.0,0.011437144415899438,0.0,0.046820201075497704,0.0,0.06899306367390062,0.0,0.0,0.0011885277842699417,0.0,0.0005260696750059742,0.0,0.0002143246824099895,0.0,0.0,0.0,0.03602603070689823,0.1897357961189907,0.0,0.0069752942093396575,0.0,0.0,0.0,0.0,0.0,0.0002143246824099895,0.0,0.0,0.0,0.005728314238949719,0.0,0.0,0.0,0.2693866417269868,0.0010716234120499474,0.0,0.0008572987296389579,0.0,0.0,0.0007209102953779647,0.0,0.0,0.0,0.0,0.0,0.0,0.0,0.0,0.0,0.0388122515781981,0.0,0.0,0.0,0.00305899773984985,0.0,0.0,0.0,0.0,0.0,0.05967968202006407,0.0,0.0,0.0,0.0,0.0,0.0,0.002338087444469885,0.0,0.0,0.006858389837109663,0.0,0.0,0.0,0.0,0.0,0.018217598004799104,0.0002143246824099895,0.000876782791675957,0.0,0.0,0.0,0.0,0.0,0.0,0.0,0.01163198503619943,0.0,0.0,0.0,0.0,0.0,0.0,0.0,0.006449224534329684,0.0,0.0,0.0,0.0,0.0,0.0,0.0,0.0,0.0,0.07965084560829609,0.0010911074740899464,0.0,0.0,0.0,0.0,0.0,0.001714597459279916,0.0,0.008670407606579575,0.01708752240669916,0.0,0.0,0.01527550463719925,0.0,0.016814745538099175,0.0,0.0,0.0,0.001344400280569934,0.0,0.0,0.0,0.0,0.0,0.0,0.0,0.0,0.0029810614916998537,0.0041111370898597975,0.0,0.0,0.0,0.007014262333409656,0.0,0.00040916530278197995,0.0,0.018256566128899105,0.0,0.0,0.0,0.0,0.009858935390849515,0.00025329280648398757,0.0,0.0,0.01876315174189908,0.0
161__161A__RDC__1.0__0H,0.0,0.0,0.0,0.0005227297307043034,0.00027037744691615694,0.0,0.00937308482642544,0.0,0.0,0.0,0.0,0.0,0.0,0.0,0.0008832329932595126,0.0,0.0,0.0,0.0,0.0,0.0,0.06885612314793997,0.0,0.12754605429179403,0.0,0.0,0.0,0.0,0.0,0.00425393849814247,0.0,0.0,0.0,0.0,0.0009913839720255755,0.14465193409989396,0.0,0.007696744655544468,0.0,0.005605825732723254,0.0,0.0,0.0,0.014870759580408632,0.0,0.0,0.0,0.0,0.0,0.0,0.0,0.0,0.003947510724972292,0.0,0.0,0.0,0.0,0.0,0.0,0.00027037744691615694,0.0,0.0,0.0,0.0,0.0,0.0,0.0,0.028353581599916456,0.0,0.0009913839720255755,0.0,0.0,0.0007931071776204604,0.0,0.0,0.0,0.0,0.038483723277722336,0.0,0.0,0.0,0.0,0.0,0.0,0.011103500486706445,0.0,0.0,0.06905439994234008,0.0,0.0,0.0,0.0,0.0,0.0,0.0,0.0017664659865210253,0.0002523522837881465,0.0,0.0,0.0,0.000234327120660136,0.0,0.0,0.0,0.0,0.0,0.0,0.0,0.0,0.0,0.0,0.0,0.0,0.0,0.0,0.0013879375608308055,0.0,0.0,0.0,0.0,0.0,0.2663217852121546,0.0012437362558107218,0.0,0.0,0.0,0.0,0.0,0.0035329319730320503,0.0,0.0027217996322915798,0.002451422185371423,0.0,0.00041457875193824065,0.02817332996861635,0.0,0.0,0.0,0.0,0.0,0.003352680341761946,0.0,0.0,0.0,0.0,0.0,0.0,0.0,0.0,0.001784491149641036,0.017610584375810222,0.0,0.0,0.0,0.037005659901221476,0.0,0.014023576913408138,0.0,0.0101661920040059,0.0,0.0,0.00032445293629918833,0.0,0.013879375608308056,0.0,0.0,0.0,0.05483254623453183,0.0
161__161A__RDC__1.0__48H,0.0,0.0,0.0,0.0,0.0,0.0,0.0003856807264819526,0.0029977911012896317,0.0,0.0,0.0,0.0028049507380496557,0.0001928403632409763,0.0,0.0,0.0,0.0,0.0,0.0,0.021598120682997348,0.0,0.0675817818449917,0.0,0.05145331510116868,0.0,0.0,0.001034325584659873,0.0,0.0002804950738049656,0.0,0.0,0.0,0.0,0.0,0.01155289085239858,0.24860629010196947,0.0,0.010167946425398752,0.0,0.0,0.0,0.0,0.0,0.0009116089898668881,0.0,0.0,0.0,0.009571894393598825,0.0,0.0,0.0,0.23258300901097145,0.0010167946425398752,0.0,0.0009642018162058816,0.0,0.0,0.0006311139160619225,0.0003856807264819526,0.00042074261070794834,0.0,0.0,0.0,0.0,0.0,0.0,0.0,0.03981276953819511,0.0,0.0,0.0,0.0016829704428297934,0.0,0.0,0.0,0.0,0.0,0.06803758633989164,0.0,0.0,0.0,0.00031555695803096124,0.0,0.0,0.0018056870376197782,0.0,0.0,0.006363731986959218,0.0,0.0,0.0,0.0,0.0,0.0023491462431197117,0.0001928403632409763,0.001490130079589817,0.0,0.0,0.0002629641316919677,0.0,0.0,0.0,0.0,0.010536096209798706,0.0,0.0,0.0,0.0,0.0,0.0,0.0,0.0021037130535397413,0.0,0.0,0.0,0.0,0.0,0.0,0.0,0.0,0.0,0.07324427614739101,0.0002804950738049656,0.0,0.0005083973212719375,0.0,0.0,0.0,0.0022614915325497227,0.0,0.00513656603905937,0.01733810174959787,0.0,0.0,0.0187405771185977,0.0,0.007959047719219023,0.0,0.0,0.0,0.0008940780477538901,0.0,0.0,0.0,0.0,0.0,0.0,0.0,0.0,0.0036464359594695524,0.003225693348759604,0.0,0.0,0.0,0.006714350829209175,0.0,0.0016829704428297934,0.0,0.019354160092597623,0.0,0.0,0.0,0.0,0.021545527856697354,0.0,0.0,0.0,0.017373163633797865,0.0
161__161A__RDC__2.0__0H,0.0,0.0,0.0,0.0008024040655142406,0.00039333532623211795,0.0,0.010085117764603024,0.0,0.0,0.0,0.0,0.0,0.0,0.0,0.0012586730439403775,0.0,0.0,0.0,0.0,0.0,0.0,0.06829874604702048,0.0,0.12682704259027802,0.0,0.0,0.0,0.0,0.0,0.004956025110531486,0.0,0.0,0.0,0.0,0.0009440047829582831,0.13758869711607627,0.0,0.008212841611732464,0.0,0.004421089066851325,0.0,0.0,0.0,0.015796346701504736,0.0,0.0,0.0,0.0,0.0,0.0,0.0,0.0,0.003681618653531104,0.0,0.0002674680218380802,0.0,0.0,0.0,0.0,0.00037760191318311325,0.0,0.0,0.0,0.0,0.0,0.0,0.0,0.030837489576609246,0.0,0.00037760191318311325,0.0,0.0,0.0009754716090562925,0.0,0.0,0.0,0.0,0.03772872449221131,0.0,0.0,0.0,0.0,0.0,0.0,0.010950455482303284,0.0,0.0,0.05333627023711599,0.0,0.0,0.0,0.0,0.0,0.0,0.0,0.0012114728048003632,0.0,0.0,0.0,0.0,0.00036186850013410855,0.0,0.0,0.0,0.0,0.0,0.0,0.0,0.0,0.0,0.0,0.0,0.0,0.0,0.0,0.0011800059787003539,0.0,0.0,0.0,0.0,0.0,0.28027502006008403,0.001227206217840368,0.0,0.0,0.0,0.0,0.0,0.0035714847621910713,0.0,0.0027848141097208353,0.002564546327030769,0.0,0.000723737000267217,0.030003618685008997,0.0,0.0,0.00022026778269006606,0.0,0.0,0.004562689784291368,0.0,0.0,0.0,0.0,0.0,0.0,0.0,0.0,0.0014789408266304433,0.013577935461504072,0.0,0.0,0.0,0.04122154218911236,0.0,0.012539530200303762,0.0,0.010840321591003252,0.0,0.0,0.00022026778269006606,0.0,0.012822731635203847,0.0,0.0,0.0,0.06049497317451814,0.0
161__161A__RDC__2.0__48H,0.0,0.0,0.0,0.0,0.0,0.0,0.0003973565333777445,0.0,0.0,0.0,0.0,0.0,0.0,0.0,0.0,0.0,0.0,0.0,0.0,0.0,0.0,0.28310607328081794,0.0,0.0,0.0,0.0,0.0,0.0,0.0,0.0,0.0,0.0,0.0,0.0,0.09854442027763663,0.43410155596472083,0.0,0.0,0.0,0.0,0.0,0.0,0.0,0.0012757236071591798,0.0,0.0,0.0,0.003931738330267472,0.0,0.0,0.0,0.027375773799582396,0.0,0.0,0.0,0.0,0.0,0.0,0.0,0.0,0.0,0.0,0.0,0.0,0.0,0.0,0.0,0.010414923874893301,0.0,0.0,0.0,0.0,0.0,0.0,0.0,0.0,0.0,0.0,0.0,0.008323573699174648,0.0,0.0,0.0,0.0,0.0,0.0,0.0,0.0,0.0,0.0,0.0,0.0,0.0,0.0,0.0,0.0008783670737824351,0.0,0.0,0.0,0.0,0.0,0.0,0.0,0.0,0.0,0.0,0.0,0.0,0.0,0.0,0.0,0.0,0.0,0.0,0.0,0.0,0.0,0.0,0.0,0.0,0.0,0.08296386146894666,0.0,0.0,0.0,0.0,0.0,0.0,0.0016103396352689645,0.0,0.0009620210808093814,0.010770453404693075,0.0,0.0,0.0011084155931092873,0.0,0.0,0.0,0.0,0.0,0.0017985611510788434,0.0,0.0,0.0,0.0,0.0,0.0,0.0,0.0,0.0,0.004057219340807391,0.0,0.0,0.0,0.0062531370252559785,0.0,0.0003137025263507983,0.0,0.0002509620210808386,0.0,0.0,0.0,0.0,0.0,0.0,0.0,0.0,0.021561820311186135,0.0
161__161A__SDC__1.0__0H,0.0,0.0,0.0,0.0008630113342164866,0.0004602727115822595,0.0,0.010432848129205882,0.0,0.0,0.0,0.0,0.0,0.0,0.0,0.0013232840458007459,0.0,0.0,0.0,0.0,0.0,0.0,0.07561897090694263,0.0,0.1183284429353667,0.0,0.0,0.0,0.0,0.0,0.004813685441962714,0.0,0.0,0.0,0.0,0.0007671211859694325,0.17371459256318691,0.0,0.007575321711454271,0.0,0.006079435398813428,0.0,0.0,0.0,0.014536946474108196,0.0,0.0,0.0,0.0,0.0,0.0,0.0,0.0,0.003758893811252119,0.0,0.0005178068005292919,0.0,0.0,0.00021095832614211895,0.0,0.00026849241508915137,0.0,0.0,0.0,0.0,0.0,0.0,0.0,0.03181635118811794,0.0,0.0005753408894773244,0.0,0.0,0.0007862992156194434,0.0,0.0,0.0,0.0,0.03716702146022095,0.0,0.0,0.0,0.0,0.0,0.0,0.009378056498485287,0.0,0.0,0.06568475154863702,0.0,0.0,0.0,0.0,0.0,0.0,0.0,0.0017643787277309946,0.0,0.0,0.0,0.0,0.0,0.0,0.0,0.0,0.0,0.0,0.0,0.0,0.0,0.0,0.0,0.0,0.0,0.0,0.0,0.0010931476900106162,0.0,0.0,0.0,0.0,0.0,0.2371555146421337,0.0005178068005292919,0.0,0.0,0.0,0.0,0.0,0.004161632433882346,0.0,0.003164374892121784,0.003087662773531741,0.0,0.0004986287708802811,0.029687589897016736,0.0,0.0,0.0,0.0,0.0,0.003547935485112,0.0,0.0,0.0,0.0,0.0,0.0,0.0,0.0,0.001227393897550692,0.01814241604821023,0.0,0.0,0.0,0.042440979613823926,0.0,0.01679995397270947,0.0,0.01035613601060584,0.0,0.0,0.0003643825633352054,0.0,0.012331473064506953,0.0,0.0,0.0,0.048980687724127614,0.0
161__161A__SDC__1.0__48H,0.0,0.0,0.0,0.0,0.0,0.0,0.00030943329502317393,0.0022765449562412794,0.0,0.0,0.0,0.0024312616037513667,0.0,0.0,0.0,0.0,0.0,0.0,0.0,0.018565997701410434,0.0,0.05680311201493193,0.0,0.15208646450350546,0.0,0.0,0.0006630713464773726,0.0,0.00028733091680716147,0.0,0.0,0.0,0.0,0.0,0.013791884006707751,0.19527451153710976,0.0,0.010012377331805628,0.0,0.0,0.0,0.0,0.0,0.000839890372204472,0.0,0.0,0.0,0.008929360799225019,0.0,0.0,0.0,0.1950092829991096,0.0017239855008409689,0.0,0.0008840951286364969,0.0,0.0,0.0005525594553973106,0.0,0.0020113164176511302,0.0,0.0,0.0,0.0,0.0,0.0,0.0,0.0594332950225334,0.0,0.0,0.0,0.0,0.0,0.0,0.0,0.0,0.0,0.04933250817790473,0.0,0.0,0.0,0.0,0.0,0.0,0.002983821059151677,0.0,0.0,0.005061444611442844,0.0,0.0,0.0,0.0,0.0,0.0008177879939884596,0.00024312616037513665,0.0010167093979305713,0.0,0.0,0.0,0.0,0.0,0.0,0.0,0.025926089647214573,0.0,0.0,0.0,0.0,0.0,0.0,0.0,0.00035363805145419874,0.0,0.0,0.0,0.0,0.0,0.0,0.0,0.0,0.0,0.05423923614183048,0.0,0.0,0.00218813544337123,0.0,0.0,0.0,0.002210237821591242,0.0,0.00428786137388241,0.02848996552031601,0.0,0.0,0.01827866678451027,0.0,0.016554681283709304,0.0,0.0,0.0,0.0008619927504204844,0.0,0.0,0.0,0.0,0.0,0.0,0.0,0.0,0.0030280258155817017,0.003425868623461925,0.0,0.0,0.0,0.00831049420918467,0.0,0.0015029617186808446,0.0,0.01478649102640831,0.0,0.0,0.0,0.0,0.02020157368931135,0.0,0.0,0.0,0.014012907788907876,0.0
161__161A__SDC__2.0__0H,0.0,0.0,0.0,0.00031007151024212273,0.00029069204085211504,0.0,0.009185868490923637,0.0,0.0,0.0,0.0,0.0,0.0,0.0,0.0012015271021904755,0.0,0.0,0.0,0.0,0.0,0.0,0.060522082905423956,0.0,0.1358888393635638,0.0,0.0,0.0,0.0,0.0,0.004108447510711626,0.0,0.0,0.0,0.0,0.0013178039185305216,0.10621887172733303,0.0,0.008837038041903496,0.0,0.004476657429121772,0.0,0.0,0.0,0.01554233445090615,0.0,0.0,0.0,0.0,0.0,0.0,0.0,0.0,0.004030929633151595,0.0,0.0005620046123142225,0.0,0.0,0.0,0.0,0.00031007151024212273,0.0,0.0,0.0,0.0,0.0,0.0,0.0,0.028681614697411352,0.0,0.0006395224898742531,0.0,0.0,0.0010464913470704142,0.0,0.0,0.0,0.0,0.038681420902715306,0.0,0.0,0.0,0.0,0.0,0.0,0.012170306777004817,0.0,0.0,0.06273134241582483,0.0,0.0,0.0,0.0,0.0,0.0,0.0,0.0013953217960905524,0.0,0.0,0.0,0.0,0.00034883044902213805,0.0,0.0,0.0,0.0,0.0,0.0,0.0,0.0,0.0,0.0,0.0,0.0,0.0,0.0,0.0016084959593806367,0.0,0.0,0.0,0.0,0.0,0.30710645142512155,0.00116276816341046,0.0,0.0,0.0,0.0,0.0,0.002596848898281028,0.0,0.002596848898281028,0.002654987306451051,0.0,0.0007557993062152991,0.027964574330011066,0.0,0.0,0.0,0.0,0.0,0.0043991395515617406,0.0,0.0,0.0,0.0,0.0,0.0,0.0,0.0,0.001472839673650583,0.010988159144204349,0.0,0.0,0.0,0.03509621906551389,0.0,0.009999806205313959,0.0,0.01116257436870442,0.0,0.0,0.00031007151024212273,0.0,0.014243910001705638,0.0,0.0,0.0,0.06738241506952668,0.0
161__161A__SDC__2.0__48H,0.0,0.0,0.0,0.0,0.0,0.0,0.0005791505791509241,0.0,0.0,0.0,0.0,0.0,0.0,0.0,0.0,0.0,0.0,0.0,0.0,0.0,0.0,0.3952965952969482,0.0,0.009775359775358719,0.0,0.0,0.0,0.0,0.0,0.004861354861349363,0.0,0.0,0.0,0.0,0.07511407511409016,0.2846612846609627,0.0,0.0015093015092998022,0.0,0.0,0.0,0.0,0.0,0.007125307125309067,0.0,0.0,0.0,0.004001404001399476,0.0,0.0,0.0,0.012249912249898395,0.00026325026324996553,0.0,0.0004914004913999356,0.0,0.0,0.0,0.0,0.0,0.0,0.0,0.0,0.0,0.0,0.0,0.0,0.004247104247099444,0.0,0.0,0.0,0.0,0.0003334503334499563,0.0,0.0,0.0,0.0,0.0012460512460498367,0.0,0.03216918216919579,0.0,0.0,0.0,0.0,0.0,0.0,0.0,0.0,0.0,0.0,0.0,0.0,0.0,0.0,0.0,0.0018427518427497588,0.0,0.0,0.0,0.0,0.0,0.0,0.0,0.0,0.0,0.0,0.0,0.0,0.0,0.0,0.0,0.0,0.0,0.0,0.0,0.0,0.0,0.0,0.0,0.0,0.0,0.08659178659178866,0.00019305019304997472,0.0,0.0,0.0,0.0,0.0,0.0042120042119994485,0.0,0.0014215514215498138,0.010249210249198658,0.0,0.0,0.002000702000699738,0.0,0.0,0.0,0.0,0.0,0.0015444015443997977,0.0,0.0,0.0,0.0,0.0,0.0,0.0,0.0,0.0,0.005352755352759299,0.0,0.0,0.0,0.030642330642295986,0.0,0.00026325026324996553,0.0,0.0,0.0,0.0,0.00019305019304997472,0.0,0.0,0.0,0.0,0.0,0.021568971568997175,0.0
161__161B__No Added Carb__1.0__0H,0.0,0.0,0.0,0.0009349809213347195,0.0020721198797193784,0.0,0.0009349809213347195,0.0,0.0,0.0,0.0,0.0,0.0,0.0,0.07030045738257891,0.0,0.0,0.0,0.0,0.0,0.0,0.035478735501489354,0.0,0.3542566901675608,0.0,0.0,0.0,0.0,0.0,0.0,0.0,0.0,0.0,0.0,0.005761504055798271,0.1189952745559643,0.0,0.012533798296796241,0.0,0.0,0.0,0.0011371389583796588,0.0,0.03904177090438829,0.0007075531296587877,0.0,0.0,0.0,0.0,0.0,0.0,0.0,0.09084476789727275,0.0,0.009071841912417278,0.0,0.0,0.0,0.0,0.008111591236447566,0.0,0.0,0.0,0.0,0.000783362393550765,0.0,0.0,0.0,0.0,0.0,0.0,0.0,0.00553407626411834,0.0,0.0,0.0,0.0,0.046597427538996025,0.0,0.0,0.0006317438657668105,0.0,0.0,0.0,0.004093700250168772,0.0,0.0,0.0002779673009379166,0.0,0.0,0.0,0.0,0.0,0.0,0.0,0.0,0.0,0.0,0.0,0.0,0.0,0.0,0.0,0.0,0.0,0.0,0.0,0.0,0.0,0.0,0.005837313319688249,0.0,0.0,0.0,0.0,0.0,0.0,0.0,0.0,0.0,0.0,0.000960250675965712,0.000480125337982856,0.0,0.0016930735602594922,0.08970762893887309,0.0,0.0,0.0,0.0,0.0,0.0,0.0,0.006039471356728188,0.045359209562086396,0.0,0.0,0.0,0.0,0.0,0.0013645667500595906,0.0,0.00037904631945988624,0.0,0.0,0.0,0.0,0.0,0.0,0.003942081722388818,0.0,0.0,0.0,0.0,0.007050261541957885,0.0,0.0021226593889793633,0.0,0.015743057134895277,0.0,0.0,0.0,0.0,0.010891264245796733,0.0,0.0,0.0,0.00032850681019890146,0.0
161__161B__No Added Carb__1.0__48H,0.0,0.0,0.0,0.0,0.0,0.0,0.0052295784959724674,0.001551441620470732,0.0,0.0,0.0,0.006990203256283299,0.0,0.0,0.0,0.0002963427814381398,0.0,0.0,0.0,0.05259212774122481,0.0,0.012707875745205996,0.0,0.013317993236464282,0.0,0.0,0.002632221176311242,0.13199456123806227,0.0,0.0,0.0,0.0,0.0,0.0,0.03346930237421579,0.2917930481471377,0.0,0.007181954467803389,0.0,0.0,0.0,0.0,0.001621169333750765,0.0007844367743963702,0.0,0.0,0.0,0.0002614789247991234,0.0,0.0025799253913512173,0.0,0.08513753791444018,0.00108077955583051,0.0,0.0,0.0,0.0,0.0034515218073416284,0.0,0.0,0.0,0.0,0.0,0.0,0.0,0.0,0.0,0.055712442910426284,0.0,0.0,0.0,0.001394554265590658,0.0008890283443154194,0.0,0.0,0.0,0.0,0.09423700449744446,0.0,0.0,0.0,0.0,0.0,0.0,0.0,0.0,0.0,0.003991911585261884,0.0,0.0,0.0,0.0,0.0,0.01600251019770755,0.0,0.0002963427814381398,0.0,0.0,0.00019175121151909048,0.0,0.0003312066380781563,0.0008890283443154194,0.0,0.021563295331710176,0.0,0.0,0.0,0.0,0.0,0.0,0.0,0.0065195411916530764,0.0,0.0,0.0,0.0,0.0,0.0,0.0,0.0,0.0,0.06601471254753116,0.0,0.0,0.00019175121151909048,0.0,0.0,0.0,0.0030505874559814392,0.0,0.0018477844019108719,0.024718474357611663,0.0,0.0,0.010075654568904755,0.0,0.0,0.0,0.0,0.0,0.0008193006310363866,0.0,0.0,0.0,0.0,0.0,0.0,0.0,0.0,0.0019000801868708965,0.002231286824951053,0.0,0.0,0.0,0.0036607049471817274,0.0,0.00031377470975814804,0.0,0.009099466582994294,0.0,0.0,0.0,0.0,0.003991911585261884,0.00019175121151909048,0.0,0.0,0.015200641495007173,0.0
161__161B__RDC__1.0__0H,0.0,0.0,0.0,0.001948316098230629,0.004838675145061562,0.0,0.0002997409381890968,0.0,0.0,0.0,0.0,0.0,0.0,0.0,0.03502686963411131,0.0,0.0,0.0,0.0,0.0,0.0,0.049628535337316024,0.0,0.5334318196414962,0.0,0.0,0.0,0.0,0.0,0.0,0.0,0.0,0.0,0.0,0.005994818763781935,0.03198664011821033,0.0,0.004303423469721389,0.0,0.0,0.0,0.00023551073714907602,0.0,0.02181685828680704,0.0006637120774192143,0.0,0.0,0.0,0.0,0.0,0.00042820134027013825,0.0,0.04376217697561413,0.0,0.005224056351301687,0.0034470207891811127,0.0,0.0,0.0,0.02689104416900868,0.0,0.0,0.0,0.0,0.0003211510052031037,0.0,0.0,0.0,0.0,0.0,0.0,0.0,0.011625666388303754,0.0,0.0,0.0,0.0,0.021238786477416855,0.0,0.0,0.0,0.0,0.0,0.0,0.0013060140878204218,0.0,0.0,0.0,0.0,0.0,0.0,0.0,0.0,0.0,0.0,0.0,0.0,0.0,0.00023551073714907602,0.0,0.0,0.0,0.0,0.0,0.0,0.0,0.0,0.0,0.0,0.0,0.0018412657631605943,0.0,0.0,0.0,0.0,0.0,0.0,0.0,0.0,0.0,0.0,0.013060140878204217,0.0005352516753381728,0.0,0.0008349926135272696,0.03710364613441198,0.0,0.0,0.0,0.0,0.0,0.0,0.0,0.03147279850991016,0.018262787162505893,0.0,0.0,0.00381099192840123,0.0,0.0,0.007193782516542323,0.0,0.0,0.0,0.0,0.0,0.0,0.0,0.0,0.004817265078041555,0.0,0.0,0.0,0.0,0.0020767765003106703,0.0,0.0020767765003106703,0.0,0.05564476416811796,0.0,0.0,0.0,0.0,0.016378701265305287,0.0,0.0,0.0,0.00023551073714907602,0.0
161__161B__RDC__1.0__48H,0.0,0.0,0.0,0.0,0.0,0.0,0.017413606911404384,0.001484881209500374,0.0,0.0,0.0,0.0027962048750407044,0.0003663992594880923,0.0,0.0,0.0,0.0,0.0,0.0,0.05243366244991321,0.0,0.022523912372705672,0.0,0.017895711200256507,0.0,0.0,0.000944924406048238,0.05737041036721446,0.0,0.0,0.0,0.0,0.0,0.0,0.022639617402005704,0.3689254859610929,0.0,0.006691607528541686,0.0,0.0,0.0,0.0,0.00067494600432017,0.0027576365319306947,0.0004821042888001214,0.0,0.0,0.0008292193767362089,0.0,0.0021212588707205343,0.0,0.08598812095032167,0.0029311940759007386,0.0,0.0,0.0,0.0,0.0008485035482882137,0.0008870718913922235,0.0,0.0,0.0,0.0,0.0,0.0,0.0,0.0,0.0484418389386122,0.00040496760259210203,0.0,0.0,0.005920240666461491,0.0,0.0,0.0,0.0,0.0,0.06053301450171525,0.00021212588707205342,0.0,0.0,0.0,0.0,0.0,0.0007327985189761846,0.0,0.0,0.001909132983650481,0.0,0.0,0.0,0.0,0.0,0.021733261339105473,0.00021212588707205342,0.0005978093181121506,0.0,0.0,0.0,0.0,0.0003278309163840826,0.0,0.0,0.014443844492403638,0.0020826905276105246,0.0,0.002352668929340593,0.0,0.0,0.0,0.0,0.005573125578531404,0.0,0.0,0.0,0.0,0.0,0.0,0.0,0.0,0.0,0.0373148719531094,0.00025069423017606314,0.0,0.0008677877198402185,0.00026997840172806806,0.0,0.0,0.002275532243130573,0.0,0.002449089787100617,0.06595186670781661,0.0,0.0,0.015311632212303857,0.0,0.011107682813902798,0.0,0.0,0.0,0.0003278309163840826,0.00021212588707205342,0.0,0.0,0.0,0.0,0.0,0.0,0.0,0.00034711508793608745,0.00206340635606052,0.0,0.0,0.0,0.003066183276770772,0.0,0.0003278309163840826,0.0,0.009159981487202307,0.0,0.0,0.0,0.0,0.0054574205492113744,0.0005399568034561361,0.0,0.0,0.008215057081152069,0.0
161__161B__RDC__2.0__0H,0.0,0.0,0.0,0.0,0.0,0.0,0.01274908106020251,0.0,0.0,0.0,0.0,0.0,0.0,0.0,0.022131940414004358,0.0006384213580961257,0.0,0.0,0.0,0.0002708454246470533,0.0,0.0533758947572105,0.0,0.37999613077939476,0.0,0.0,0.0,0.0,0.0,0.0014703037338002895,0.0,0.0,0.0,0.0,0.0033662217063306628,0.01387115496230273,0.0,0.005900561036951161,0.0,0.0018378796672503617,0.0,0.0,0.0,0.04225188624490832,0.0,0.0,0.0,0.0,0.0016831108531603313,0.0,0.0,0.0,0.06863996904621351,0.0,0.1610756432580317,0.0,0.0,0.0,0.0,0.014393499709802833,0.0,0.0,0.0,0.0,0.0,0.0,0.0,0.0,0.0,0.0,0.0,0.0,0.005320177984141047,0.0,0.0,0.0,0.0,0.02561423873093004,0.0006384213580961257,0.01787579802670352,0.0002321532211260457,0.0,0.0,0.0,0.0061714064616012155,0.0,0.0,0.0,0.0,0.0,0.0,0.0,0.0,0.0,0.0,0.0,0.0,0.0,0.0,0.0,0.0002321532211260457,0.0,0.0,0.0,0.0,0.0,0.0,0.0,0.0,0.0,0.0,0.0,0.0,0.0004643064422520914,0.0,0.00036757593344907235,0.0,0.0,0.0,0.0,0.0,0.002224801702460438,0.005223447475331028,0.0,0.012342812923202431,0.00036757593344907235,0.0,0.0,0.001799187463730354,0.0,0.0018765718707703695,0.0,0.0,0.005958599342231172,0.028013155349205513,0.0,0.0,0.00038692203521007617,0.0,0.0,0.0005803830528151142,0.0,0.0,0.0,0.0,0.0,0.0,0.0004836525440120952,0.0,0.008028632230611581,0.0,0.0,0.0,0.0,0.019674985490403873,0.0,0.002128071193650419,0.0,0.03358483265620661,0.0,0.0,0.0,0.0,0.03395240858970668,0.0,0.0,0.0,0.002805184755270552,0.0
161__161B__RDC__2.0__48H,0.0,0.0,0.0,0.0,0.0,0.0,0.0005593749436110005,0.0,0.0,0.0,0.0,0.0,0.0,0.0,0.0,0.0,0.0,0.0,0.0,0.0004871975315330005,0.0,0.2009419152280002,0.0,0.0001984878832170002,0.0,0.0,0.0,0.01970443349750002,0.0,0.0,0.0,0.0,0.0,0.0,0.034085782854300035,0.4154531839260004,0.0,0.0002887096483160003,0.0,0.0,0.0,0.0,0.0,0.002381854598600002,0.0,0.0,0.0,0.025695158700100026,0.0,0.0,0.0,0.05268951081760005,0.0,0.0,0.0,0.0,0.0,0.0,0.0,0.0,0.0,0.0,0.0,0.0,0.0,0.0,0.0,0.002039011891230002,0.0,0.0,0.0,0.0,0.0005232862375720006,0.0,0.0,0.0,0.0,0.0014615925946000015,0.0,0.023024594453200025,0.0,0.0,0.0,0.0,0.0,0.0,0.0,0.0,0.0,0.0,0.0,0.0,0.0,0.0,0.0,0.0013713708295000012,0.0,0.0,0.0,0.0,0.0007578628268280008,0.0,0.0,0.0,0.0,0.0,0.0,0.0,0.0,0.0,0.0,0.0,0.0,0.0,0.0,0.0,0.0,0.0,0.0,0.0,0.0,0.15222216207400013,0.0,0.0,0.0,0.0,0.0,0.0,0.002309677186520002,0.0,0.0006135080026710007,0.014615925946000015,0.0,0.0,0.0007578628268280008,0.0,0.0,0.0,0.0,0.0,0.002075100597270002,0.0,0.0,0.0,0.0,0.0,0.0,0.0,0.0,0.0,0.0043486890777500046,0.0,0.0,0.0,0.003789314134140004,0.0,0.0,0.0,0.0004691531785130005,0.0,0.0,0.0,0.0,0.0,0.0,0.0,0.0,0.03713527851460004,0.0
161__161B__SDC__1.0__0H,0.0,0.0,0.0,0.0009042639523288681,0.0038489183611894384,0.0,0.0005796563796979155,0.0,0.0,0.0,0.0,0.0,0.0,0.0,0.04669711794849318,0.0,0.0,0.0,0.0,0.0,0.0,0.04437849242969353,0.0,0.4829928818196875,0.0,0.0,0.0,0.0,0.0,0.0,0.0,0.0,0.0,0.0,0.007605091701638891,0.056481717637791765,0.0,0.006793572770059008,0.0,0.0,0.0,0.0006028426348859121,0.0,0.026664193466096112,0.000486911358945929,0.0,0.0,0.0,0.0,0.0,0.0,0.0,0.05675995269999172,0.0,0.006468965197429057,0.0021099492220996922,0.0,0.0,0.0,0.020195228268697053,0.0,0.0,0.0,0.0,0.0006260288900739087,0.0,0.0,0.0,0.0,0.0,0.0,0.0,0.010804794917598424,0.0,0.0,0.0,0.0,0.029307426557505727,0.0,0.0,0.00030142131744295605,0.0,0.0,0.0,0.002735978112179601,0.0,0.0,0.0,0.0,0.0,0.0,0.0,0.0,0.0,0.0,0.0,0.0,0.0,0.0,0.0,0.0005100976141339256,0.0,0.0,0.0,0.0,0.0,0.0,0.0,0.0,0.0,0.004243084699389381,0.0,0.0,0.0,0.0,0.0,0.0,0.0,0.0,0.0,0.0,0.011152588745398373,0.0002782350622549594,0.0,0.000973822717892858,0.0520995154072924,0.0,0.0,0.0,0.0,0.0,0.0,0.0,0.020566208351697,0.027661202439195964,0.0,0.0,0.0028055368777395906,0.0,0.0,0.005796563796979154,0.0,0.0,0.0,0.0,0.0,0.0,0.0,0.0,0.004034408402699411,0.0,0.0,0.0,0.0,0.0034083795126195024,0.0,0.0023186255187896618,0.0,0.04134109300009397,0.0,0.0,0.0,0.0,0.015465232210297743,0.0,0.0,0.0,0.0,0.0
161__161B__SDC__1.0__48H,0.0,0.0,0.0,0.0,0.0,0.0,0.010887194874707325,0.0010745276133307233,0.0,0.0,0.0,0.0032235828400021694,0.0,0.0,0.0,0.0004460303300623002,0.0,0.0,0.0,0.046630443597431376,0.0,0.06232260157334194,0.0,0.015489416916730421,0.0,0.0,0.0011556240369807777,0.08109642364775457,0.0,0.0,0.0,0.0,0.0,0.0,0.046995377503931623,0.2839591274021911,0.0,0.0059605871381140105,0.0,0.0,0.0,0.0,0.0003852080123272592,0.0023923444976116097,0.0,0.0,0.0,0.006629632633204461,0.0,0.0009326088719496275,0.0,0.13188305895708874,0.0014597356256609822,0.0,0.0,0.0,0.0,0.0017435731084311733,0.0,0.0,0.0,0.0,0.0,0.0,0.0,0.0,0.0,0.04044684129432721,0.0,0.0,0.0,0.0,0.0,0.0,0.0,0.0,0.0,0.04255534830912864,0.0,0.00567674965534382,0.0,0.0,0.0,0.0,0.0009934311896856686,0.0,0.0,0.0020071364852813503,0.0,0.0,0.0,0.0,0.0,0.004703592571573165,0.0,0.0008717865542135866,0.0,0.0,0.00028383748276719097,0.0,0.0008312383423895593,0.0,0.0,0.02349768875191581,0.0,0.0,0.0,0.0,0.0,0.0,0.0,0.0008717865542135866,0.0,0.0,0.0,0.0,0.0,0.0,0.0,0.0,0.0,0.07089854837404772,0.0,0.0,0.0009528829778616412,0.0,0.0,0.0,0.002270699862141528,0.0,0.000851512448301573,0.029133890195419607,0.0,0.0,0.009772119049556577,0.0,0.0188751926040127,0.0,0.0,0.0,0.001135349931070764,0.0,0.0,0.0,0.0,0.0,0.0,0.0,0.0,0.0,0.0024531668153416506,0.0,0.0,0.0,0.0027775525099318693,0.0,0.0,0.0,0.010866920768807312,0.0,0.0,0.0,0.0,0.004581947936103083,0.0,0.0,0.0,0.018023680155712127,0.0
161__161B__SDC__2.0__0H,0.0,0.0,0.0,0.0010673055979095688,0.001895011979959234,0.0,0.0007187976475707096,0.0,0.0,0.0,0.0,0.0,0.0,0.0,0.06824221302547243,0.0,0.0,0.0,0.0,0.0,0.0,0.03617948159438538,0.0,0.3446090176434607,0.0,0.0,0.0,0.0,0.0,0.0,0.0004574166848178151,0.0,0.0,0.0,0.006774123284687262,0.11677194510995281,0.0,0.012480940971494955,0.0,0.0,0.0,0.0012851230668694807,0.0,0.044826835112181884,0.0006534524068827358,0.0003049444565448768,0.0,0.0,0.0,0.0,0.0,0.0,0.0885863646263642,0.0,0.008778043999126453,0.0,0.0,0.0,0.0,0.007558266172946945,0.0,0.0,0.0,0.0,0.0007623611413636918,0.0,0.0,0.0,0.0,0.0,0.0,0.0,0.0056196906991877295,0.0,0.0,0.0,0.0,0.04835547810933046,0.0,0.0002395992158569032,0.0007405793944667007,0.0,0.0,0.0,0.004094968416468345,0.0,0.0,0.0,0.0,0.0,0.0,0.0,0.0,0.0,0.0,0.0,0.0,0.0,0.0,0.0,0.0002395992158569032,0.0,0.0,0.0,0.0,0.0,0.0,0.0,0.0,0.0,0.006164234371597509,0.0,0.0,0.0,0.0,0.0,0.0,0.0,0.0,0.0,0.0,0.0011762143323895246,0.0007405793944667007,0.0,0.0017425397516892956,0.09104770202566322,0.0,0.0,0.0,0.0,0.0,0.0,0.0,0.0070137225005371655,0.0448050533652819,0.0,0.0,0.0,0.0,0.0,0.0019385754737492166,0.0,0.00039207144412984154,0.0,0.0,0.0,0.0,0.0,0.0,0.005118710520577932,0.0,0.0,0.0,0.0,0.006861250272267227,0.0,0.0030058810716587854,0.0,0.01672838161619324,0.0,0.0,0.0,0.0,0.011718579830095265,0.0,0.0,0.0,0.0003049444565448768,0.0
161__161B__SDC__2.0__48H,0.0,0.0,0.0,0.0,0.0,0.0,0.01240556529720547,0.000721063240524318,0.0,0.0,0.0,0.0,0.0,0.0,0.0,0.0005407974303932385,0.0,0.0,0.0,0.021140263188109323,0.0,0.11917208829705256,0.0,0.06192949968048731,0.0,0.0,0.0,0.007538388423663325,0.0,0.0008849412497343902,0.0,0.0,0.0,0.0,0.02205798003970973,0.38185214926016836,0.0,0.008636371085363808,0.0,0.0,0.0,0.0,0.0,0.012651382311005578,0.0,0.0,0.0,0.006227364349982746,0.0,0.0,0.0,0.07882532243003476,0.007669490831033382,0.0,0.0004916340276302168,0.0,0.0,0.000360531620262159,0.0,0.0024253945363110693,0.0,0.0,0.0,0.0,0.0,0.0,0.0,0.045935005981520255,0.0,0.0,0.0,0.0,0.0,0.0,0.0,0.0,0.0,0.013978794185606165,0.0001966536110520867,0.0020484751151209034,0.0,0.0,0.0,0.0,0.0005899608331562602,0.0,0.0,0.00026220481473611564,0.0,0.0,0.0,0.0,0.0,0.00026220481473611564,0.0,0.0009996558561814408,0.0,0.0,0.0003933072221041734,0.0,0.0004260828239461879,0.0,0.0,0.042182199570618605,0.0,0.0,0.0,0.0,0.0,0.0,0.0,0.000868553448813383,0.0,0.0,0.0,0.0004260828239461879,0.0,0.0,0.0,0.0,0.0,0.04291965061211893,0.0003441438193411517,0.0,0.0007538388423663325,0.0,0.0,0.0,0.0012782484718405639,0.0,0.000573573032235253,0.0432965700333191,0.0,0.0,0.00868553448813383,0.0,0.009472148932334177,0.0001966536110520867,0.0,0.0,0.000573573032235253,0.0,0.0,0.0,0.0,0.0,0.0,0.0,0.0,0.0,0.001819045902230802,0.0,0.0,0.0,0.010193212172904495,0.0,0.0,0.0,0.010947051015204828,0.0,0.0,0.0004424706248671951,0.0,0.002884252962101272,0.0,0.0,0.0,0.011520624047505082,0.0
176__176A__No Added Carb__1.0__0H,0.0,0.0,0.0,0.0014051328677100578,0.0005992478406410247,0.0,0.0,0.0,0.0,0.0,0.0,0.0,0.0,0.0,0.003182212670990131,0.0,0.0,0.0,0.0,0.0,0.0,0.1721701037320071,0.0,0.29499524734458216,0.0,0.0,0.0,0.0,0.0,0.0,0.0,0.0,0.0,0.0,0.02018845311400083,0.04967557961730205,0.0,0.0014257965863500588,0.0,0.0,0.0,0.0,0.0,0.03572756953340147,0.0,0.0,0.0,0.0,0.0,0.0,0.0003512832169280145,0.0,0.03320659585900137,0.0,0.007376947555480303,0.0,0.0,0.0,0.0,0.004938628755630204,0.0,0.0,0.0,0.0,0.0,0.0,0.0,0.010311195602800425,0.0,0.0,0.0,0.0,0.002768938298140114,0.0,0.0,0.0,0.0,0.013493408273800555,0.0,0.0008472124643550349,0.005703186345410235,0.0,0.0,0.0,0.0021490267388500884,0.0,0.0,0.00022730090507100934,0.0,0.0,0.0,0.0,0.0,0.0,0.0,0.0,0.0,0.0,0.00022730090507100934,0.0,0.0005372566847130221,0.0,0.0,0.0,0.0,0.0,0.0,0.0,0.0,0.0,0.0,0.0,0.0,0.0,0.0,0.0,0.0,0.0,0.0,0.0,0.0,0.12813571930400527,0.0,0.0,0.002748274579490113,0.007893540521550325,0.0,0.0,0.00438070835228018,0.0,0.0,0.012894160433100531,0.0,0.01529115179570063,0.0871802289540036,0.0,0.0,0.0059098235318402435,0.0,0.0,0.022978055130800947,0.0,0.0,0.0,0.0,0.0,0.0,0.0,0.0,0.0038021242302801565,0.0,0.0,0.0,0.0,0.011365045253500468,0.0,0.0013431417117800552,0.0,0.021510931107200884,0.0,0.0,0.0,0.0,0.011840310782300488,0.0,0.0,0.0,0.0012191593999300503,0.0
176__176A__No Added Carb__1.0__48H,0.00023241677691594794,0.0,0.0,0.00019666034969795593,0.0,0.0,0.0,0.0016269174384096355,0.0,0.0,0.0,0.0,0.00021453856330695193,0.0,0.0006614939035288518,0.0,0.0,0.0,0.0,0.28142096041793696,0.0013945006614896876,0.022598062001594938,0.0,0.1107018986661972,0.0,0.0,0.00026817320413293996,0.0,0.0,0.0,0.0,0.0,0.0,0.0,0.01750277112309608,0.05224014016518829,0.0,0.006757964744158486,0.0,0.0,0.0,0.0,0.0,0.0028068795365993712,0.0027532448957693833,0.0,0.0,0.0,0.0,0.0,0.0,0.29352451103093424,0.00019666034969795593,0.0,0.020273894232495458,0.0,0.0,0.0,0.003951085207569115,0.00019666034969795593,0.0,0.0,0.0,0.0,0.0,0.0,0.0,0.03804483855969148,0.0,0.0,0.0037007902170391707,0.0,0.0,0.0,0.0,0.0,0.0,0.019880573533095545,0.0,0.0,0.0,0.0,0.0,0.0,0.0013408660206696997,0.0,0.0,0.0,0.0,0.0,0.0,0.0,0.0,0.0,0.0,0.0,0.0,0.0,0.00021453856330695193,0.0,0.0,0.0,0.0,0.018182143240195927,0.00042907712661390386,0.0,0.0,0.0,0.0,0.0,0.0,0.0,0.0,0.0,0.0,0.0,0.0,0.0,0.0,0.0,0.0,0.002824757750209367,0.0009475453212707877,0.0,0.004111989130049079,0.0,0.0,0.0,0.010119068902597733,0.0,0.0014123788750996836,0.0,0.0,0.0020559945650195396,0.01673400793789625,0.0,0.012693531662297157,0.0138377373332969,0.0,0.0,0.0,0.0,0.0,0.0,0.0,0.0,0.0,0.0,0.0,0.0013945006614896876,0.0022168984874995036,0.0,0.0,0.0,0.00046483355383089586,0.0,0.002109629205849527,0.0,0.019791182464995567,0.0,0.0,0.0,0.0,0.007973683269568214,0.0,0.0,0.0,0.0,0.0
176__176A__RDC__1.0__0H,0.0,0.0,0.17433623221809097,0.0002687707577421403,0.003647603140781904,0.0,0.0,0.0,0.0,0.0,0.0,0.0005759373380183005,0.0,0.0,0.016567797423608647,0.0,0.0,0.0,0.0,0.0,0.0,0.1313905047130686,0.0,0.08063122732253208,0.0,0.0,0.0,0.0,0.0,0.0,0.0,0.0,0.0,0.0,0.005720977557642985,0.014417631361707525,0.0,0.00040315613661221037,0.0,0.0,0.0,0.0,0.0,0.0103476741730054,0.002438134730947272,0.0,0.0,0.012229069477206382,0.0,0.0,0.0,0.4002188561882089,0.03131179327690634,0.0,0.0,0.00040315613661221037,0.0,0.0,0.0,0.0,0.0,0.0,0.0,0.0,0.0002111770239401102,0.0,0.0,0.0,0.0,0.0,0.0,0.0,0.0012094684098406313,0.0,0.0,0.0,0.0,0.006949643878753627,0.0,0.0,0.0004223540478802204,0.0,0.0,0.003839582253452004,0.0,0.0,0.0,0.0,0.0,0.0,0.0,0.0,0.0,0.0,0.0,0.0,0.0,0.0,0.0006335310718193307,0.0,0.0,0.0,0.0,0.0,0.0,0.0,0.0,0.0003647603140781904,0.0,0.0,0.0003647603140781904,0.0003071665802761603,0.0,0.0,0.0,0.0,0.0,0.0,0.0003071665802761603,0.0,0.0,0.04129470713592155,0.0,0.0,0.0,0.0052026339534327155,0.0,0.0,0.0,0.0,0.0,0.0,0.0,0.0006911248056213607,0.0,0.0005567394267502906,0.0,0.0013630516999807115,0.0,0.0,0.012094684098406312,0.0,0.0011902704985706212,0.0,0.0,0.0,0.0,0.0,0.0,0.005260227687232745,0.0,0.0,0.0,0.0,0.015281537368707977,0.0,0.0021885618844711425,0.0,0.01078922613220563,0.0,0.0,0.0,0.0,0.004569102881612384,0.0,0.0,0.0,0.0,0.0
176__176A__RDC__1.0__48H,0.0,0.0,0.0,0.0,0.0,0.0,0.0,0.0011271547116989424,0.0,0.0,0.0,0.0,0.0,0.0,0.003439765240876773,0.0,0.0,0.0,0.0,0.23370969936078076,0.0006413121635533984,0.029480925821572343,0.0,0.11059719766056224,0.0,0.0,0.0002720718269617448,0.0,0.0,0.0025652486542175933,0.0,0.0,0.0,0.0,0.001263190625178815,0.031812970052670156,0.0,0.004353149231395916,0.0,0.0,0.0,0.0,0.0,0.0024486464426577027,0.000835649182812216,0.0,0.0,0.0,0.0,0.0,0.0,0.34947626173267216,0.0014575276444386326,0.0,0.013797928367387056,0.0,0.0,0.0,0.0016129972598484868,0.0,0.0,0.0,0.0,0.0,0.0,0.0,0.0,0.08024175525192473,0.0,0.0,0.004469751442945807,0.0,0.0,0.0,0.0,0.0,0.0,0.023067804186048358,0.0,0.0,0.0,0.0,0.0,0.0,0.0018073342791083045,0.0,0.0,0.0,0.0,0.0,0.0,0.00034980663466567183,0.0,0.0,0.0,0.0,0.0,0.0,0.0,0.0,0.0,0.0,0.0,0.01142701673238928,0.0,0.0,0.0,0.0,0.0,0.0008162154808862343,0.0,0.0,0.0,0.0018850690868082315,0.0,0.0,0.0,0.0,0.0,0.0,0.0,0.0016907320675484138,0.002176574615697958,0.0,0.0027790193753973926,0.0,0.0,0.0,0.006179917212424202,0.0,0.001438093942518651,0.0,0.0,0.001418660240588669,0.010707969761189954,0.0,0.010163826107190464,0.0021182735099180127,0.0,0.0,0.0,0.0,0.0,0.0,0.0,0.0,0.0,0.0,0.0,0.0010688536059189973,0.0013020580290287785,0.0,0.0,0.0,0.00033037293273969006,0.0,0.001438093942518651,0.0,0.034203315389467914,0.0,0.0,0.0,0.0,0.010027790193790593,0.0,0.0,0.0,0.0,0.0
176__176A__RDC__2.0__0H,0.0,0.0,0.0,0.0008127341566397683,0.0006739746664818079,0.0,0.0,0.0,0.0,0.0,0.0,0.0,0.0,0.0,0.0032707594108690678,0.0,0.0,0.0,0.0,0.0,0.0,0.1655004261899528,0.0,0.33526275100631137,0.0,0.0,0.0,0.0,0.0,0.0,0.0,0.0,0.0,0.0,0.026978809443592308,0.03552242948038987,0.0,0.0009911392154137175,0.0,0.0,0.0,0.0,0.0,0.026879695521992337,0.0,0.0,0.0,0.0,0.0,0.0,0.00023787341169893218,0.0,0.03223184728529081,0.0,0.006957797292208016,0.0,0.0,0.0,0.0,0.005788253018018349,0.0,0.0,0.0,0.0,0.0,0.0,0.0,0.005847721370938333,0.0,0.0,0.0,0.0,0.0029337720776291634,0.0,0.0,0.0,0.0,0.010486252899097012,0.0,0.0006937974507898022,0.004499772037978717,0.0,0.0,0.0,0.0017047594505095142,0.0,0.0,0.0,0.0,0.0,0.0,0.0,0.0,0.0,0.0,0.0,0.0,0.0,0.00023787341169893218,0.0,0.0002973417646239152,0.0,0.0,0.0,0.0,0.0,0.0,0.0,0.0,0.0,0.0,0.0,0.0,0.0,0.0,0.0,0.0,0.0,0.0,0.0,0.0,0.1266874145139639,0.0,0.0,0.0020813923523694067,0.009554582036587277,0.0,0.0,0.003389696116719034,0.0,0.0,0.008880607370107468,0.0,0.011695442741896666,0.09251293436677362,0.0,0.0,0.0068983289392780325,0.0,0.0,0.023767518385593225,0.0,0.0,0.0,0.0,0.0,0.0,0.0,0.0,0.0027355442345392204,0.0,0.0,0.0,0.0,0.007393898546987892,0.0,0.0015461771760495592,0.0,0.023767518385593225,0.0,0.0,0.0,0.0,0.009951037722757164,0.0,0.0,0.0,0.0013281265486596214,0.0
176__176A__RDC__2.0__48H,0.0,0.0,0.0,0.0,0.0,0.0,0.0,0.0,0.0,0.0,0.0,0.0,0.0,0.0,0.04660886675279025,0.0,0.0,0.0,0.0,0.12902498513997301,0.0,0.401811883825916,0.0,0.005698005698008809,0.0,0.0,0.0,0.0,0.0,0.0,0.0,0.0,0.0,0.0,0.0,0.026091946955294543,0.0,0.003607370513849245,0.0,0.0,0.0,0.0,0.0,0.01037119022729783,0.0,0.0,0.0,0.0,0.0,0.0,0.0,0.3523540142249263,0.0,0.0,0.004201766791689121,0.0,0.0,0.0,0.0,0.0,0.0,0.0,0.0,0.0,0.0,0.0,0.0,0.004017298981329159,0.0,0.0,0.0,0.0,0.0,0.0,0.0,0.0,0.0,0.0,0.0,0.0,0.0,0.0,0.0,0.0,0.0,0.0,0.0,0.0,0.0,0.0,0.0,0.0,0.0,0.0,0.0,0.0,0.0,0.0,0.0,0.0,0.0,0.0,0.0,0.001065814015449777,0.0,0.0,0.0,0.0,0.0,0.0,0.0,0.0,0.0,0.0,0.0,0.0,0.0,0.0,0.0,0.0,0.0,0.0015372317530596784,0.0,0.0,0.0,0.0,0.0,0.0,0.0038738240177091897,0.0,0.0010248211687097855,0.0,0.0,0.0008403533583388243,0.0025210600750194727,0.0,0.0,0.0,0.0,0.0,0.0,0.0,0.0,0.0,0.0,0.0,0.0,0.0,0.0,0.0,0.0039353132878291765,0.0,0.0,0.0,0.0,0.0,0.0,0.0,0.0014142532128097042,0.0,0.0,0.0,0.0,0.0,0.0,0.0,0.0,0.0,0.0
176__176A__SDC__1.0__0H,0.0,0.0,0.0,0.001617717137769583,0.001078478091849722,0.0,0.0,0.0,0.0,0.0,0.0,0.0,0.0,0.0,0.002470467256899363,0.0,0.0,0.0,0.0,0.0,0.0,0.1826640916959529,0.0,0.2765167665724227,0.0,0.0,0.0,0.0,0.0,0.0,0.0,0.0,0.0,0.0,0.01780742895839541,0.06119736149078422,0.0,0.001191342078199693,0.0,0.0,0.0,0.0,0.0,0.03861202377669004,0.0002257279727119418,0.0,0.0,0.0,0.0,0.0,0.00035113240199590947,0.0,0.03380903413509129,0.0,0.00802588347419793,0.0,0.0,0.0,0.0,0.005028717614308703,0.0,0.0,0.0,0.0,0.0,0.0,0.0,0.009957111685177433,0.0,0.0,0.0,0.0,0.0020315517544094762,0.0,0.0,0.0,0.0,0.012678387800696732,0.0,0.0011662611923496991,0.00578114419000851,0.0,0.0,0.0,0.0026084121291193273,0.0,0.0,0.0,0.0,0.0,0.0,0.0,0.0,0.0,0.0,0.0,0.0,0.0,0.00035113240199590947,0.0,0.0004890772742088739,0.0,0.0,0.0,0.0,0.0,0.0,0.0,0.0,0.0,0.0,0.0,0.0,0.0,0.0,0.0,0.0,0.0,0.0,0.0,0.0,0.11769205688296966,0.0,0.0,0.0025582503573993404,0.007674751072208021,0.0,0.0,0.005593037546088558,0.0,0.0,0.013669082791996476,0.0,0.015387123473196034,0.0880464498005773,0.0,0.0,0.004690125655238791,0.0,0.0,0.022485014170694203,0.0,0.0,0.0,0.0,0.0,0.0,0.0,0.0,0.004865691856238746,0.0001504853151409612,0.0,0.0,0.0,0.011662611923496994,0.0,0.0021193348549094536,0.0,0.024140352637293777,0.0,0.0,0.0,0.0,0.012716009129396721,0.0,0.0,0.0,0.0008903714479197704,0.0
176__176A__SDC__1.0__48H,0.0,0.0,0.0,0.0,0.0,0.0,0.0,0.0014140938015588282,0.0,0.0,0.0,0.0,0.0,0.0,0.021102630577082514,0.0,0.0,0.0,0.0,0.15589477691787082,0.00043510578509363943,0.13276165267688997,0.0,0.07387733642731077,0.0,0.0,0.00023568230025880472,0.0,0.0,0.002574375895137867,0.0,0.0,0.0,0.0,0.0,0.036893344694369425,0.0,0.004695516597466109,0.0,0.0,0.0,0.00023568230025880472,0.0,0.005039975344005823,0.0005257528236545644,0.0,0.0,0.0,0.0,0.0,0.0,0.26412734095978113,0.0013415761707088884,0.0,0.01814753711998496,0.0,0.0,0.0,0.0013597055784188732,0.003190775757357356,0.0,0.0,0.0,0.0,0.0003988469696696695,0.0,0.0,0.049855871208658684,0.0,0.0,0.001631646694098648,0.0,0.0,0.0,0.0,0.0,0.0,0.011566562120390415,0.0,0.0003988469696696695,0.0,0.0,0.0,0.0,0.0009789880164611888,0.0,0.0,0.0,0.0,0.0,0.0,0.0,0.0,0.0,0.0,0.0,0.0,0.0,0.0,0.0,0.0,0.0,0.0,0.03067495784907458,0.0,0.0,0.0,0.0,0.0,0.0,0.0,0.0,0.0,0.0,0.0,0.00025381170797178965,0.0,0.0,0.0,0.0,0.0,0.0019035878097884225,0.0009064703856122489,0.0,0.0022117877408881674,0.0,0.0,0.0,0.00397034028897671,0.0,0.0013778349861288583,0.0,0.0,0.0014140938015588282,0.008321398139913104,0.0,0.007288021900313961,0.00043510578509363943,0.0,0.0,0.0,0.0,0.0,0.0,0.0,0.0,0.0,0.0,0.0,0.0004894940082305944,0.0025381170797178967,0.0,0.0,0.0,0.0,0.0,0.0005438822313675493,0.0,0.13678638118888664,0.0,0.0,0.0013778349861288583,0.0,0.010823256404191031,0.0,0.0,0.0,0.0,0.0
176__176A__SDC__2.0__0H,0.0,0.0,0.0,0.0011421834125503508,0.0,0.0,0.0,0.0,0.0,0.0,0.0,0.0,0.0,0.0,0.0021738329464606678,0.0,0.0,0.0,0.0,0.0,0.0,0.1361040492240418,0.0,0.43126634980310247,0.0,0.0,0.0,0.0,0.0,0.0,0.0,0.0,0.0,0.0,0.01838546847940565,0.016285324785405002,0.0,0.000921115655282283,0.0,0.0,0.0,0.0,0.0,0.030286282745709305,0.0,0.0,0.0,0.0,0.0,0.0,0.0,0.0,0.03024943811950929,0.0,0.01005858295570309,0.0,0.0,0.0,0.0,0.006853100475302105,0.0,0.0,0.0,0.0,0.0,0.0,0.0,0.0032791717328010074,0.0,0.0,0.0,0.0,0.002652813087210815,0.0,0.0,0.0,0.0,0.013779890203004233,0.0,0.00040529088832412454,0.0031686378541709737,0.0,0.0,0.0,0.001842231310560566,0.0,0.0,0.0,0.0,0.0,0.0,0.0,0.0,0.0,0.0,0.0,0.0,0.0,0.0,0.0,0.0,0.0,0.0,0.0,0.0,0.0,0.0,0.0,0.0,0.0,0.0,0.0,0.0,0.0,0.0,0.0,0.0,0.0,0.0,0.0,0.0,0.12401901182703809,0.0,0.0,0.0021001436940406453,0.004937179912311517,0.0,0.0,0.0017316974319305318,0.0,0.0,0.005784606315171777,0.0,0.011532368004103542,0.07313658302942247,0.0,0.0,0.005231936922001607,0.0,0.0,0.012342949780803792,0.0,0.0,0.0,0.0,0.0,0.0,0.0,0.0,0.0025422792085807813,0.0,0.0,0.0,0.0,0.006853100475302105,0.0,0.001621163553300498,0.0,0.028112449799208634,0.0,0.0,0.0,0.0,0.010427029217803203,0.0,0.0,0.0,0.0007737371504372377,0.0
176__176A__SDC__2.0__48H,0.0,0.0,0.0,0.0,0.0,0.0,0.0,0.00026660572821506025,0.0,0.0,0.0,0.0,0.0,0.0,0.05170246800731168,0.0,0.0,0.0,0.0,0.1278564899450289,0.0,0.3420932358320773,0.0,0.01930987202930436,0.0,0.0,0.0,0.0,0.0,0.0,0.0,0.0,0.0,0.0,0.0,0.04235222425350957,0.0,0.007122181596591609,0.0,0.0,0.0,0.0,0.0,0.011102224253502508,0.0,0.0,0.0,0.0,0.0,0.0,0.0,0.2666628580130602,0.003980042656920899,0.0,0.022985222425405193,0.0,0.0,0.0,0.0,0.0014663315051803313,0.0,0.0,0.0,0.0,0.0,0.0,0.0,0.03246876904330733,0.0,0.0,0.0,0.0,0.0,0.0,0.0,0.0,0.0,0.00137111517367031,0.0,0.0,0.0002475624619130559,0.0,0.0,0.0,0.0,0.0,0.0,0.0,0.0,0.0,0.0,0.0,0.0,0.0,0.0,0.0,0.0,0.0,0.0,0.0,0.0,0.0,0.0,0.0015425045703803485,0.0,0.0,0.0,0.0,0.0,0.0,0.0,0.0,0.0,0.0,0.0,0.0014282449725803227,0.0,0.0,0.0,0.0,0.0,0.001390158439980314,0.0,0.0,0.0,0.0,0.0,0.0,0.002761273613650624,0.0,0.0015044180377803398,0.0,0.0,0.0012378123095702798,0.004494210847041016,0.0,0.0,0.0,0.0,0.0,0.0,0.0,0.0,0.0,0.0,0.0,0.0,0.0,0.0,0.0,0.003656307129800826,0.0,0.0,0.0,0.0,0.0,0.0,0.0,0.047265386959210676,0.0,0.0,0.003446831200490779,0.0,0.0002856489945160645,0.0,0.0,0.0,0.0,0.0
176__176B__No Added Carb__1.0__48H,0.0003376834912502273,0.0,0.0,0.0009534592694126419,0.0013904614345609358,0.0,0.013129928689208838,0.002800786603901885,0.0,0.0,0.0,0.00023836481735316047,0.0009137317998536151,0.0,0.014639572532409856,0.00047672963470632093,0.0,0.0,0.0,0.09935840136666688,0.0016685537214711232,0.10686689311307193,0.0021254196214014307,0.14131060922059513,0.0,0.0,0.0015692350475710562,0.0,0.0,0.0,0.0,0.0006157757781624145,0.0,0.0,0.014500526389009762,0.05895556482533968,0.0,0.009812684981036606,0.0,0.0,0.0,0.0,0.0010527779433107086,0.01936714140991304,0.016486899866911098,0.00021850108257414708,0.0,0.0,0.0,0.0,0.0,0.001549371312791043,0.001549371312791043,0.0,0.0004171384303682808,0.0,0.0,0.0,0.022465884035515124,0.0008342768607355616,0.0,0.0,0.0,0.0,0.0014301889041209628,0.0,0.0,0.019724688636013277,0.0012514152911008425,0.0,0.027312635321718383,0.004091929364562754,0.00047672963470632093,0.0,0.0,0.0,0.0,0.05126829946573451,0.0,0.0,0.0018473273344912437,0.0,0.0,0.0,0.0020062372127213506,0.0,0.0,0.0,0.0,0.0,0.0,0.0,0.0,0.0,0.0,0.0,0.0,0.0,0.0004568658999273075,0.0,0.0,0.0,0.0,0.005462527064343677,0.10821762707807285,0.0,0.0,0.0,0.0,0.0,0.0,0.0,0.0,0.0,0.0,0.0,0.0,0.0,0.0,0.0,0.0,0.011957968337208049,0.0020658284170613902,0.0,0.0020856921518414037,0.0005164571042653476,0.0,0.0,0.0061776215164041585,0.0,0.03559581272472396,0.0,0.0,0.020002780922913466,0.01833422720141234,0.0,0.00943527402022635,0.0,0.0,0.0,0.0,0.0002582285521321738,0.0,0.0,0.0,0.0,0.0,0.0,0.0,0.00021850108257414708,0.001986373477941337,0.0,0.0,0.0,0.01267306278930853,0.0,0.012037423276308103,0.0,0.027133861708718263,0.0,0.0,0.0,0.0,0.07834256997005273,0.002026100947501364,0.0,0.0,0.0,0.0
176__176B__RDC__1.0__0H,0.0,0.0,0.0,0.000327048864947777,0.0015582916506289375,0.0,0.007637552904954792,0.0,0.0,0.0,0.0,0.0,0.0,0.0,0.05694497883796117,0.0,0.0,0.0,0.0,0.0,0.0,0.3939592150827314,0.0,0.1895921508274507,0.0,0.0,0.0,0.0,0.0,0.0,0.0,0.0,0.0,0.0,0.004905732974216655,0.0,0.0,0.006829549826855343,0.0,0.0,0.0,0.0,0.0,0.03224317045017801,0.0,0.0,0.0,0.0,0.0,0.0,0.0007118122354745146,0.0,0.03670642554827497,0.0,0.007733743747594726,0.0,0.0,0.0,0.0,0.018180069257387604,0.0,0.0,0.0,0.0,0.0,0.0,0.0,0.0,0.0,0.0,0.0,0.0,0.0030396306271579273,0.0,0.0,0.0,0.0,0.03480184686417627,0.0,0.0,0.0003078106964217901,0.0,0.0,0.0,0.001635244324738885,0.0,0.0,0.0010580992689492785,0.0,0.0,0.0,0.0,0.0,0.0,0.0,0.0,0.0,0.0,0.0,0.0,0.0022508657175784653,0.0,0.0,0.0,0.0,0.0,0.0,0.0,0.0,0.0,0.0,0.0,0.0,0.0,0.0,0.0,0.0,0.0,0.0,0.0,0.0,0.03553289726817577,0.0004040015390527245,0.0,0.0028280107733680716,0.0428241631396708,0.0,0.0,0.0,0.0,0.002866487110428045,0.0,0.0,0.020392458637886093,0.04749903809156761,0.0,0.0,0.005771450557906065,0.0,0.0,0.004790303963056733,0.0,0.0,0.0,0.0,0.0,0.0,0.0,0.0,0.0016544824932688718,0.0003462870334737639,0.0,0.0,0.0,0.00900346287032386,0.0,0.0010965756059992523,0.0,0.016198537899188955,0.0,0.0,0.0,0.0,0.008368603308954293,0.0,0.0,0.0,0.0,0.0
176__176B__RDC__1.0__48H,0.0007638933095682078,0.0,0.0,0.0007002355337701905,0.0009707810809092641,0.0,0.007320644216691993,0.003262461009610888,0.0,0.0,0.0,0.0002546311031890693,0.0007002355337701905,0.0,0.012508752944203403,0.0003819466547841039,0.0,0.0,0.0,0.12497612833403401,0.0017983321662704895,0.17582277675204785,0.00202113438156055,0.13867846457450372,0.0,0.0,0.001400471067540381,0.0,0.0,0.0,0.0,0.0005570055382261515,0.0,0.0,0.0025303965879406886,0.0462951174486126,0.0,0.010392131898902828,0.0,0.0,0.0,0.0,0.0014163855114903852,0.012063148513603282,0.00749570310013204,0.0,0.0,0.0,0.0,0.0,0.0,0.021118467120805746,0.0016073588388804375,0.0,0.0017505888344304763,0.0,0.0,0.0,0.02270991151570618,0.0006684066458721819,0.0,0.0,0.0,0.0,0.001193583296200325,0.0,0.0,0.038815328792410564,0.001289069959900351,0.0,0.009469094149852576,0.0,0.017951492774804886,0.0,0.0,0.0,0.0,0.032179005665508756,0.0,0.0,0.00202113438156055,0.0,0.0,0.0,0.0022439365968606106,0.0,0.0,0.0,0.0,0.0,0.0,0.0,0.0,0.0,0.00019097332739205196,0.0,0.0,0.0,0.0006365777579731733,0.0003819466547841039,0.0,0.0,0.0,0.008609714176592344,0.03006238462030818,0.0,0.0,0.0,0.0,0.0,0.0,0.0,0.0,0.0,0.0,0.0,0.0,0.0,0.0,0.0,0.0,0.010901394105302966,0.0021961932650105976,0.0,0.0020052199376205454,0.0005888344261251602,0.0,0.0,0.004869819848491325,0.0,0.03961105098991077,0.0,0.0,0.017394487236604732,0.016741995034704554,0.0,0.016853396142304588,0.0,0.0,0.0,0.0,0.0,0.0,0.0,0.0,0.0,0.0,0.0,0.0,0.0007320644216691992,0.001925647717870524,0.0,0.0,0.0,0.010885479661302964,0.0,0.006477178687381763,0.0,0.027388758036807452,0.0,0.0,0.0,0.0,0.09400662040872558,0.0020052199376205454,0.0,0.0,0.0002068877713410563,0.0
176__176B__RDC__2.0__0H,0.0,0.0,0.0,0.0002102859889450515,0.0018024513338104416,0.0,0.009507930785872329,0.0,0.0,0.0,0.0,0.0,0.0,0.0,0.056897380437413936,0.0,0.0,0.0,0.0,0.0,0.0,0.37475967315509173,0.0,0.17671533285300525,0.0,0.0,0.0,0.0,0.0,0.0,0.0,0.0,0.0,0.0,0.004325883201151059,0.0,0.0,0.006789233357371663,0.0,0.0,0.0,0.0,0.0,0.03181326604180779,0.0,0.0,0.0,0.0,0.0,0.0,0.000751021389089184,0.0001952655611630478,0.04120103340541009,0.0,0.009853400624852413,0.0,0.0,0.0,0.0,0.01808459504930443,0.0,0.0,0.0,0.0,0.00034546983898108463,0.0,0.0,0.0,0.0,0.0,0.0,0.0,0.003514780100940861,0.0,0.0,0.0,0.0,0.0379866618600993,0.0,0.0,0.0003905311223260956,0.0,0.0,0.0,0.0019075943282904674,0.0,0.0,0.0012767363614503127,0.0,0.0,0.0,0.0,0.0,0.0,0.0,0.0,0.0,0.0,0.0002253064167270552,0.0,0.0015921653448703898,0.0,0.0,0.0,0.0,0.0,0.0,0.0,0.0,0.0,0.0,0.0,0.0,0.0,0.0,0.0,0.0,0.0,0.0,0.0,0.0,0.03843727469360941,0.0011565729392002831,0.0,0.0032444124008707944,0.04753965392931164,0.0,0.0,0.0,0.0,0.0030942081230507577,0.0,0.0,0.02111872146120517,0.05258651766401288,0.0,0.0,0.006443763518391579,0.0,0.0,0.005121965873591254,0.0,0.0,0.0,0.0,0.0,0.0,0.0,0.0,0.0016222062004303973,0.0005257149723621288,0.0,0.0,0.0,0.011415525114202796,0.0,0.0015020427781803679,0.0,0.016642633982204075,0.0,0.0,0.0,0.0,0.009402787791402304,0.0,0.0,0.0,0.0,0.0
176__176B__RDC__2.0__48H,0.0,0.0,0.0,0.0,0.0,0.0,0.0,0.0,0.0,0.0,0.0,0.0,0.0,0.0,0.0,0.0,0.0,0.0,0.0,0.08796119240757916,0.0,0.4017431211129048,0.0,0.002858235542759323,0.0,0.0,0.0,0.0,0.0,0.0,0.0,0.0,0.0,0.0,0.0009661641271307711,0.004589279603868912,0.0,0.00024154103178294277,0.0,0.0,0.0,0.0,0.0,0.0,0.0,0.0,0.0,0.0,0.0,0.0,0.0,0.4917372838708835,0.0,0.0,0.0010668062237097471,0.0,0.0,0.0,0.0,0.0,0.0,0.0,0.0,0.0,0.0,0.0,0.0,0.001227833578229709,0.0,0.0,0.0,0.0,0.0,0.0,0.0,0.0,0.0,0.0,0.0,0.0,0.0,0.0,0.0,0.0,0.0,0.0,0.0,0.0,0.0,0.0,0.0,0.0,0.0,0.0,0.0,0.0,0.0,0.0,0.0006441094180868474,0.0,0.0,0.0,0.0,0.0012882188361696947,0.0,0.0,0.0,0.0,0.0,0.0,0.0,0.0,0.0,0.0,0.0,0.0,0.0,0.0,0.0,0.0,0.0,0.001489503029329647,0.0,0.0,0.0,0.0,0.0,0.0,0.0,0.0,0.0,0.0,0.0,0.0004428252249348951,0.0009259072885007807,0.0,0.00022141261246794755,0.0,0.0,0.0,0.0,0.0,0.0,0.0,0.0,0.0,0.0,0.0,0.0,0.0,0.0,0.0,0.0,0.0,0.0006642378374028425,0.0,0.0,0.0,0.0015901451258996232,0.0,0.0,0.0,0.0,0.00034218312835891895,0.0,0.0,0.0,0.0,0.0
176__176B__SDC__1.0__0H,0.0,0.0,0.0,0.00025097978647395803,0.001428654169159761,0.0,0.008320945228488608,0.0,0.0,0.0,0.0,0.0,0.0,0.0,0.05647045195669056,0.0,0.0,0.0,0.0,0.0,0.0,0.3851574415509356,0.0,0.19078324999496912,0.0,0.0,0.0,0.0,0.0,0.0,0.0,0.0,0.0,0.0,0.0037840029345293674,0.0,0.0,0.006467556036058918,0.0,0.0,0.0,0.0,0.0,0.03168137150799471,0.0,0.0,0.0,0.0,0.0,0.0,0.0003668166110009387,0.0,0.03903700986539347,0.0,0.009131803000168474,0.0,0.0,0.0,0.0,0.01816707531319696,0.0,0.0,0.0,0.0,0.0002895920613159516,0.0,0.0,0.0,0.0,0.0,0.0,0.0,0.0024325733150595934,0.0,0.0,0.0,0.0,0.03751182500919373,0.0,0.0,0.00023167364905296125,0.0,0.0,0.0,0.001351429619479774,0.0,0.0,0.0010811436955798191,0.0,0.0,0.0,0.0,0.0,0.0,0.0,0.0,0.0,0.0,0.0,0.0,0.0019885321543696675,0.0,0.0,0.0,0.0,0.0,0.0,0.0,0.0,0.0,0.0,0.0,0.0,0.0,0.0,0.0,0.0,0.0,0.0,0.0,0.0,0.03480896577019418,0.000675714809737887,0.0,0.002857308338319522,0.04538872907699241,0.0,0.0,0.0,0.0,0.002625634689269561,0.0,0.0,0.017568585053197062,0.0526478367472912,0.0,0.0,0.00370677838484938,0.0,0.0,0.0038033090719493644,0.0,0.0,0.0,0.0,0.0,0.0,0.0,0.0,0.001525184856269745,0.000424735023263929,0.0,0.0,0.0,0.010907967642898177,0.0,0.0014672664439997548,0.0,0.016082012471797313,0.0,0.0,0.0,0.0,0.0095758441608584,0.0,0.0,0.0,0.0,0.0
176__176B__SDC__1.0__48H,0.0003044903369100532,0.0,0.0,0.00019702315917703443,0.00021493435546603756,0.0,0.0021672547509403784,0.003116548154250545,0.0,0.0,0.0,0.0,0.00032240153319805634,0.0,0.0061972739159210834,0.0,0.0,0.0,0.0,0.07544195876841318,0.001379162114240241,0.16739804051502927,0.001253783740220219,0.13044724257182078,0.0,0.0,0.001110494169910194,0.0,0.0,0.0,0.0,0.00019702315917703443,0.0,0.0,0.0011821389550602066,0.03634181727000635,0.0,0.0036001504540506294,0.0,0.0,0.0,0.0,0.000555247084953097,0.007289856889541274,0.002776235424760485,0.0,0.0,0.0,0.0,0.0,0.0,0.028228045351104934,0.001379162114240241,0.0,0.001665741254860291,0.0,0.0,0.0,0.007182389711811255,0.00046569110350908136,0.0,0.0,0.0,0.0,0.0005194246923750907,0.0,0.0,0.020042628647203502,0.0006089806738191065,0.0,0.004800200605400839,0.002668768247030466,0.014651358564202561,0.0,0.0,0.0,0.0,0.007809281581921365,0.0,0.0,0.0010209381884601785,0.0003044903369100532,0.0,0.0,0.000985115795884172,0.0,0.0,0.0,0.0,0.0,0.0,0.0,0.0,0.0,0.00026866794433204696,0.0,0.0,0.0,0.0,0.0,0.0,0.0,0.0,0.008203327900271434,0.005910694775301033,0.0,0.0,0.0,0.0,0.0,0.0,0.0,0.0,0.0,0.0,0.0,0.0,0.0,0.0,0.0,0.0,0.006286829897371099,0.0016299188622802849,0.0,0.002418011498990422,0.0002865791406210501,0.0,0.0,0.002668768247030466,0.0,0.009116798911001592,0.0,0.0,0.01212587988750212,0.013469219609202355,0.0,0.012734860561302226,0.0,0.0,0.0,0.0,0.0,0.0,0.0,0.0,0.0,0.0,0.0,0.0,0.0,0.003009080976520526,0.0,0.0,0.0,0.007594347226451327,0.0,0.004656911035090814,0.0,0.30255592771005285,0.0,0.0,0.0,0.0,0.07273736812881271,0.0005015134960860876,0.0,0.0,0.0,0.0
176__176B__SDC__2.0__48H,0.0,0.0,0.0,0.0,0.0,0.0,0.0,0.0008684393355653837,0.0,0.0,0.0,0.0,0.0,0.0,0.023668919345710457,0.0,0.0,0.0,0.0,0.1438767131940636,0.0,0.1127076359500498,0.0,0.02423735236531071,0.0,0.0,0.0,0.0,0.0,0.0,0.0,0.0,0.0,0.0,0.0,0.010105475904804465,0.0,0.0016579296406207325,0.0,0.0,0.0,0.0,0.0,0.0034737573422615347,0.0,0.0,0.0,0.0,0.0,0.0,0.0,0.5690172424682515,0.0005368534074402373,0.0,0.01034232299630457,0.0,0.0,0.0,0.0,0.01389502936900614,0.0,0.0,0.0,0.0,0.0,0.0,0.0,0.0023842607212810536,0.0,0.0,0.0,0.0,0.0,0.0,0.0,0.0,0.0,0.0009947577843744395,0.0,0.0,0.0,0.0,0.0,0.0,0.0,0.0,0.0,0.0,0.0,0.0,0.0,0.0,0.0,0.0,0.0,0.0,0.0,0.0,0.0,0.0,0.0,0.0,0.0,0.04315354007451907,0.0,0.0,0.0,0.0,0.0,0.0,0.0,0.0,0.0,0.0,0.0,0.0,0.0,0.0,0.0,0.0,0.0,0.0011684456514905162,0.0,0.0,0.0,0.0,0.0,0.0,0.00026842670372011863,0.0,0.00037895534642816745,0.0,0.0,0.000694751468452307,0.0016263500284207186,0.0,0.0010105475904804465,0.0,0.0,0.0,0.0,0.0,0.0,0.0,0.0,0.0,0.0,0.0,0.0,0.0,0.0003473757342261535,0.0,0.0,0.0,0.000694751468452307,0.0,0.0,0.0,0.03221120444641423,0.0,0.0,0.0,0.0,0.0006789616623513,0.0,0.0,0.0,0.0,0.0
21__21A__No Added Carb__1.0__0H,0.0,0.0,0.0,0.0020016012810210367,0.0050516603759126165,0.0,0.0002859430401461481,0.0,0.0,0.0,0.0,0.0,0.0,0.0,0.03067215677301589,0.0,0.0,0.0,0.0,0.0,0.0,0.052651645125627276,0.0,0.525220176140732,0.0,0.0,0.0,0.0,0.0,0.0,0.0,0.0,0.0,0.0,0.005795112280303002,0.028556178276014792,0.0,0.00459415151169238,0.0,0.0,0.0,0.00030500590948915804,0.0,0.020931030538710843,0.0005909489496363062,0.0,0.0,0.0,0.0,0.0,0.0007434519043813851,0.0,0.04363490792632261,0.0,0.0049944717678925875,0.00306912196424159,0.0,0.0,0.0,0.027183651683314082,0.0,0.0,0.0,0.0,0.0005146974722642666,0.0,0.0,0.0,0.0,0.0,0.0,0.0,0.012276487857006359,0.0,0.0,0.0,0.0,0.020568836021160657,0.0,0.0,0.00026688017080313823,0.0,0.0,0.0,0.0009912692058415135,0.0,0.0,0.0,0.0,0.0,0.0,0.0,0.0,0.0,0.0,0.0,0.0,0.0,0.0004193831255482173,0.0,0.0002859430401461481,0.0,0.0,0.0,0.0,0.0,0.0,0.0,0.0,0.0,0.0020016012810210367,0.0,0.0,0.0,0.0,0.0,0.0,0.0,0.0,0.0,0.0,0.01523123260510789,0.0007815776430674049,0.00020969156277410864,0.0007815776430674049,0.038506996073019946,0.0,0.0,0.0,0.0,0.0,0.0,0.0,0.03524724541541826,0.018071600137309362,0.0,0.0,0.003831636737961985,0.0,0.0,0.007567959129213921,0.0,0.0,0.0,0.0,0.0,0.0,0.0,0.0,0.0053376034160727654,0.0,0.0,0.0,0.0,0.0014487780700807504,0.0,0.0029738076175215406,0.0,0.05951427808913083,0.0,0.0,0.0,0.0,0.01688970223800875,0.0,0.0,0.0,0.0,0.0
21__21A__RDC__1.0__0H,0.0,0.0,0.0,0.0010729383489604786,0.0021673354649009665,0.0,0.0006866805433363062,0.0,0.0,0.0,0.0,0.0,0.0,0.0,0.06508444024812904,0.0,0.0,0.0,0.0,0.0,0.0,0.03441986223471535,0.0,0.3566876247293911,0.0,0.0,0.0,0.0,0.0,0.0,0.0002789639707301244,0.0,0.0,0.0,0.004956975172212211,0.11220789253405004,0.0,0.012081285809305387,0.0,0.0,0.0,0.0014377373876106412,0.0,0.04072873972661817,0.0008368919121913732,0.0,0.0,0.0,0.0,0.0,0.0,0.0,0.09107100705994062,0.0,0.009077058432224049,0.0,0.0,0.0,0.0,0.010107079247204507,0.0,0.0,0.0,0.0,0.0005364691744812393,0.0,0.0,0.0,0.0,0.0,0.0,0.0,0.005300315443872363,0.0,0.0,0.0,0.0,0.048432437072151606,0.0,0.0,0.0006866805433363062,0.0,0.0,0.0,0.004377588463771952,0.0,0.0,0.0,0.0,0.0,0.0,0.0,0.0,0.0,0.0,0.0,0.0,0.0,0.0,0.0,0.0003433402716681531,0.0,0.0,0.0,0.0,0.0,0.0,0.0,0.0,0.0,0.006201583657002766,0.0,0.0,0.0,0.0,0.0,0.0,0.0,0.0,0.0,0.0,0.001244608484800555,0.0,0.0,0.0015021136885506698,0.09004098624494017,0.0,0.0,0.0,0.0,0.0,0.0,0.0,0.006909722967323082,0.046780112014820865,0.0,0.0,0.0,0.0,0.0,0.0021458766979209573,0.0,0.0005793867084402584,0.0,0.0,0.0,0.0,0.0,0.0,0.005343232977832383,0.0,0.0,0.0,0.0,0.007145769404093187,0.0,0.0019312890281308612,0.0,0.01652325057400737,0.0,0.0,0.0,0.0,0.010793759790604814,0.0,0.0,0.0,0.0002789639707301244,0.0
21__21A__RDC__1.0__48H,0.0002994011976049044,0.0,0.0,0.0,0.0,0.0,0.0,0.0023153692614792604,0.0,0.0,0.0,0.0015768463073894965,0.00035928143712588527,0.0,0.0003393213572848916,0.00025948103792391714,0.006846307385227814,0.0,0.0,0.19526946107793766,0.0,0.0673453093811785,0.0005588822355288215,0.18999999999993933,0.0,0.0,0.0,0.0,0.0,0.0020359281437093498,0.0,0.0,0.0,0.0,0.0031936127744489804,0.24277445109792248,0.0,0.0,0.0,0.0,0.0,0.0,0.0,0.0,0.024391217564892213,0.0,0.0,0.0017165668662694519,0.0,0.0,0.0,0.0,0.014231536926095455,0.0,0.035049900199588806,0.0,0.0,0.0015568862275395028,0.02227544910179289,0.0003792415169658789,0.0,0.0,0.0,0.0,0.0,0.0,0.0,0.0,0.005349301397208292,0.0,0.0,0.0,0.0,0.0,0.0,0.0,0.0,0.02762475049899118,0.0,0.0,0.0004990019960078407,0.0,0.0,0.0,0.0017764471057894328,0.0,0.0,0.0,0.0,0.0,0.0,0.0,0.0,0.0,0.0008782435129737196,0.0,0.0,0.0,0.0004391217564868598,0.0,0.0,0.0,0.0,0.06996007984027766,0.0,0.0,0.020059880239493594,0.0,0.0,0.0,0.0,0.0013173652694595792,0.0,0.0,0.0,0.0,0.0,0.0002994011976049044,0.0,0.0,0.0,0.0033932135728489167,0.0023153692614792604,0.0,0.000538922155688828,0.0,0.0,0.0,0.0,0.0,0.0,0.0,0.0,0.0025548902195591844,0.016387225548894768,0.0,0.0,0.0,0.0,0.0,0.0,0.00045908183632685344,0.0,0.0,0.0,0.0,0.0,0.0,0.0,0.0002195608782439299,0.0,0.0,0.0,0.0,0.0012974051896195858,0.0,0.0,0.0,0.017964071856294266,0.0,0.0,0.0,0.0,0.011956087824396182,0.0019361277445093818,0.0,0.0,0.0,0.0
21__21A__RDC__2.0__0H,0.0,0.0,0.0,0.0013515456506105312,0.006642703091302611,0.0,0.0,0.0,0.0,0.0,0.0,0.0,0.0,0.0,0.016362329259506432,0.0,0.0,0.0,0.0,0.0,0.0,0.05035226455791979,0.0,0.6008626887132361,0.0,0.0,0.0,0.0,0.0,0.0,0.0,0.0,0.0,0.0,0.004428468727531741,0.0,0.0,0.0008339324227173277,0.0,0.0,0.0,0.0,0.0,0.015183321351505968,0.0003450754852621356,0.0,0.0,0.0,0.0,0.0,0.0010352264557904067,0.0,0.027893601725410964,0.0,0.0020416966211408024,0.006067577282532384,0.0,0.0,0.0,0.03479511143061367,0.0,0.0,0.0,0.0,0.00066139468008626,0.0,0.0,0.0,0.0,0.0,0.0,0.0,0.012106398274604758,0.0,0.0,0.0,0.0,0.006987778576562746,0.0,0.0,0.0,0.0,0.0,0.0,0.0,0.0,0.0,0.0,0.0,0.0,0.0,0.0,0.0,0.0,0.0,0.0,0.0,0.0,0.0,0.0,0.0,0.0,0.0,0.0,0.0,0.0,0.0,0.0,0.0,0.0,0.0,0.0,0.0,0.0,0.0,0.0,0.0,0.0,0.0,0.0,0.0,0.021739755571508545,0.0006901509705252713,0.0,0.00046010064701718084,0.019554277498207685,0.0,0.0,0.0,0.0,0.0,0.0,0.0,0.041897915168916465,0.008310567936743266,0.0,0.0,0.004342199856221707,0.0,0.0,0.011128684399704374,0.0,0.0,0.0,0.0,0.0,0.0,0.0,0.0,0.0051186196980620114,0.0,0.0,0.0,0.0,0.0,0.0,0.0023292595255209156,0.0,0.07890726096333102,0.0,0.0,0.0,0.0,0.017570093457906905,0.0,0.0,0.0,0.0,0.0
21__21A__RDC__2.0__48H,0.0,0.0,0.0,0.0,0.0,0.0,0.0,0.0,0.0,0.0,0.0,0.0,0.0,0.0,0.0,0.0,0.0,0.0,0.0,0.33959867919707093,0.0,0.06827170797201426,0.0,0.090895896077519,0.0,0.0,0.0,0.0,0.0,0.001560288834860326,0.0,0.0,0.0,0.0,0.0006168583765741289,0.23135817700204836,0.0,0.0,0.0,0.0,0.0,0.0,0.0,0.0,0.005624296962881175,0.0,0.0,0.006041583511741262,0.0,0.0,0.0,0.10796835879402257,0.07496643564721567,0.0,0.05261439094311099,0.0,0.0,0.0,0.0,0.00036285786857307583,0.0,0.0,0.0,0.0,0.0,0.0,0.0,0.0,0.0,0.0,0.0,0.0,0.0,0.0,0.0,0.0,0.0,0.0004898581225731023,0.0,0.0,0.0001995718277150417,0.0,0.0,0.0,0.00023585761457204927,0.0,0.0,0.0,0.0,0.0,0.0,0.0,0.0,0.0,0.0,0.0,0.0,0.0,0.0,0.0,0.0,0.0,0.0,0.005515439602311153,0.0,0.0,0.0,0.0,0.0,0.0,0.0,0.0,0.0,0.0,0.0,0.0,0.0,0.0,0.0,0.0,0.0,0.0027758626945805797,0.0005261439094311099,0.0,0.0,0.0,0.0,0.0,0.0,0.0,0.0,0.0,0.0,0.0008890017780041858,0.008146159149461702,0.0,0.0,0.0,0.0,0.0,0.0,0.0,0.0,0.0,0.0,0.0,0.0,0.0,0.0,0.0,0.0,0.0,0.0,0.0,0.0,0.0,0.0,0.0,0.0006531441634311365,0.0,0.0,0.0,0.0,0.000689429950288144,0.0,0.0,0.0,0.0,0.0
21__21A__SDC__1.0__0H,0.0,0.0,0.0,0.0018677075463794102,0.00703013514647778,0.0,0.0,0.0,0.0,0.0,0.0,0.0,0.0,0.0,0.01387140099049562,0.0,0.0,0.0,0.0,0.0,0.0,0.056807689079182065,0.0,0.5916225971628132,0.0,0.0,0.0,0.0,0.0,0.0,0.0,0.0,0.0,0.0,0.005498195248888263,0.0,0.0,0.0005666079073278211,0.0,0.0,0.0,0.0,0.0,0.011017375975796521,0.0006085788634268078,0.0,0.0,0.0,0.0,0.0,0.0008604046000167283,0.0,0.02837236632249104,0.0,0.0027071266683491454,0.0040501972634887215,0.0,0.0,0.0,0.034584067825089077,0.0,0.0,0.0,0.0,0.00046168051708185423,0.0,0.0,0.0,0.0,0.0,0.0,0.0,0.01368253168809568,0.0,0.0,0.0,0.0,0.007680684965997575,0.0,0.0,0.0,0.0,0.0,0.0,0.0,0.0,0.0,0.0,0.0,0.0,0.0,0.0,0.0,0.0,0.0,0.0,0.0,0.0,0.00046168051708185423,0.0,0.00031478217073790065,0.0,0.0,0.0,0.0,0.0,0.0,0.0,0.0,0.0,0.0,0.0,0.0,0.0,0.0,0.0,0.0,0.0,0.0,0.0,0.0,0.021174347351593313,0.0007135062536717747,0.0,0.00025182573658992047,0.01926466884919392,0.0,0.0,0.0,0.0,0.0,0.0,0.0,0.04608410979598545,0.00896079912699717,0.0,0.0,0.0053093259464483235,0.0,0.0,0.010849492151396575,0.0,0.0,0.0,0.0,0.0,0.0,0.0,0.0,0.005771006463528178,0.0,0.0,0.0,0.0,0.0,0.0,0.002308402585409271,0.0,0.07810794929907534,0.0,0.0,0.0,0.0,0.019138755980893957,0.0,0.0,0.0,0.0,0.0
21__21A__SDC__1.0__48H,0.0,0.0,0.0,0.0,0.0,0.0,0.0,0.0015440732203998054,0.0,0.0,0.0,0.0008056034193388985,0.0,0.0003132902186319605,0.0,0.0,0.006198670754359218,0.0,0.0,0.09127934298568847,0.0,0.058294358538292644,0.0,0.34231431960045683,0.0,0.0,0.0,0.0,0.0,0.0027972340949296475,0.0,0.0,0.0,0.0,0.007071407791979108,0.22827668001897122,0.0,0.00760847673819904,0.0,0.0,0.0,0.0,0.0,0.0,0.018730279499597637,0.0,0.0,0.0,0.0,0.0,0.0,0.00044755745518794356,0.004095150714969484,0.0,0.020990444648297354,0.0,0.0,0.0004251795824289464,0.012016917671798483,0.0019244970573097573,0.0,0.0,0.0,0.0,0.00024615660035396894,0.0,0.0,0.0,0.0019692528028297514,0.0,0.0,0.0,0.0,0.0,0.0,0.0,0.0,0.01848412289929767,0.0,0.0,0.0004028017096689492,0.0,0.0,0.0,0.0010517600196898672,0.0,0.0,0.0,0.0,0.0,0.0,0.0,0.0,0.0,0.0008503591648578928,0.0,0.0,0.0,0.00026853447311296614,0.0,0.0,0.0,0.0,0.10819701479198636,0.0,0.0,0.016425358605397927,0.0,0.0,0.0,0.0,0.0006042025645039238,0.0,0.0,0.0,0.0,0.0,0.0,0.0,0.0,0.0,0.0034685702777095626,0.0010741378924498644,0.0,0.000760847673819904,0.0,0.0,0.0,0.0,0.0,0.0,0.0,0.0,0.0026182111128496698,0.010562355942398668,0.0,0.0,0.0,0.0,0.0,0.0,0.0,0.0,0.0,0.0,0.0,0.0,0.0,0.0,0.0,0.0,0.0,0.0,0.0,0.0005370689462259323,0.0,0.0,0.0,0.015574999440598036,0.0,0.0,0.0,0.0,0.01078613466999864,0.0009846264014138758,0.0,0.0,0.0,0.0
21__21A__SDC__2.0__0H,0.0,0.0,0.0,0.0010179891228597523,0.0,0.0,0.005940594059408554,0.0005438572026218677,0.0,0.0013666155347896675,0.0,0.0,0.0,0.0,0.016120485287996075,0.0007669781062608133,0.0,0.0,0.028754706456593,0.016734067772995926,0.0,0.10451819829897456,0.0,0.15211267605653297,0.0,0.0,0.0,0.0033468135545891855,0.0,0.0005996374285318541,0.0,0.0007669781062608133,0.0,0.0,0.021043090224494878,0.02362292567279425,0.0,0.0013526704783196708,0.14956073072096362,0.0,0.0,0.0,0.0,0.019509134011995253,0.002133593641049481,0.0,0.0009761539534237626,0.0031376377074292363,0.0,0.0,0.0007251429368288235,0.09213498814667757,0.021991354064994646,0.0,0.024138892762494125,0.0015060660995696335,0.0,0.0,0.0,0.012174034304797037,0.0006554176544418405,0.0009482638404687693,0.0014781759866096403,0.0,0.0,0.0,0.0,0.012313484869597003,0.0011295495746797251,0.0,0.0,0.0,0.004573978524608887,0.0,0.006679682052708374,0.0,0.0009900990099007592,0.016301771022196033,0.0,0.002189373866959467,0.0,0.0,0.0,0.0,0.0011853298005897117,0.0018128573420695586,0.0,0.001701296890249586,0.0011434946311497218,0.0003207362989819219,0.0,0.0,0.0,0.0009482638404687693,0.0005578022590988643,0.0,0.0,0.0,0.0,0.0,0.0,0.0015339562125196266,0.11005438571997321,0.004685538976428859,0.007167759029418256,0.00015339562125196268,0.0,0.0,0.0,0.0,0.0,0.0006833077673958337,0.0,0.000711197880350827,0.0,0.0,0.011755682610497139,0.0,0.001450285873659647,0.0011156045181997284,0.0,0.010277506623897498,0.0005717473155768609,0.0,0.0006554176544418405,0.005006275275408781,0.0,0.0005856923720538574,0.0,0.0,0.0,0.0008088132756938032,0.002802956351969318,0.021963463951994652,0.00850648445125793,0.0,0.0013666155347896675,0.0021754288104894703,0.0003207362989819219,0.0,0.0020778134151394944,0.0,0.0,0.0,0.0,0.0,0.0003486264119369152,0.0,0.0,0.0008506484451257931,0.0023985497141294164,0.0014084507042296571,0.0,0.0,0.0045321433551788965,0.0,0.0012829451959296878,0.0002091758471619491,0.016232045739796048,0.0005438572026218677,0.0,0.0003486264119369152,0.0,0.012550550829696945,0.0,0.0,0.0,0.0013387254218396743,0.0
21__21A__SDC__2.0__48H,0.0,0.0,0.0,0.0,0.0,0.0,0.0,0.0,0.0,0.0,0.0,0.0,0.0,0.0,0.0,0.0,0.0,0.0,0.0,0.3372200238196888,0.0,0.05490030350754934,0.0,0.15546121633585652,0.0,0.0,0.0,0.0,0.0,0.0030734949479371636,0.0,0.0,0.0,0.0,0.0,0.2618233508777584,0.0,0.0,0.0,0.0,0.0,0.0,0.0,0.0,0.003092704291367146,0.0,0.0,0.00084521111068322,0.0,0.0,0.0,0.0,0.04740865957195625,0.0,0.08354143455372291,0.0,0.0,0.0,0.00024972146451976955,0.009086019439851616,0.0,0.0,0.0,0.0,0.0,0.0,0.0,0.0,0.0003841868684926455,0.0,0.0,0.0,0.0,0.0,0.0,0.0,0.0,0.005993315148484469,0.0,0.0,0.000211302777670805,0.0,0.0,0.0,0.00030734949479371636,0.0,0.0,0.0,0.0,0.0,0.0,0.0,0.0,0.0,0.0,0.0,0.0,0.0,0.0,0.0,0.0,0.0,0.0,0.013292865649887733,0.0,0.0,0.0,0.0,0.0,0.0,0.0,0.0,0.0,0.0,0.0,0.0,0.0,0.0,0.0,0.0,0.0,0.003496100503276774,0.0,0.0,0.0,0.0,0.0,0.0,0.0,0.0,0.0,0.0,0.0,0.0012101886357488833,0.013043144185287963,0.0,0.0,0.0,0.0,0.0,0.000211302777670805,0.0,0.0,0.0,0.0,0.0,0.0,0.0,0.0,0.0,0.0,0.0,0.0,0.0,0.00024972146451976955,0.0,0.0,0.0,0.0017096315647884223,0.0,0.0,0.0,0.0,0.0031887510084870575,0.0,0.0,0.0,0.0,0.0
21__21B__No Added Carb__1.0__0H,0.0,0.0,0.0,0.0009304855703158631,0.0,0.0,0.0,0.0,0.0,0.0,0.0,0.0,0.0,0.0,0.020313215758097008,0.0,0.0,0.0,0.0,0.0,0.0,0.020742670636696946,0.0,0.543417888227346,0.0,0.0,0.0,0.0,0.0,0.05939360971139126,0.0,0.0,0.0,0.0,0.0,0.008889715987168692,0.0,0.010779317452998413,0.0,0.0,0.0,0.0,0.0,0.02270384791569666,0.0020613834173196966,0.0,0.0,0.0,0.0,0.0,0.0001717819514429747,0.0,0.07134677049928949,0.0,0.01974060925329709,0.005239349519009229,0.0,0.0,0.0,0.04366124599179357,0.0,0.0,0.0,0.0,0.0006155519926709093,0.0,0.0,0.0,0.0,0.0,0.0,0.0,0.0,0.0,0.0,0.0,0.0,0.0400824553367341,0.0,0.0,0.0006584974805309031,0.0,0.0,0.0,0.0016032982134697642,0.0,0.0,0.0,0.0,0.0,0.0,0.0,0.0,0.0,0.0,0.0,0.0,0.0,0.0,0.0,0.003922354557949422,0.0,0.0,0.0,0.0,0.0,0.0,0.0,0.0,0.0,0.0,0.0,0.0,0.0,0.0,0.0,0.0,0.0,0.0,0.0,0.0,0.010435753550198462,0.007357993586808917,0.0,0.0041943426477293825,0.0,0.0,0.0,0.0,0.0,0.0,0.0,0.0,0.01371392579019798,0.0101923957855985,0.0,0.0,0.0,0.0,0.0,0.00037219422812594517,0.0,0.0,0.0,0.0,0.0,0.0,0.0,0.0,0.0018896014658697218,0.00025767292716396206,0.0,0.0,0.0,0.006842647732478993,0.0,0.002347686669719654,0.0,0.026368529546496117,0.0,0.0,0.0,0.0,0.03975320659639415,0.0,0.0,0.0,0.0,0.0
21__21B__No Added Carb__1.0__48H,0.0,0.0,0.0,0.0,0.0,0.0,0.0,0.0,0.0,0.0,0.0,0.0,0.0,0.0,0.0,0.0,0.0,0.0,0.0,0.1199933299980605,0.0,0.030948807737215606,0.0,0.38264132066019296,0.0,0.0,0.0,0.03476738369181753,0.0,0.0037185259296318753,0.0,0.0,0.0,0.0,0.0,0.23781890945511994,0.0,0.0,0.0,0.0,0.0,0.0,0.0,0.0,0.003268300817081648,0.0,0.0,0.0,0.0,0.0,0.0,0.00036685009171318495,0.0678005669501342,0.0,0.07276971819243669,0.0,0.0,0.0,0.0,0.00818742704686413,0.0,0.0,0.0,0.0,0.0,0.0,0.0,0.0,0.0,0.0,0.0,0.0,0.0,0.0,0.0,0.0,0.0,0.008354177088544213,0.0,0.0,0.0,0.0,0.0,0.0,0.0,0.0,0.0,0.0,0.0,0.0,0.0,0.0,0.0,0.0,0.0,0.0,0.0,0.0,0.0,0.0,0.00028347507086914296,0.0,0.0,0.004552276138072296,0.0,0.0,0.0,0.0,0.0,0.0,0.0,0.0,0.0,0.0,0.0,0.0,0.0,0.0,0.0,0.0,0.0,0.0020176755044210176,0.004585626146412313,0.0,0.0,0.0,0.0,0.0,0.0,0.0,0.0,0.0,0.0,0.0038352509588119336,0.012539603134906324,0.0,0.0,0.0,0.0,0.0,0.0,0.0,0.0,0.0,0.0,0.0,0.0,0.0,0.0,0.0,0.0,0.0,0.0,0.0,0.0,0.0,0.0,0.0,0.0007170251792563615,0.0,0.0,0.0,0.0,0.0008337502084384205,0.0,0.0,0.0,0.0,0.0
21__21B__RDC__1.0__0H,0.0,0.0,0.0,0.0,0.0,0.0,0.0,0.0,0.0,0.0,0.0,0.0,0.0,0.0,0.014676450967304402,0.0,0.0,0.0,0.0,0.03735823882591121,0.0,0.27084723148808126,0.0,0.09406270847232821,0.0,0.0,0.0,0.0,0.0,0.0,0.0,0.0,0.0,0.0,0.06737825216812021,0.0320213475650096,0.0,0.0,0.0,0.0,0.0,0.0,0.0,0.0,0.010006671114103001,0.0,0.0,0.0,0.0,0.0,0.0,0.21214142761806365,0.0,0.0,0.05670446964641701,0.0,0.0,0.0,0.0,0.030687124749809204,0.0,0.0,0.0,0.0,0.0,0.0,0.0,0.0,0.0,0.0,0.0,0.0,0.015343562374904602,0.0,0.0,0.0,0.0,0.05870580386921761,0.0,0.0,0.0,0.0,0.0,0.0,0.0,0.0,0.0,0.0,0.0,0.0,0.0,0.0,0.0,0.0,0.0,0.0,0.0,0.0,0.0,0.0,0.0,0.0,0.0,0.010006671114103001,0.0,0.0,0.0,0.0,0.0,0.0,0.0,0.0,0.0,0.0,0.0,0.0,0.0,0.0,0.0,0.0,0.0,0.017344896597705203,0.0,0.0,0.0,0.0,0.0,0.0,0.0,0.0,0.0,0.0,0.0,0.0,0.026684456304208005,0.0,0.0,0.0,0.0,0.0,0.0,0.0,0.0,0.0,0.0,0.0,0.0,0.0,0.0,0.0,0.0,0.0,0.0,0.0,0.0,0.0,0.0,0.0,0.04603068712471381,0.0,0.0,0.0,0.0,0.0,0.0,0.0,0.0,0.0,0.0
21__21B__RDC__1.0__48H,0.0,0.0,0.0,0.0,0.0,0.0,0.0,0.0,0.0,0.0,0.0,0.0,0.0,0.0,0.0,0.0,0.0,0.0,0.0,0.2066434208111006,0.0,0.02573866764541253,0.0,0.0860708386860419,0.0,0.0,0.0,0.0774301095002377,0.0,0.004297424603902092,0.0,0.0,0.0,0.0,0.0,0.22550009176010974,0.0,0.000275279867866134,0.0,0.0,0.0,0.0,0.0,0.0,0.004266837951922077,0.0,0.0,0.0001835199119100893,0.0,0.0,0.0,0.30881813176715034,0.00622438367896303,0.0,0.012846393833706253,0.0,0.0,0.0,0.0003211598458431563,0.0008564262555824169,0.0,0.0,0.0,0.0,0.0,0.0,0.0,0.0,0.0002905731938581414,0.0,0.0,0.0,0.0,0.0,0.0,0.0,0.0,0.012127607512105903,0.0,0.0031810118064515484,0.0,0.0,0.0,0.0,0.0,0.0002446932158811191,0.0,0.0,0.0,0.0,0.0,0.0,0.0,0.0011622927754305658,0.0,0.0,0.0,0.0,0.0001835199119100893,0.0,0.000275279867866134,0.0,0.0,0.004909157643602389,0.0,0.0,0.0,0.0,0.0,0.0,0.0,0.0,0.0,0.0,0.0,0.0,0.0,0.0,0.0,0.0,0.0,0.0031810118064515484,0.0021869456169310644,0.0,0.0001835199119100893,0.0,0.0,0.0,0.0,0.0,0.0,0.0,0.0,0.0014069859913106847,0.008090169450053938,0.0,0.0,0.0,0.0,0.0,0.0,0.0,0.0,0.0,0.0,0.0,0.0,0.0,0.0,0.00021410656389610422,0.0,0.0,0.0,0.0,0.0002446932158811191,0.0,0.0,0.0,0.00131522603536064,0.0,0.0,0.0,0.0,0.0013305193613506474,0.0,0.0,0.0,0.0,0.0
21__21B__RDC__2.0__0H,0.0,0.0,0.0,0.0009744922382545322,0.0,0.0,0.0,0.0,0.0,0.0,0.0,0.0,0.0,0.0,0.01926759214939075,0.0,0.0,0.0,0.0,0.0,0.0,0.02058401148879012,0.0,0.5567428024346027,0.0,0.0,0.0,0.0,0.0,0.05657183888387284,0.0,0.0,0.0,0.0,0.0,0.0071462764138665695,0.0,0.010052656773595174,0.0,0.0,0.0,0.0,0.0,0.022293646994489297,0.0018635027012191053,0.0,0.0,0.0,0.0,0.0,0.0002051562606849015,0.0,0.0699924776037664,0.0,0.020943034944889947,0.004906653901387645,0.0,0.0,0.0,0.04364699446077904,0.0,0.0,0.0,0.0,0.00035902345619882766,0.0,0.0,0.0,0.0,0.0,0.0,0.0,0.0,0.0,0.0,0.0,0.0,0.03903097859530127,0.0,0.0,0.0007693359775696307,0.0,0.0,0.0,0.0017096355057091793,0.0,0.0,0.0,0.0,0.0,0.0,0.0,0.0,0.0,0.0,0.0,0.0,0.0,0.0,0.0,0.004445052314847866,0.0,0.0,0.0,0.0,0.0,0.0,0.0,0.0,0.0,0.0,0.0,0.0,0.0,0.0,0.0,0.0,0.0,0.0,0.0,0.0,0.00989878957805525,0.007231758189146528,0.0,0.0034876564316483256,0.0,0.0,0.0,0.0,0.0,0.0,0.0,0.0,0.013027422553493746,0.009796211447715298,0.0,0.0,0.0,0.0,0.0,0.0002735416809138687,0.0,0.0,0.0,0.0,0.0,0.0,0.0,0.0,0.0015044792450192776,0.0002564453258568769,0.0,0.0,0.0,0.005316966422757447,0.0,0.0018293099911091217,0.0,0.026362579498087343,0.0,0.0,0.0,0.0,0.03950967653698104,0.0,0.0,0.0,0.0,0.0
21__21B__RDC__2.0__48H,0.00019298809906724543,0.0,0.0,0.00017690575747822496,0.0,0.0,0.0,0.0016082341588920452,0.0,0.0,0.0,0.0032003859762040703,0.0,0.0,0.0005467996140246954,0.0,0.018253457703423213,0.0,0.0,0.20754261820526396,0.0,0.015841106465120148,0.0,0.17917336764222788,0.0,0.0,0.0,0.1365229977481736,0.0,0.004728208427156013,0.0,0.0,0.0,0.0,0.06003538115157635,0.10934384046313905,0.0,0.0022836925056329044,0.0,0.0,0.0,0.0,0.0005467996140246954,0.0007076230299138999,0.015294306851119452,0.00036989385654647046,0.0,0.0004342232229015522,0.0,0.0,0.0,0.0021067867481526794,0.02368928916053013,0.0,0.016516564811821004,0.0002733998070123477,0.0,0.0020746220649726383,0.015326471534319491,0.001945963332262475,0.0,0.0,0.0,0.0,0.00022515278224528634,0.0,0.0,0.0,0.002991315535543804,0.0,0.0,0.0,0.0,0.0,0.0,0.0,0.0,0.04605982631075858,0.0,0.0002412351238343068,0.0002412351238343068,0.0002412351238343068,0.0,0.0,0.00028948214860136817,0.0,0.0,0.0,0.0,0.0,0.0,0.0,0.0,0.00567706658089722,0.0,0.0,0.0,0.0,0.00019298809906724543,0.0,0.0008201994210370431,0.0,0.0,0.05152782245096553,0.0,0.0,0.0028948214860136817,0.0,0.0,0.0,0.0,0.0028465744612436203,0.0,0.0,0.0,0.0,0.0,0.0,0.0,0.0,0.0,0.0058861370215574855,0.0016403988420720863,0.0,0.0005467996140246954,0.0,0.0,0.0,0.0,0.0,0.0,0.0,0.0,0.0049533612093963,0.009472499195892046,0.0,0.0,0.0,0.0,0.0,0.0002412351238343068,0.0,0.0,0.0,0.0,0.0,0.0,0.0,0.0,0.00032164683177940905,0.0,0.0,0.0,0.0,0.0009810228369262477,0.0,0.0003055644901903886,0.0,0.026777098745634054,0.0,0.0,0.0,0.0,0.014779671920218796,0.0011096815696414112,0.0,0.0,0.0,0.0
21__21B__SDC__1.0__0H,0.0,0.0,0.0,0.0015032507798105768,0.0,0.0,0.0,0.0,0.0,0.0,0.0,0.0,0.0,0.0,0.019711375850307564,0.0,0.0,0.0,0.0,0.0,0.0,0.021590439325008284,0.0,0.5507535044532083,0.0,0.0,0.0,0.0,0.0,0.07151715584952743,0.0,0.0,0.0,0.0,0.0,0.0070464880303727035,0.0,0.0099026645120138,0.0,0.0,0.0,0.0,0.0,0.029538877823311334,0.0012777631628404903,0.0,0.0,0.0,0.0,0.0,0.00022548761697208653,0.0,0.0687925138111264,0.0,0.014713067007405645,0.004472171069941715,0.0,0.0,0.0,0.042635950242416364,0.0,0.0,0.0,0.0,0.00035702206020513696,0.0,0.0,0.0,0.0,0.0,0.0,0.0,0.0,0.0,0.0,0.0,0.0,0.03940396106584512,0.0,0.0,0.00080799729414931,0.0,0.0,0.0,0.0016723664925406417,0.0,0.0,0.0,0.0,0.0,0.0,0.0,0.0,0.0,0.0,0.0,0.0,0.0,0.0,0.0,0.0015784133188006056,0.0,0.0,0.0,0.0,0.0,0.0,0.0,0.0,0.0,0.0,0.0,0.0,0.0,0.0,0.0,0.0,0.0,0.0,0.0,0.0,0.008568529444923288,0.00693374422188266,0.0,0.003025292194371161,0.0,0.0,0.0,0.0,0.0,0.0,0.0,0.0,0.01178172798680452,0.009940245781503815,0.0,0.0,0.0,0.0,0.0,0.0003758126949531442,0.0,0.0,0.0,0.0,0.0,0.0,0.0,0.0,0.0017475290315306705,0.0,0.0,0.0,0.0,0.0058814686760122565,0.0,0.0024803637866909513,0.0,0.022811830583608753,0.0,0.0,0.0,0.0,0.03895298583191495,0.0,0.0,0.0,0.0,0.0
21__21B__SDC__1.0__48H,0.0,0.0,0.0,0.0,0.0,0.0,0.0,0.001700056024568684,0.0,0.0,0.0,0.0006568398276754916,0.0,0.0,0.000850028012286342,0.0,0.0,0.0,0.0,0.2547186214088028,0.0,0.0032069238645375175,0.0,0.16013368622387605,0.0,0.0,0.0,0.023182582153282057,0.0,0.002569402855318011,0.0,0.0,0.0,0.0,0.019241543187185104,0.25595502579080187,0.0,0.0010818538338191626,0.0,0.0,0.0,0.0,0.0015261866584188187,0.0,0.01302088364278992,0.0,0.0,0.0,0.0,0.0,0.0,0.009910553870522329,0.0003670575507597159,0.0,0.01423796920578898,0.0003670575507597159,0.0,0.0,0.006838861735214707,0.0011977667445890728,0.0,0.0,0.0,0.0,0.0,0.0,0.0,0.0,0.008790062399773197,0.0,0.0,0.0,0.0,0.0,0.0,0.0,0.0,0.030098719162276702,0.0,0.0,0.0,0.0002511446399938056,0.0,0.0,0.0004443328246036561,0.0,0.0,0.0,0.0,0.0,0.0,0.0,0.0,0.0010625350153591776,0.0,0.0,0.0,0.0,0.0005216080984485963,0.0,0.0,0.0,0.0,0.14697757085188623,0.0,0.0,0.0,0.0,0.0,0.0,0.0,0.00027046345845479065,0.0,0.0,0.0,0.0,0.0,0.0,0.0,0.0,0.0,0.0007920715569033869,0.004752429341416321,0.0,0.0002511446399938056,0.0,0.0,0.0,0.0,0.0,0.0,0.0,0.0,0.0010432161968991925,0.015087997218088322,0.0,0.0,0.0,0.0,0.0,0.0,0.00046365164306564114,0.0,0.0,0.0,0.0,0.0,0.0,0.0,0.0,0.0,0.0,0.0,0.0,0.0006375210092145066,0.0,0.0,0.0,0.009601452775142568,0.0,0.0,0.0,0.0,0.007650252110574078,0.0005409269169095813,0.0,0.0,0.0,0.0
21__21B__SDC__2.0__0H,0.0,0.0,0.0,0.0009435775568335276,0.0,0.0,0.0,0.0,0.0,0.0,0.0,0.0,0.0,0.0,0.01901134040431063,0.0,0.0,0.0,0.0,0.0,0.0,0.022977860874712847,0.0,0.5553478131715235,0.0,0.0,0.0,0.0,0.0,0.060022016809733555,0.0,0.0,0.0,0.0,0.0,0.008002935574624474,0.0,0.010466721417505851,0.0,0.0,0.0,0.0,0.0,0.024760174037613842,0.001677471212150938,0.0,0.0,0.0,0.0,0.0,0.0,0.0,0.06655716507373721,0.0,0.017840605287509973,0.004403361931892461,0.0,0.0,0.0,0.04205909591292352,0.0,0.0,0.0,0.0,0.0004892624368762735,0.0,0.0,0.0,0.0,0.0,0.0,0.0,0.0,0.0,0.0,0.0,0.0,0.04209404322983354,0.0,0.0,0.0007863146306944397,0.0,0.0,0.0,0.0017124185290709575,0.0,0.0,0.0,0.0,0.0,0.0,0.0,0.0,0.0,0.0,0.0,0.0,0.0,0.0,0.0,0.002219154624401241,0.0,0.0,0.0,0.0,0.0,0.0,0.0,0.0,0.0,0.0,0.0,0.0,0.0,0.0,0.0,0.0,0.0,0.0,0.0,0.0,0.008894092156074973,0.006220622411713478,0.0,0.003180205839701778,0.0,0.0,0.0,0.0,0.0,0.0,0.0,0.0,0.013699348232507659,0.009593038494475363,0.0,0.0,0.0,0.0,0.0,0.00038442048611721496,0.0,0.0,0.0,0.0,0.0,0.0,0.0,0.0,0.0011357877998906351,0.0002970521938181661,0.0,0.0,0.0,0.006412832654773585,0.0,0.0023764175505413287,0.0,0.026297855982114704,0.0,0.0,0.0,0.0,0.04013699348232244,0.0,0.0,0.0,0.0,0.0
21__21B__SDC__2.0__48H,0.0002750123755573011,0.0,0.0,0.0,0.0,0.0,0.0,0.0017417450451919073,0.0,0.0,0.0,0.0030434702895033327,0.0,0.0,0.0011733861357112849,0.0,0.0,0.0,0.0,0.17254276442418892,0.0,0.008140366316488913,0.0002933465339273212,0.09126744036819993,0.0,0.0,0.0,0.178079680252195,0.000238344058816261,0.003648497515723995,0.0,0.0,0.0,0.0,0.2625634820232875,0.059054324111364666,0.0,0.0003666831674094015,0.0,0.0,0.0,0.0,0.0,0.00020167574207522083,0.02134096034322337,0.0003850173257804216,0.0,0.0,0.0,0.0,0.0,0.0,0.0038501732578042156,0.0,0.006453623746407067,0.0002566782171862811,0.0,0.005738591569956284,0.015455695506316924,0.001906752470532088,0.0,0.0,0.0,0.0,0.0002566782171862811,0.0,0.0,0.0,0.0047485470179551995,0.0,0.0,0.0,0.0,0.0,0.0,0.0,0.0,0.05850429936016406,0.0,0.0,0.0003300148506683614,0.000476688117632522,0.0,0.0,0.0013383935610414657,0.0,0.0,0.0,0.0,0.0,0.0,0.0,0.0,0.0016317400949717867,0.0,0.0,0.0,0.0,0.0,0.0,0.001008378710381104,0.0,0.0,0.044552004840248786,0.0,0.0,0.0,0.0,0.0,0.0,0.0,0.008635388592499457,0.0,0.0,0.0,0.0,0.0,0.0007517004931898231,0.0,0.0,0.0,0.004161853950094557,0.0003116806922983413,0.0,0.000715032176448783,0.0,0.0,0.0,0.0,0.0,0.0,0.0,0.0,0.0017967475203119674,0.007572007407008291,0.0,0.0,0.0,0.0,0.0,0.0,0.0002750123755573011,0.0,0.0,0.0,0.0,0.0,0.0,0.0,0.00040335148415044167,0.0,0.0,0.0,0.0,0.0004583539592625019,0.0,0.0,0.0,0.01409896778691544,0.0,0.0,0.0,0.0,0.008965403443159816,0.0009900445520060841,0.0,0.0,0.0,0.0
239__239A__No Added Carb__1.0__0H,0.0,0.0,0.0,0.0003905972587168438,0.0008167033591356735,0.0,0.0,0.0,0.0,0.0,0.0,0.0,0.0,0.0,0.02547759392088981,0.0,0.0,0.0,0.0,0.0,0.0,0.2335594062919066,0.0,0.1370996378099452,0.0,0.0,0.0,0.0,0.0,0.0,0.0,0.0,0.0,0.0,0.0,0.1735139549749306,0.0,0.014345572047394263,0.0,0.0,0.0,0.00028407073361288635,0.0,0.030004971237788003,0.001242809459559503,0.0,0.0,0.0,0.0,0.0,0.0004261061004188296,0.0004971237838218011,0.1002769689649599,0.0,0.01715077054189314,0.0,0.0,0.0001952986293589219,0.0,0.01738157801289305,0.0,0.0,0.0,0.0,0.0,0.0,0.0,0.0,0.0,0.0,0.0,0.0,0.0,0.0,0.0,0.0,0.0,0.11321994176585472,0.0,0.0,0.0012605638804094959,0.0,0.0012250550386995102,0.0,0.0010297564093495882,0.0,0.0,0.0,0.0,0.0,0.0,0.0,0.0,0.0,0.0,0.0,0.0,0.0,0.0003373339961648651,0.0,0.004562886158648175,0.0,0.0,0.0,0.0,0.0,0.0,0.0,0.0,0.0,0.0,0.0,0.0,0.0,0.0,0.0,0.0,0.0,0.0,0.0,0.0,0.0,0.0002663163127618935,0.0,0.003142532490588743,0.0,0.0,0.0,0.0,0.0,0.0,0.0,0.0,0.01768340316739293,0.044918684752482035,0.0,0.0,0.0,0.0,0.0,0.0,0.0,0.0,0.0,0.0,0.0,0.0,0.0,0.0,0.0,0.0003728428378668509,0.0,0.0,0.0,0.01578368013639369,0.0,0.0011362829344495455,0.0,0.0372487749449851,0.0,0.0,0.0,0.0,0.005148782046727941,0.0,0.0,0.0,0.0,0.0
239__239A__No Added Carb__1.0__48H,0.0002905287623468865,0.0,0.0,0.0,0.00021789657176091485,0.0,0.0060103137710576515,0.003068710052298801,0.0,0.0,0.0,0.00019973852411392194,0.0,0.0,0.0,0.00025421266705390064,0.0005084253341078013,0.0,0.0,0.07399404416037107,0.000381319000580851,0.1826699593259286,0.0,0.07942330040666895,0.0,0.0,0.0004176350958738368,0.0,0.0,0.0,0.0,0.0,0.0,0.0,0.009296920395116367,0.11606624055795464,0.0,0.0011802730970395389,0.0,0.0,0.0,0.0,0.0,0.006718477629287374,0.004049244625218418,0.0,0.0,0.0,0.0,0.0,0.0,0.38271717024985047,0.0030868680999447933,0.0,0.0,0.0,0.0,0.008842969203946545,0.0,0.0,0.0,0.0,0.0,0.0,0.0,0.0,0.0,0.0,0.0,0.0,0.0015797501452593826,0.0,0.003268448576408723,0.0,0.0,0.0,0.0,0.011748256827395408,0.0,0.0,0.0,0.0,0.0,0.0,0.0,0.0,0.0,0.0,0.0,0.0,0.0,0.0,0.0,0.01238378849509516,0.0,0.0,0.0,0.0,0.0003268448576408723,0.0,0.0,0.0,0.0,0.031794741429387575,0.0,0.0,0.0007989540964556878,0.0,0.0,0.0,0.0,0.018793579314392655,0.0,0.0,0.0,0.0,0.0,0.0,0.0,0.0,0.0,0.0,0.0,0.0,0.0043760894828582895,0.0025784427658289925,0.0,0.0,0.0,0.0,0.0,0.0,0.0,0.002178965717609148,0.005883207437537701,0.0,0.0,0.0,0.0,0.0,0.0,0.0033047646716987083,0.0,0.0,0.0,0.0,0.0,0.0,0.0,0.0,0.0,0.0,0.0,0.0,0.0006355316676347516,0.0,0.00019973852411392194,0.0,0.011711940732095423,0.0,0.0,0.0,0.0,0.009042707728066467,0.0,0.0,0.0,0.0,0.0
239__239A__RDC__1.0__0H,0.0,0.0,0.0,0.00039580447259091327,0.0008509796160698135,0.0,0.0,0.0,0.0,0.0,0.0,0.0,0.0,0.0,0.024440926182494643,0.0,0.0,0.0,0.0,0.0,0.0,0.255491787056944,0.0,0.12630120720389734,0.0,0.0,0.0,0.0,0.0,0.0,0.0,0.0,0.0,0.0,0.0,0.1748070453199617,0.0,0.013180288937297112,0.0,0.0,0.0,0.0,0.0,0.030417573718593334,0.001464476548579679,0.0,0.0,0.0,0.0,0.0,0.0005937067088858699,0.0004749653671088959,0.09473580051447923,0.0,0.016544626954296374,0.0,0.0,0.0,0.0,0.016584207401496364,0.0,0.0,0.0,0.0,0.0,0.0,0.0,0.0,0.0,0.0,0.0,0.0,0.0,0.0,0.0,0.0,0.0,0.11559469621973467,0.0,0.0,0.0010488818523597702,0.0,0.0013655254304397008,0.0,0.0012467840886597268,0.0,0.0,0.0,0.0,0.0,0.0,0.0,0.0,0.0,0.0,0.0,0.0,0.0,0.0002770631308129393,0.0,0.003245596675239289,0.0,0.0,0.0,0.0,0.0,0.0,0.0,0.0,0.0,0.0,0.0,0.0,0.0,0.0,0.0,0.0,0.0,0.0,0.0,0.0,0.0,0.0,0.0,0.003483079358799237,0.0,0.0,0.0,0.0,0.0,0.0,0.0,0.0,0.018009103502896053,0.042271917672690736,0.0,0.0,0.0,0.0,0.0,0.0,0.0,0.0,0.0,0.0,0.0,0.0,0.0,0.0,0.0,0.0002176924599249523,0.0,0.0,0.0,0.015772808232696545,0.0,0.0015436374430996618,0.0,0.035444290520492236,0.0,0.0,0.0,0.0,0.0041955274094590805,0.0,0.0,0.0,0.0,0.0
239__239A__RDC__1.0__48H,0.0,0.0,0.0,0.0,0.0,0.0,0.0011590660035406164,0.001706988114300908,0.0,0.0,0.0,0.0,0.0,0.0,0.0,0.0,0.00033718283739417933,0.0,0.0,0.029840681109315873,0.0,0.3795835791962019,0.0,0.01721739863440916,0.0,0.0,0.0,0.0,0.0,0.0,0.0,0.0,0.0,0.0,0.008324201298154426,0.15912922532208465,0.0,0.0012433617128906613,0.0,0.0,0.0,0.0,0.0,0.0031821630279016927,0.00208631880637111,0.0,0.0,0.0,0.0,0.0,0.0,0.33722498524817934,0.0017280620416459192,0.0,0.0,0.0,0.0,0.0026342409171414014,0.0,0.0015594706229508295,0.0,0.0,0.0,0.0,0.0,0.0,0.0,0.0,0.0,0.0,0.0006532917474503475,0.0,0.001517322768270807,0.0,0.0,0.0,0.0,0.004446598668132365,0.0,0.0010958442215305828,0.0,0.0,0.0,0.0,0.0,0.0,0.0,0.0,0.0,0.0,0.0,0.0,0.0,0.004193711540082231,0.0,0.0,0.0,0.0,0.0004847003287532578,0.0,0.0,0.0,0.0,0.005542442889662948,0.0,0.0,0.0014330270589207623,0.0,0.0,0.0,0.0,0.006132512855103262,0.0,0.0,0.0,0.0,0.0,0.0,0.0,0.0,0.0,0.0,0.0024867234257813227,0.0,0.0014330270589207623,0.010789850796605738,0.0,0.0,0.0,0.0,0.0,0.0,0.0,0.002739610553821457,0.005984995363743183,0.0,0.0,0.0,0.0,0.0,0.0,0.0004847003287532578,0.0,0.0,0.0,0.0,0.0,0.0,0.0,0.0,0.0,0.0,0.0,0.0,0.0004847003287532578,0.0,0.0,0.0,0.0021284666610511325,0.0,0.0,0.0,0.0,0.001011548512180538,0.0,0.0,0.0,0.0,0.0
239__239A__RDC__2.0__0H,0.0,0.0,0.0,0.0005061487702457054,0.0010497900419893888,0.0,0.0,0.0,0.0,0.0,0.0,0.0,0.0,0.0,0.024332633473285837,0.0,0.0,0.0,0.0,0.0,0.0,0.22306163767187018,0.0,0.13647270545891857,0.0,0.0,0.0,0.0,0.0,0.0,0.0,0.0,0.0,0.0,0.0,0.180413917216895,0.0,0.01501574685059126,0.0,0.0,0.0,0.0,0.0,0.03231853629268119,0.0015559388122390945,0.0,0.0,0.0,0.0,0.0,0.0005623875224956727,0.0004874025194957163,0.10214832033594055,0.0,0.018746250749889087,0.0,0.0,0.0,0.0,0.016159268146390595,0.0,0.0,0.0,0.0,0.0,0.0,0.0,0.0,0.0,0.0,0.0,0.0,0.0,0.0,0.0,0.0,0.0,0.11311487702490416,0.0,0.0,0.0009560587882414436,0.0,0.0010497900419893888,0.0,0.0011810137972393126,0.0,0.0,0.0,0.0,0.0,0.0,0.0,0.0,0.0,0.0,0.0,0.0,0.0,0.0003936712657467709,0.0,0.004199160167967556,0.0,0.0,0.0,0.0,0.0,0.0,0.0,0.0,0.0,0.0,0.0,0.0,0.0,0.0,0.0,0.0,0.0,0.0,0.0,0.0,0.0,0.0,0.0,0.003974205158967687,0.0,0.0,0.0,0.0,0.0,0.0,0.0,0.0,0.015859328134390772,0.045290941811573636,0.0,0.0,0.0,0.0,0.0,0.0,0.0,0.0,0.0,0.0,0.0,0.0,0.0,0.0,0.0,0.00031868626274681453,0.0,0.0,0.0,0.016196760647890572,0.0,0.0015371925614891054,0.0,0.037398770245978236,0.0,0.0,0.0,0.0,0.005698860227946683,0.0,0.0,0.0,0.0,0.0
239__239A__RDC__2.0__48H,0.0,0.0,0.0,0.0,0.00033064923950727206,0.0,0.0034231921266628168,0.005134788189994226,0.0,0.0,0.0,0.00021394950791617606,0.0,0.0,0.0,0.0,0.0008946979421957363,0.0,0.0,0.0804644649317662,0.0007196483448095922,0.25498891352520986,0.0,0.04868323802864006,0.0,0.0,0.0,0.0,0.0,0.0,0.0,0.0,0.0,0.0,0.024117944528719844,0.14966740576512316,0.0,0.003306492395072721,0.0,0.0,0.0,0.0,0.0,0.007157583537565891,0.005193138055784274,0.0,0.0,0.0,0.0,0.0,0.0,0.26780643404522037,0.004940288637334066,0.0,0.0,0.0,0.0,0.007332633134946034,0.0,0.0011475473606409443,0.0,0.0,0.0,0.0,0.0,0.0,0.0,0.0,0.0,0.0,0.0022756447660218725,0.0,0.003676041545103025,0.0,0.0,0.0,0.0,0.010405726066808563,0.0,0.00046679892636238414,0.00036954915003730414,0.0,0.0,0.0,0.0,0.0,0.0,0.0,0.0,0.0,0.0,0.0,0.0,0.009666627766767955,0.0,0.0,0.0,0.0,0.0004862488816284001,0.0,0.0,0.0,0.0,0.014470766717211907,0.0,0.0,0.004298440113593537,0.0,0.0,0.0,0.0,0.018477457501815207,0.0,0.0,0.0,0.0,0.0,0.0,0.0,0.0,0.0,0.0,0.00822733107714677,0.0,0.004823588905753969,0.03185902672422621,0.0,0.0,0.0,0.0,0.0,0.0,0.0,0.0035787917687829453,0.007974481658696563,0.0,0.0,0.0,0.0,0.0,0.0,0.0010502975843208644,0.0,0.0,0.0,0.0,0.0,0.0,0.0,0.0,0.0,0.0,0.0,0.0,0.0009724977632558003,0.0,0.0005251487921584322,0.0,0.0074882327770661615,0.0,0.0,0.0,0.0,0.003384292216132785,0.0,0.0,0.0,0.0,0.0
239__239A__SDC__1.0__0H,0.0,0.0,0.0,0.000560946878331291,0.001065799068828553,0.0,0.0,0.0,0.0,0.0,0.0,0.0,0.0,0.0,0.023297993680012088,0.0,0.0,0.0,0.0,0.0,0.0,0.2320637235651204,0.0,0.1509321067294103,0.0,0.0,0.0,0.0,0.0,0.0,0.0,0.0,0.0,0.0,0.0,0.1589910435480825,0.0,0.01609917540810835,0.0,0.0,0.0,0.00024307698061012611,0.0,0.03163740393781641,0.001177988444490611,0.0,0.0,0.0,0.0,0.0,0.0005796451076083008,0.0003552663562761843,0.10173706550005278,0.0,0.01995101063931035,0.0,0.0,0.0,0.0,0.017669826667409166,0.0,0.0,0.0,0.0,0.0,0.0,0.0,0.0,0.0,0.0,0.0,0.0,0.0,0.0,0.0,0.0,0.0,0.11387221630131908,0.0,0.0,0.001121893756660582,0.0,0.0009723079224405045,0.0,0.0011966866737706209,0.0,0.0,0.0,0.0,0.0,0.0,0.0,0.0,0.0,0.0,0.0,0.0,0.0,0.00024307698061012611,0.0,0.0027112432452614066,0.0,0.0,0.0,0.0,0.0,0.0,0.0,0.0,0.0,0.0,0.0,0.0,0.0,0.0,0.0,0.0,0.0,0.0,0.0,0.0,0.0,0.0003178698977211649,0.0,0.003384379499261756,0.0,0.0,0.0,0.0,0.0,0.0,0.0,0.0,0.016847104579208738,0.04483835380792326,0.0,0.0,0.0,0.0,0.0,0.0,0.0,0.0,0.0,0.0,0.0,0.0,0.0,0.0,0.0,0.0002804734391651455,0.0,0.0,0.0,0.01488379050500772,0.0,0.0013275742787206887,0.0,0.03648024532081893,0.0,0.0,0.0,0.0,0.005160711280642678,0.0,0.0,0.0,0.0,0.0
239__239A__SDC__1.0__48H,0.0,0.0,0.0,0.0,0.000554929624834313,0.0,0.0,0.0026905678779815174,0.0,0.0,0.0,0.0006390098710213604,0.0,0.0,0.00025224073856114224,0.00025224073856114224,0.0,0.0,0.0,0.06756688583583811,0.0,0.13022348529407343,0.0,0.09501067819135359,0.0,0.0,0.0,0.0,0.0002017925908491138,0.0,0.0,0.0,0.0,0.0,0.0,0.23676997326213353,0.0,0.0024887752871314037,0.0,0.0,0.0,0.0,0.00026905678779815174,0.008559369061834828,0.006877764138093879,0.0004204012309352371,0.0,0.0,0.0,0.0,0.0,0.30783459734017365,0.00684413203962386,0.0,0.0,0.0,0.0,0.007113188827424012,0.0,0.00026905678779815174,0.0,0.0,0.0,0.0,0.0,0.0,0.0,0.0,0.0,0.0,0.007634486353784306,0.0,0.0,0.0,0.0,0.0,0.0,0.007348613516744144,0.0,0.0,0.00025224073856114224,0.0,0.00038676913246021816,0.0,0.0,0.0,0.0,0.0,0.0,0.0,0.0,0.0,0.0,0.01499991591980846,0.0,0.0,0.0,0.0,0.000521297526359294,0.0,0.0,0.0,0.0,0.01172078631850661,0.005078446869692864,0.0,0.0,0.0,0.0,0.0,0.0,0.029293557771516522,0.0,0.0,0.0,0.0,0.0,0.0,0.0,0.0,0.0,0.0,0.0,0.0,0.002841912321121603,0.0004876654278842751,0.0,0.0,0.0,0.0,0.0,0.0,0.0,0.004927102426562779,0.011569441875306525,0.0,0.0,0.0,0.0,0.0,0.0,0.002051558006961157,0.0,0.0,0.0,0.0,0.0,0.0,0.0,0.0,0.0,0.0,0.0,0.0,0.003464106142901954,0.0,0.001076227151190607,0.0,0.016916945532809542,0.0,0.0,0.0,0.0,0.003850875275362172,0.0007399061664454173,0.0,0.0,0.0,0.0
239__239A__SDC__2.0__0H,0.0,0.0,0.0,0.0006284960090504601,0.0008589445457026289,0.0,0.0,0.0,0.0,0.0,0.0,0.0,0.0,0.0,0.025056040894118344,0.0,0.0,0.0,0.0,0.0,0.0,0.23329771855917078,0.0,0.140699306559597,0.0,0.0,0.0,0.0,0.0,0.0,0.0,0.0,0.0,0.0,0.0,0.16738943707712253,0.0,0.015670500492311473,0.0,0.0,0.0,0.0002304485366521687,0.0,0.0296440617602217,0.0009636938805447055,0.0,0.0,0.0,0.0,0.0,0.0007122954769245215,0.00048184694027235273,0.10447698657107649,0.0,0.01950432614751428,0.0,0.0,0.0,0.0,0.016885592776512363,0.0,0.0,0.0,0.0,0.0,0.0,0.0,0.0,0.0,0.0,0.0,0.0,0.0,0.0,0.0,0.0,0.0,0.10799656422194906,0.0,0.0,0.0008589445457026289,0.0,0.0010055936144807362,0.0,0.001131292816290828,0.0,0.0,0.0,0.0,0.0,0.0,0.0,0.0,0.0,0.0,0.0,0.0,0.0,0.0005027968072403681,0.0,0.003037730710412224,0.0,0.0,0.0,0.0,0.0,0.0,0.0,0.0,0.0,0.0,0.0,0.0,0.0,0.0,0.0,0.0,0.0,0.0,0.0,0.0,0.0,0.0,0.0,0.003540527517652592,0.0004608970733043374,0.0,0.0,0.0,0.0,0.0,0.0,0.0,0.01833113359731342,0.04604780759643371,0.0,0.0,0.0,0.0,0.0,0.0,0.0,0.0,0.0,0.0,0.0,0.0,0.0,0.0,0.0,0.0003351978714942454,0.0,0.0,0.0,0.01684369304251233,0.0,0.001298891752040951,0.0,0.03645276852492669,0.0,0.0,0.0,0.0,0.005656464081454141,0.0,0.0,0.0,0.0,0.0
239__239A__SDC__2.0__48H,0.0,0.0,0.0,0.0002388772767990012,0.0,0.0,0.0,0.0,0.0,0.0,0.0,0.0,0.0,0.0,0.0,0.0,0.0,0.0,0.0,0.0,0.0,0.5476858763810027,0.0,0.0,0.0,0.0,0.0,0.0,0.0,0.0,0.0,0.0,0.0,0.0,0.004339603861850022,0.16916492485300083,0.0,0.0011744799442600059,0.0,0.0,0.0,0.0,0.0,0.0,0.0007166318303970036,0.0,0.0,0.0,0.0,0.0,0.0,0.2536677615210013,0.0,0.0,0.0,0.0,0.0,0.0011545735045300058,0.0,0.0007166318303970036,0.0,0.0,0.0,0.0,0.0,0.0,0.0,0.0,0.0,0.0,0.0,0.0,0.0,0.0,0.0,0.0,0.0,0.0002189708370660011,0.0,0.0036030655917200184,0.0005175674330650026,0.0,0.0,0.0,0.0,0.0,0.0,0.0,0.0,0.0,0.0,0.0,0.0,0.0,0.0,0.0,0.0,0.0,0.0005175674330650026,0.0,0.0,0.0,0.0,0.0,0.0,0.0,0.0,0.0,0.0,0.0,0.0,0.0,0.0,0.0,0.0,0.0,0.0,0.0,0.0,0.0,0.0,0.0,0.0,0.0,0.0,0.0,0.0,0.0,0.0,0.0,0.0,0.0,0.0,0.005235393649850026,0.01009256494480005,0.0,0.0,0.0,0.0,0.0,0.0,0.0,0.0,0.0,0.0,0.0,0.0,0.0,0.0,0.0,0.0,0.0,0.0,0.0,0.0006370060714640032,0.0,0.0,0.0,0.0003185030357320016,0.0,0.0,0.0,0.0,0.0,0.0,0.0,0.0,0.0,0.0
239__239B__No Added Carb__1.0__0H,0.0,0.0,0.0,0.0011356910920201759,0.005758433706030892,0.0,0.0,0.0,0.0,0.0,0.0,0.0,0.0,0.0,0.01078106754960167,0.0,0.0,0.0,0.0,0.0,0.0,0.042964313706706656,0.0,0.5992290097092109,0.0,0.0,0.0,0.0,0.0,0.0,0.0,0.0,0.0,0.0,0.0045747556664607085,0.0,0.0,0.0007038085640711089,0.0,0.0,0.0,0.0,0.0,0.009117520034551413,0.0005118607738700793,0.0,0.0,0.0,0.0,0.0,0.0007997824591711238,0.0,0.03320696770480514,0.0,0.0025593038693503965,0.004254842682790659,0.0,0.0,0.0,0.047027208599307285,0.0,0.0,0.0,0.0,0.0006078346689700941,0.0,0.0,0.0,0.0,0.0,0.0,0.0,0.012732536750001973,0.0,0.0,0.0,0.0,0.008669641857411342,0.0,0.0,0.0,0.0,0.0,0.0,0.0,0.0,0.0,0.0,0.0,0.0,0.0,0.0,0.0,0.0,0.0,0.0,0.0,0.0,0.0008797607050881363,0.0,0.012716541100801969,0.0,0.0,0.0,0.0,0.0,0.0,0.0,0.0,0.0,0.0,0.0,0.0,0.0,0.0,0.0,0.0,0.0,0.0,0.0,0.0,0.02124222211560329,0.001007725898560156,0.00017595214101802725,0.0005918390197870916,0.017739174944402747,0.0,0.0,0.0,0.0,0.0,0.0,0.0,0.02898411632040449,0.008637650559051337,0.0,0.0,0.0035670297679005524,0.0,0.0,0.01233264552040191,0.0,0.0,0.0,0.0,0.0,0.0,0.0,0.0,0.004830686053390748,0.00033590863285205206,0.0,0.0,0.0,0.0,0.0,0.0016475518658902553,0.0,0.08095398051731253,0.0,0.0,0.0,0.0,0.019722635443203053,0.0,0.0,0.0,0.0,0.0
239__239B__No Added Carb__1.0__48H,0.0,0.0,0.0,0.0,0.0,0.0,0.0,0.004726009994068778,0.0,0.0,0.0,0.0008808334039127721,0.0,0.0,0.00042347759803489045,0.00030490387058492113,0.0,0.0,0.0,0.11388159566397053,0.00022020835097794303,0.0924028118912761,0.0,0.05866011687978483,0.0,0.0,0.0,0.06292877106798372,0.0,0.0,0.0,0.0,0.0,0.0,0.0062844075548383746,0.28278140086392684,0.0,0.0024222918607593735,0.0,0.0,0.0,0.0,0.0011010417548897153,0.0069619717116981995,0.00437028881171887,0.0,0.0,0.00030490387058492113,0.0,0.0,0.0,0.21761666807794372,0.004319471499958883,0.0,0.0013551283137096493,0.0034216989921191147,0.0,0.010536122639097275,0.0,0.0007791987803847985,0.0,0.0,0.0,0.0,0.00042347759803489045,0.0,0.0,0.0,0.0002710256627419299,0.0,0.0043872279156388656,0.0,0.0018971796391995092,0.0,0.0,0.0,0.0,0.019327517574295,0.0,0.0,0.00030490387058492113,0.0,0.00022020835097794303,0.0,0.0,0.0,0.0,0.0,0.0,0.0,0.0,0.0,0.0,0.017972389260595353,0.0,0.0,0.0,0.0,0.0001863301431349518,0.0,0.0002540865588209343,0.0,0.0,0.019073431015495065,0.0,0.0,0.0,0.0,0.0,0.0,0.0,0.00603032099601844,0.0,0.0,0.0,0.0,0.0,0.0,0.0,0.0,0.0,0.0,0.0008977725078337678,0.0,0.0032184297450691675,0.0,0.0,0.0,0.0,0.0,0.0,0.0,0.0,0.0038112983823190144,0.01634623528419577,0.0,0.0,0.0,0.0,0.0,0.0,0.0,0.0,0.0,0.0,0.0,0.0,0.0,0.0,0.0,0.0,0.0,0.0,0.0,0.008909968662657695,0.0,0.0,0.0,0.016092148725295838,0.0,0.0,0.00033878207842791237,0.0,0.003353942576439132,0.0,0.0,0.0,0.0,0.0
239__239B__RDC__1.0__0H,0.0,0.0,0.0,0.0,0.0,0.0,0.0,0.0,0.0,0.0,0.0,0.0,0.0,0.0,0.0,0.0,0.0,0.0,0.0,0.0,0.0,0.0,0.0,0.0,0.0,0.0,0.0,0.0,0.0,0.0,0.0,0.0,0.0,0.0,0.0,0.0,0.0,0.0,0.0,0.0,0.0,0.0,0.0,0.0,0.0,0.0,0.0,0.0,0.0,0.0,0.0,0.0,0.0,0.0,0.0,0.0,0.0,0.0,0.0,0.0,0.0,0.0,0.0,0.0,0.0,0.0,0.0,0.0,0.0,0.0,0.0,0.0,0.0,0.0,0.0,0.0,0.0,0.0,0.0,0.0,0.0,0.0,0.0,0.0,0.0,0.0,0.0,0.0,0.0,0.0,0.0,0.0,0.0,0.0,0.0,0.0,0.0,0.0,0.0,0.0,0.0,0.0,0.0,0.0,0.0,0.0,0.0,0.0,0.0,0.0,0.0,0.0,0.0,0.0,0.0,0.0,0.0024132170039002417,0.0,0.0,0.0,0.0,0.0,0.0,0.0,0.0,0.0,0.0,0.0,0.0,0.0,0.0,0.0,0.0,0.0,0.0,0.0,0.0,0.0,0.0,0.0,0.0,0.0,0.0,0.0,0.9975867829960998,0.0,0.0,0.0,0.0,0.0,0.0,0.0,0.0,0.0,0.0,0.0,0.0,0.0,0.0,0.0,0.0,0.0,0.0,0.0,0.0,0.0,0.0,0.0,0.0
239__239B__RDC__1.0__48H,0.0,0.0,0.0,0.0,0.0,0.0,0.0069159429491355935,0.0056461304732264034,0.0,0.0,0.0,0.0009750345797143789,0.0,0.0,0.00047617967846469666,0.00043082923289672554,0.0,0.0,0.0,0.13099476202391655,0.00102038502527935,0.09421555066773998,0.0,0.045373120790871094,0.0,0.0,0.0,0.007732250969365074,0.0,0.0,0.0,0.0,0.0,0.0,0.034398312963378086,0.1998594136188727,0.0,0.008367157207314669,0.0,0.0,0.0,0.0,0.0009523593569303933,0.019546042039887548,0.004308292328967255,0.0,0.0,0.0,0.0,0.0,0.0,0.29663726446081107,0.019682093376600464,0.0,0.00047617967846469666,0.00043082923289672554,0.0,0.0046484206707270385,0.0,0.0009296841341464077,0.0,0.0,0.0,0.0,0.0,0.0,0.0,0.0,0.0003628035645447689,0.0,0.008548558989584554,0.0,0.0,0.0,0.0,0.0,0.0,0.005215301240326678,0.0,0.0,0.0003628035645447689,0.0,0.0002947778961928122,0.0,0.0,0.0,0.0,0.0,0.0,0.0,0.0,0.0,0.0,0.01591800639438986,0.0,0.0,0.0,0.0,0.0009070089113624222,0.0,0.0,0.0,0.0,0.0183669304550883,0.0,0.0,0.0002947778961928122,0.0,0.0,0.0,0.0,0.01959139248538752,0.0,0.0,0.0,0.0,0.0,0.0,0.0,0.0,0.0,0.0,0.0024262488378884546,0.0,0.004126890546697371,0.0,0.0,0.0,0.0,0.0,0.0,0.0005442053468176532,0.0,0.002539624951818382,0.012131244189492272,0.0,0.0,0.0,0.0,0.0,0.0,0.0,0.0,0.0,0.0,0.0,0.0,0.0,0.0,0.0,0.0,0.0,0.0,0.0,0.003718736536587631,0.0,0.0,0.0,0.0182082038955884,0.0,0.0,0.0,0.0,0.0024262488378884546,0.0,0.0,0.0,0.0,0.0
239__239B__RDC__2.0__0H,0.0,0.0,0.0,0.000449741398696237,0.0,0.0,0.0,0.0,0.0,0.0,0.0,0.0,0.0,0.0,0.02881804500871519,0.0,0.0,0.0,0.0,0.0,0.0,0.10793793568705688,0.0,0.4810330213972535,0.0,0.0,0.0,0.0,0.0,0.0,0.0,0.0,0.0,0.0,0.004653093701892452,0.0,0.0,0.0,0.0,0.0,0.0,0.0010032692740105287,0.0,0.033384649980117594,0.006780716472643574,0.0,0.0,0.0,0.0,0.0,0.002681150646071413,0.0,0.06164916711353249,0.0,0.0039611838577420875,0.001193544481150629,0.0,0.0,0.0,0.09648682776635086,0.0,0.0,0.0,0.0,0.0,0.0,0.0,0.0,0.0,0.0,0.0,0.0,0.007420733078483911,0.0,0.0,0.0,0.0,0.0025081731850313217,0.0,0.0,0.0008648873051844558,0.0,0.0,0.0,0.0,0.0,0.0,0.0,0.0,0.0,0.0,0.0,0.0,0.0,0.0,0.0,0.0,0.0,0.0,0.0,0.009288889657684896,0.0,0.0,0.0,0.0,0.0,0.0,0.0,0.0,0.0,0.0,0.0,0.0,0.0,0.0,0.0,0.0,0.0,0.0,0.0,0.0,0.00940997388040496,0.0004324436525922279,0.0,0.0,0.0,0.0,0.0,0.0,0.0,0.0,0.0,0.0,0.010430540900505497,0.07719984086074069,0.0,0.0,0.0007092075902513737,0.0,0.0,0.0035460379512518687,0.0,0.0,0.0,0.0,0.0,0.0,0.0,0.0,0.002663852899971404,0.0,0.0,0.0,0.0,0.0033038695058017413,0.0,0.0,0.0,0.04013077096052115,0.0,0.0,0.0,0.0,0.0020584317863410846,0.0,0.0,0.0,0.0,0.0
239__239B__RDC__2.0__48H,0.0,0.0,0.0,0.0,0.0,0.0,0.0,0.0,0.0,0.0,0.0,0.0,0.0,0.0,0.02425803861210325,0.0,0.0,0.0,0.0,0.0,0.0,0.2656840766890356,0.0,0.01052296985310141,0.0,0.0,0.0,0.003178639542280426,0.0,0.0,0.0,0.0,0.0,0.0,0.0003011342724260403,0.23761167062603183,0.0,0.0008699434536761165,0.0,0.0,0.0,0.0,0.0,0.005253120085660704,0.0005186201358450695,0.0,0.0,0.0,0.0,0.0,0.0,0.42894904138905743,0.0002007561816170269,0.0,0.007896409810291058,0.0,0.0,0.0003011342724260403,0.0,0.00045170140863906057,0.0,0.0,0.0,0.0,0.0,0.0,0.0,0.0,0.0,0.0,0.0,0.0,0.0,0.0,0.0,0.0,0.0,0.0007695653628671031,0.0,0.002492722588420334,0.0,0.0,0.0,0.0,0.0,0.0,0.0,0.0,0.0,0.0,0.0,0.0,0.0,0.0,0.0,0.0,0.0,0.0,0.0,0.0,0.0,0.0,0.0,0.0,0.0,0.0,0.0,0.0,0.0,0.0,0.0,0.0,0.0,0.0,0.0,0.0,0.0,0.0,0.0,0.0,0.0,0.0,0.0,0.0,0.0012045370897001612,0.0,0.0,0.0,0.0,0.0,0.0,0.0,0.0,0.0023588851340003163,0.005989226084920802,0.0,0.0,0.0,0.0,0.0,0.0,0.0,0.0,0.0,0.0,0.0,0.0,0.0,0.0,0.0,0.0,0.0,0.0,0.0,0.001187807407900159,0.0,0.0,0.0,0.0,0.0,0.0,0.0,0.0,0.0,0.0,0.0,0.0,0.0,0.0
239__239B__SDC__1.0__0H,0.0,0.0,0.0,0.000467956145824279,0.0,0.0,0.0,0.0,0.0,0.0,0.0,0.0,0.0,0.0,0.02972635707281772,0.0,0.0,0.0,0.0,0.0,0.0,0.09149656832165454,0.0,0.48843479811018214,0.0,0.0,0.0,0.0,0.0,0.0,0.0,0.0,0.0,0.0,0.0057937427578234535,0.0,0.0,0.0,0.0,0.0,0.0,0.001091897673590651,0.0,0.03344772261341993,0.006952491309394144,0.0,0.0,0.0,0.0,0.0,0.003141991264821873,0.0,0.06266155628843735,0.0,0.004122470808452457,0.0010696140476006376,0.0,0.0,0.0,0.09735716195745804,0.0,0.0,0.0,0.0,0.0,0.0,0.0,0.0,0.0,0.0,0.0,0.0,0.008868883144675285,0.0,0.0,0.0,0.0,0.0028523041269317,0.0,0.0,0.0007353596577244384,0.0,0.0,0.0,0.0,0.0,0.0,0.0,0.0,0.0,0.0,0.0,0.0,0.0,0.0,0.0,0.0,0.0,0.0,0.0,0.009136286656565445,0.0,0.0,0.0,0.0,0.0,0.0,0.0,0.0,0.0,0.0,0.0,0.0,0.0,0.0,0.0,0.0,0.0,0.0,0.0,0.0,0.010629289598006336,0.0005570906497913321,0.0,0.0,0.0,0.0,0.0,0.0,0.0,0.0,0.0,0.0,0.011052678491806588,0.07449416169004441,0.0,0.0,0.0006016579017743587,0.0,0.0,0.004011052678492391,0.0,0.0,0.0,0.0,0.0,0.0,0.0,0.0,0.0027186023709816205,0.0,0.0,0.0,0.0,0.003320260272751979,0.0,0.0,0.0,0.043007398163825636,0.0,0.0,0.0,0.0,0.0022506462251513414,0.0,0.0,0.0,0.0,0.0
239__239B__SDC__1.0__48H,0.00021437287688393807,0.0,0.0,0.0,0.0,0.0,0.0,0.007453580027037847,0.0,0.0,0.0,0.0006596088519508095,0.0,0.0,0.0004122555324688809,0.00024735331948192856,0.0,0.0,0.0,0.13030572870296236,0.0019788265558494285,0.12854127502396287,0.0,0.06876422281588014,0.0,0.0,0.0,0.013472510801096108,0.00019788265558494283,0.0,0.0,0.0,0.0,0.0,0.022278288974593566,0.20756241548794005,0.0,0.004732693512748633,0.0,0.0,0.0,0.0,0.00042874575376787615,0.0145443751854958,0.0034464562514390043,0.0,0.0,0.00018139243428594762,0.0,0.0,0.0,0.22885129118393388,0.008871739058737439,0.0,0.0020118069984494187,0.00026384354077992376,0.0,0.004749183734048628,0.0,0.0057880676758683275,0.0,0.0,0.0,0.0,0.00023086309818293332,0.0,0.0,0.0,0.0004947066389628572,0.0,0.004089574882088819,0.0,0.006431186306518142,0.0,0.0,0.0,0.0,0.007222716928857913,0.0,0.0,0.00026384354077992376,0.0,0.00026384354077992376,0.0,0.0,0.0,0.0,0.0,0.0,0.0,0.0,0.0,0.0,0.014758748062395737,0.0,0.0,0.0,0.0,0.00021437287688393807,0.0,0.00023086309818293332,0.0,0.0,0.0481184657497861,0.0,0.0,0.0018304145641594711,0.0,0.0,0.0,0.0,0.012466607301896398,0.0,0.0,0.0,0.0,0.0,0.0,0.0,0.0,0.0,0.0,0.0007255697371457904,0.0,0.00418851620988879,0.0,0.0,0.0,0.0,0.0,0.0,0.0,0.0,0.0034629464727389996,0.011229840704496756,0.0,0.0,0.0,0.0,0.0,0.0,0.0,0.0,0.0,0.00019788265558494283,0.0,0.0,0.0,0.0,0.0,0.0,0.0,0.0,0.0,0.0044193793080687235,0.0,0.0,0.0,0.018666930510194607,0.0,0.0,0.0,0.0,0.004534810857158691,0.0,0.0,0.0,0.0,0.0
239__239B__SDC__2.0__0H,0.0,0.0,0.0,0.0004482964734011183,0.0,0.0,0.0,0.0,0.0,0.0,0.0,0.0,0.0,0.0,0.027111262915207157,0.0,0.0,0.0,0.0,0.0,0.0,0.09025702331142382,0.0,0.49489795918413065,0.0,0.0,0.0,0.0,0.0,0.0,0.0,0.0,0.0,0.0,0.005550337289731465,0.0,0.0,0.0,0.0,0.0,0.0,0.0009819827512592594,0.0,0.03413457433180901,0.0053582102297014145,0.0,0.0,0.0,0.0,0.0,0.0027965160959807383,0.000234821962258062,0.06340192980961673,0.0,0.004077363162841076,0.0008112031423452141,0.0,0.0,0.0,0.1003543676880265,0.0,0.0,0.0,0.0,0.0,0.0,0.0,0.0,0.0,0.0,0.0,0.0,0.007898556912302086,0.0,0.0,0.0,0.0,0.0030740329604608116,0.0,0.0,0.0007898556912302085,0.0,0.0,0.0,0.0,0.0,0.0,0.0,0.0,0.0,0.0,0.0,0.0,0.0,0.0,0.0,0.0,0.0,0.0,0.0,0.0068311843565918035,0.0,0.0,0.0,0.0,0.0,0.0,0.0,0.0,0.0,0.0,0.0,0.0,0.0,0.0,0.0,0.0,0.0,0.0,0.0,0.0,0.009563658099222525,0.0006190760823161634,0.0,0.0,0.0,0.0,0.0,0.0,0.0,0.0,0.0,0.0,0.009841174963712599,0.07749124754502046,0.0,0.0,0.0006831184356591803,0.0,0.0,0.003394244727180896,0.0,0.0,0.0,0.0,0.0,0.0,0.0,0.0,0.002262829818120598,0.0,0.0,0.0,0.0,0.0031167278626908226,0.0,0.0,0.0,0.04141405516181094,0.0,0.0,0.0,0.0,0.0023695670736906256,0.0,0.0,0.0,0.000234821962258062,0.0
239__239B__SDC__2.0__48H,0.0,0.0,0.0,0.0,0.0,0.0,0.0,0.0,0.0,0.0,0.0,0.0,0.0,0.0,0.01227160030840178,0.0,0.0,0.0,0.0,0.030085213659204364,0.0,0.2405150321900349,0.0,0.07071275288041026,0.0,0.0,0.0,0.0023543138112803418,0.0,0.0,0.0,0.0,0.0,0.0,0.00035418880346705137,0.27978832010304056,0.0,0.005750359397460834,0.0,0.0,0.0,0.0,0.0,0.020230431068602936,0.0005625351584470816,0.0,0.0,0.0,0.0,0.0,0.0,0.24280684209403522,0.0068754297143529975,0.0,0.01570931516550228,0.0,0.0,0.0005208658874510755,0.0,0.0,0.0,0.0,0.0,0.0,0.0,0.0,0.0,0.0,0.0,0.0,0.0,0.0,0.0,0.0,0.0,0.0,0.0,0.0016876054753402448,0.0,0.0,0.0,0.0,0.0,0.0,0.0,0.0,0.0,0.0,0.0,0.0,0.0,0.0,0.0,0.0011042356814001603,0.0,0.0,0.0,0.0,0.0002500156259770363,0.0,0.0,0.0,0.0,0.010021459674601454,0.0,0.0,0.0006042044294440877,0.0,0.0,0.0,0.0,0.0,0.0,0.0,0.0,0.0,0.0,0.0,0.0,0.0,0.0,0.0,0.005166989603520749,0.0,0.00247932162427036,0.0,0.0,0.0,0.0,0.0,0.0,0.0,0.0,0.00247932162427036,0.01027147530050149,0.0,0.0,0.0,0.0,0.0,0.0,0.0,0.0,0.0,0.0,0.0,0.0,0.0,0.0,0.0,0.0,0.0,0.0,0.0,0.002104298185300305,0.0,0.0,0.0,0.03504385690770508,0.0,0.0,0.0,0.0,0.0002500156259770363,0.0,0.0,0.0,0.0,0.0
276__276A__No Added Carb__1.0__48H,0.0,0.0,0.0,0.0,0.0,0.0,0.06757136698470972,0.0013308091694601914,0.0,0.0,0.0,0.0,0.0,0.0,0.0005998013158140863,0.0,0.0,0.0,0.0,0.2799197765740403,0.001855635320800267,0.008940788363851288,0.00022492549343003235,0.03503214560174203,0.0,0.0,0.0,0.0,0.0,0.0,0.0,0.0,0.0,0.0,0.06102978388410878,0.028415587336704087,0.0,0.00026241307566903774,0.0,0.0,0.0,0.0007684954358871106,0.004573485033080658,0.0020993046053503018,0.015294933553302201,0.00035613203126505126,0.0,0.0,0.0,0.0,0.0007310078536481052,0.3113906018630448,0.006710277220670966,0.0,0.0017056849918502454,0.0,0.0,0.0,0.01473261981970212,0.0,0.0,0.0,0.0,0.0,0.0,0.0,0.0,0.0,0.0,0.0,0.0009559333470791376,0.0,0.0035613203126505124,0.0007310078536481052,0.0,0.0,0.0,0.05568780341510801,0.0,0.0,0.0,0.0,0.0,0.0,0.0,0.0,0.0,0.0,0.0,0.0,0.0,0.0,0.0,0.013026934827801876,0.002305486307660332,0.0,0.0,0.0,0.0,0.0,0.0,0.0,0.0,0.0340574684636049,0.0010683960937901537,0.0,0.0020055856497502886,0.0,0.0,0.0,0.0,0.0,0.0,0.0,0.0,0.0,0.0,0.0,0.0,0.0,0.0,0.008472193585871219,0.0005623137335760809,0.0,0.0,0.0009184457648401321,0.0,0.0,0.0,0.0,0.0,0.0,0.0,0.0014057843339402023,0.0024929242188503585,0.0,0.0,0.010065415831001448,0.0,0.0,0.0028303124590004073,0.0,0.0,0.0,0.0,0.0,0.0,0.0,0.0,0.0,0.0,0.0,0.0,0.0,0.003223932072500464,0.0,0.0011433712582701646,0.0,0.005285749095610761,0.0,0.0,0.0,0.0,0.0062604262338109016,0.0,0.0,0.0,0.0003936196135030566,0.0
276__276A__RDC__1.0__48H,0.00019663574122709694,0.0,0.0,0.0,0.0,0.0,0.014729804615607264,0.0007150390590093526,0.0,0.0,0.0,0.0,0.0,0.0,0.0005899072236822909,0.0002502636706531234,0.0,0.0,0.0,0.2005863320280989,0.00023238769417811456,0.008294453084504088,0.0,0.03280241683207018,0.0,0.0,0.0,0.0,0.0,0.0008401708943354143,0.0,0.0,0.0,0.0,0.035036913891417276,0.015909619062907845,0.0,0.0,0.0,0.0,0.0,0.00391483884807193,0.001251318353270617,0.02667095690101315,0.00815144527270402,0.000286015623603141,0.0,0.0,0.0,0.0,0.0,0.525357072630259,0.012423803650306126,0.0,0.005791816377972855,0.0,0.0,0.0,0.007543662072543719,0.0,0.0,0.0,0.0,0.0,0.0,0.0,0.0,0.0,0.0,0.0,0.0006435351531083173,0.0,0.0029495361184114543,0.000286015623603141,0.0,0.0,0.0,0.03980979961031963,0.0,0.0,0.0,0.0,0.0,0.0,0.0,0.0,0.0,0.0,0.0,0.0,0.0,0.0010904345649905376,0.0,0.005362792942562643,0.0,0.0,0.0,0.0,0.0,0.0,0.0,0.0,0.0,0.025455390500712553,0.0,0.0,0.0006971630825333437,0.0,0.0,0.0,0.0,0.0,0.0,0.0,0.0,0.0,0.0,0.0,0.0,0.0,0.0,0.0059348241897729265,0.0011261865179405554,0.0,0.0,0.0006435351531083173,0.0,0.0,0.0,0.0,0.0,0.0,0.0,0.0013406982356406608,0.0013585742121206698,0.0,0.0,0.0019306054593209519,0.0,0.0,0.002288124988831128,0.0,0.0,0.0,0.0,0.0,0.0,0.0,0.0,0.0,0.0,0.0,0.0,0.0,0.0003217675765541587,0.0,0.000858046870810423,0.0,0.004433242165852186,0.0,0.0,0.0,0.0,0.0014837060474407317,0.0,0.00021451171770310576,0.0,0.00019663574122709694,0.0
276__276A__RDC__2.0__48H,0.0,0.0,0.0,0.0,0.0,0.0,0.0009123302291157746,0.0,0.0,0.0,0.0,0.0,0.0,0.0,0.0,0.0,0.0,0.0,0.0,0.03384228736682873,0.0,0.07792677258886616,0.0,0.008951164512087599,0.0,0.0,0.0,0.0,0.0,0.0,0.0,0.0,0.0,0.0,0.006420739159625452,0.020690961045217567,0.0,0.0,0.0,0.0,0.0,0.0,0.0,0.0,0.0005336271151434531,0.0,0.0,0.0,0.0,0.0,0.0,0.7048009226585984,0.0,0.0,0.0,0.0,0.0,0.0,0.0,0.0,0.0,0.0,0.0,0.0,0.0,0.0,0.0,0.0,0.0,0.0,0.0,0.0,0.003752603583913186,0.0,0.0,0.0,0.0,0.0004991995593274238,0.0,0.12376706315710509,0.0,0.0,0.0,0.0,0.0,0.0,0.0,0.0,0.0,0.0,0.0,0.0,0.0,0.0,0.0,0.0,0.0,0.0,0.0,0.0,0.0,0.0,0.0,0.0011533231198309793,0.0,0.0,0.0,0.0,0.0,0.0,0.0,0.0,0.0,0.0,0.0,0.0,0.0,0.0,0.0,0.0,0.0,0.008865095622547527,0.0,0.0,0.0,0.00024099289071020458,0.0,0.0,0.0006885511163135846,0.0,0.0,0.0,0.0,0.0006541235604985553,0.0004819857814194092,0.0,0.0,0.001996798237311695,0.0,0.0,0.0025992804640822065,0.0,0.0,0.0,0.0,0.0,0.0,0.0,0.0,0.0,0.0004819857814194092,0.0,0.0,0.0,0.0,0.0,0.0,0.0,0.0,0.0,0.0,0.0,0.0,0.00043034444769636537,0.0,0.0,0.0,0.0003098480023412631,0.0
276__276A__SDC__1.0__48H,0.0,0.0,0.0,0.0,0.0,0.0,0.017533283094697656,0.0006531022356189127,0.0,0.0,0.0,0.0,0.0,0.0,0.0005023863350919329,0.000770325713806897,0.0,0.0,0.0,0.20236121577497293,0.0001842083228669754,0.008959222975798802,0.0,0.043171732395494225,0.0,0.0,0.0,0.0,0.0,0.0,0.0,0.0,0.0,0.0,0.03193502470069573,0.015205559742097967,0.0,0.00021770074520597088,0.0,0.0,0.0,0.0067319768902291,0.0013564431047498188,0.012157749309198374,0.007200870802979037,0.00021770074520597088,0.0,0.0,0.0,0.0,0.0,0.46837478020593737,0.008440090429538872,0.0,0.0034832119232995344,0.0,0.0,0.0,0.005877920120569214,0.0,0.0,0.0,0.0,0.0,0.0,0.0,0.0,0.0,0.0,0.0,0.0006531022356189127,0.0,0.0031985263334195725,0.00031817801222495744,0.0,0.0,0.0,0.0531189818303929,0.0,0.0,0.0,0.0,0.0,0.0,0.0,0.0,0.0,0.0,0.0,0.0,0.0,0.0009210416143348769,0.0,0.007368332914679015,0.00020095453403697313,0.0,0.0,0.0,0.0,0.0,0.0,0.0,0.0,0.0717072762287904,0.0,0.0,0.000770325713806897,0.0,0.0,0.0,0.0,0.0,0.0,0.0,0.0,0.0,0.0,0.0,0.0,0.0,0.0,0.006949677635429071,0.0009042954031648791,0.0,0.00021770074520597088,0.0006196098132799172,0.0,0.0,0.0,0.0,0.0,0.0,0.0,0.0010047726701798657,0.0006865946579589083,0.0,0.0,0.002361215774929684,0.0,0.0,0.0025621703089696575,0.00026793937871596416,0.0,0.0,0.0,0.0,0.0,0.0,0.0,0.0001842083228669754,0.0,0.0,0.0,0.0,0.0008540567696558859,0.0,0.000703340869127906,0.0,0.006497529933849132,0.0,0.0,0.0,0.0,0.00239470819726968,0.0,0.00020095453403697313,0.0,0.0,0.0
276__276A__SDC__2.0__48H,0.0,0.0,0.0,0.0,0.0,0.0,0.0015847224729697294,0.0,0.0,0.0,0.0,0.0,0.0,0.0,0.0012437062446097877,0.0,0.0,0.0,0.0,0.029889069426894895,0.0,0.11412007783198051,0.0,0.005696976991429027,0.0,0.0,0.0,0.0,0.0,0.010872399751298143,0.0,0.0,0.0,0.0,0.03442257928629412,0.07221520129988766,0.0,0.0004413151190549246,0.0,0.0,0.0,0.0,0.0,0.0,0.0016248420292497227,0.0,0.0,0.0,0.0,0.0,0.0,0.6865057872458827,0.00457362941565922,0.0,0.00040119556277693147,0.0,0.0,0.0,0.0,0.0,0.0,0.0,0.0,0.0,0.0,0.0,0.0,0.00433291207798926,0.0,0.0,0.0,0.0,0.0030490862771094794,0.0,0.0,0.0,0.0,0.0007622715692758697,0.0,0.0,0.0,0.0,0.0,0.0,0.0,0.0,0.0,0.0,0.0,0.0,0.0,0.0,0.0,0.0,0.0,0.0,0.0,0.0,0.0,0.0,0.0,0.0,0.0,0.0016248420292497227,0.0,0.0,0.0,0.0,0.0,0.0,0.0,0.0,0.0,0.0,0.0,0.0,0.0,0.0,0.0,0.0,0.0,0.005937694329098986,0.0,0.0,0.0,0.00022065755952696233,0.0,0.0,0.0004413151190549246,0.0,0.0008826302381098492,0.0017853202543596952,0.0,0.0007823313474148664,0.00028083689394395203,0.0,0.0,0.002126336482719637,0.0,0.0,0.0025676516017695615,0.0,0.0,0.0,0.0,0.0,0.0,0.0,0.0,0.0,0.010792160638698157,0.0,0.0,0.0,0.0,0.0,0.0002407173376659589,0.0,0.0003610760064989384,0.0,0.0,0.0,0.0,0.00022065755952696233,0.0,0.0,0.0,0.0,0.0
276__276B__No Added Carb__1.0__48H,0.0,0.0,0.0,0.0002601210745370127,0.0,0.0,0.01591468028760078,0.001608021188040079,0.0,0.0,0.0,0.0022937949300001126,0.0,0.00033106318577401627,0.0048713583049602395,0.004824063564130236,0.0,0.0,0.0,0.04043700340520198,0.0013006053726800637,0.025751986379101262,0.001608021188040079,0.17988554672688883,0.0,0.0,0.0,0.0,0.0002601210745370127,0.0,0.0,0.0014424895951600707,0.0,0.0,0.12899640560000633,0.05727393113890281,0.0,0.006290200529700309,0.0,0.0,0.0,0.0,0.012154748392000597,0.006573968974650323,0.027147181233401332,0.0005438895194850267,0.0,0.0,0.0,0.0,0.0019863791146400977,0.001939084373820095,0.023789254634901166,0.0,0.0,0.0,0.0,0.0006857737419600336,0.031663828982201554,0.0,0.0,0.0003547105561860174,0.0,0.0,0.0,0.0,0.0,0.0,0.0008513053348470417,0.0,0.008347521755580409,0.004824063564130236,0.005107832009080251,0.0037835792659901856,0.0,0.0,0.0,0.09035660234580443,0.0,0.0,0.0,0.0005438895194850267,0.0,0.0,0.0006148316307230302,0.0,0.0,0.0,0.0,0.0,0.0,0.0,0.0,0.008820469163830435,0.0,0.0,0.0,0.00030741581536101504,0.0,0.0,0.0,0.0,0.0,0.025231744230001237,0.07460745365120366,0.0,0.00733068482785036,0.0,0.0,0.0,0.0,0.004989595157020244,0.0,0.0,0.0,0.0,0.0,0.0,0.0,0.0,0.0,0.012982406356400637,0.0,0.0,0.0014188422247400697,0.054318009837302665,0.0,0.0,0.0,0.0,0.0,0.0,0.0,0.005178774120320254,0.005557132046920273,0.0,0.0,0.004422058267120217,0.0,0.0,0.004611237230420226,0.0,0.0,0.0,0.0,0.0,0.0,0.0,0.0,0.0014424895951600707,0.001466136965570072,0.0,0.0,0.0,0.0024356791524801197,0.0,0.01582009080590078,0.0,0.017475406734800858,0.0,0.0,0.0,0.0,0.05592603102530275,0.0005911842603100291,0.0,0.0,0.00044930003783602205,0.0
276__276B__RDC__1.0__48H,0.0,0.0,0.0,0.0005403890801384437,0.0,0.0,0.01256904971581032,0.001861340164921528,0.0,0.0,0.0,0.0017212392922914131,0.0,0.00030021615563224647,0.0031222480185725634,0.004002882075093287,0.0,0.0,0.0,0.04150988711873407,0.0010807781602808872,0.020574813866016894,0.0018413257545415117,0.2023056600749661,0.0,0.0,0.0,0.0,0.0002401729245061972,0.0,0.0,0.0013809943159111338,0.0,0.0,0.10715715315008797,0.05886238091434833,0.0,0.0050836602353741735,0.0,0.0,0.0,0.0,0.011208069810309203,0.006044351933394962,0.02025458330001663,0.00034024497638327937,0.0,0.0,0.0,0.0,0.0018012969337914788,0.0037426947402130727,0.02395724921941967,0.0,0.0,0.00022015851413018076,0.0,0.0003602593867582958,0.03548554959572914,0.0,0.0,0.0003202305660082629,0.0,0.0,0.0003202305660082629,0.0,0.0,0.0,0.0004002882075093286,0.0,0.00404291089585332,0.004663357617483829,0.005644063725884633,0.0030421903770724975,0.0,0.0,0.0,0.09588904010897872,0.0,0.0,0.0,0.0003202305660082629,0.0,0.0,0.0007605475942686244,0.0,0.0,0.0,0.0,0.0,0.0,0.0,0.0,0.010567608678208676,0.00042030261788534505,0.0,0.0,0.0,0.0,0.0,0.0,0.0,0.0,0.023637018653419405,0.0896445440717736,0.0,0.008125850612446672,0.0,0.0,0.0,0.0,0.004223040589223467,0.0,0.0,0.0,0.0,0.0,0.0,0.0,0.0,0.0,0.014150188135511617,0.0,0.0,0.0017012248819113967,0.0507965735329417,0.0,0.0,0.0,0.0,0.0,0.0,0.0,0.005443919622134469,0.00538387639100442,0.0,0.0,0.00404291089585332,0.0,0.0,0.004803458490113944,0.00034024497638327937,0.0,0.0,0.0,0.0,0.0,0.0,0.0,0.0023416860139319224,0.0015210951885412489,0.0,0.0,0.0,0.002141541910181758,0.0,0.013930029621311436,0.0,0.017832839644514643,0.0,0.0,0.0,0.0,0.05435913857984463,0.0007205187735175915,0.00048034584901139436,0.0,0.00042030261788534505,0.0
276__276B__RDC__2.0__48H,0.0,0.0,0.0,0.0,0.0,0.0,0.00150252209064962,0.0,0.0,0.0,0.0,0.0,0.0,0.0,0.0,0.0,0.0,0.0,0.0,0.035166171788391105,0.0,0.23104854577294157,0.0,0.01293242228029673,0.0,0.0,0.0,0.0,0.0,0.0,0.0,0.0,0.0,0.0,0.0017171681035995656,0.006081637033588462,0.0,0.0,0.0,0.0,0.0,0.0,0.0,0.00025042034844193666,0.00025042034844193666,0.0,0.0,0.0,0.0,0.0,0.0,0.6984402389728234,0.00035774335491690955,0.0,0.0,0.0,0.0,0.0,0.0,0.0,0.0,0.0,0.0,0.0,0.0,0.0,0.0,0.0,0.0,0.0,0.0,0.0,0.0017887167745895478,0.0,0.0,0.0,0.0,0.0004292920259008914,0.0,0.0,0.0,0.0,0.0,0.0,0.0,0.0,0.0,0.0,0.0,0.0,0.0,0.0,0.0,0.0,0.0,0.0,0.0,0.0,0.0,0.0,0.0,0.0,0.0,0.0004471791936458869,0.0,0.0,0.0,0.0,0.0,0.0,0.0,0.0,0.0,0.0,0.0,0.0,0.0,0.0,0.0,0.0,0.0,0.0049905198010887376,0.0,0.0,0.0,0.0003935176904089005,0.0,0.0,0.0,0.0,0.0,0.0,0.0,0.0004829535291378779,0.0004292920259008914,0.0,0.0,0.0017350552713495612,0.0,0.0,0.001198440238969697,0.0,0.0,0.0,0.0,0.0,0.0,0.0,0.0,0.0,0.0,0.0,0.0,0.0,0.0,0.0,0.0,0.0,0.0,0.0,0.0,0.0,0.0,0.00035774335491690955,0.0,0.0,0.0,0.0,0.0
276__276B__SDC__1.0__48H,0.0004047845534209591,0.0,0.0,0.0004250237810929571,0.0,0.0,0.007873059564049203,0.0011131575219098875,0.0,0.0,0.0,0.0,0.0,0.0,0.0021453581331297832,0.0019227266287498057,0.0,0.0,0.0,0.07085753607639284,0.0009512437005399039,0.007306361189259262,0.0012750713432798711,0.19235361978586057,0.0,0.0,0.0,0.0,0.00024287073205297546,0.0,0.0,0.0,0.0,0.0,0.04335242567139562,0.02546094841019743,0.0,0.0018215304903998158,0.0,0.0,0.0,0.0,0.005950332935299399,0.00870286789855912,0.020441619947797935,0.00038454532574996116,0.0,0.0,0.0,0.0,0.0009512437005399039,0.2777631605579719,0.014734157744498511,0.0,0.0002226315043819775,0.0,0.0,0.0,0.03614726062049635,0.0,0.0,0.0,0.0,0.0,0.0,0.0,0.0,0.0,0.0,0.0,0.0015179420753298467,0.00831832257280916,0.0048169361857195135,0.00465502236434953,0.0,0.0,0.0,0.06399643789589353,0.0,0.0,0.0,0.0,0.0,0.0,0.0,0.0,0.0,0.0,0.0,0.0,0.0,0.0,0.0,0.04329170798839563,0.0007083729684879284,0.0,0.0,0.0,0.0,0.0,0.0,0.0,0.0,0.01918678783219806,0.00910765245197908,0.0,0.004978850007079497,0.0,0.0,0.0,0.0,0.0,0.0,0.0,0.0,0.0,0.0,0.0,0.0,0.0,0.0,0.010160092290898972,0.00038454532574996116,0.0,0.0020036835394397975,0.02930640166769704,0.0,0.0,0.0,0.0,0.0,0.0,0.0,0.0029549272399797015,0.00356210407010964,0.0,0.0,0.0038454532574996115,0.0,0.0,0.0037644963468196195,0.0016798558966998301,0.0,0.0,0.0,0.0,0.0,0.0,0.0,0.0006678945131449325,0.0003643060980789632,0.0,0.0,0.0,0.0018620089457398118,0.0,0.003622821753119634,0.0,0.017162865065098266,0.0,0.0,0.0,0.0,0.03377927098299659,0.0005059806917769489,0.0009917221558829,0.0,0.0,0.0
276__276B__SDC__2.0__48H,0.0,0.0,0.0,0.0,0.0,0.0,0.0024329507398993333,0.0,0.0,0.0,0.0,0.0,0.0,0.0,0.0005152130978618588,0.0,0.0,0.0,0.0,0.05538540802018482,0.0,0.020994933737894246,0.0,0.029324212153291965,0.0,0.0,0.0,0.0,0.0,0.0,0.0,0.0,0.0,0.0,0.06116724389618324,0.03799696596728959,0.0,0.00017173769928695295,0.0,0.0,0.0,0.0,0.00015742622434695687,0.0018032458425195057,0.0008300655465547725,0.0,0.0,0.0,0.0,0.0,0.0,0.7643758765777906,0.0018891146921594824,0.0,0.0018891146921594824,0.0,0.0,0.0,0.0,0.0,0.0,0.0,0.0,0.0,0.0,0.0,0.0,0.0,0.0,0.0,0.0,0.0,0.002533131064489306,0.0,0.0,0.0,0.0,0.0025617540143692977,0.0,0.0,0.0,0.0,0.0,0.0,0.0,0.0,0.0,0.0,0.0,0.0,0.0,0.0,0.0,0.0,0.0,0.0,0.0,0.0,0.0,0.0,0.0,0.0,0.0,0.0021180982912094195,0.00018604917422794902,0.0,0.0,0.0,0.0,0.0,0.0,0.0,0.0,0.0,0.0,0.0,0.0,0.0,0.0,0.0,0.0,0.005066262128978612,0.0,0.0,0.0,0.0008729999713767608,0.0,0.0,0.0,0.0,0.0,0.0,0.0,0.0005152130978618588,0.0013882130692396196,0.0,0.0,0.0018748032172194863,0.0,0.0,0.002161032716029408,0.0,0.0,0.0,0.0,0.0,0.0,0.0,0.0,0.0,0.0,0.0,0.0,0.0,0.0,0.0,0.00022898359904993725,0.0,0.0007441966969117961,0.0,0.0,0.0,0.0,0.0006440163723268235,0.0,0.0,0.0,0.00017173769928695295,0.0
41__41A__No Added Carb__1.0__48H,0.00033924590481717513,0.0,0.0,0.00022616393654511678,0.0,0.0,0.01392523666440719,0.004797906368132477,0.0,0.0,0.0,0.00033924590481717513,0.00038770960550520015,0.0,0.0006784918096353503,0.01633226713190843,0.0,0.0,0.0,0.11542438047205959,0.0,0.003263222513001685,0.0004038641724022085,0.07064392103652647,0.0,0.00030693677102515844,0.0027462763723314176,0.0,0.0002584730703371334,0.0,0.0,0.0,0.0,0.0,0.23110723401511932,0.06311589286293258,0.0,0.006655681561183436,0.0,0.0,0.0,0.0024070304675112425,0.0002423185034411251,0.0003554004717131835,0.012778262414806597,0.0,0.0,0.0,0.0,0.0,0.0003230913379211668,0.01566992988920809,0.0015831475558108173,0.0,0.00912733029627471,0.0,0.0,0.0,0.0017931569254609257,0.0013569836192707007,0.0,0.0,0.0,0.0,0.0006784918096353503,0.0,0.0,0.0,0.00022616393654511678,0.0,0.0002907822041291501,0.0,0.0006946463765313587,0.0,0.0,0.0,0.0,0.04660592549512406,0.0,0.0,0.0,0.00030693677102515844,0.0,0.0,0.0,0.0,0.0,0.004135569125392135,0.0,0.0,0.0,0.00021000936964910843,0.0,0.0042486510936621934,0.0,0.0,0.0,0.0002584730703371334,0.0,0.0,0.0,0.0,0.0,0.034861555361718,0.16240186100608384,0.0,0.0042486510936621934,0.0,0.0,0.0,0.01806080578980932,0.03087137733841594,0.0,0.0,0.0,0.0,0.0,0.0,0.0,0.0,0.003327840780591718,0.00030693677102515844,0.0,0.0,0.0016962295240908756,0.001373138186170709,0.0,0.0,0.0,0.0,0.0,0.00017770023585709176,0.0,0.002326257633031201,0.05665406610452925,0.0,0.00017770023585709176,0.0,0.0,0.0,0.0005007915737782586,0.0,0.0,0.0,0.0,0.0,0.0,0.0,0.0,0.00466866983296241,0.0,0.0,0.0006461826758423336,0.0,0.00022616393654511678,0.0,0.0021162482633810924,0.0,0.029126684113615037,0.0,0.00033924590481717513,0.00022616393654511678,0.0,0.011130496591405746,0.0002907822041291501,0.0,0.0,0.0,0.0
41__41A__RDC__1.0__0H,0.0,0.0,0.0,0.0014609533850400425,0.0,0.0,0.0,0.0,0.0,0.0,0.0,0.0,0.0,0.0,0.024414489042800712,0.0,0.0,0.0,0.0,0.0,0.0,0.03177950146850092,0.0,0.49380224414493135,0.0,0.0,0.0,0.0,0.0,0.08444913020560246,0.0,0.0,0.0,0.0,0.00016567512613900482,0.013344378341700389,0.0,0.008735597560060253,0.0,0.0,0.0,0.0,0.0,0.02587544242790075,0.002665863393330078,0.0,0.0,0.0,0.0,0.0,0.00024098200165700701,0.0,0.0652910610739019,0.0,0.023510806536600683,0.007877099179160229,0.0,0.0,0.0,0.04266887566830124,0.0,0.0,0.0,0.0,0.00036147300248501053,0.00028616612696700833,0.0,0.0,0.0,0.0,0.0,0.0,0.0,0.0,0.0,0.0,0.0,0.0377739287596911,0.0,0.0,0.0008735597560060253,0.0,0.0,0.0,0.0014458920099400421,0.0,0.0,0.0,0.0,0.0,0.0,0.0,0.0,0.0,0.0,0.0,0.0,0.0,0.0,0.0,0.0004970253784170144,0.0,0.0,0.0,0.0,0.0,0.0,0.0,0.0,0.0,0.0,0.0,0.0,0.0,0.0,0.0,0.0,0.0,0.0,0.0,0.0,0.011777995331000341,0.007063784923560206,0.0,0.0031177046464300907,0.0,0.0,0.0,0.0,0.0,0.0,0.0,0.0,0.015949996234700465,0.010407410196600304,0.0,0.0,0.0,0.0,0.0,0.0007831915053840227,0.0,0.0,0.0,0.0,0.0,0.0,0.0,0.0,0.0023495745161500685,0.00042171850289901227,0.0,0.0,0.0,0.0071993372995002095,0.0,0.002711047518640079,0.0,0.028059341817900815,0.0,0.0,0.0,0.0,0.04263875291810124,0.0,0.0,0.0,0.0,0.0
41__41A__RDC__1.0__48H,0.00018998507260099538,0.0,0.0,0.00016284434794399606,0.0,0.0,0.009621386891029768,0.0028497760890199312,0.0,0.0,0.0,0.0004613923191749888,0.00017641471027299573,0.0,0.00787081015062981,0.0026326502917599364,0.0,0.0,0.0,0.11065273442799732,0.00027140724657299345,0.013801058488299666,0.0015198805808099632,0.061310897000948515,0.0,0.0004342515945179895,0.0018455692766999553,0.0,0.0,0.0,0.0,0.0,0.0,0.0,0.11888994436199712,0.05078029583389877,0.0,0.003324738770529919,0.0,0.0,0.0,0.0010856289862899737,0.0,0.0026733613787499355,0.003677568191069911,0.00017641471027299573,0.0,0.0,0.0,0.0,0.0005292441308179872,0.005672411453389863,0.005401004206808869,0.0,0.00787081015062981,0.0,0.0,0.0,0.0014791694938299641,0.00040711086985999016,0.0,0.0,0.0,0.0,0.0002306961595869944,0.0,0.0,0.0007327995657479822,0.0002985479712309928,0.0,0.00123490297190997,0.0,0.0005156737684899875,0.0002849776089019931,0.0,0.0,0.0,0.03446872031479917,0.0,0.0,0.0,0.0,0.0,0.0,0.0,0.00018998507260099538,0.0,0.0010042068123199757,0.0,0.0,0.0,0.0,0.0,0.00165558420409996,0.00018998507260099538,0.0,0.0,0.0,0.0,0.0,0.0,0.0,0.0,0.02944768625319929,0.38944225810799055,0.0,0.0012213326095799706,0.0,0.0,0.0,0.010001357036199757,0.010150631021799753,0.0,0.0011941918849199711,0.0,0.0,0.0,0.0,0.0,0.0,0.004166101234899899,0.00027140724657299345,0.0,0.0,0.002184828334919947,0.0008142217397199803,0.0,0.0,0.0,0.0,0.0,0.0,0.0,0.0013977473198499661,0.04365585561129894,0.0,0.0034333016691499166,0.0,0.0,0.0,0.00044782195684598915,0.0,0.0,0.0,0.0,0.0,0.0,0.0,0.0,0.002727642828059934,0.0,0.0,0.00027140724657299345,0.0,0.00017641471027299573,0.0,0.00207626543628995,0.0,0.028375627629299315,0.0,0.0,0.0,0.0,0.011711222689599718,0.00025783688424499374,0.0,0.0,0.0,0.0
41__41A__RDC__2.0__0H,0.0,0.0,0.0,0.0,0.0016824849007799215,0.0,0.0018766177739399125,0.0006686798964619688,0.0,0.0,0.0,0.0,0.0,0.0,0.021742881794698986,0.0014452113891299326,0.0,0.0,0.0,0.004918032786889771,0.0,0.10854184641899493,0.0,0.2506255392580783,0.0,0.0,0.0,0.0,0.0,0.0,0.0,0.0,0.0,0.0,0.0,0.04130716134599807,0.0,0.024568593615198857,0.0,0.0,0.0,0.004767040552199778,0.0,0.02221742881789896,0.0002588438308889879,0.0,0.0,0.0,0.0,0.0,0.0,0.0,0.06268334771349707,0.0,0.09083261432269576,0.0,0.0,0.0,0.0,0.0813201035374962,0.0,0.0,0.0,0.0,0.0004529767040549789,0.0,0.0,0.0015962036238099256,0.0,0.0,0.0,0.0,0.0004314063848139799,0.0,0.0,0.0,0.0,0.025690250215668804,0.0,0.0,0.0,0.0,0.0,0.0,0.007204486626399664,0.0,0.0,0.0,0.0,0.0,0.0,0.0,0.0,0.0,0.0,0.0,0.0,0.0,0.0,0.0,0.002545297670409881,0.0,0.0,0.0006255392579809708,0.0,0.0,0.0,0.0,0.0,0.0,0.0,0.0,0.0,0.0,0.0,0.0,0.0,0.0,0.0,0.0,0.0,0.02439603106129886,0.0023727351164798895,0.0,0.0020060396893899065,0.10150992234699527,0.0,0.0,0.0003666954270919829,0.0,0.0,0.0,0.0,0.0017687661777399176,0.03716566005179826,0.0,0.0,0.0,0.0,0.0,0.0,0.0,0.0,0.0,0.0,0.0,0.0,0.0,0.0,0.011842105263199449,0.0002804141501289869,0.0,0.0004529767040549789,0.0,0.012812769628999403,0.0,0.0027178602243298736,0.0,0.02165660051769899,0.0,0.0,0.0,0.0,0.021742881794698986,0.0,0.0,0.0,0.0009059534081099578,0.0
41__41A__RDC__2.0__48H,0.0,0.0,0.0,0.0,0.0,0.0,0.0010743526099401969,0.0009632126847701765,0.0,0.0,0.0,0.0,0.0,0.0,0.05066128255470929,0.0,0.0,0.0,0.0,0.06577631237731206,0.0,0.11328863038602076,0.0,0.04410402696999808,0.0,0.0,0.0,0.0,0.0,0.0,0.0,0.0,0.0,0.0,0.0692401733783127,0.13690586448302508,0.0,0.012373578335102267,0.0,0.0,0.0,0.0004260363798020781,0.0,0.021357388952703914,0.0016300522357602988,0.0,0.0,0.0,0.0,0.0,0.0,0.0011854925351002172,0.010873189345372992,0.0,0.02585855592190474,0.0,0.0,0.0,0.0005742229466901053,0.00676101211425124,0.0,0.0,0.0,0.0,0.00025932649205304755,0.0,0.0,0.0037417108139106855,0.0,0.0,0.0,0.0,0.0003889897380800713,0.00020375652947103736,0.0,0.0,0.0,0.022765161338104172,0.0,0.0,0.0,0.0,0.0,0.0,0.00020375652947103736,0.004686400177820859,0.0,0.0,0.0,0.0,0.0,0.0,0.0,0.004019560626830737,0.0,0.0,0.0,0.0,0.0,0.0,0.0,0.0,0.0,0.016337568999402995,0.27136665061304976,0.0,0.0012966324602702378,0.0,0.0,0.0,0.001407772385430258,0.00022227985033204073,0.0,0.0032601044715305978,0.0,0.0,0.0,0.0,0.0,0.0,0.0,0.00031489645463605775,0.0003519430963580645,0.0,0.003834327418220703,0.0003889897380800713,0.0,0.0,0.0,0.0,0.0,0.0004075130589410747,0.0,0.014392620309002638,0.05010558292890919,0.0,0.007038861927171291,0.0,0.0,0.0,0.0002963731337750543,0.0,0.0,0.0,0.0,0.0,0.0,0.0,0.0,0.0002778498129140509,0.0,0.0,0.0,0.0,0.00020375652947103736,0.0,0.0,0.0,0.02608083577220478,0.0,0.0,0.00022227985033204073,0.0,0.002871114733450526,0.0,0.0,0.0,0.0,0.0
41__41A__SDC__1.0__0H,0.0,0.0,0.0,0.0,0.001696803930504042,0.0,0.0022286379982813685,0.0006837866585634199,0.0,0.0,0.0,0.0,0.0,0.0,0.022970166641314106,0.00205135997569126,0.0,0.0,0.0,0.0061034290634737485,0.0,0.10798764118906633,0.0,0.25771159398250526,0.0,0.0,0.0,0.0,0.0,0.0,0.0,0.0,0.0,0.0,0.0,0.03978625335562444,0.0,0.024261763663114902,0.0,0.0,0.0,0.004634554019152847,0.0,0.020665552347712692,0.0,0.0,0.0,0.0,0.0,0.0,0.0,0.0,0.05986932077193677,0.0,0.09578078306245882,0.0,0.0,0.0,0.0,0.08177581927775023,0.0,0.0,0.0,0.0,0.0,0.0,0.0,0.0012915970217307932,0.0,0.0,0.0,0.0,0.0,0.0,0.0,0.0,0.0,0.023755255027085587,0.0,0.0,0.0,0.0,0.0,0.0,0.007369700653404526,0.0,0.0,0.0,0.0,0.0,0.0,0.0,0.0,0.0,0.0,0.0,0.0,0.0,0.0,0.0,0.0031403535430319287,0.0,0.0,0.0007344375221604511,0.0,0.0,0.0,0.0,0.0,0.0,0.0,0.0,0.0,0.0,0.0,0.0,0.0,0.0,0.0,0.0,0.0,0.02694625943371655,0.002659170338851633,0.0,0.0027604720660516953,0.09651522058455927,0.0,0.0,0.0,0.0,0.0,0.0,0.0,0.001240946158130762,0.03687382869882265,0.0,0.0,0.0,0.0,0.0,0.0,0.00027857974978517106,0.0,0.0,0.0,0.0,0.0,0.0,0.0,0.010636681355406533,0.0004305323405762644,0.0,0.0005065086359723111,0.0,0.011092539127806812,0.0,0.0022792888618814,0.0,0.020184369143512397,0.0,0.0,0.0,0.0,0.02215975282381361,0.0,0.0,0.0,0.0009370409765495755,0.0
41__41A__SDC__1.0__48H,0.0003435196450300508,0.0,0.0,0.0,0.0,0.0,0.006269233521790927,0.002562084019180379,0.0,0.0,0.0,0.0006011593788020889,0.0,0.0,0.004837901667500716,0.0005725327417160847,0.0,0.0,0.0,0.10553209761701561,0.0,0.02583553996990382,0.0006584126529740974,0.121720460888858,0.0,0.0002003864596010296,0.001359765261580201,0.0,0.0,0.0,0.0,0.0,0.0,0.0,0.1190152436840176,0.05368925785440794,0.0,0.00446575538539066,0.0,0.0,0.0,0.0005009661490020741,0.0,0.001703284906610252,0.002590710656270383,0.0,0.0,0.0,0.0,0.0,0.003835969369500567,0.0040363558291005965,0.00392184928075458,0.0,0.008530737851571261,0.0,0.0,0.0,0.0011880054390601756,0.010964002003901623,0.0,0.0,0.0,0.0,0.0003292063264870487,0.0,0.0,0.00025763973377203813,0.0004437128748300656,0.0,0.0005439061046300805,0.0,0.000615472697345091,0.00027195305231504023,0.0,0.0,0.0,0.040936091032706054,0.0,0.0,0.0,0.0,0.0,0.0,0.0,0.0,0.0,0.00048665283045907197,0.0,0.0,0.0,0.0,0.0,0.0008731124311171291,0.0002003864596010296,0.0,0.0,0.0,0.0,0.0,0.0,0.0,0.0,0.057267587490208466,0.2960996206970438,0.0,0.002061117870180305,0.0,0.0,0.0,0.009847563157521456,0.005510627639020815,0.0,0.0015315250840902265,0.0,0.0,0.0,0.0,0.0,0.0,0.005424747727760803,0.00028626637085804233,0.0001574465039720233,0.0,0.002061117870180305,0.0009017390682031334,0.0,0.0,0.0,0.0,0.0,0.0,0.0,0.0009876189794601462,0.05211479281470771,0.0,0.0006297860158880932,0.0,0.0,0.0,0.0005009661490020741,0.0,0.0,0.0,0.0,0.0,0.0,0.0,0.0,0.0020324912330903005,0.0,0.0,0.00027195305231504023,0.0,0.0002003864596010296,0.0,0.002834037071500419,0.0,0.010133829528401498,0.0,0.0,0.0,0.0,0.01872182065410277,0.0001717598225150254,0.0,0.0,0.00035783296357305293,0.0
41__41A__SDC__2.0__0H,0.0,0.0,0.0,0.0,0.0014367816091988967,0.0,0.0020525451559898523,0.0003078817733989778,0.0,0.0,0.0,0.0,0.0,0.0,0.018934729063998637,0.0016163793103398838,0.0,0.0,0.0,0.0038998357963897193,0.0,0.10357655993399255,0.0,0.26228961412177115,0.0,0.0,0.0,0.0,0.0,0.0,0.0,0.0,0.0,0.0,0.0,0.038151683086997255,0.0,0.02542590311989817,0.0,0.0,0.0,0.004900451559929648,0.0,0.02044848111659853,0.0,0.0,0.0,0.0,0.0,0.0,0.0,0.0,0.05995997536949568,0.0,0.09698275862069301,0.0,0.0,0.0,0.0,0.08312807881769402,0.0,0.0,0.0,0.0,0.00035919540229897417,0.0,0.0,0.0013084975369499058,0.0,0.0,0.0,0.0,0.0,0.0,0.0,0.0,0.0,0.026477832512346096,0.0,0.0,0.0,0.0,0.0,0.0,0.007029967159279494,0.0,0.0,0.0,0.0,0.0,0.0,0.0,0.0,0.0,0.0,0.0,0.0,0.0,0.0,0.0,0.002001231527089856,0.0,0.0,0.0013084975369499058,0.0,0.0,0.0,0.0,0.0,0.0,0.0,0.0,0.0,0.0,0.0,0.0,0.0,0.0,0.0,0.0,0.0,0.023296387520498323,0.0024373973727398247,0.0,0.0023347701149398323,0.10509031198699244,0.0,0.0,0.0,0.0,0.0,0.0,0.0,0.0013598111658499022,0.034944581280797485,0.0,0.0,0.0,0.0,0.0,0.0,0.0,0.0,0.0,0.0,0.0,0.0,0.0,0.0,0.010904146141199215,0.0,0.0,0.0005387931034479612,0.0,0.011442939244699177,0.0,0.0019755747126398576,0.0,0.02196223316909842,0.0,0.0,0.0,0.0,0.02170566502459844,0.0,0.0,0.0,0.00041050903119897047,0.0
41__41A__SDC__2.0__48H,0.0,0.0,0.0,0.0,0.0,0.0,0.0004026187725378124,0.0008577530371456003,0.0,0.0,0.0,0.0,0.0,0.0,0.0023982074711988827,0.0,0.0,0.0,0.0,0.04423554948707939,0.0,0.0768651752266642,0.0,0.13386198928713763,0.0,0.0,0.0,0.0,0.0,0.0,0.0,0.0,0.0,0.0,0.10538108742095091,0.07413436963896546,0.0,0.004253754857678018,0.0,0.0,0.0,0.0029758778839786134,0.0,0.005969260931967219,0.0025732591114388014,0.0,0.0,0.0,0.0,0.0,0.0,0.002730805587648728,0.006179322900257122,0.0,0.020341000595190523,0.0,0.0,0.0,0.0,0.1509295242099297,0.0,0.0,0.0,0.0,0.000227567132303894,0.0,0.0,0.0033084760004184585,0.000227567132303894,0.0,0.0003501032804678369,0.0,0.0006301859048417063,0.0,0.0,0.0,0.0,0.005374085355177497,0.0,0.0,0.0,0.0,0.0,0.0,0.0008577530371456003,0.00036760844449082875,0.0,0.0,0.0,0.0,0.0,0.0,0.0,0.0023456919791289073,0.0,0.0,0.0,0.0,0.00019255680425691031,0.0,0.0,0.0,0.0,0.07374925603046564,0.17176066939691997,0.0,0.0006126807408187145,0.0,0.0,0.0,0.002625774603508777,0.0,0.0,0.0014529286139393232,0.0,0.0,0.0,0.0,0.0,0.0,0.00036760844449082875,0.0,0.0003501032804678369,0.0,0.0033259811644384503,0.0005426600847247471,0.0,0.0,0.0,0.0,0.0,0.0002450722963268858,0.0,0.001365402793819364,0.05692679340407348,0.0,0.00294086755592863,0.0,0.0,0.0,0.0004901445926547717,0.0,0.0,0.0,0.0,0.0,0.0,0.0,0.0,0.0002450722963268858,0.0,0.0,0.0,0.0,0.0,0.0,0.0,0.0,0.010748170710394994,0.0,0.0,0.000455134264607788,0.0,0.0238245282357889,0.0,0.0,0.0,0.0,0.0
41__41B__No Added Carb__1.0__0H,0.0,0.0,0.0,0.0008444574360972304,0.0,0.0,0.0032316736496808816,0.0,0.0,0.0,0.0,0.0,0.0,0.0,0.026259378349407163,0.0,0.0,0.0,0.0,0.0,0.0,0.28797622527507855,0.0,0.4227159050311153,0.0,0.0,0.0,0.0,0.0,0.0,0.0,0.0,0.0,0.0,0.0022410601188706113,0.0,0.0,0.0,0.0,0.0,0.0,0.0,0.0,0.05765045957971572,0.0041898080483311435,0.0,0.0,0.0,0.0,0.0,0.0034590275747809437,0.001250446588070341,0.002988080158500815,0.0,0.019796031050105398,0.00030855175549708417,0.0,0.0,0.0,0.0063983890350417455,0.0,0.0,0.0,0.0,0.0,0.0,0.0,0.08225340218912244,0.0,0.0,0.0,0.0,0.0025171327422106866,0.0,0.0,0.0,0.0,0.009045438305892467,0.0,0.0,0.00019487479294605316,0.0,0.0,0.0,0.0,0.0,0.0,0.0,0.0,0.0,0.0,0.0,0.0,0.0,0.0,0.0,0.0,0.0,0.0,0.0,0.00035727045373309745,0.0,0.0,0.0,0.0,0.0,0.0,0.0,0.0,0.0,0.0,0.0,0.0,0.0,0.0,0.0,0.0,0.0,0.0,0.0,0.0,0.015638702133904267,0.00024359349118206644,0.0,0.0031179966871308505,0.0023384975153506377,0.0,0.0,0.0,0.0,0.0,0.0,0.0,0.00898048004157245,0.0054564942024714885,0.0,0.0,0.0,0.0,0.0,0.0019974666276905448,0.0,0.0,0.0,0.0,0.0,0.0,0.0,0.0,0.0015914774757204342,0.00030855175549708417,0.0,0.0,0.0,0.0,0.0,0.000341030887655093,0.0,0.01843190749940503,0.0,0.0,0.0,0.0,0.007876189548222149,0.0,0.0,0.0,0.0,0.0
41__41B__No Added Carb__1.0__48H,0.00022789858513004398,0.0,0.0,0.00028487323141205504,0.0,0.0,0.013161143291202541,0.0026588168265105133,0.0,0.0,0.0,0.00030386478017305863,0.0,0.0,0.003798309752160733,0.004463013958790861,0.0,0.0,0.0,0.031905801918106165,0.0,0.0022979774000604436,0.0,0.04884626341274943,0.0,0.0008356281454751614,0.001025543633080198,0.1868768398060361,0.0005887380115851136,0.0,0.0,0.0,0.0,0.0,0.035267306048806804,0.19749311556403815,0.0,0.010217453233301973,0.0,0.0,0.0,0.01211660810940234,0.00030386478017305863,0.008394264552271621,0.010920140537502107,0.0,0.0,0.0,0.0,0.0,0.00041781407273808066,0.11575348969702234,0.0008736112429971687,0.0,0.006419143481151239,0.0,0.0,0.0,0.0018611717785603592,0.0011205013768902164,0.0,0.0,0.0,0.0,0.0016142816446703117,0.0,0.0,0.0,0.00032285632893406233,0.0,0.0,0.0,0.045142911404408716,0.0,0.0,0.0,0.0,0.047516854999509174,0.0,0.0,0.00028487323141205504,0.00024689013389004764,0.0,0.0,0.0,0.0,0.0,0.0,0.0,0.0,0.0,0.0,0.0,0.0012724337669702457,0.0,0.0,0.0,0.0,0.0,0.0,0.000740670401671143,0.03112714841900601,0.0,0.027214889374205253,0.0005507549140631063,0.0,0.0,0.0,0.0,0.00020890703636904033,0.0008356281454751614,0.013446016522602595,0.0,0.0,0.0,0.0,0.0,0.0,0.0,0.0,0.0,0.00032285632893406233,0.0,0.0,0.0008356281454751614,0.006514101224951258,0.0,0.0,0.0,0.0,0.0,0.0,0.0,0.001937137973600374,0.09315354667171799,0.0,0.0,0.0,0.0,0.0,0.000626721109106121,0.0,0.0,0.0,0.0,0.0,0.0,0.0,0.0,0.0026398252777505094,0.0,0.0,0.0,0.0,0.0018801633273203629,0.0,0.0004937802677810953,0.0,0.007387712467951426,0.0,0.0,0.0,0.0,0.014908365777202878,0.0,0.0,0.0,0.00034184787769406597,0.0
41__41B__RDC__1.0__0H,0.0,0.0,0.0,0.0,0.0009875163033352063,0.0,0.0017141792435303583,0.0004658095770450974,0.0,0.0,0.0,0.0,0.0,0.0,0.024166200857105052,0.0007266629401901519,0.0,0.0,0.0,0.002608533631450545,0.0,0.12422209800602596,0.0,0.368250419228927,0.0,0.0,0.0,0.0,0.0,0.0,0.0,0.0,0.0,0.0,0.00020495621390004284,0.01779392584310372,0.0,0.01870691261410391,0.0,0.0,0.0,0.002384945034470499,0.0,0.02740823551330573,0.0007452953232721558,0.0,0.0,0.0,0.0,0.0,0.0003726476616360779,0.00020495621390004284,0.041792435252444735,0.0,0.0884665548724185,0.0,0.0,0.0,0.0,0.06208310042851298,0.0,0.0,0.0,0.0,0.0,0.0,0.0,0.009129867710081908,0.0,0.0,0.0,0.0,0.0007266629401901519,0.0,0.0,0.0,0.0,0.022265697782703656,0.0,0.0,0.00020495621390004284,0.0,0.0,0.0,0.006223215949321301,0.0,0.0,0.0,0.0,0.0,0.0,0.0,0.0,0.0,0.0,0.0,0.0,0.0,0.0,0.0,0.0015464877957903232,0.0,0.0,0.0007452953232721558,0.0,0.0,0.0,0.0,0.0,0.0,0.0,0.0,0.0,0.0,0.0,0.0,0.0,0.0,0.0,0.0,0.0,0.019098192658803994,0.0022172535867304635,0.0,0.0020495621390004284,0.0660331656419138,0.0,0.0,0.0,0.0,0.0,0.0,0.0,0.0021054592882404403,0.0306130054034064,0.0,0.0,0.0,0.0,0.0,0.0,0.0,0.0,0.0,0.0,0.0,0.0,0.0,0.0,0.0073411589342315346,0.0002608533631450545,0.0,0.00031675051239106624,0.0,0.006018259735421258,0.0,0.0019936649897504166,0.0,0.019787590832904135,0.0,0.0,0.0,0.0,0.017011365753703555,0.0,0.0,0.0,0.0010061486864202103,0.0
41__41B__RDC__1.0__48H,0.0003075472084970972,0.0,0.0,0.00041006294466212955,0.0,0.0,0.022614971398107146,0.003301006704531043,0.0,0.0,0.0,0.0006766038586922138,0.00045106923912814254,0.0,0.0022553461956407125,0.0015992454841805052,0.0,0.0,0.0,0.03592151395241135,0.0,0.0058844032559018595,0.0,0.05322617021710682,0.0,0.002132327312240674,0.0002870440612630907,0.07022327927342219,0.0006561007114592073,0.0,0.0,0.0,0.0,0.0,0.03573698562731129,0.15498328993504895,0.0,0.008406290365572656,0.0,0.0,0.0,0.011748303364603712,0.00032805035573010366,0.01880138601280594,0.007770692801352456,0.0,0.0,0.0,0.0,0.0,0.00022553461956407127,0.21243310848206712,0.003998113710451263,0.0,0.010907674328003446,0.0,0.0,0.0,0.0017222643675805442,0.001373710864620434,0.0,0.0,0.0,0.0,0.0007586164476252398,0.0,0.0,0.00047157238636114904,0.0006355975642262008,0.0,0.0,0.0,0.08371435015272645,0.0,0.0,0.0,0.0,0.03167736247511001,0.0,0.0,0.0,0.00026654091403008427,0.0,0.0,0.00026654091403008427,0.0,0.0,0.0,0.0,0.0,0.0,0.0,0.0,0.0019477989871406155,0.0,0.0,0.0,0.0,0.0,0.0,0.0006766038586922138,0.0,0.0,0.04059623152151283,0.0,0.0,0.0003075472084970972,0.0,0.0,0.0,0.0013122014229204147,0.010313083058203257,0.0,0.0,0.0,0.0,0.0,0.0,0.0,0.0,0.0,0.00047157238636114904,0.0005945912697601879,0.0,0.0005740881225271814,0.005556352900171755,0.0,0.0,0.0,0.0,0.0,0.0,0.0,0.0022143399011706993,0.09921472946103135,0.0,0.0,0.0,0.0,0.0,0.002050314723310648,0.0021733336067106864,0.0,0.0,0.0,0.0,0.0,0.0,0.0,0.0028499374654009004,0.0,0.0,0.0,0.0,0.0008406290365572656,0.0,0.0009636479199563045,0.0,0.0237426444959075,0.0,0.0,0.0,0.0,0.01718163738130543,0.0002460377667970777,0.0,0.0,0.0,0.0
41__41B__RDC__2.0__0H,0.0,0.0,0.0,0.0,0.0,0.0,0.0,0.0,0.0,0.0,0.0,0.0,0.0,0.0,0.0,0.0,0.0,0.0,0.0,0.0,0.0,0.0,0.0,0.0,0.0,0.0,0.0,0.0,0.0,0.0,0.0,0.0,0.0,0.0,0.0,0.0,0.0,0.0,0.0,0.0,0.0,0.0,0.0,0.0,0.0,0.0,0.0,0.0,0.0,0.0,0.0,0.0,0.0,0.0,0.0,0.0,0.0,0.0,0.0,0.0,0.0,0.0,0.0,0.0,0.0,0.0,0.0,0.0,0.0,0.0,0.0,0.0,0.0,0.0,0.0,0.0,0.0,0.0,0.0,0.0,0.0,0.0,0.0,0.0,0.0,0.0,0.0,0.0,0.0,0.0,0.0,0.0,0.0,0.0,0.0,0.0,0.0,0.0,0.0,0.0,0.0,0.0,0.0,0.0,0.0,0.0,0.0,0.0,0.0,0.0,0.0,0.0,0.0,0.0,0.0,0.0,1.0,0.0,0.0,0.0,0.0,0.0,0.0,0.0,0.0,0.0,0.0,0.0,0.0,0.0,0.0,0.0,0.0,0.0,0.0,0.0,0.0,0.0,0.0,0.0,0.0,0.0,0.0,0.0,0.0,0.0,0.0,0.0,0.0,0.0,0.0,0.0,0.0,0.0,0.0,0.0,0.0,0.0,0.0,0.0,0.0,0.0,0.0,0.0,0.0,0.0,0.0,0.0,0.0
41__41B__RDC__2.0__48H,0.0,0.0,0.0,0.0,0.0,0.0,0.0,0.0,0.0,0.0,0.0,0.0,0.0,0.0,0.002043185511960648,0.0,0.0,0.0,0.0,0.04358021824941382,0.0,0.18205247271905772,0.0,0.05560715114935764,0.0,0.0,0.0,0.01374506617130436,0.0,0.0,0.0,0.0,0.0,0.0,0.1620617599260514,0.19352217320606138,0.0,0.007731599721382452,0.0,0.0,0.0,0.0041560250754613184,0.0,0.03180868353841009,0.00034827025772011047,0.0,0.0,0.0,0.0,0.0,0.0,0.12897608544204092,0.05010448107731589,0.0,0.04947759461341569,0.0,0.0,0.0,0.0,0.0007661945669842431,0.0,0.0,0.0,0.0,0.0,0.0,0.0,0.0,0.0,0.0,0.0,0.0,0.0006268864638961988,0.0,0.0,0.0,0.0,0.009449732992802998,0.0,0.0,0.0,0.0,0.0,0.0,0.0,0.0,0.0,0.0,0.0,0.0,0.0,0.0,0.0,0.0,0.0,0.0,0.0,0.0,0.0,0.0,0.0004411423264451399,0.0,0.0,0.012398421174803933,0.0,0.0,0.0,0.0,0.0,0.0,0.0005340143951711693,0.0,0.0,0.0,0.0,0.0,0.0,0.0,0.0,0.0,0.0,0.0004411423264451399,0.00030183422335709574,0.0,0.0,0.00132342697934042,0.0,0.0,0.0,0.0,0.0,0.0,0.0,0.0010448107731603313,0.030322730438809616,0.0,0.0016949152542405374,0.0,0.0,0.0,0.0005804504295331841,0.0,0.0,0.0,0.0,0.0,0.0,0.0,0.0,0.0,0.0,0.0,0.0,0.0,0.0,0.0,0.0,0.0,0.014302298583704536,0.0,0.0,0.0,0.0,0.00030183422335709574,0.0,0.0,0.0,0.000255398188995081,0.0
41__41B__SDC__1.0__0H,0.0,0.0,0.0,0.0004792193081816574,0.0,0.0,0.0030931428073477886,0.0,0.0,0.0,0.0,0.0,0.0,0.0,0.031083906944277775,0.0,0.0,0.0,0.0,0.0,0.0,0.23712642676683046,0.0,0.45310185588567603,0.0,0.0,0.0,0.0,0.0,0.0,0.0,0.0,0.0,0.0,0.001023786703839268,0.0,0.0,0.0,0.0,0.0,0.0,0.0,0.0,0.06040341552665681,0.0047486276901566055,0.0,0.0,0.0,0.0,0.0,0.0026357061949981156,0.0013069617495890657,0.0033763178530975863,0.0,0.01655484882808816,0.0003920885248757197,0.0,0.0,0.0,0.0072100723185448455,0.0,0.0,0.0,0.0,0.0,0.0,0.0,0.09948157183922887,0.0,0.0,0.0,0.0,0.0018079637535887074,0.0,0.0,0.0,0.0,0.011043826783992104,0.0,0.0,0.0,0.0,0.0,0.0,0.0,0.0,0.0,0.0,0.0,0.0,0.0,0.0,0.0,0.0,0.0,0.0,0.0,0.0,0.0,0.0,0.0002831750457437975,0.0,0.0,0.0,0.0,0.0,0.0,0.0,0.0,0.0,0.0,0.0,0.0,0.0,0.0,0.0,0.0,0.0,0.0,0.0,0.0,0.011675524962991653,0.0,0.0,0.0031584908948277418,0.0007841770497514393,0.0,0.0,0.0,0.0,0.0,0.0,0.0,0.006469460660445374,0.0053149777816462,0.0002831750457437975,0.0,0.0,0.0,0.0,0.001742615666108754,0.0,0.0,0.0,0.0,0.0,0.0,0.0,0.0,0.0018079637535887074,0.0003485231332227508,0.0,0.0,0.0,0.0,0.0,0.0005227846998336262,0.0,0.024374836629782574,0.0,0.0,0.0,0.0,0.008364555197344019,0.0,0.0,0.0,0.0,0.0
41__41B__SDC__1.0__48H,0.0002120722105879968,0.0,0.0,0.0001723086711029974,0.0,0.0,0.031307160087999525,0.0022665217506599657,0.0,0.0,0.0,0.0,0.0003711263685279944,0.0,0.0015110145004399772,0.001868886355799972,0.0,0.0,0.0,0.07692919439069884,0.0001457996447789978,0.07311189460009888,0.0001457996447789978,0.04338202157831935,0.0,0.0010868700792599835,0.0009013068949979864,0.04094319115659938,0.00025183575007299623,0.0,0.0,0.0,0.0,0.0,0.12842297802399805,0.0932852636322416,0.0,0.004267953238079936,0.0,0.0,0.0,0.00198817697425997,0.0,0.01685974074169975,0.004837897304029927,0.0,0.0,0.0,0.00022532672374899658,0.0,0.0002915992895579956,0.197664554780997,0.00398960846167994,0.0,0.009689049121229854,0.0,0.0,0.0,0.005142751106749922,0.00459931606711993,0.0,0.0,0.0,0.0,0.0003711263685279944,0.0,0.0,0.004347480317049934,0.00025183575007299623,0.0,0.0,0.0001855631842639972,0.06727990880889899,0.0,0.0,0.0,0.0,0.018251464623699726,0.0,0.0,0.0001855631842639972,0.0,0.0,0.0,0.0001855631842639972,0.0,0.0,0.0011398881319099829,0.0,0.0,0.0,0.0,0.0,0.0022002491848499665,0.0,0.0,0.0,0.0,0.0003711263685279944,0.0,0.0003048538027199954,0.0009808339739679852,0.0,0.015255944649199769,0.0010338520266199845,0.0,0.0,0.0,0.0,0.0,0.0003578718553669946,0.00022532672374899658,0.0,0.0013784693688199791,0.0,0.0,0.0,0.0,0.0,0.0,0.0,0.014447419346299782,0.0004108899080139938,0.0,0.0032606102377899506,0.0019086498952899712,0.0008880523818359865,0.0,0.000265090263234996,0.0,0.00331362829042995,0.0,0.0,0.0009013068949979864,0.04501232669719932,0.0,0.0032606102377899506,0.003446173422049948,0.0,0.0,0.00595127640961991,0.00022532672374899658,0.0,0.0,0.0,0.0,0.0,0.0,0.0,0.0018026137899999728,0.003048538027199954,0.0,0.0,0.0,0.0012856877766899805,0.0,0.002372557855949964,0.0,0.024308777138599632,0.0,0.0,0.0,0.0,0.017018794899699742,0.0,0.0,0.0,0.006693529146669899,0.0
41__41B__SDC__2.0__0H,0.0,0.0,0.0,0.0009687946155420236,0.002736419878980067,0.0,0.0010707729961200263,0.0,0.0,0.0,0.0,0.0,0.0,0.0,0.016996396763900416,0.0,0.0,0.0,0.0,0.0,0.0,0.19061458970700465,0.0,0.5217043986675728,0.0,0.0,0.0,0.0,0.0,0.0,0.0,0.0,0.0,0.0,0.0030933442110300754,0.0,0.0,0.0002719423482220067,0.0,0.0,0.0,0.0,0.0,0.03885376300220095,0.0023115099598900565,0.0,0.0,0.0,0.0,0.0,0.0013767081378700337,0.00035692433204200874,0.013087225508240319,0.0,0.012033448908800292,0.0019035964375600464,0.0,0.0,0.0,0.017455299476500426,0.0,0.0,0.0,0.0,0.00025494595145800626,0.0,0.0,0.03547148004620087,0.0,0.0,0.0,0.0,0.005999728057650147,0.0,0.0,0.0,0.0,0.00900809028486022,0.0,0.0,0.00018696036440300456,0.0,0.0,0.0,0.0,0.0,0.0,0.0,0.0,0.0,0.0,0.0,0.0,0.0,0.0,0.0,0.0,0.0,0.0,0.0,0.0,0.0,0.0,0.0,0.0,0.0,0.0,0.0,0.0,0.0,0.0,0.0,0.0,0.0,0.0,0.0,0.0,0.0,0.0,0.0,0.0,0.016452512067400404,0.0005608810932080136,0.0,0.002005574818140049,0.007954313685500194,0.0,0.0,0.0,0.0,0.0,0.0,0.0,0.02122849955810052,0.005965735264120146,0.0,0.0,0.0022775171663600557,0.0,0.0,0.004758991093890116,0.0,0.0,0.0,0.0,0.0,0.0,0.0,0.0,0.0029573730369200726,0.0,0.0,0.0,0.0,0.0,0.0,0.0011727513767100287,0.0,0.04592426405600113,0.0,0.0,0.0,0.0,0.012985247127600318,0.0,0.0,0.0,0.0,0.0
41__41B__SDC__2.0__48H,0.0,0.0,0.0,0.0,0.0,0.0,0.0,0.0002190203532488671,0.0,0.0,0.0,0.0,0.0,0.0,0.00400494360225757,0.0,0.0,0.0,0.0,0.047574349587771125,0.0,0.18970291453488486,0.0,0.09320880461817344,0.0,0.0,0.0,0.01295348946359214,0.0,0.0,0.0,0.0,0.0,0.0,0.028363135745682787,0.1391092129349156,0.0,0.005522441764046648,0.0,0.0,0.0,0.0036607687614377787,0.0,0.024890098715584893,0.0009386586567784303,0.0,0.0,0.0,0.0,0.0,0.0,0.09973248228273948,0.021917679635786697,0.0,0.02759656450928325,0.0,0.0,0.0,0.0,0.07082179565395702,0.0,0.0,0.0,0.0,0.0003128862189258101,0.0,0.0,0.0,0.0,0.0,0.0,0.0,0.0010638131443493546,0.0,0.0,0.0,0.0,0.0029254861469582244,0.0,0.0,0.0,0.0,0.0,0.0,0.0,0.0,0.0,0.0,0.0,0.0,0.0,0.0,0.0,0.0002190203532488671,0.0,0.0,0.0,0.0,0.0002033760423018766,0.0,0.00048497363933570567,0.0,0.0,0.13915614586791553,0.0,0.0,0.0,0.0,0.0,0.0,0.0008917257239394588,0.0,0.0,0.0,0.0,0.0,0.0,0.0,0.0,0.0,0.0,0.0002503089751408481,0.0008291484801544968,0.0,0.0,0.001298477808539212,0.0,0.0,0.0,0.0,0.0,0.0,0.0,0.001048168833399364,0.06556530717596021,0.0,0.0008604371020474778,0.0,0.0,0.0,0.00043804070649673416,0.0,0.0,0.0,0.0,0.0,0.0,0.0,0.0,0.0,0.0,0.0,0.0,0.0,0.0003128862189258101,0.0,0.0,0.0,0.009308365013054352,0.0,0.0,0.0,0.0,0.004396051375917332,0.0,0.0,0.0,0.0002190203532488671,0.0
50__50A__No Added Carb__1.0__0H,0.0,0.0,0.0,0.0,0.00024415438069318196,0.0,0.012226500140909109,0.0,0.0,0.0,0.0,0.0,0.0,0.0,0.02501643346791864,0.0009014930979436717,0.0,0.0,0.0,0.0015024884965711195,0.0,0.06902056531135144,0.0,0.3573293266971562,0.0,0.0,0.0,0.0,0.0,0.0012958963282909655,0.0,0.0,0.0,0.0,0.003512066860742617,0.017334961029212916,0.0,0.008507841111846338,0.0,0.0012771152220909514,0.0,0.0009202742041516857,0.0,0.038031740069528336,0.0,0.0,0.0,0.0,0.0012771152220909514,0.0,0.0,0.0,0.06601558831824918,0.0,0.13683913982510196,0.0,0.0,0.0,0.0,0.026049394309319407,0.0,0.0,0.0,0.0,0.0,0.0,0.0,0.00033805991172925187,0.0,0.0,0.0,0.0,0.005596769649734171,0.0,0.0,0.0,0.0,0.024659592450048375,0.00030049769931422387,0.018142548596113518,0.0,0.0,0.0,0.0,0.007061695933895261,0.0,0.0,0.0,0.0,0.0,0.0,0.0,0.0,0.0,0.0,0.0,0.0,0.0,0.0,0.0,0.004883087613863638,0.0,0.0,0.0002253732744861679,0.0,0.0,0.0,0.0,0.0,0.0,0.0,0.0,0.0,0.00043196544276532183,0.0,0.00024415438069318196,0.0,0.0,0.0,0.0,0.0,0.008470278899436311,0.005315053056633961,0.0,0.01081791717530806,0.014423889567110746,0.0,0.0,0.0020471405765815254,0.0,0.0017278617710612873,0.0,0.0,0.00672363602216501,0.029260963470721803,0.0,0.0,0.0004695276551793498,0.0,0.0,0.00030049769931422387,0.0,0.0,0.0,0.0,0.0,0.0,0.0004507465489723358,0.0,0.008169781200116088,0.0,0.0,0.0,0.0,0.01754155319751307,0.0,0.002009578364171497,0.0,0.02929852568322183,0.0,0.0,0.0002253732744861679,0.0,0.031007606348023103,0.0,0.0,0.0,0.002554230444171903,0.0
50__50A__No Added Carb__1.0__48H,0.0,0.0,0.0,0.0,0.0,0.0,0.006439477385566854,0.0023554930436688495,0.0,0.0,0.0,0.0,0.0,0.0,0.0022199250987089154,0.017251020996091573,0.0,0.0,0.0,0.10648862076594799,0.0,0.026808561115686903,0.018369456541991028,0.10057446916677087,0.0,0.0,0.0,0.0,0.0,0.00032197386927884273,0.0,0.0,0.0,0.0,0.13829624985193245,0.018081374658991168,0.0,0.009371134195315422,0.0,0.0002372439036788841,0.0,0.0,0.0,0.0006439477385566855,0.0017454372913491474,0.0,0.0,0.0,0.0005083797935977516,0.0,0.0,0.006371693413086887,0.0032536306790284107,0.0,0.008845808408595678,0.0,0.0,0.0,0.0037111724932581873,0.00845605056683587,0.0,0.0,0.0,0.0,0.0,0.0,0.0,0.0,0.0,0.0,0.00020335191743890067,0.0,0.002236871091828907,0.0,0.0,0.0,0.0,0.13649997458069132,0.0,0.00032197386927884273,0.0,0.0,0.0,0.0,0.0008303536628755944,0.0,0.0,0.0,0.0,0.0,0.0,0.0006608937316766771,0.0,0.000610055752316702,0.001779329277589131,0.0,0.0,0.0,0.00040670383487780134,0.0,0.0,0.0,0.0,0.021707817186589397,0.09772754232255226,0.0,0.00018640592431890896,0.0,0.0,0.0,0.0,0.0,0.0,0.001338733456469346,0.0,0.0,0.0,0.0,0.0,0.0,0.002135195133108957,0.0011862195183894207,0.0005422717798377352,0.0,0.0008981376353555613,0.0,0.0,0.0,0.0029486028028685596,0.0,0.0031350087271884686,0.0,0.0,0.030248597719085224,0.08418769381975888,0.0,0.03912829811388088,0.0002372439036788841,0.0,0.0,0.0,0.0,0.0,0.0,0.0,0.0,0.0,0.0,0.0,0.0124891969293939,0.0,0.0,0.0,0.0,0.0006778397247966689,0.0,0.0,0.0,0.039094406127680906,0.0,0.0,0.0008811916422355695,0.0,0.03563742353118259,0.0006270017454366937,0.0,0.0,0.0010845435596794702,0.0
50__50A__RDC__1.0__0H,0.0,0.0,0.0,0.0,0.0015280619512587576,0.0,0.0019165522778484415,0.0005697858123325367,0.0,0.0,0.0,0.0,0.0,0.0,0.020745383439983132,0.0015539613063587365,0.0,0.0,0.0,0.004894978115036019,0.0,0.11004635984591052,0.00033669161637872624,0.26098780140355776,0.0,0.0,0.0,0.0,0.0,0.0,0.0,0.0,0.0,0.0,0.0,0.03936701976116799,0.0,0.024733884126279887,0.0,0.0,0.0,0.004661883919086209,0.0,0.021107974411382836,0.0,0.0,0.0,0.0,0.0,0.0,0.0,0.0,0.05936132190305173,0.0,0.10100748491391787,0.0,0.0,0.0,0.0,0.07863044210193607,0.0,0.0,0.0,0.0,0.0,0.0,0.0,0.0018906529227384625,0.0,0.0,0.0,0.0,0.0,0.0,0.0,0.0,0.0,0.02564036155501215,0.0,0.0,0.0,0.0,0.0,0.0,0.006656134262254588,0.0,0.0,0.0,0.0,0.0,0.0,0.0,0.0,0.0,0.0,0.0,0.0,0.0,0.0,0.0,0.001243169045088989,0.0,0.0,0.0011395716246690734,0.0,0.0,0.0,0.0,0.0,0.0,0.0,0.0,0.0,0.0,0.0,0.0,0.0,0.0,0.0,0.0,0.0,0.02641734220817852,0.002486338090177978,0.0,0.001968350988058399,0.09318587967152422,0.0,0.0,0.0,0.0,0.0,0.0,0.0,0.0015798606614687155,0.03548211649527115,0.0,0.0,0.0,0.0,0.0,0.0,0.0,0.0,0.0,0.0,0.0,0.0,0.0,0.0,0.01080003107919122,0.000440289036802642,0.0,0.000414389681696663,0.0,0.012561187226389785,0.0,0.0023050426044381256,0.0,0.02033099375828347,0.0,0.0,0.0,0.0,0.02320582217498113,0.0,0.0,0.0,0.0008028800082873472,0.0
50__50A__RDC__1.0__48H,0.0,0.0,0.0,0.0,0.0,0.0,0.009807968561662214,0.002196060300840496,0.0,0.0,0.0,0.0,0.0,0.0,0.0013704737215803095,0.014282647821303222,0.0,0.0,0.0,0.13803807605303117,0.0,0.030761355943406943,0.016462196390503715,0.09448012813109134,0.0,0.0,0.0,0.0,0.0,0.00019814077902304472,0.0,0.0,0.0,0.0,0.06678995426251508,0.019615937123304426,0.0,0.009609827782642168,0.0,0.0,0.0,0.0,0.0,0.0011888446741402682,0.000908145237191205,0.0,0.0,0.0,0.00033023463170607454,0.0,0.0,0.006043293760221364,0.002476759737790559,0.0,0.008701682545451964,0.0,0.0,0.0,0.0020804781797504695,0.005812129518021312,0.0,0.0,0.0,0.0,0.0,0.0,0.0,0.00018162904743804098,0.0003137229001210708,0.0,0.00041279328963209316,0.0,0.0019153608638904323,0.0,0.0,0.0,0.0,0.09809619734826615,0.0,0.00046232848438810436,0.0,0.0,0.0,0.0,0.0007100044581681603,0.0,0.0,0.0,0.0,0.0,0.0,0.0004953519475591118,0.0,0.0006604692634121491,0.0016841966217003802,0.0,0.0,0.0,0.0,0.0,0.0,0.0,0.0,0.01910407344420431,0.15073559764203404,0.0,0.00021465251060904844,0.0,0.0,0.0,0.0,0.00019814077902304472,0.0,0.0013539619899903055,0.0,0.0,0.0,0.0,0.0,0.0,0.0015355910374303466,0.0006934927265821565,0.0006109340686561379,0.0,0.0008090748476791826,0.0,0.0,0.0,0.0013044267952402944,0.0,0.0018493139375504175,0.0,0.0,0.11152023512702518,0.0567012862639128,0.0,0.03495533576610789,0.0002476759737790559,0.0,0.0,0.00018162904743804098,0.0,0.0,0.0,0.0,0.0,0.0,0.0,0.0,0.01028680877760232,0.0,0.0,0.0,0.0,0.0004953519475591118,0.0,0.00018162904743804098,0.0,0.037943959183008566,0.0,0.0,0.0010732625530402422,0.0,0.030266003995806832,0.00036325809487608196,0.0,0.00033023463170607454,0.0009576804319472162,0.0
50__50A__RDC__2.0__0H,0.0,0.0,0.0,0.0,0.0,0.0,0.012974206272489491,0.0,0.0,0.0,0.0,0.0,0.0,0.0,0.023995514134280565,0.0007154182296294205,0.0,0.0,0.0,0.0005220619513515771,0.0,0.0554352449823551,0.0,0.3912564290963531,0.0,0.0,0.0,0.0,0.0,0.0013534939479489037,0.0,0.0,0.0,0.0,0.004292509377776523,0.013515603851689052,0.0,0.005510653930925536,0.0,0.0015275145983987626,0.0,0.0,0.0,0.04023744150966741,0.0,0.0,0.0,0.0,0.0018175490158185276,0.0,0.0,0.0,0.06897018446184412,0.0,0.1435670366218837,0.0,0.0,0.0,0.0,0.015893886074487124,0.0,0.0,0.0,0.0,0.0,0.0,0.0,0.0,0.0,0.0,0.0,0.0,0.005665338953555411,0.0,0.0,0.0,0.0,0.025465021849259372,0.00044471944003963976,0.022003944468082178,0.0003480413009007181,0.0,0.0,0.0,0.006574113461454675,0.0,0.0,0.0,0.0,0.0,0.0,0.0,0.0,0.0,0.0,0.0,0.0,0.0,0.0,0.0,0.0039057968212168363,0.0,0.0,0.0,0.0,0.0,0.0,0.0,0.0,0.0,0.0,0.0,0.0,0.0005027263235235928,0.0,0.0003480413009007181,0.0,0.0,0.0,0.0,0.0,0.002745659151547776,0.004969256351745974,0.0,0.012800185621989632,0.0,0.0,0.0,0.0017595421323285748,0.0,0.001778877760158559,0.0,0.0,0.007231524807604143,0.026103097567578858,0.0,0.0,0.0007540894852853891,0.0,0.0,0.0004060481843846711,0.0,0.0,0.0,0.0,0.0,0.0,0.0006187400904904988,0.0,0.006806140995394487,0.0,0.0,0.0,0.0,0.017943462624185468,0.0,0.0017982133879885435,0.0,0.03306392358557322,0.0,0.0,0.0,0.0,0.031227038941974705,0.0,0.0,0.0,0.003151707335937447,0.0
50__50A__RDC__2.0__48H,0.0,0.0,0.0,0.0,0.0,0.0,0.0005151749321938105,0.0,0.0,0.0,0.0,0.0,0.0,0.0,0.0,0.0,0.0,0.0,0.0,0.002878918738728941,0.0,0.10170159249696259,0.0,0.014500659120894663,0.0,0.0,0.0,0.0,0.0,0.0,0.0,0.0,0.0,0.0,0.004015334030328523,0.0032274194281588127,0.0,0.0,0.0,0.0,0.0,0.0,0.0,0.00025758746609690525,0.0,0.0,0.0,0.0,0.0001818264466569331,0.0,0.0,0.0003485006894248718,0.0,0.0,0.0015758292043594202,0.0,0.0,0.0,0.0,0.0003485006894248718,0.0,0.0,0.0,0.0,0.0,0.0,0.0,0.0,0.0,0.0,0.0,0.0,0.0011667196993795706,0.0,0.0,0.0,0.0,0.0008485234177306878,0.0,0.009151931148386633,0.0,0.0,0.0,0.0,0.0,0.01836447111229324,0.0,0.0,0.0,0.0,0.0,0.0,0.0,0.0,0.0,0.0,0.0,0.0,0.0,0.0,0.0,0.0,0.0,0.00028789187387289405,0.4752185705408251,0.0,0.0,0.0,0.0,0.0,0.0,0.0,0.0,0.0,0.0,0.0,0.0,0.0,0.0,0.0,0.00022728305832091637,0.00046971832052982717,0.0,0.0,0.0,0.0,0.0,0.0,0.00040910950497684946,0.0,0.0,0.0001818264466569331,0.0,0.36086488779786724,0.0020152431171092584,0.0,0.0,0.0,0.0,0.0,0.0,0.0,0.0,0.0,0.0,0.0,0.0,0.0,0.0,0.0,0.0,0.0,0.0,0.0,0.0,0.0,0.0,0.0,0.00028789187387289405,0.0,0.0,0.0,0.0,0.00042426170886584395,0.0,0.0,0.0,0.0005303271360818048,0.0
50__50A__SDC__1.0__0H,0.0,0.0,0.0,0.0,0.0,0.0,0.013491505665698528,0.0,0.0,0.0,0.0,0.0,0.0,0.0,0.023074417568097486,0.0007542900245139178,0.0,0.0,0.0,0.0004628597877699495,0.0,0.05365744947109415,0.0,0.3890936519634476,0.0,0.0,0.0,0.0,0.0,0.001457151183719841,0.0,0.0,0.0,0.0,0.0036685923919596002,0.01440008228619843,0.0,0.005605746318549388,0.0,0.0018342961959798001,0.0,0.0,0.0,0.041965954091195426,0.0,0.0,0.0,0.0,0.0022628700735397534,0.0,0.0,0.0,0.07025183001049234,0.0,0.14665798090298401,0.0,0.0,0.0,0.0,0.01494865684949837,0.0,0.0,0.0,0.0,0.0,0.0,0.0,0.0,0.0,0.0,0.0,0.0,0.00586289064508936,0.0,0.0,0.0,0.0,0.026623009274367098,0.000394287967359957,0.019234395625097905,0.00030857319184696635,0.0,0.0,0.0,0.006702895445119269,0.0,0.0,0.0,0.0,0.0,0.0,0.0,0.0,0.0,0.0,0.0,0.0,0.0,0.0,0.0,0.0026743009960097084,0.0,0.0,0.0,0.0,0.0,0.0,0.0,0.0,0.0,0.0,0.0,0.0,0.0006857182041039252,0.0,0.00027428728164197007,0.0,0.0,0.0,0.0,0.0,0.0019028680163897926,0.005605746318549388,0.0,0.011931496751398698,0.0,0.0,0.0,0.0016457236898498207,0.0,0.0016285807347498223,0.0,0.0,0.00624003565734932,0.028011588637596948,0.0,0.0,0.0006857182041039252,0.0,0.0,0.0004285738775649533,0.0,0.0,0.0,0.0,0.0,0.0,0.0005485745632829402,0.0,0.008314333224759093,0.0,0.0,0.0,0.0,0.01962868359249786,0.0,0.002211441208239759,0.0,0.03075446145409665,0.0,0.0,0.0,0.0,0.030823033274496637,0.0,0.0,0.0,0.0032914473796996414,0.0
50__50A__SDC__1.0__48H,0.0,0.0,0.0,0.0,0.00021792935975504138,0.0,0.016391401130103112,0.0026929842312505116,0.0,0.0,0.0,0.0,0.0,0.0,0.0020703289176703934,0.011052131816102099,0.0,0.0,0.0,0.1016173471770193,0.0,0.04343020812250825,0.013713983281702605,0.10846655562616161,0.0,0.0,0.0,0.0,0.0,0.0002490621254340473,0.0,0.0,0.0,0.0,0.06167400881061171,0.016905091763803212,0.0,0.006039756541771147,0.0,0.0,0.0,0.0,0.0,0.0006382216964241212,0.000700487227783133,0.0,0.0,0.0,0.00040472595383007686,0.00020236297691503843,0.0,0.003984994006940757,0.0032066748649606093,0.0,0.010600706713802014,0.0,0.0,0.0,0.0024439221058204642,0.03774847838610717,0.0,0.0,0.0,0.0,0.0,0.0,0.0,0.0002490621254340473,0.00021792935975504138,0.0,0.0005448233993871035,0.0,0.0019302314721103668,0.0,0.0,0.0,0.0,0.06276365560938592,0.0,0.0005136906337070976,0.0,0.0,0.0,0.0,0.0008094519076601537,0.0012297442443302336,0.0,0.0,0.0,0.0,0.0,0.00029576127395305617,0.0,0.0004981242508680946,0.0015099391354402869,0.0,0.0,0.0,0.0,0.0,0.0,0.0,0.0,0.05046621316600959,0.17716100309803365,0.0,0.0013231425413702514,0.0,0.0,0.0,0.0,0.0,0.0,0.0024906212543404733,0.0,0.0,0.0,0.0,0.0,0.0,0.0016189038153203075,0.0008405846733391597,0.0004514251023490858,0.0,0.0019146650892703637,0.0,0.0,0.0,0.001463239986920278,0.0,0.0011830450958102247,0.0038137637957107243,0.0,0.07432947805921411,0.05544745567471053,0.0,0.029996419731905696,0.0,0.0,0.0,0.00021792935975504138,0.0,0.0,0.0,0.0,0.0,0.0,0.0,0.0,0.010382777354001973,0.0,0.0,0.0,0.0,0.0004825578680280917,0.0,0.0,0.0,0.034962095857806644,0.0,0.0,0.0005915225479061123,0.0,0.034323874161406524,0.00029576127395305617,0.0,0.00035802680531106805,0.0008717174390191656,0.0
50__50A__SDC__2.0__0H,0.0,0.0,0.0,0.0,0.0,0.0,0.01510116674049972,0.0,0.0,0.0,0.0,0.0,0.0,0.0,0.025420912715999524,0.0010153596219199812,0.0,0.0,0.0,0.0002953773445579945,0.0,0.05955545709639889,0.0,0.3695355191252831,0.0,0.0,0.0,0.0,0.0,0.001513808890859972,0.0,0.0,0.0,0.0,0.0039506719834599266,0.015175011076699716,0.0,0.004910648353269908,0.0,0.0018830305715599649,0.0,0.0,0.0,0.04393738000299918,0.0,0.0,0.0,0.0,0.0022707133362899574,0.0,0.0,0.0,0.06764141190369874,0.0,0.14549180327899727,0.0,0.0,0.0,0.0,0.01650420912719969,0.0,0.0,0.0,0.0,0.0,0.0,0.0,0.0,0.0,0.0,0.0,0.0,0.005759858218869892,0.0,0.0,0.0,0.0,0.025273224043733528,0.0002769162605229949,0.023796337320899554,0.0,0.0,0.0,0.0,0.007772116378669855,0.0,0.0,0.0,0.0,0.0,0.0,0.0,0.0,0.0,0.0,0.0,0.0,0.0,0.0,0.0,0.0036737557229399313,0.0,0.0,0.0,0.0,0.0,0.0,0.0,0.0,0.0,0.0,0.0,0.0,0.0008492098656029842,0.0,0.00040614384876699243,0.0,0.0,0.0,0.0,0.0,0.0022337911682199585,0.005649091714669895,0.0,0.01279353123619976,0.0,0.0,0.0,0.001993797075759963,0.0,0.0020676414118999615,0.0,0.0,0.007089056269379868,0.029186973859099456,0.0,0.0,0.0005169103529759903,0.0,0.0,0.00044306601683699175,0.0,0.0,0.0,0.0,0.0,0.0,0.0004984492689409907,0.0,0.007365972529909863,0.0,0.0,0.0,0.0,0.018922611135699645,0.0,0.0018461084034899656,0.0,0.03252843006939939,0.0,0.0,0.0,0.0,0.0321407473046994,0.0,0.0,0.0,0.0027137793531199494,0.0
50__50A__SDC__2.0__48H,0.0,0.0,0.0,0.0,0.0,0.0,0.0010332413102799763,0.0,0.0,0.0,0.0,0.0,0.0,0.0,0.006909801262489841,0.0,0.0,0.0,0.0,0.021326746419999508,0.0,0.08900405224329795,0.0,0.039521480118142084,0.0,0.0,0.0,0.0,0.0,0.0010816744966999751,0.0,0.0,0.0,0.0,0.003438756235769921,0.016725593710099615,0.0,0.006812934889649843,0.0,0.0,0.0,0.0,0.0,0.002453948111909943,0.0,0.0,0.0,0.0,0.0001775883502039959,0.0,0.0,0.00038746549135499107,0.005811982370319865,0.0,0.02625078703929939,0.0,0.0,0.0,0.0003067435139889929,0.1128008911709974,0.0,0.0,0.0,0.0,0.0,0.0,0.0,0.0,0.0,0.0,0.0,0.0,0.0012592628468999709,0.0,0.0,0.0,0.0,0.007361844335739829,0.0,0.0,0.0,0.0,0.0,0.0,0.0003551767004079918,0.0007910753781819817,0.0,0.0,0.0,0.0,0.0,0.0,0.0,0.0007426421917629828,0.0,0.0,0.0,0.0,0.0,0.0,0.0,0.0,0.0,0.00949290453818978,0.06570768957559849,0.0,0.0,0.0,0.0,0.0,0.0,0.0,0.0,0.0048917518283498876,0.0,0.00737798873120983,0.0,0.0,0.0,0.0,0.0,0.0004681874687199892,0.0,0.0,0.00130769603331997,0.0,0.0,0.0,0.00037132109588199145,0.0,0.00020987714114999514,0.00019373274567699553,0.0,0.4939216351039886,0.012415040118799714,0.0,0.00815291971391981,0.0,0.0,0.0,0.0,0.0,0.0,0.0,0.0,0.0,0.0,0.0,0.0,0.0006619202143979847,0.0,0.0,0.0,0.0,0.0,0.0,0.0,0.0,0.026202353852899395,0.0,0.0,0.017290647551699602,0.0,0.005779693579369866,0.0,0.0,0.0,0.0007910753781819817,0.00020987714114999514
50__50B__No Added Carb__1.0__0H,0.0,0.0,0.0,0.00026104889445806897,0.0,0.0,0.01392695851930368,0.0,0.0,0.0,0.0,0.0,0.0,0.0,0.022411047589205924,0.0006917795703141828,0.0,0.0,0.0,0.00026104889445806897,0.0,0.0575090714491152,0.0,0.35945127522425496,0.0,0.0,0.0,0.0,0.0,0.0013705066959003621,0.0,0.0,0.0,0.0,0.004294254313831135,0.017007335473904494,0.0,0.004751089879131255,0.0,0.0014879786984103931,0.0,0.0,0.0,0.04204192445241111,0.0,0.0,0.0,0.0,0.0022841778265106035,0.0,0.0,0.0,0.06694598898371769,0.0,0.16126295455104261,0.0,0.0,0.0,0.0,0.012830553162603389,0.0,0.0,0.0,0.0,0.0,0.0,0.0,0.0,0.0,0.0,0.0,0.0,0.005573393896681472,0.0,0.0,0.0,0.0,0.025830788106611824,0.00041767823113311037,0.020805596888305498,0.00019578667084305175,0.0,0.0,0.0,0.006095491685591611,0.0,0.0,0.0,0.0,0.0,0.0,0.0,0.0,0.0,0.0,0.0,0.0,0.0,0.0,0.0,0.0005743075678071518,0.0,0.0,0.0,0.0,0.0,0.0,0.0,0.0,0.0,0.0,0.0,0.0,0.00037852089696410003,0.0,0.0004959928994701311,0.0,0.0,0.0013182969170103483,0.0,0.0,0.002362492494840624,0.004855509436921283,0.0,0.012660871381203346,0.001970919153160521,0.0,0.0,0.0022319680476205897,0.0,0.0021928107134505793,0.0,0.0,0.007139687263421886,0.029994517973207926,0.0,0.0,0.0004307306758561138,0.0,0.0,0.0003524160075180931,0.0,0.0,0.0,0.0001566293366750414,0.0,0.0,0.0006917795703141828,0.0,0.008810400187962327,0.0,0.0,0.0,0.0,0.02221526091840587,0.0,0.0021928107134505793,0.0,0.031208395332408247,0.0,0.0,0.00036546845224109655,0.0,0.03653379277940965,0.0,0.0,0.0,0.0031586916229408347,0.0
50__50B__No Added Carb__1.0__48H,0.0,0.0,0.0,0.0,0.00022742348147410232,0.0,0.0173410404624078,0.0022363309011710062,0.0,0.0,0.0,0.0,0.0,0.0,0.0008907419691084009,0.0009665497962664349,0.0019330995925308698,0.0,0.0,0.04849805742442182,0.0,0.06746896617083037,0.0012129252345305457,0.07654695347294445,0.0,0.0,0.0,0.13768596607606196,0.0,0.0,0.0,0.0,0.0,0.0,0.019387851795708726,0.07762721500993493,0.0,0.006329953567712848,0.0,0.00030323130863313646,0.0,0.0,0.0,0.0013076850184805884,0.0022363309011710062,0.0,0.0015730124135307079,0.0,0.0008149341419503666,0.0,0.0,0.15821093527907118,0.003183928740641433,0.0,0.006803752487443062,0.0,0.0,0.0,0.008035629678763615,0.004719037240602123,0.0,0.0,0.0,0.0,0.0,0.0,0.0,0.0,0.0,0.0,0.0006822704444233071,0.0,0.031062257178113978,0.0,0.0,0.0,0.0,0.04749360371462137,0.0,0.001364540888850614,0.0,0.0,0.0,0.0,0.0009855017530564433,0.0,0.0,0.0,0.0,0.0,0.0,0.002331090685111049,0.0,0.0007012224012133155,0.0005117028333182302,0.0,0.0,0.0,0.0,0.0,0.001042357623420469,0.0,0.0,0.017682175684607955,0.0,0.0,0.0,0.0,0.0,0.0,0.0,0.0,0.0,0.004472661802332013,0.0,0.0,0.0,0.0,0.0,0.0,0.0,0.0026532739505411938,0.0003411352222121535,0.0,0.0,0.00322183265422145,0.0,0.0,0.0011939732777405372,0.0,0.0029754572159613386,0.0,0.0,0.0021984269875909893,0.142253387662064,0.0,0.0339998104804153,0.00022742348147410232,0.0,0.0,0.0003411352222121535,0.0,0.0,0.0,0.0,0.0,0.0,0.0,0.0,0.021946365962309873,0.0,0.0,0.0,0.0,0.003771439401121697,0.0,0.00026532739505411934,0.0,0.010783663413204851,0.0,0.0,0.0006443665308442899,0.0,0.017985406993308094,0.00028427935184312795,0.0,0.0,0.001042357623420469,0.0
50__50B__RDC__1.0__0H,0.0,0.0,0.0,0.0004049457372711081,0.0,0.0,0.0,0.0,0.0,0.0,0.0,0.0,0.0,0.0,0.03250364451160867,0.0,0.0,0.0,0.0,0.0,0.0,0.10180335835002717,0.0,0.5110955132011364,0.0,0.0,0.0,0.0,0.0,0.0,0.0,0.0,0.0,0.0,0.006128178824041636,0.0,0.0,0.0,0.0,0.0,0.0,0.0012148372118103241,0.0,0.029210085848507795,0.007127044975971902,0.0,0.0,0.0,0.0,0.0,0.002618649101020699,0.0,0.06492629987581733,0.0,0.0025646563360506845,0.0016197829490804325,0.0,0.0,0.0,0.06624912261761769,0.0,0.0,0.0,0.0,0.0,0.0,0.0,0.0,0.0,0.0,0.0,0.0,0.010744560228902867,0.0,0.0,0.0,0.0,0.0024296744236306485,0.0,0.0,0.0008638842395122306,0.0,0.0,0.0,0.0,0.0,0.0,0.0,0.0,0.0,0.0,0.0,0.0,0.0,0.0,0.0,0.0,0.0,0.0,0.0,0.00037794935478610087,0.0,0.0,0.0,0.0,0.0,0.0,0.0,0.0,0.0,0.0,0.0,0.0,0.0,0.0,0.0,0.0,0.0,0.0,0.0,0.0,0.01390313697960371,0.0004319421197561153,0.0,0.0,0.0,0.0,0.0,0.0,0.0,0.0,0.0,0.0,0.011176502348702985,0.0832028508180222,0.0,0.0,0.000782895092058209,0.0,0.0,0.005804222234221549,0.0,0.0,0.0,0.0,0.0,0.0,0.0,0.0,0.0020517250688405477,0.0,0.0,0.0,0.0,0.0025646563360506845,0.0,0.0,0.0,0.03649910911940974,0.0,0.0,0.0,0.0,0.001700772096540454,0.0,0.0,0.0,0.0,0.0
50__50B__RDC__1.0__48H,0.0,0.0,0.0,0.0,0.0,0.0,0.013327011328801536,0.00269249657088031,0.0,0.0,0.0,0.0,0.0,0.0,0.000338678813947039,0.004098013648760472,0.0,0.0,0.0,0.04267353055730492,0.0,0.05442568540120627,0.0006604236871960761,0.04799078793623853,0.0,0.0,0.0,0.05075102026990585,0.0,0.0,0.0,0.0,0.0,0.0,0.002844902037150328,0.053020168323406114,0.0,0.00494471068362057,0.0,0.00027094305115703125,0.0,0.0,0.0,0.00023707516976302731,0.0008128291534720937,0.0,0.0,0.0,0.0007281594499860839,0.0,0.0,0.09733629112831121,0.00269249657088031,0.0,0.008314564882390957,0.0,0.0,0.0,0.003810136656900439,0.003132779029010361,0.0,0.0,0.0,0.0,0.0,0.0,0.0,0.0,0.0,0.0,0.0,0.0,0.022572942949602604,0.0,0.0,0.0,0.0,0.04487494284800517,0.0,0.0012531116116001443,0.0,0.0,0.0,0.0,0.0008297630941700956,0.0,0.0,0.0,0.0,0.0,0.0,0.0009821685604461132,0.0,0.0011176400860201288,0.0004233485174330488,0.0,0.0,0.0,0.0,0.0,0.00044028245813105074,0.0,0.0,0.010499043232401209,0.0,0.0,0.0,0.0,0.0,0.0,0.0,0.0,0.0,0.001354715255790156,0.0,0.0,0.0,0.0,0.0,0.0,0.0,0.0005926879244070683,0.0004233485174330488,0.0,0.0,0.0,0.0,0.0,0.0009652346197481113,0.0,0.002049006824380236,0.0,0.0,0.34352192098603956,0.08864917955061022,0.0,0.032733307368003776,0.0002540091104600293,0.0,0.0,0.00018627334767102146,0.0,0.0,0.0,0.0,0.0,0.0,0.0,0.0,0.009838619545151134,0.0,0.0,0.0,0.0,0.0040133439452704625,0.0,0.0,0.0,0.019761908793802276,0.0,0.0,0.0006434897464990742,0.0,0.015206678746201753,0.0004910842802230566,0.0,0.0,0.0012192437302101405,0.0
50__50B__RDC__2.0__0H,0.0,0.0,0.0,0.0,0.00020211207114298707,0.0,0.015865797584798988,0.0,0.0,0.0,0.0,0.0,0.0,0.0,0.021070183416698654,0.0008252909571689472,0.0,0.0,0.0,0.00026948276152498275,0.0,0.06182945109729605,0.0,0.35079918481490757,0.0,0.0,0.0,0.0,0.0,0.001330571135029915,0.0,0.0,0.0,0.0,0.00343590520943978,0.014905765246799048,0.0,0.005086487123779675,0.0,0.0013979418254099108,0.0,0.0,0.0,0.043201455206897235,0.0,0.0,0.0,0.0,0.0023748168359398482,0.0,0.0,0.0,0.06208209118619603,0.0,0.16849409664298923,0.0,0.0,0.0,0.0,0.014619439812699066,0.0,0.0,0.0,0.0,0.0,0.0,0.0,0.0,0.0,0.0,0.0,0.0,0.005878092735759625,0.0,0.0,0.0,0.0,0.025853502433795347,0.0003031681067149806,0.019773297626898736,0.0,0.0,0.0,0.0,0.006669698347729573,0.0,0.0,0.0,0.0,0.0,0.0,0.0,0.0,0.0,0.0,0.0,0.0,0.0,0.0,0.0,0.0003368534519059785,0.0,0.0,0.0,0.0,0.0,0.0,0.0,0.0,0.0,0.0,0.0,0.0,0.00042106681488197304,0.0,0.000437909487476972,0.0,0.0,0.0012968857898399172,0.0,0.0,0.0024758728715098418,0.005558081956439645,0.0,0.011806713489299245,0.0,0.0,0.0,0.0019369073484598763,0.0,0.0024253448537198447,0.0,0.0,0.006972866454449554,0.03107473093829801,0.0,0.0,0.00040422414228697415,0.0,0.0,0.0004884375052629688,0.0,0.0,0.0,0.00020211207114298707,0.0,0.0,0.0006905495764069558,0.0,0.008488706988019457,0.0,0.0,0.0,0.0,0.01936907348459876,0.0,0.002391659508529847,0.0,0.03350007579199785,0.0,0.0,0.0,0.0,0.04079295302579739,0.0,0.0,0.0,0.00266114227005983,0.0
50__50B__RDC__2.0__48H,0.0,0.0,0.0,0.0,0.0,0.0,0.0015698143093489717,0.0,0.0,0.0,0.0,0.0,0.0,0.0,0.0002828494251088147,0.00018385212632087957,0.0,0.0,0.0,0.0007636934477924998,0.0,0.31995926968279037,0.0,0.06883140760015491,0.0,0.0,0.0,0.003903322066497443,0.0,0.00018385212632087957,0.0,0.0,0.0,0.0,0.0017253814931588699,0.0020789432745486384,0.0,0.0004667015514286943,0.0,0.0,0.0,0.0,0.0,0.002248652929608527,0.0,0.0,0.0,0.0,0.0001555671838098981,0.0,0.0,0.005628703559656313,0.0004667015514286943,0.0,0.00883904453463421,0.0,0.0,0.0,0.0,0.001329392298009129,0.0,0.0,0.0,0.0,0.0,0.0,0.0,0.0,0.0,0.0,0.0,0.0,0.0031254861474479525,0.0,0.0,0.0,0.0,0.002828494251088147,0.0,0.010592710970293061,0.0,0.0,0.0,0.0,0.0006646961490045645,0.0,0.0,0.0,0.0,0.0,0.0,0.0,0.0,0.0,0.0,0.0,0.0,0.0,0.0,0.0,0.0006788386202605553,0.0,0.0,0.0,0.0,0.0,0.0,0.0,0.0,0.0,0.0,0.0,0.0,0.0,0.0,0.0,0.0,0.0,0.0,0.0,0.0,0.0012728224129891661,0.0001979945975758703,0.0,0.0003394193101297777,0.0,0.0,0.0,0.0,0.0,0.0001555671838098981,0.0,0.0,0.5474550622976414,0.00499229235316673,0.0,0.0011313977004292588,0.000268706953852824,0.0,0.0,0.00024042201134184251,0.0,0.0,0.0,0.0,0.0,0.0,0.0,0.0,0.0008485482753254442,0.0,0.0,0.0,0.0,0.0006505536777495739,0.0,0.0,0.0,0.002093085745798629,0.0,0.0,0.0,0.0,0.0023193652858884807,0.0,0.0,0.0,0.0015273868955889996,0.0
50__50B__SDC__1.0__0H,0.0,0.0,0.0,0.0,0.0,0.0,0.011072434941199139,0.0,0.0,0.0,0.0,0.0,0.0,0.0,0.026520802254297933,0.0007293220619919432,0.0,0.0,0.0,0.0,0.0,0.0499917122492961,0.0,0.39635338968964917,0.0,0.0,0.0,0.0,0.0,0.0012265871042599044,0.0,0.0,0.0,0.0,0.0042433283606796695,0.011967512017199066,0.0,0.005370462456489581,0.0,0.0017238521465298656,0.0,0.0,0.0,0.04455494778719653,0.0,0.0,0.0,0.0,0.001425493121169889,0.0,0.0,0.0,0.0652743245482949,0.0,0.16237361180198734,0.0,0.0,0.0,0.0,0.01425493121169889,0.0,0.0,0.0,0.0,0.0,0.0,0.0,0.0,0.0,0.0,0.0,0.0,0.005204707442399594,0.0,0.0,0.0,0.0,0.0243328360683151,0.0005304160450849587,0.016674954417398698,0.0,0.0,0.0,0.0,0.00666335156637948,0.0,0.0,0.0,0.0,0.0,0.0,0.0,0.0,0.0,0.0,0.0,0.0,0.0,0.0,0.0,0.0,0.0,0.0,0.0,0.0,0.0,0.0,0.0,0.0,0.0,0.0,0.0,0.0,0.0,0.0,0.00043096303663196637,0.0,0.0,0.0,0.0,0.0,0.002386872202879814,0.005370462456489581,0.0,0.011138736946799132,0.0,0.0,0.0,0.0019559091662498473,0.0,0.0016907011437098682,0.0,0.0,0.005701972484669556,0.028808221448697754,0.0,0.0,0.0007293220619919432,0.0,0.0,0.0,0.0,0.0,0.0,0.0,0.0,0.0,0.0,0.0,0.0074921266368294165,0.0,0.0,0.0,0.0,0.017702635504698618,0.0,0.002320570197249819,0.0,0.030963036631897586,0.0,0.0,0.0,0.0,0.030233714569897645,0.0,0.0,0.0,0.0025857782197897983,0.0
50__50B__SDC__1.0__48H,0.0,0.0,0.0,0.0,0.0,0.0,0.004930007462858294,0.00024876184445591395,0.0,0.0,0.0,0.0,0.0,0.0,0.0003166059838528905,0.002171012460709249,0.0,0.0,0.0,0.014518645830994978,0.0,0.24754064994691438,0.0002939912707208983,0.05425269680448123,0.0,0.0,0.0,0.04034464822808605,0.0,0.0005653678283088045,0.0,0.0,0.0,0.0,0.008706664555956988,0.02338361337889191,0.0,0.002555462583959116,0.0,0.0002713765575879061,0.0,0.0,0.0,0.00042967954951485135,0.00045229426264684357,0.0,0.0,0.0,0.0003166059838528905,0.0,0.0,0.0488477803658831,0.001402112214209515,0.0,0.008842352834746941,0.0,0.0,0.0,0.0021483977475692567,0.001515185779869476,0.0,0.0,0.0,0.0,0.0,0.0,0.0,0.0,0.0,0.0,0.0,0.0,0.01350098373999533,0.0,0.0,0.0,0.0,0.02076030665549282,0.0,0.006286890250797825,0.0,0.0,0.0,0.0,0.0,0.0,0.0,0.0,0.0,0.0,0.0,0.0,0.0,0.0,0.0,0.0,0.0,0.0,0.0,0.0,0.0006105972545737887,0.0,0.0,0.00384450123249867,0.0,0.0,0.0,0.0,0.0,0.0,0.0,0.0,0.0,0.0011307356566196088,0.0,0.0,0.0,0.0,0.0,0.0,0.0,0.0006784413939707653,0.0,0.0,0.0003166059838528905,0.0,0.0,0.0,0.00042967954951485135,0.0,0.0009724326646916635,0.0,0.0,0.40658992740685934,0.051403242949882216,0.0,0.009204188244866815,0.000384450123249867,0.0,0.0,0.0,0.0,0.0,0.0,0.0,0.0,0.0,0.0,0.0,0.00644519324271777,0.0,0.0,0.0,0.0,0.0015604152061294602,0.0,0.0,0.0,0.0032791334041888656,0.0,0.0,0.00045229426264684357,0.0,0.007214093489217505,0.0,0.0,0.0,0.0008819738121616949,0.0
50__50B__SDC__2.0__0H,0.0,0.0,0.0,0.000290718802238911,0.0,0.0,0.013784916539495783,0.0,0.0,0.0,0.0,0.0,0.0,0.0,0.02667345010539184,0.000702570438742785,0.0,0.0,0.0,0.0,0.0,0.060081885795981615,0.0,0.36545776098093824,0.0,0.0,0.0,0.0,0.0,0.001284008043219607,0.0,0.0,0.0,0.0,0.003585531894278903,0.013881822806895752,0.0,0.005378297841408354,0.0,0.0015989534123095107,0.0,0.0,0.0,0.048550039973785146,0.0,0.0,0.0,0.0,0.0020834847493793624,0.0,0.0,0.0,0.06628388691037973,0.0,0.16137316180895062,0.0,0.0,0.0,0.0,0.014560166678795545,0.0,0.0,0.0,0.0,0.0,0.0,0.0,0.0,0.0,0.0,0.0,0.0,0.007267970055957776,0.0,0.0,0.0,0.0,0.02696416890766175,0.0,0.019768878552193954,0.0,0.0,0.0,0.0,0.007389102890227739,0.0,0.0,0.0,0.0,0.0,0.0,0.0,0.0,0.0,0.0,0.0,0.0,0.0,0.0,0.0,0.0,0.0,0.0,0.0,0.0,0.0,0.0,0.0,0.0,0.0,0.0,0.0,0.0,0.0003633985027978888,0.0,0.0003391719359448962,0.0,0.0,0.0,0.0,0.0,0.0025195629527292288,0.005305618140848376,0.0,0.012064830292896308,0.0,0.0,0.0,0.002107711316229355,0.0,0.0017200862465794736,0.0,0.0,0.006105094847008131,0.029265692758691047,0.0,0.0,0.0003391719359448962,0.0,0.0,0.0,0.0,0.0,0.0,0.0003149453690919036,0.0,0.0,0.0004845313370638517,0.0,0.007074157521137835,0.0,0.0,0.0,0.0,0.01979310511909394,0.0,0.0023015238510592957,0.0,0.02977445066259089,0.0,0.0,0.0,0.0,0.03035588826709071,0.0,0.0,0.0,0.00281028175496914,0.0
50__50B__SDC__2.0__48H,0.0,0.0,0.0,0.0,0.0,0.0,0.007664099743312838,0.000605060506051224,0.0,0.0,0.0,0.0,0.0,0.0,0.00020168683535007467,0.003373670700401249,0.0,0.0,0.0,0.02046204620460758,0.0,0.21611661166108,0.00047671433810017653,0.062412907957473104,0.0,0.0,0.0,0.055867253392020685,0.0,0.0005683901723512104,0.0,0.0,0.0,0.0,0.00942427576091349,0.029959662632911093,0.0,0.0039053905390514457,0.0,0.00022002200220008148,0.0,0.0,0.0,0.0006233956729012308,0.0003667033370001358,0.0,0.0,0.0,0.000696736340301258,0.0,0.0,0.05757242390912132,0.0016134946828005974,0.0,0.008874220755413286,0.0,0.0,0.0,0.002475247524750916,0.0015034836817005566,0.0,0.0,0.0,0.0,0.0,0.0,0.0,0.0,0.0,0.0,0.0,0.0,0.018866886688706983,0.0,0.0,0.0,0.0,0.027777777777810285,0.0,0.007040704070412607,0.0,0.0,0.0,0.0,0.00042170883755015615,0.0,0.0,0.0,0.0,0.0,0.0,0.0011001100110004072,0.0,0.0003300330033001222,0.0,0.0,0.0,0.0,0.0,0.0,0.0005867253392012173,0.0,0.0,0.00542720938761201,0.0,0.0,0.0,0.0,0.0,0.0,0.0,0.0,0.0,0.0013751375137505092,0.0,0.0,0.0,0.0,0.0,0.0,0.0,0.000953428676201353,0.0007334066740012716,0.0,0.0003850385038501426,0.0,0.0,0.0,0.0006417308397512377,0.0,0.0009350935093513462,0.0,0.0,0.34019068573512595,0.06364136413642356,0.0,0.013439677301104977,0.00020168683535007467,0.0,0.0,0.0,0.0,0.0,0.0,0.0,0.0,0.0,0.0,0.0,0.008947561422813314,0.0,0.0,0.0,0.0,0.003006967363401113,0.0,0.0,0.0,0.005702236890362112,0.0,0.0,0.0005683901723512104,0.0,0.011441144114404236,0.00025669233590009505,0.0,0.0,0.001045104510450387,0.0
58__58A__No Added Carb__1.0__0H,0.0,0.0,0.0,0.0017613386173498831,0.005526199911929633,0.0,0.0,0.0,0.0,0.0,0.0,0.002399823866139841,0.0,0.0,0.03656979304269757,0.0,0.0,0.0012989872302999136,0.0,0.00046235138705396934,0.0,0.32782915015397823,0.0,0.17120211360661863,0.0,0.0,0.0,0.0,0.0,0.0,0.0,0.0,0.0,0.0,0.010766182298499285,0.03276089828269783,0.0003742844561869752,0.0010127697049799327,0.0,0.0,0.0003742844561869752,0.0009467195068249371,0.0,0.020387494495798648,0.004711580801407687,0.006450902686039571,0.0,0.0,0.0,0.0,0.000572435050637962,0.0015852047556098947,0.05191545574634655,0.0003082342580359796,0.0,0.0018053720827798801,0.0010788199031299284,0.0,0.0,0.0003302509907529781,0.00026420079260198244,0.0,0.0,0.0003082342580359796,0.0009687362395419358,0.0,0.0,0.0,0.0,0.0,0.0012549537648599168,0.0,0.0031483927785097908,0.0,0.0,0.0,0.0,0.017723469837098823,0.0,0.0,0.0008806693086749416,0.0,0.0,0.0,0.0003082342580359796,0.0,0.0,0.0,0.0,0.0,0.0,0.0,0.00024218405988598392,0.0,0.0,0.0,0.0,0.0,0.0010347864376899312,0.0,0.005328049317479646,0.0,0.0,0.0,0.0,0.0,0.0,0.0027300748568868187,0.0,0.00026420079260198244,0.0014971378247499007,0.0017173051519198859,0.0021136063408198594,0.0,0.0003302509907529781,0.0,0.0,0.0,0.00026420079260198244,0.0,0.0,0.07443857331569506,0.0004843681197709679,0.0,0.0007045354469399533,0.02848965213559811,0.0,0.0,0.0,0.0,0.0,0.0,0.0,0.0016512549537598903,0.0017833553500698816,0.0027961250550398143,0.0,0.0037648612945797503,0.0,0.0,0.021180096873598595,0.0,0.0025099075297198336,0.0,0.0,0.0,0.0,0.0,0.0,0.013804491413499084,0.0,0.0006605019815059562,0.00024218405988598392,0.0,0.038859533245297416,0.0,0.00843240863055944,0.0,0.05394099515629642,0.0,0.0,0.0,0.0,0.022985468956398473,0.0,0.0,0.0,0.00046235138705396934,0.0
58__58A__No Added Carb__1.0__48H,0.0,0.0,0.0,0.0,0.0,0.0,0.006440495422721398,0.0021109316101204584,0.0,0.0,0.0,0.00032310177706007016,0.0,0.0,0.0028863758750706267,0.0,0.0,0.0,0.0,0.058610662358612724,0.0016801292407103649,0.001464728056000318,0.0004738826063541029,0.17156704361903724,0.0,0.0,0.0,0.0,0.0,0.0,0.0,0.0,0.0,0.0,0.17662897145903836,0.0,0.0009262250942382011,0.0,0.0,0.0,0.0,0.0,0.0,0.012320947765202674,0.0043511039310709446,0.0012277867528302667,0.0,0.0,0.0,0.0,0.0015078082929503274,0.0015508885298903367,0.00040926225094208886,0.0,0.00040926225094208886,0.0,0.0,0.0002584814216480561,0.00034464189553007487,0.00045234248788409825,0.0,0.0,0.0,0.0,0.0,0.0,0.0,0.0,0.00036618201400107954,0.0,0.0,0.0,0.0002800215401180608,0.0002584814216480561,0.0,0.0,0.0,0.08096930533121759,0.0003877221324720842,0.0,0.0,0.0,0.0,0.0,0.0,0.0,0.0,0.0,0.0,0.0,0.0,0.0,0.0,0.0,0.0014431879375303134,0.0,0.0,0.0,0.0002800215401180608,0.0,0.0,0.0,0.0,0.024577275175005336,0.31560581583206854,0.0,0.0036833602584808,0.0,0.0,0.0,0.0,0.0034464189553007484,0.0,0.002757135164240599,0.0,0.0,0.0,0.0,0.0,0.0,0.03321486268170721,0.0032956381260107154,0.011050080775402399,0.0,0.0023047926763605005,0.0,0.0,0.0,0.0,0.0,0.0,0.0,0.0,0.0,0.013527194399602937,0.0,0.0,0.0,0.0,0.0011416262789402478,0.0011847065158902572,0.0011631663974202527,0.0,0.0,0.0,0.0,0.0,0.0,0.0,0.029725363489506457,0.0,0.0,0.0,0.0,0.005514270328491198,0.0,0.0,0.0,0.012234787291302658,0.0,0.0,0.0,0.0002800215401180608,0.004221863220250917,0.0011416262789402478,0.0,0.0,0.0,0.0
58__58A__RDC__1.0__0H,0.0,0.0,0.0,0.00016401508938801508,0.00019135093762001756,0.0,0.013544912798601243,0.0,0.0,0.0,0.0,0.0,0.0,0.0,0.02308512383140212,0.0008200754469410753,0.0,0.0,0.0,0.0003416981028920314,0.0,0.055724126619605116,0.0,0.3845470449953353,0.0,0.0,0.0,0.0,0.0,0.0016401508938801504,0.0,0.0,0.0,0.0,0.004155048931170382,0.012588158110501155,0.0,0.005521841342740507,0.0,0.0017768301350401632,0.0,0.0,0.0,0.04215187797280387,0.0,0.0,0.0,0.0,0.0025148980372902306,0.0,0.0,0.0,0.0696380733694064,0.0,0.14524902957701333,0.0,0.0,0.0,0.0,0.016155486304701486,0.0,0.0,0.0,0.0,0.0,0.0,0.0,0.0,0.0,0.0,0.0,0.0,0.005426165873930498,0.0,0.0,0.0,0.0,0.02603739544038239,0.0003553660270080326,0.022374391777402053,0.00025969055819802386,0.0,0.0,0.0,0.006765622437260621,0.0,0.0,0.0,0.0,0.0,0.0,0.0,0.0,0.0,0.0,0.0,0.0,0.0,0.0,0.0,0.002036520693240187,0.0,0.0,0.00019135093762001756,0.0,0.0,0.0,0.0,0.0,0.0,0.0,0.0,0.0,0.0005193811163960477,0.0,0.0003416981028920314,0.0,0.0,0.0,0.0,0.0,0.0022552074790902067,0.006328248865560581,0.0,0.013011863758101195,0.0,0.0,0.0,0.0018041659832701657,0.0,0.002241539554970206,0.0,0.0,0.006437592258490591,0.027390519927802514,0.0,0.0,0.0005057131922800464,0.0,0.0,0.00043737357170204016,0.0,0.0,0.0,0.0002460226340820226,0.0,0.0,0.0005740528128590527,0.0,0.007681373353020706,0.0,0.0,0.0,0.0,0.019804822043601816,0.0,0.002296211251440211,0.0,0.03235197638180297,0.0,0.0,0.0,0.0,0.029673063255202723,0.0,0.0,0.0,0.002842928216060261,0.0
58__58A__RDC__1.0__48H,0.0,0.0,0.0,0.0,0.0,0.0,0.008687974014920942,0.004919506157270533,0.0,0.0,0.0,0.00020497942321902224,0.0,0.0,0.014332791977401555,0.0,0.0,0.0,0.0,0.08645401365480938,0.0029485501647703197,0.013307894861301444,0.000488797086139053,0.24017281342102606,0.0,0.0,0.0003153529587990342,0.0,0.0,0.0,0.0,0.0,0.0,0.0,0.11686980653101267,0.0019078854007302068,0.0012614118352001367,0.0005361000299590581,0.0,0.0,0.0,0.0,0.0,0.010564324119801146,0.003579256082370388,0.002175935415710236,0.0,0.0,0.0,0.0,0.003169297235930344,0.0014663912584201592,0.002333611895117253,0.0,0.002633197205970286,0.0,0.0,0.00029958531085903247,0.00029958531085903247,0.0008356853408180906,0.0,0.0,0.0,0.0,0.0,0.0,0.0,0.0008987559325780974,0.0008514529887580924,0.0,0.0,0.0,0.00040995884643904443,0.0007253118052380788,0.0,0.0,0.0,0.05518676778980599,0.0005991706217180649,0.0,0.0,0.0,0.0,0.0,0.0,0.0,0.0,0.0,0.0,0.0,0.0,0.0,0.0,0.0,0.0012929471310801403,0.0,0.0,0.0,0.00023651471909902564,0.0,0.0,0.0,0.0,0.026820769145902913,0.2975985872190323,0.0,0.003374276659150366,0.0,0.0,0.0,0.0,0.00023651471909902564,0.0,0.002507056022450272,0.0,0.0,0.0,0.0,0.0,0.0,0.016272212674001765,0.0008987559325780974,0.0047145267340505115,0.0,0.002507056022450272,0.0,0.0,0.0,0.0,0.0,0.0,0.0,0.0,0.00022074707115902394,0.01584648617970172,0.0,0.0,0.0,0.0,0.0,0.0008514529887580924,0.001151038299620125,0.0,0.0,0.0,0.0,0.0,0.0,0.0,0.024029895460502604,0.0,0.0,0.0,0.0,0.0,0.0,0.0,0.0,0.01822740101860198,0.0,0.0,0.0,0.00028381766291903077,0.004068053168510441,0.0004257264943790462,0.0,0.0,0.0,0.0
58__58A__RDC__2.0__0H,0.0,0.0,0.0,0.001671524960760127,0.005952259616360453,0.0,0.0003261512118560248,0.0,0.0,0.0,0.0,0.0020180606233601533,0.0,0.0,0.03758892716640286,0.0002446134088920186,0.0,0.0011211447907500851,0.0,0.0006523024237110496,0.0,0.30277024685602305,0.0,0.17520435411830332,0.0,0.0,0.0,0.0,0.0,0.0,0.0,0.0,0.0,0.0,0.015043724646801145,0.027376317345102083,0.0,0.0013046048474200994,0.0,0.0,0.0,0.0011619136922400885,0.0,0.020037915078401525,0.004586501416719349,0.005483417249320418,0.0,0.0,0.0,0.0,0.0004484579163010341,0.001814216115950138,0.05860529588026445,0.00022422895815101706,0.0,0.0012842203966800976,0.001406527101130107,0.0,0.0,0.0003261512118560248,0.0003465356625970263,0.0,0.0,0.0003465356625970263,0.0004280734655600326,0.0,0.0,0.0,0.0,0.0,0.0013453737489001023,0.0,0.0046272703182003525,0.0,0.0,0.0,0.0,0.017510243186501333,0.0,0.0,0.0005096112685240387,0.0,0.0,0.0,0.0016307560592801241,0.0,0.0,0.0,0.0,0.0,0.0,0.0,0.0007338402266750558,0.0,0.0,0.0,0.0,0.0,0.0010396069877900791,0.0,0.007970320239720606,0.0,0.0,0.0,0.0,0.0,0.0,0.0026295941455842,0.0,0.0,0.0016919094115001286,0.0023034429337301754,0.0018346005666901395,0.0,0.0,0.0,0.0,0.0,0.00030576676111502323,0.0,0.0,0.08865197627250675,0.00038730456407902946,0.0,0.0009988380863080759,0.02725401064070207,0.0,0.0,0.0,0.0,0.0,0.0,0.0,0.0018957539189101442,0.0018346005666901395,0.002344211835210178,0.0,0.004769961473390362,0.0,0.0,0.03037283160410231,0.0,0.0026295941455902,0.0,0.0,0.0,0.0,0.0,0.0,0.013392584136801017,0.0,0.0007746091281570589,0.0,0.0,0.033532421468902555,0.0,0.006849175448970521,0.0,0.04877999062320371,0.0,0.0,0.0,0.0,0.022952891534301745,0.0,0.0,0.0,0.0006726868744520512,0.0
58__58A__RDC__2.0__48H,0.0,0.0,0.0,0.0,0.0,0.0,0.0031698997346898453,0.00039623746683698066,0.0,0.0,0.0,0.0,0.0,0.0,0.0677049236811967,0.0,0.0,0.0,0.0,0.05371601833029738,0.0002067325913929899,0.12298866416299399,0.0,0.17382765392933353,0.0,0.0,0.0,0.0,0.0,0.0,0.0,0.0,0.0,0.0,0.0904282810184956,0.026272266822898717,0.0,0.002515246528619877,0.0,0.0,0.0,0.0,0.0,0.01967405161419904,0.00492712676152976,0.0,0.0,0.0,0.0,0.0,0.0015677221513999235,0.001412672707849931,0.011818213141283422,0.0,0.04573958584569777,0.0,0.0,0.0,0.0007752472177239622,0.006443165765079685,0.0,0.0,0.0,0.0,0.0,0.0,0.0,0.01533266719499925,0.0005168314784829747,0.0,0.0,0.0,0.00043069289873497895,0.0005340591944319739,0.0,0.0,0.0,0.02851186989629861,0.0012576232643099385,0.0,0.0,0.0,0.0,0.0,0.0,0.0009992075250659512,0.0,0.0,0.0,0.0,0.0,0.0,0.0,0.0010164352410199503,0.0,0.0,0.0,0.0,0.0,0.0,0.0,0.0,0.0,0.028305137304898614,0.2105571443339897,0.0,0.0012403955483599395,0.0,0.0,0.0,0.0,0.0,0.0,0.004341384419249788,0.0,0.0,0.0,0.0,0.0,0.0,0.0038762360886198106,0.0005512869103809731,0.0024980188126698783,0.0,0.002721979120009867,0.0,0.0,0.0,0.0,0.0,0.0,0.000981979809116952,0.0,0.00018950487544399072,0.020414843400099005,0.0,0.0,0.0,0.0,0.0,0.001326534128109935,0.0,0.0,0.0,0.0,0.0,0.0,0.0,0.0,0.0034972263377298293,0.0,0.0,0.0,0.0,0.0,0.0,0.0,0.0,0.03335285807809837,0.0,0.0,0.0,0.0005685146263309722,0.002274058505319889,0.0011198015367099453,0.0,0.0,0.0,0.0
58__58A__SDC__1.0__0H,0.0,0.0,0.0,0.0017498640308401152,0.0068575752559804515,0.0,0.0,0.0,0.0,0.0,0.0,0.0026247960462501725,0.0,0.0,0.03658161696900241,0.0,0.0,0.0008749320154180576,0.0,0.000638463903143042,0.0,0.3096076994020204,0.0,0.17096644517449128,0.0,0.0,0.0,0.0,0.0,0.0,0.0,0.0,0.0,0.0,0.01383338456810091,0.03199413559080211,0.0,0.0011586937501500763,0.0,0.0,0.00030740854595802023,0.0009222256378730607,0.0,0.020690959824101362,0.004469247321998294,0.0050131239802303305,0.0,0.0,0.0,0.0,0.0003783489796400249,0.0015370427297901014,0.05717798954809377,0.0,0.0,0.0017262172196101137,0.0014188086736500935,0.0,0.0,0.0002837617347300187,0.0,0.0,0.0,0.00026011492350301715,0.0007803447705080514,0.0,0.0,0.0,0.0,0.0,0.0009931660715550654,0.0,0.0044692473220002945,0.0,0.0,0.0,0.0,0.016552767859301088,0.0,0.0,0.0009222256378730607,0.0,0.0,0.0,0.00030740854595802023,0.0,0.0,0.0,0.0,0.0,0.00026011492350301715,0.0,0.0,0.0,0.0,0.0,0.0002837617347300187,0.0,0.0009695192603280639,0.0,0.006360992220200419,0.0,0.0,0.0,0.0,0.0,0.0,0.002411974745208159,0.0,0.0,0.0012059873726000794,0.0014424554848800949,0.0017971576532901184,0.0,0.00030740854595802023,0.0002837617347300187,0.0,0.0,0.0003783489796400249,0.0,0.0,0.08557780983230563,0.0004729362245500311,0.0,0.0006621107143700436,0.028186998983201855,0.0,0.0,0.0,0.0,0.0,0.0,0.0,0.001489749107330098,0.002080919388020137,0.002222800255390146,0.0,0.004090898342360269,0.0,0.0,0.026508075386001743,0.0,0.002837617347300187,0.0,0.0,0.0,0.0,0.0,0.0,0.015725129466301033,0.0,0.0009931660715550654,0.0,0.0,0.03516280829530232,0.0,0.00714133699071047,0.0,0.052850623093503475,0.0,0.0,0.0,0.0,0.02220435574260146,0.0,0.0,0.0,0.0009931660715550654,0.0
58__58A__SDC__1.0__48H,0.0,0.0,0.0,0.0,0.0,0.0,0.003811646044680643,0.002365175237980399,0.0,0.0,0.0,0.0,0.0,0.0,0.013663285052502305,0.0,0.0,0.0,0.0,0.06292148009151062,0.0021306124044603593,0.017103539944102887,0.00408530268379069,0.29771887644405026,0.0,0.0,0.0,0.0,0.0,0.0,0.0,0.0,0.0,0.0,0.09020895639091522,0.0029711292245705014,0.0026583787798804483,0.0005082194726250857,0.0,0.0,0.0,0.0,0.0,0.009910279716181672,0.0025020035575404223,0.0005473132782110924,0.0,0.0002150159307260363,0.0,0.0,0.0011923610703902013,0.001505111515080254,0.002462909751946416,0.0,0.0058249770323909825,0.0,0.0,0.0,0.00046912566703807916,0.015872085068102677,0.0,0.0,0.0,0.0,0.0,0.0,0.0,0.001974237182120333,0.00029320354189904947,0.0,0.0003518442502790594,0.0,0.0003127504446920528,0.0003518442502790594,0.0,0.0,0.0,0.04749897378760801,0.0003127504446920528,0.0,0.0,0.0,0.0,0.0,0.0,0.0003127504446920528,0.0,0.0,0.0,0.0,0.0,0.0,0.0,0.0,0.0009577982368691617,0.0,0.0,0.0,0.0,0.0,0.0,0.0,0.0,0.05596278269710944,0.22027404757703717,0.0,0.0023065345296003894,0.0,0.0,0.0,0.0,0.0,0.0,0.00379209914189064,0.0,0.0,0.0,0.0,0.0,0.0,0.02855802498090482,0.0008600637229031452,0.002932035418990495,0.0,0.002756113293850465,0.0,0.0,0.0,0.0,0.0,0.0,0.00037139115307206267,0.0,0.0005082194726250857,0.01131765671730191,0.0,0.00039093805586506595,0.0,0.0,0.0,0.001368283195530231,0.0003518442502790594,0.0,0.0,0.0,0.0,0.0,0.0,0.0,0.01571570984580265,0.0,0.0,0.0,0.0,0.0020133309877003397,0.0,0.0,0.0,0.0491604605250083,0.0,0.0,0.0002150159307260363,0.0004300318614520726,0.007154166422331207,0.0005473132782110924,0.0,0.0,0.0,0.0
58__58A__SDC__2.0__0H,0.0,0.0,0.0,0.0017405682955505017,0.006766459248941951,0.0,0.0003045994517210878,0.0,0.0,0.0,0.0,0.0018493538140205332,0.0,0.0,0.03685653365821062,0.0002610852443320753,0.0,0.00128366911797037,0.0,0.0005439275923591568,0.0,0.2998346460120864,0.0,0.17745093773112114,0.0,0.0,0.0,0.0,0.0,0.0,0.0,0.0,0.0,0.0,0.014686044993704234,0.028806405291308308,0.000239328140638069,0.0010660980810203076,0.0,0.0,0.0,0.0008702841477742509,0.0,0.02160480396850623,0.005134676471872481,0.005591575649451613,0.0,0.0,0.0,0.0,0.0008267699403862384,0.0017405682955505017,0.05659022670899631,0.0003045994517210878,0.0,0.0018928680214105459,0.0010443409773303013,0.0,0.0,0.0003263565554150941,0.00034811365911010037,0.0,0.0,0.0,0.0007832557329972258,0.0,0.0,0.0,0.0,0.0,0.0014794830512204265,0.0,0.004133849701931191,0.0,0.0,0.0,0.0,0.016448370392904744,0.0,0.0,0.0008267699403862384,0.0,0.0,0.0,0.0023715243026806838,0.0,0.000239328140638069,0.0,0.0,0.0,0.0002610852443320753,0.0,0.00028284234802708155,0.0,0.0,0.0,0.0,0.0,0.0012183978068803513,0.0,0.006266045863971807,0.0,0.0,0.0,0.0,0.0,0.0,0.003176537139379916,0.0,0.0,0.0016100256733804642,0.0014359688438304139,0.0024150385100706966,0.0,0.0003263565554150941,0.0,0.0,0.0,0.0,0.0,0.0,0.08966102432442585,0.0006962273182192007,0.0,0.0005874417997481693,0.026456638092345632,0.0,0.0,0.0,0.0002610852443320753,0.0,0.0,0.0,0.0016317827770804705,0.0018058396066305206,0.0021104390583506086,0.0,0.004112092598231185,0.0,0.0,0.025521082633507358,0.0,0.002545581132240734,0.0,0.0,0.0,0.0,0.0,0.0,0.013337104564603845,0.0,0.0007397415256082132,0.00028284234802708155,0.0,0.03496366563681008,0.0,0.0075714720856421835,0.0,0.051999477829514994,0.0,0.0,0.0,0.0,0.023780514337906854,0.0,0.0,0.0,0.0006962273182192007,0.0
58__58A__SDC__2.0__48H,0.0,0.0,0.0,0.0,0.0,0.0,0.000407670732503016,0.0002446024395020096,0.0,0.0,0.0,0.0,0.0,0.0,0.013844498075800543,0.0,0.0,0.0,0.0,0.026123540538801022,0.0004239775618030166,0.03450525079900135,0.00022829561020200895,0.2451405648690096,0.0,0.0,0.0,0.0,0.0,0.0,0.0,0.0,0.0,0.0,0.10232535385800401,0.0006685800013050263,0.00021198878090100833,0.000407670732503016,0.0,0.0,0.0,0.0,0.0,0.0061965951340402425,0.0027395473224201077,0.0,0.0,0.0,0.0,0.0,0.0010762507338100422,0.001630682930010064,0.0011740917096080459,0.0,0.018312569304000718,0.0,0.0,0.0,0.0004239775618030166,0.09609614506560377,0.0,0.0,0.0,0.0,0.0,0.0,0.0,0.001630682930010064,0.0,0.0,0.0,0.0,0.0005707390255040223,0.0002446024395020096,0.0,0.0,0.0,0.023253538582000913,0.0005218185376040205,0.0,0.0,0.0,0.0,0.0,0.0,0.0,0.0,0.0,0.0,0.0,0.0,0.0,0.0,0.0,0.0,0.0,0.0,0.0,0.0,0.0,0.0,0.0,0.0,0.018573478572800728,0.30418759376401194,0.0,0.001402387319810055,0.0,0.0,0.0,0.0,0.0,0.0,0.006539038549340256,0.0,0.0,0.0,0.0,0.0,0.0,0.0017611375644100689,0.0007501141478050294,0.002168808296910085,0.0,0.0015654556128100613,0.0,0.0,0.0,0.0,0.0,0.0,0.0,0.0,0.00019568195160100767,0.030249168351701185,0.0,0.00021198878090100833,0.0,0.0,0.0,0.00044028439110301726,0.0,0.0,0.0,0.0,0.0,0.0,0.0,0.0,0.0014513078077100568,0.0,0.0,0.0,0.0,0.0017937512230100702,0.0,0.0,0.0,0.04689844106710184,0.0,0.0,0.0010110234166100397,0.00019568195160100767,0.0022014219555100863,0.0,0.0,0.0,0.0,0.0
58__58B__No Added Carb__1.0__0H,0.0,0.0,0.0,0.0006398607662962252,0.0012541271019384812,0.0,0.0,0.0,0.0,0.0,0.0,0.0,0.0,0.0,0.026746180031167608,0.0,0.0,0.0,0.0,0.0,0.0,0.2293260986407223,0.0,0.14924112513129426,0.0,0.0,0.0,0.0,0.0,0.0,0.0,0.0,0.0,0.0,0.0,0.15492308873581237,0.0,0.016738757646279728,0.0,0.0,0.0,0.0,0.0,0.028972895497864914,0.0011517493793386053,0.0,0.0,0.0,0.0,0.0,0.0005886719049922871,0.0006654551969481941,0.10803409178186918,0.0,0.017916101456278304,0.0,0.0,0.0,0.0,0.01822323462407793,0.0,0.0,0.0,0.0,0.0,0.0,0.0,0.0,0.0,0.0,0.0,0.0,0.0,0.0,0.0,0.0,0.0,0.10985129635827696,0.0,0.0,0.00076783291955607,0.0,0.001049371656728729,0.0,0.0012541271019384812,0.0,0.0,0.0,0.0,0.0,0.0,0.0,0.0,0.0,0.0,0.0,0.0,0.0,0.0004095108904295041,0.0,0.0050932916997238325,0.0,0.0,0.0,0.0,0.0,0.0,0.0,0.0,0.0,0.0,0.0,0.0,0.0,0.0,0.0,0.0,0.0,0.0,0.0,0.0,0.0,0.0,0.0,0.004043920042995103,0.0,0.0,0.0,0.0,0.0,0.0,0.0,0.0,0.017788129303078458,0.04386885413724687,0.0,0.0,0.0,0.0,0.0,0.0,0.0,0.0,0.0,0.0,0.0,0.0,0.0,0.0,0.0,0.0,0.0,0.0,0.0,0.016278057894580287,0.0,0.0012797215325884503,0.0,0.03869877914565314,0.0,0.0,0.0,0.0,0.005195669422323708,0.0,0.0,0.0,0.0,0.0
58__58B__No Added Carb__1.0__48H,0.0,0.0,0.0,0.0,0.0,0.0,0.18507291771901294,0.0,0.0,0.0,0.0,0.0,0.0,0.0,0.003755346738070263,0.0,0.0016503317503601153,0.0,0.00028628203832802,0.0,0.0,0.009464147384730663,0.0,0.05835101545920408,0.0,0.0,0.0,0.0,0.0,0.0,0.0,0.0,0.0,0.0,0.4034050722440282,0.00040416287764002826,0.00042100299754102945,0.0,0.0,0.0,0.0,0.0,0.0,0.00020208143882001413,0.02657370920480186,0.0036711461385602567,0.0,0.0,0.0,0.0,0.0010272473140000718,0.00023576167862301647,0.0035532652992502486,0.0,0.0006062443164600423,0.0,0.0,0.00023576167862301647,0.008841062948370618,0.002273416186720159,0.0,0.0,0.0,0.0,0.0,0.0,0.0,0.0,0.0,0.0,0.0,0.0,0.010710316257500749,0.0,0.0,0.0,0.0,0.053635781886803756,0.0003536425179350247,0.0,0.00023576167862301647,0.0,0.0,0.0,0.0,0.0,0.0,0.0,0.0,0.0,0.0,0.0,0.0,0.0,0.0,0.0,0.0,0.0,0.0,0.0,0.0,0.02876292479200201,0.0,0.0,0.0,0.0,0.0,0.0,0.0,0.0,0.0,0.0,0.0,0.0,0.0,0.0,0.0,0.0,0.0,0.0,0.0,0.005102556330200356,0.010272473140000718,0.0,0.0007746455154760542,0.0,0.0,0.0,0.0,0.0,0.0,0.0,0.0,0.0009767269542960684,0.011468121653000802,0.0,0.0,0.0002526017985250177,0.0,0.0,0.001060927553800074,0.003216462901220225,0.0,0.0,0.0,0.0,0.0,0.0,0.0,0.0038227072176802677,0.0,0.0,0.0,0.0,0.008942103667780626,0.0,0.0,0.0,0.1401097975820098,0.0,0.0,0.0,0.0,0.010272473140000718,0.0,0.0,0.0,0.0,0.0
58__58B__RDC__1.0__0H,0.0,0.0,0.0,0.0007876230661041077,0.0,0.0,0.0,0.0,0.0,0.0,0.0,0.0,0.0,0.0,0.021059540553202884,0.0,0.0,0.0,0.0,0.0,0.0,0.017140178152802346,0.0,0.5717393342711203,0.0,0.0,0.0,0.0,0.0,0.04311298640410591,0.0,0.0,0.0,0.0,0.0,0.0070135958743609604,0.0,0.009976558837321365,0.0,0.0,0.0,0.0,0.0,0.020853258321602855,0.002025316455700277,0.0,0.0,0.0,0.0,0.0,0.0,0.0,0.07578059071731037,0.0,0.022541022034703085,0.00496952648851068,0.0,0.0,0.0,0.04208157524610576,0.0,0.0,0.0,0.0,0.0003375527426160462,0.0,0.0,0.0,0.0,0.0,0.0,0.0,0.0,0.0,0.0,0.0,0.0,0.036755743084875024,0.0,0.0,0.0007876230661041077,0.0,0.0,0.0,0.0018377871542402514,0.0,0.0,0.0,0.0,0.0,0.0,0.0,0.0,0.0,0.0,0.0,0.0,0.0,0.0,0.0,0.0049882794186606825,0.0,0.0,0.0,0.0,0.0,0.0,0.0,0.0,0.0,0.0,0.0,0.0,0.0,0.0,0.0,0.0,0.0,0.0,0.0,0.0,0.010276605719601407,0.008663853727141187,0.0,0.004444444444440608,0.0,0.0,0.0,0.0,0.0,0.0,0.0,0.0,0.012508204406901712,0.00971401781528133,0.0,0.0,0.0,0.0,0.0,0.00031879981247104366,0.0,0.0,0.0,0.0,0.0,0.0,0.0,0.0,0.0019503047351102669,0.0003375527426160462,0.0,0.0,0.0,0.006394749179560875,0.0,0.0027379278012203746,0.0,0.027923112986403823,0.0,0.0,0.0,0.0,0.030942334739804237,0.0,0.0,0.0,0.0,0.0
58__58B__RDC__1.0__48H,0.0,0.0,0.0,0.00019270185519280685,0.0,0.0,0.1702258115378294,0.009004432142660975,0.0,0.0,0.0,0.0,0.0,0.0,0.005921202459574066,0.0,0.0,0.0,0.0003854037103866137,0.14881838726085084,0.0,0.017167983462682793,0.0,0.1643221274286353,0.0,0.0,0.0,0.0,0.0,0.0,0.0,0.0,0.0,0.0,0.2066464621687929,0.0025576791689274365,0.0003503670094416488,0.0,0.0,0.0,0.0,0.0,0.0,0.003188339785926804,0.024998686123674944,0.0,0.0,0.0,0.0,0.0,0.0018744635005181213,0.0,0.001191247832102806,0.0,0.0,0.0009635092759660343,0.0,0.0,0.014680377695585285,0.004764991328415224,0.0,0.0,0.0,0.0,0.0,0.0,0.0,0.0,0.0,0.0,0.0,0.0,0.0261373789043738,0.0,0.0,0.0,0.0,0.050207592453049676,0.0004905138132185083,0.0,0.00028029360755371907,0.0,0.0,0.0,0.0,0.0,0.0,0.0,0.0,0.0,0.0,0.0,0.0,0.0,0.0025751975193974187,0.0,0.0,0.0,0.00019270185519280685,0.0,0.0,0.00961757440918036,0.0,0.010073051521489905,0.0,0.0,0.0,0.0,0.0,0.0,0.0,0.0,0.0,0.0,0.0,0.0,0.0,0.0,0.0,0.0,0.0,0.003258413187806734,0.010493491932789482,0.0,0.004537252772275452,0.0,0.0,0.0,0.0,0.0,0.0,0.0,0.0,0.000875917523605122,0.013751905120586216,0.0,0.0,0.0,0.0,0.0,0.0007182523693562801,0.0024000140146775944,0.0,0.0,0.0,0.0,0.0,0.0,0.0,0.00924968904927073,0.0,0.0,0.0,0.0,0.0081810696704718,0.0,0.0,0.0,0.06217262582553768,0.0,0.0,0.0,0.0,0.007532890703002449,0.0,0.0,0.0,0.0,0.0
58__58B__RDC__2.0__0H,0.0,0.0,0.0,0.00053893829156586,0.0012799784424696674,0.0,0.0,0.0,0.0,0.0,0.0,0.0,0.0,0.0,0.026183418665193196,0.0,0.0,0.0,0.0,0.0,0.0,0.24934878289793522,0.0,0.13451001526989606,0.0,0.0,0.0,0.0,0.0,0.0,0.0,0.0,0.0,0.0,0.0,0.1531707536149602,0.0,0.016145692984795807,0.0,0.0,0.0,0.0,0.0,0.030921584478591967,0.000673672864456825,0.0,0.0,0.0,0.0,0.0,0.0006512171023078309,0.000404203718673895,0.10455402856397285,0.0,0.016796910087095634,0.0,0.0,0.0,0.0,0.01789724243239535,0.0,0.0,0.0,0.0,0.0,0.0,0.0,0.0,0.0,0.0,0.0,0.0,0.0,0.0,0.0,0.0,0.0,0.11760082637213946,0.0,0.0,0.00080840743734779,0.0,0.001504536063949609,0.0,0.001504536063949609,0.0,0.0,0.0,0.0,0.0,0.0,0.0,0.0,0.0,0.0,0.0,0.0,0.0,0.0,0.0,0.0014147130153596324,0.0,0.0,0.0,0.0,0.0,0.0,0.0,0.0,0.0,0.0,0.0,0.0,0.0,0.0,0.0,0.0,0.0,0.0,0.0,0.0,0.0,0.0,0.0,0.003098895176499195,0.0,0.0,0.0,0.0,0.0,0.0,0.0,0.0,0.018031977005295317,0.043317165184588745,0.0,0.0,0.0,0.0,0.0,0.0,0.0,0.0,0.0,0.0,0.0,0.0,0.0,0.0,0.0,0.00038174795652590085,0.0,0.0,0.0,0.015269918260996032,0.0,0.0016841821611395624,0.0,0.03698464025869039,0.0,0.0,0.0,0.0,0.005322015629208618,0.0,0.0,0.0,0.0,0.0
58__58B__RDC__2.0__48H,0.0,0.0,0.0,0.0,0.0,0.0,0.010218563724103354,0.0,0.0,0.0,0.0,0.0,0.0,0.0,0.0008842987838162901,0.0,0.0,0.0,0.0005021943710561648,0.0,0.0,0.6618485119762172,0.0,0.03912749186661284,0.0,0.0,0.0,0.0,0.0,0.0,0.0,0.0,0.0,0.0,0.18661979519206123,0.0,0.0,0.0,0.0,0.0,0.0,0.0,0.0,0.00015284176510405015,0.005666062577791859,0.00033843533701611103,0.0,0.0,0.0,0.0,0.0,0.001692176685080555,0.0007969606323282616,0.0,0.0021507019803907058,0.0,0.0,0.0,0.0007096224808402328,0.009858293849213233,0.0,0.0,0.0,0.0,0.0,0.0,0.0,0.0,0.0,0.0,0.0,0.0,0.00643027140331211,0.0,0.0,0.0,0.0,0.006146422410972016,0.0,0.0,0.0003602698748881182,0.0,0.0,0.0,0.0,0.0,0.0,0.0,0.0,0.0,0.0,0.0,0.0,0.0,0.0,0.0,0.0,0.0,0.0,0.0,0.0,0.013821262473004534,0.0,0.0,0.0,0.0,0.0,0.0,0.01429070503720469,0.0,0.0,0.0,0.0,0.0,0.0,0.0,0.0,0.0,0.0,0.0,0.0,0.006899713967552264,0.0006987052119042292,0.0,0.00014192449616804657,0.0,0.0002510971855280824,0.0,0.0,0.0,0.0,0.0,0.0,0.002838489923360931,0.0097491211598532,0.0,0.0,0.00040393895063213254,0.0,0.0,0.0020524465599706734,0.00014192449616804657,0.0,0.0,0.0,0.0,0.0,0.0,0.0,0.00018559357191206088,0.0,0.0,0.0,0.0,0.000600449791480197,0.0,0.0,0.0,0.013526496211704438,0.0,0.0,0.0,0.0,0.00041485621956813615,0.0,0.00022926264765607522,0.0,0.0002510971855280824,0.0
58__58B__SDC__1.0__0H,0.0,0.0,0.0,0.00048728813559326757,0.0009745762711865351,0.0,0.0,0.0,0.0,0.0,0.0,0.0,0.0,0.0,0.024385593220313393,0.0,0.0,0.0,0.0,0.0,0.0,0.23256355932212772,0.0,0.12502118644052665,0.0,0.0,0.0,0.0,0.0,0.0,0.0,0.0,0.0,0.0,0.0,0.17487288135609602,0.0,0.01752118644070962,0.0,0.0,0.0,0.00023305084745812795,0.0,0.03273305084751797,0.001504237288140826,0.0,0.0,0.0,0.0,0.0,0.0007627118644074188,0.0005296610169492909,0.10578389830505809,0.0,0.01752118644070962,0.0,0.0,0.0,0.0,0.0171186440678094,0.0,0.0,0.0,0.0,0.0,0.0,0.0,0.0,0.0,0.0,0.0,0.0,0.0,0.0,0.0,0.0,0.0,0.11828389830477494,0.0,0.0,0.001101694915250605,0.0,0.0011440677966106283,0.0,0.0014618644067808028,0.0,0.0,0.0,0.0,0.0,0.0,0.0,0.0,0.0,0.0,0.0,0.0,0.0,0.0,0.0,0.001504237288140826,0.0,0.0,0.0,0.0,0.0,0.0,0.0,0.0,0.0,0.0,0.0,0.0,0.0,0.0,0.0,0.0,0.0,0.0,0.0,0.0,0.0,0.0,0.0,0.003983050847462187,0.0,0.0,0.0,0.0,0.0,0.0,0.0,0.0,0.014957627118608215,0.04561440677972505,0.0,0.0,0.0,0.0,0.0,0.0,0.0,0.0,0.0,0.0,0.0,0.0,0.0,0.0,0.0,0.0,0.0,0.0,0.0,0.016546610169509087,0.0,0.0014618644067808028,0.0,0.03599576271191977,0.0,0.0,0.0,0.0,0.005932203389833258,0.0,0.0,0.0,0.0,0.0
58__58B__SDC__1.0__48H,0.0,0.0,0.0,0.0,0.0,0.0,0.13416053759501181,0.0,0.0,0.0,0.0,0.0,0.0,0.0,0.007116778665540626,0.0,0.0,0.0,0.0,0.0,0.0,0.016733689613201475,0.0,0.10599767183400932,0.0,0.0,0.0,0.0,0.0,0.0,0.0,0.0,0.0,0.0,0.33548071326502954,0.0006878670829140606,0.00023810783639302094,0.0,0.0,0.0,0.0,0.0,0.0,0.0007804645748450687,0.019882004338901752,0.0025795015609302273,0.0,0.0,0.0,0.0,0.0,0.025927297740602283,0.0034261072014383017,0.0,0.01895602941950167,0.0001455103444630128,0.0,0.0,0.005661675220910499,0.07923699666650698,0.0,0.0,0.0,0.0,0.0,0.0,0.0,0.0,0.0,0.0,0.0,0.0,0.024723530345502176,0.0,0.0,0.0,0.0,0.048851791100104305,0.0004629874596540408,0.0,0.0,0.0,0.0,0.0,0.0,0.0,0.0,0.0,0.0,0.0,0.0,0.0,0.0,0.0,0.0,0.0,0.0,0.0,0.0,0.0,0.0,0.005053177416790445,0.0,0.0,0.0,0.0,0.0,0.0,0.0,0.0,0.0,0.0,0.0,0.0,0.0,0.0,0.0,0.0,0.0,0.0,0.0,0.0031615429387802786,0.007897243240380696,0.0,0.001045028837500092,0.0,0.0,0.0,0.0,0.0,0.0,0.0,0.0,0.0009127467061750803,0.011032329752900971,0.0,0.0,0.0,0.0,0.0,0.000978887771840086,0.002090057675010184,0.0,0.0,0.0,0.0,0.0,0.0,0.0,0.0025133604952602214,0.0,0.0,0.0,0.0,0.007077094026140623,0.0,0.0,0.0,0.12054870628101062,0.0,0.0,0.0,0.0,0.005463252023920481,0.0,0.0011773109688301036,0.0,0.0,0.0
58__58B__SDC__2.0__0H,0.0,0.0,0.0,0.0006287126566358014,0.0011273468325896437,0.0,0.0,0.0,0.0,0.0,0.0,0.0,0.0,0.0,0.027229761956391395,0.0,0.0,0.0,0.0,0.0,0.0,0.22902484498992765,0.0,0.14948185405188075,0.0,0.0,0.0,0.0,0.0,0.0,0.0,0.0,0.0,0.0,0.0,0.15327580973895158,0.0,0.01736547717119451,0.0,0.0,0.0,0.0,0.0,0.030069808784590497,0.0011923860729296234,0.0,0.0,0.0,0.0,0.0,0.0006503924034167945,0.0004769544291718493,0.10937432250796544,0.0,0.018384425269894193,0.0,0.0,0.0,0.0,0.017864111347194355,0.0,0.0,0.0,0.0,0.0,0.0,0.0,0.0,0.0,0.0,0.0,0.0,0.0,0.0,0.0,0.0,0.0,0.11128214022408484,0.0,0.0,0.0010406278454696712,0.0,0.0012357455664896095,0.0,0.0012791050600495957,0.0,0.0,0.0,0.0,0.0,0.0,0.0,0.0,0.0,0.0,0.0,0.0,0.0,0.0,0.0,0.0012140658197096164,0.0,0.0,0.0,0.0,0.0,0.0,0.0,0.0,0.0,0.0,0.0,0.0,0.0,0.0,0.0,0.0,0.0,0.0,0.0,0.0,0.0,0.0002601569613669178,0.0,0.0037505961930388147,0.0,0.0,0.0,0.0,0.0,0.0,0.0,0.0,0.020682478428693463,0.04286085938518645,0.0,0.0,0.0,0.0,0.0,0.0,0.0,0.0,0.0,0.0,0.0,0.0,0.0,0.0,0.0,0.00023847721458592465,0.0,0.0,0.0,0.014417031609095445,0.0,0.0013007848068295892,0.0,0.03869834800328777,0.0,0.0,0.0,0.0,0.0055933746693782324,0.0,0.0,0.0,0.0,0.0
58__58B__SDC__2.0__48H,0.0,0.0,0.0,0.0,0.0,0.0,0.0,0.0,0.0,0.0,0.0,0.0,0.0,0.0,0.04754542832417196,0.0,0.0,0.0,0.0014306316700291562,0.0,0.0,0.3011364291898224,0.0,0.23389674069786207,0.0,0.0,0.0,0.0,0.0,0.0,0.0,0.0,0.0,0.0,0.27440438419383817,0.0,0.0,0.0,0.0,0.0,0.0,0.0,0.0,0.008087683876545229,0.016383040092290337,0.0,0.0,0.0,0.0,0.0,0.0,0.0,0.0,0.0,0.02567060859528486,0.0,0.0,0.0,0.0,0.05554081338326724,0.0,0.0,0.0,0.0,0.0,0.0,0.0,0.0,0.0,0.0,0.0,0.0,0.0028035765791783462,0.0,0.0,0.0,0.0,0.0004499567349287346,0.0002999711566198231,0.0,0.00033458321315280265,0.0,0.0,0.0,0.0,0.0,0.0,0.0,0.0,0.0,0.0,0.0,0.0,0.0,0.0,0.0,0.0,0.0,0.0,0.0,0.0,0.010625901355593733,0.0,0.0,0.0,0.0,0.0,0.0,0.0008537640611474965,0.0,0.0,0.0,0.0,0.0,0.0,0.0,0.0,0.0,0.0,0.0,0.0,0.0040380732621876185,0.002019036631088809,0.0,0.0,0.0,0.0,0.0,0.0,0.0,0.0,0.0,0.0,0.001880588404958891,0.010914335160093562,0.0,0.0,0.00019613498701988435,0.0,0.0,0.0013383328526092107,0.0,0.0,0.0,0.0,0.0,0.0,0.0,0.0,0.0,0.0,0.0,0.0,0.0,0.0,0.0,0.0,0.0,0.00014998557830991156,0.0,0.0,0.0,0.0,0.0,0.0,0.0,0.0,0.0,0.0
66__66A__No Added Carb__1.0__0H,0.0,0.0,0.0,0.0003153977165211066,0.0005466893753021848,0.0,0.0,0.0,0.0,0.0,0.0,0.0,0.0,0.0,0.022813768161707708,0.0,0.0,0.0,0.0,0.0,0.0,0.10740343573203628,0.0,0.47829012384616165,0.0,0.0,0.0,0.0,0.0,0.0,0.0,0.0,0.0,0.0,0.0,0.025400029437108583,0.0,0.013267730608304485,0.0,0.0,0.0,0.0,0.0,0.024369730229808238,0.0,0.0,0.0,0.0,0.0,0.0,0.0002733446876510924,0.0,0.08276036081502797,0.0,0.0008200340629532771,0.0,0.0,0.0,0.0,0.003700666540511251,0.0,0.0,0.0,0.0,0.0005046363464331705,0.0,0.0,0.009672196639963267,0.0,0.0,0.0,0.0,0.0,0.0,0.0,0.0,0.0,0.015097037364105103,0.0,0.0,0.00035745074539012076,0.0,0.0,0.0,0.015391408566205201,0.0,0.0,0.0,0.0,0.0,0.0,0.0,0.0,0.0,0.0,0.0,0.0,0.0,0.0006518219474762203,0.0,0.002796526419820945,0.0,0.0,0.0,0.0,0.0,0.0,0.0,0.0,0.0,0.0,0.0,0.0,0.0,0.0,0.0,0.0,0.0,0.0,0.0,0.0,0.006371033873712153,0.004646859690071571,0.0,0.0008831136062572985,0.0007990075485192701,0.0,0.0,0.00399503774259135,0.0,0.001177484808340398,0.0,0.0,0.00624487478711211,0.019596711453106624,0.0,0.0,0.0,0.0,0.0,0.0,0.0,0.0,0.0,0.0,0.0,0.0,0.0,0.0,0.0018503332702506253,0.00035745074539012076,0.0,0.0,0.0,0.010723522361703625,0.0,0.007758783826412622,0.0,0.10460690931303535,0.0,0.0,0.0,0.0,0.026556487731008976,0.0,0.0,0.0,0.0,0.0
66__66A__No Added Carb__1.0__48H,0.0,0.0,0.0,0.0,0.0,0.0020327363554188036,0.011120263591393455,0.0,0.0,0.0,0.0,0.0,0.0,0.0,0.0022984535260686468,0.0006908646436725933,0.0,0.0,0.0,0.15242865493991026,0.0006111494924796403,0.06811659669445991,0.0,0.06092894722856413,0.0,0.0,0.0,0.0,0.0016607323165190224,0.0,0.0,0.0,0.0,0.0,0.1414811075089167,0.02755487059568378,0.0,0.00835680501673508,0.020699367593087815,0.0,0.0,0.0,0.0008768666631234838,0.016168889833690483,0.004304618164427466,0.0013551575702792022,0.0,0.0,0.0,0.002936174735608272,0.0,0.0068953605781959405,0.005154913110486966,0.0,0.012249561566692789,0.0,0.0,0.0,0.0,0.015531168624090859,0.0,0.0,0.0005845777754156559,0.0,0.0,0.0007307222192695699,0.0,0.0016474464579890303,0.0,0.0,0.0030291757453382168,0.0,0.0,0.0,0.0013684434288091945,0.0,0.0,0.016554179731090253,0.0,0.0,0.0,0.0,0.0,0.0,0.0,0.007227507041505745,0.0,0.0,0.0,0.0,0.0,0.005208056544606935,0.0,0.0,0.0,0.0,0.0,0.0,0.00021257373651487489,0.0,0.0,0.0,0.014694159536591351,0.02544241908908502,0.16538236700890266,0.0,0.0007440080778015621,0.0,0.0,0.0,0.0,0.0,0.0,0.0,0.0,0.0,0.002949460594138264,0.0,0.0,0.0,0.014335441356191561,0.006802359568475996,0.0,0.0,0.0,0.0,0.0,0.0,0.0,0.0,0.0007307222192695699,0.038489132167677347,0.0005447201998186795,0.0457033533506731,0.027900302917583577,0.0,0.00572620502736663,0.0,0.0,0.0,0.0009964393899124133,0.0,0.0,0.0,0.0,0.006589785831956121,0.0,0.0,0.0,0.00034543232183679664,0.0,0.0,0.0,0.0,0.0,0.0,0.0,0.0,0.021881809002487117,0.0,0.0,0.0,0.0,0.0207259393101878,0.0,0.0,0.0,0.0,0.0
66__66A__RDC__1.0__0H,0.0,0.0,0.0,0.0012307915075398324,0.004253470651059421,0.0,0.0005972958786579186,0.0,0.0,0.0,0.0,0.0,0.0,0.0,0.04175641188079432,0.0,0.0,0.0,0.0,0.0,0.0,0.0455392857788938,0.0,0.48084128219514954,0.0,0.0,0.0,0.0,0.0,0.0,0.0001990986262189729,0.0,0.0,0.0,0.006624554290579098,0.05576571521659241,0.0,0.006606454415459101,0.0,0.0,0.0,0.0005248963782149285,0.0,0.026425817661896403,0.000506796503103931,0.0,0.0,0.0,0.0,0.0,0.0001990986262189729,0.0,0.05627251171969234,0.0,0.005791960035479211,0.002099585512859714,0.0,0.0,0.0,0.022878242140096886,0.0,0.0,0.0,0.0,0.0005610961284369237,0.0,0.0,0.0,0.0,0.0,0.0,0.0,0.009973031186078642,0.0,0.0,0.0,0.0,0.028995999927556054,0.0,0.0,0.0002895980017739606,0.0,0.0,0.0,0.0025339825155196553,0.0,0.0,0.0,0.0,0.0,0.0,0.0,0.0,0.0,0.0,0.0,0.0,0.0,0.0,0.0,0.00047059675288193593,0.0,0.0,0.0,0.0,0.0,0.0,0.0,0.0,0.0,0.00360187514705951,0.0,0.0,0.0,0.0,0.0,0.0,0.0,0.0,0.0,0.0,0.011402921319798448,0.0006153957537689162,0.0,0.0009049937555428768,0.05147604481529299,0.0,0.0,0.0,0.0,0.0,0.0,0.0,0.023330739017896826,0.02610001990989645,0.0,0.0,0.003076978768849581,0.0,0.0,0.00631685641368914,0.0,0.0,0.0,0.0,0.0,0.0,0.0,0.0,0.004959365780379325,0.0,0.0,0.0,0.0,0.00396387264927946,0.0,0.002262484388859692,0.0,0.044670491773593925,0.0,0.0,0.0,0.0,0.016145088598897805,0.0,0.0,0.0,0.00023529837644096797,0.0
66__66A__RDC__1.0__48H,0.0,0.0,0.0,0.00015783403144502498,0.00027924482486504416,0.0,0.00026710374552304226,0.007223942208461143,0.0,0.0,0.0,0.0,0.00019425726947103073,0.0,0.004030838341530637,0.011934680993101887,0.0,0.0,0.0,0.06165240089840976,0.0014812116797202344,0.02414860681110382,0.003484489771140551,0.05905420991922234,0.0,0.0,0.0,0.0,0.0001821161901290288,0.0,0.0,0.00033995022157505377,0.0,0.0,0.1964548048320311,0.03526983548840558,0.0,0.0004249377769680672,0.0,0.0,0.0,0.0,0.0,0.00797668912766126,0.002051842408790325,0.00038851453894306147,0.0,0.0010441328234101653,0.0,0.00518424087901082,0.0,0.0006313361257820998,0.004504340435865713,0.0,0.003994415103500632,0.0,0.0,0.0,0.0009348631093301479,0.0,0.0005584896497300883,0.0,0.0,0.0,0.00014569295210302305,0.0,0.0,0.0003156680628910499,0.0008013112365691268,0.0,0.0,0.0,0.0003520913009170557,0.0,0.0,0.0,0.0,0.033946457840105373,0.0,0.0,0.0,0.0,0.0,0.0,0.0,0.00044921993565207106,0.0,0.0,0.0,0.0,0.0,0.00016997511078702688,0.0,0.0,0.001505493838400238,0.0,0.0,0.0,0.00014569295210302305,0.0,0.0,0.0,0.0,0.05590967036970885,0.30310204577204797,0.0,0.005342074910460845,0.0,0.0,0.0,0.0,0.0,0.0,0.0038972864687706167,0.0,0.0,0.0,0.0,0.0,0.0,0.005099253323620807,0.017288896982902733,0.0,0.0,0.005038547926910797,0.0005584896497300883,0.0,0.0,0.003812298913370603,0.0,0.0,0.05163601044130817,0.0,0.00183330298063029,0.02623687245800415,0.0003156680628910499,0.00038851453894306147,0.00020639834881303266,0.0,0.0,0.00360590056456057,0.0,0.0,0.0,0.0,0.0,0.0,0.0,0.0,0.0032173860256205092,0.0,0.0,0.0,0.0,0.00033995022157505377,0.0,0.00014569295210302305,0.0,0.024622108905503898,0.0,0.0,0.0,0.0,0.014690706003802324,0.0007041826018331115,0.0,0.0,0.00032780914223305187,0.0
66__66A__RDC__2.0__0H,0.0,0.0,0.0,0.0008274492497790198,0.0007998676081200192,0.0,0.0,0.0,0.0,0.0,0.0,0.0,0.0,0.0,0.02708517210940065,0.0,0.0,0.0,0.0,0.0,0.0,0.11060238305400265,0.0,0.4011749779350096,0.0,0.0,0.0,0.0,0.0,0.0,0.0,0.0,0.0,0.0,0.0,0.03966240070610095,0.0,0.016769638128900404,0.0,0.0,0.0,0.0,0.0,0.024299426301900583,0.0,0.0,0.0,0.0,0.0,0.0,0.00044130626654901054,0.00038614298323000926,0.06820939982350163,0.0,0.0012411738746700297,0.0,0.0,0.0,0.0,0.004495807590470108,0.0,0.0,0.0,0.0,0.0005240511915270126,0.0,0.0,0.029870917917000715,0.0,0.0,0.0,0.0,0.0,0.0,0.0,0.0,0.0,0.02049315975291249,0.0,0.0,0.0013515004413100324,0.0,0.0,0.0,0.014756178287700353,0.0,0.0,0.0,0.0,0.0,0.0,0.0,0.0,0.0,0.0,0.0,0.0,0.0,0.0,0.0,0.004330317740510104,0.0,0.0,0.0,0.0,0.0,0.0,0.0,0.0,0.0,0.0,0.0,0.0,0.0,0.0,0.0,0.0,0.0,0.0,0.0,0.0,0.007584951456310182,0.007612533097970182,0.0,0.0015721535745800378,0.0021513680494300515,0.0,0.0,0.007226390114740173,0.0,0.0033649602824400806,0.0,0.0,0.013101279788200314,0.02369263018530057,0.0,0.0,0.0,0.0,0.0,0.0,0.0,0.0,0.0,0.0,0.0,0.0,0.0,0.0,0.003006398940860072,0.00044130626654901054,0.0,0.0,0.0,0.020244924977900487,0.0,0.008053839364520192,0.0,0.10205207413900244,0.0,0.0,0.0,0.0,0.03257391879960078,0.0,0.0,0.0,0.0,0.0
66__66A__RDC__2.0__48H,0.0,0.0,0.0,0.0,0.0,0.0,0.0,0.0,0.0,0.0,0.0,0.0,0.0,0.0,0.003493140282490675,0.0,0.0,0.0,0.0,0.0002193759597700424,0.0,0.45208322786408733,0.0,0.005400023625101043,0.0,0.0,0.0,0.0,0.0,0.0,0.0,0.0,0.0,0.0,0.17975328642103472,0.062404023017612054,0.0,0.0,0.0,0.0,0.0,0.0,0.0,0.002885637624660557,0.0,0.0,0.0,0.00038812669805407497,0.0,0.0,0.0,0.0,0.00035437655039706847,0.0,0.0008437536914221629,0.0,0.0,0.0,0.0,0.0002868762550840554,0.0,0.0,0.0,0.0,0.0,0.0,0.0,0.0,0.0,0.0,0.0,0.0,0.0003712516242260717,0.0,0.0,0.0,0.0,0.0,0.0,0.0,0.0,0.0,0.0,0.0,0.0,0.0,0.0,0.0,0.0,0.0,0.0,0.0,0.0,0.0,0.0,0.0,0.0,0.0,0.0,0.0,0.0,0.0,0.0,0.0,0.2270878685090439,0.0,0.0,0.0,0.0,0.0,0.0,0.0,0.0,0.0,0.0,0.0,0.0,0.0,0.0,0.0,0.0,0.015271941814702952,0.0,0.0,0.0,0.0,0.0,0.0,0.001096879798850212,0.0,0.0,0.03835704281210741,0.0,0.00027000118125505216,0.005400023625101043,0.0,0.0,0.0002025008859410391,0.0,0.0,0.003375014765690652,0.0,0.0,0.0,0.0,0.0,0.0,0.0,0.0,0.0,0.0,0.0,0.0,0.0,0.0,0.0,0.0,0.0,0.0002193759597700424,0.0,0.0,0.0,0.0,0.0,0.0,0.0,0.0,0.00023625103359804564,0.0
66__66A__SDC__1.0__0H,0.0,0.0,0.0,0.0008383322776559195,0.0005029993665929517,0.0,0.0,0.0,0.0,0.0,0.0,0.0,0.0,0.0,0.030478035694297075,0.0,0.0,0.0,0.0,0.0,0.0,0.10613286635098981,0.0,0.40215730839496144,0.0,0.0,0.0,0.0,0.0,0.0,0.0,0.0,0.0,0.0,0.0,0.03662580573049649,0.0,0.016748015946898395,0.0,0.0,0.0,0.0,0.0,0.026640336823297445,0.0,0.0,0.0,0.0,0.0,0.0,0.00031670330489196963,0.0003912217295729625,0.08815529639699154,0.0,0.0014903684936098571,0.0,0.0,0.0,0.0,0.004228920600619594,0.0,0.0,0.0,0.0,0.00044711054808295713,0.0,0.0,0.02544804202839756,0.0,0.0,0.0,0.0,0.00020492566787098034,0.0,0.0,0.0,0.0,0.017977569954141275,0.0,0.00024218488021197676,0.0008010730653149231,0.0,0.0,0.0,0.018257014046698248,0.0,0.0,0.0,0.0,0.0,0.0,0.0,0.0,0.0,0.0,0.0,0.0,0.0,0.0,0.00026081448638197495,0.004023994932749614,0.0,0.0,0.0,0.0,0.0,0.0,0.0,0.0,0.0,0.0,0.0,0.0,0.0,0.0,0.0,0.0,0.0,0.0,0.0,0.0,0.006948843101459334,0.006594880584219367,0.0,0.0009128507023359124,0.002552256045309755,0.0,0.0,0.004657401542529554,0.0,0.0037818100525396376,0.0,0.0,0.012034725585898846,0.019933678601998087,0.0,0.0,0.0,0.0,0.0,0.0,0.0,0.0,0.0,0.0,0.0,0.0,0.0,0.0,0.002738552107009737,0.0,0.0,0.0,0.0,0.014437944781798615,0.0,0.0064272141286893835,0.0,0.10337568463799007,0.0,0.0,0.0,0.0,0.03323521740749682,0.0,0.0,0.0,0.0,0.0
66__66A__SDC__1.0__48H,0.0,0.0,0.0,0.0,0.0,0.0,0.0,0.0,0.0,0.0,0.0,0.0,0.0,0.0,0.0020786468862995593,0.0,0.0,0.0,0.0,0.0212278253936955,0.0,0.14401036475996948,0.0,0.05094108602184419,0.0,0.0,0.0,0.0,0.0,0.0003132207636889336,0.0,0.0,0.0,0.0,0.13746120333697084,0.06711466727408576,0.0,0.000740339986901843,0.0,0.0,0.0,0.0004983057604148942,0.0,0.015945784333296617,0.00017084768928496375,0.0,0.0,0.0018935618895795983,0.0,0.0,0.0,0.0005125430678548914,0.0053817022124758584,0.0,0.027193257211194234,0.0,0.0,0.0,0.0,0.07689569748568369,0.0,0.0,0.0,0.0,0.0,0.0,0.0,0.005438651442238846,0.0,0.0,0.0,0.0,0.0,0.0,0.0,0.0,0.0,0.002277969190469517,0.0,0.0,0.0,0.0,0.0,0.0,0.0,0.029841396395093672,0.0,0.0,0.0,0.0,0.0,0.0,0.0,0.0,0.0,0.0,0.0,0.0,0.0,0.0,0.0,0.0,0.0,0.011190523648197627,0.202753495258957,0.0,0.0,0.0,0.0,0.0,0.0,0.0,0.0,0.0023776303425494956,0.0,0.0,0.0,0.0,0.0,0.0,0.0,0.009795267519007923,0.0,0.0,0.0015803411258896649,0.0012244084398797405,0.0,0.0,0.0015661038184496677,0.0,0.0,0.10994048805497668,0.0,0.001537629203569674,0.011162049033297634,0.00032745807112993054,0.0,0.0,0.0,0.0,0.002221019960709529,0.0,0.0,0.0,0.0,0.0,0.0,0.0,0.0,0.0,0.0,0.0,0.0,0.0,0.00025627153392794567,0.0,0.0,0.0,0.04436344998429059,0.0,0.0,0.0003701699934509215,0.0,0.009211537913948046,0.0,0.0,0.0,0.00018508499672496075,0.0
66__66A__SDC__2.0__0H,0.0,0.0,0.0,0.00023793043779206372,0.0,0.0,0.0,0.0,0.0,0.0,0.0,0.0,0.0,0.0,0.017109361481204583,0.0,0.0,0.0,0.0,0.0,0.0,0.05641114379651511,0.0,0.6065712060909625,0.0,0.0,0.0,0.0,0.0,0.0,0.0,0.0,0.0,0.0,0.0,0.008219415123722202,0.0,0.009430697352482526,0.0,0.0,0.0,0.0,0.0,0.02796764146050749,0.0,0.0,0.0,0.0,0.0,0.0,0.0,0.0,0.06776691469111815,0.0,0.0014924727461503996,0.0,0.0,0.0,0.0,0.003936667243471054,0.0,0.0,0.0,0.0,0.0003028205571900811,0.0,0.0,0.006337601661191698,0.0,0.0,0.0,0.0,0.0,0.0,0.0,0.0,0.0,0.017563592316987703,0.0,0.0,0.00038934071638710427,0.0,0.0,0.0,0.012934763800003465,0.0,0.0,0.0,0.0,0.0,0.0,0.0,0.0,0.0,0.0,0.0,0.0,0.0,0.0,0.0,0.0011680221491603127,0.0,0.0,0.0,0.0,0.0,0.0,0.0,0.0,0.0,0.0,0.0,0.0,0.0,0.0,0.0,0.0,0.0,0.0,0.0,0.0,0.005147949472231378,0.006640422218381778,0.0,0.0004974909153831333,0.0009300917113692491,0.0,0.0,0.0011031320297602953,0.0,0.00036771067658809847,0.0,0.0,0.005169579512031384,0.013475514794903607,0.0,0.0,0.0,0.0,0.0,0.0,0.0,0.0,0.0,0.0,0.0,0.0,0.0,0.0,0.0013843225471503707,0.0,0.0,0.0,0.0,0.005429139989621454,0.0,0.005926630905001587,0.0,0.09476120436062538,0.0,0.0,0.0,0.0,0.021327219242105712,0.0,0.0,0.0,0.0,0.0
66__66A__SDC__2.0__48H,0.0,0.0,0.0,0.0,0.00026047545453002145,0.0,0.0009203466060050758,0.004758018302740392,0.0,0.0,0.0,0.0,0.0,0.0,0.002743674787710226,0.0170177296959014,0.0,0.0,0.0,0.05258131175440433,0.0010766318787200886,0.043725146300403604,0.008838800423710729,0.06635178078382746,0.0,0.0,0.0,0.0,0.0,0.0,0.0,0.00019101533332201574,0.0,0.0,0.1409693159910116,0.04593050514870378,0.0,0.0010766318787200886,0.0,0.0,0.0,0.0,0.0,0.008040009029820662,0.0017191379999001416,0.0,0.0,0.0010071717575100832,0.0,0.0019275183635201587,0.0,0.0010939969090200902,0.0026047545452982145,0.0,0.004046052060360333,0.0,0.0,0.0,0.0009203466060050758,0.0060603955753905,0.0,0.0,0.0,0.0,0.0,0.0,0.0,0.00032993557573802714,0.0005209509090590429,0.0,0.0,0.0,0.00029520551513402435,0.0,0.0,0.0,0.0,0.027627763210402275,0.0,0.0,0.0,0.0,0.0,0.0,0.00020838036362401716,0.00401132199976033,0.0,0.0,0.0,0.0,0.0,0.0,0.0,0.0,0.001441297515060119,0.0,0.0,0.0,0.0007293312726830601,0.0,0.0,0.0,0.0,0.07065830829870581,0.2937642176190242,0.0,0.0025179293937902074,0.0,0.0,0.0,0.0,0.0,0.0,0.002743674787710226,0.0,0.0,0.0,0.0,0.0,0.0,0.005435254484520448,0.013787834059801137,0.0,0.0,0.005469984545120451,0.0006772361817770559,0.0,0.0,0.0033167207876802734,0.0,0.00019101533332201574,0.07081459357150582,0.0,0.0036466563634203007,0.02573497490750212,0.00029520551513402435,0.0014065674544601159,0.0,0.0,0.0,0.002535294424090209,0.0,0.0,0.0,0.0,0.0,0.0,0.0,0.0,0.002952055151340243,0.0,0.0,0.0,0.0,0.0002778404848320229,0.0,0.0,0.0,0.01286748745380106,0.0,0.0,0.0,0.0,0.03132651466480258,0.0005556809696630457,0.0,0.0,0.0,0.0
66__66B__No Added Carb__1.0__0H,0.0,0.0,0.0,0.0,0.0018054973784189187,0.0,0.0023688125604798935,0.001155518322189948,0.0,0.0,0.00017332774832799219,0.0,0.0,0.0,0.019643811477199114,0.0019499371686899122,0.0,0.0,0.0,0.006080915170509726,0.0,0.11195528144099495,0.00027443560151998764,0.25308740051714856,0.0,0.0,0.0,0.0,0.0,0.0,0.0,0.0,0.0,0.0,0.0,0.039822050178398204,0.0,0.02260482717779898,0.0,0.0,0.0,0.004853176953189781,0.0,0.019846027183599103,0.0002022157063829909,0.0,0.0,0.0,0.0,0.0,0.0,0.0,0.0555948752761975,0.0,0.10776652752299515,0.0,0.0,0.0,0.0,0.08326953909259625,0.0,0.0,0.0,0.0,0.00038998743373798244,0.0,0.0,0.0009244146577499584,0.0,0.0,0.0,0.0,0.00028887958054698697,0.0,0.0,0.0,0.0,0.024973639738228873,0.0,0.0,0.00015888376930099285,0.0,0.0,0.0,0.007164213597559677,0.0,0.0,0.0,0.0,0.0,0.0,0.0,0.0,0.0,0.0,0.0,0.0,0.0,0.00017332774832799219,0.0,0.0024265884765898907,0.0,0.0,0.0011699623012099473,0.0,0.0,0.0,0.0,0.0,0.0,0.0,0.0,0.0,0.0,0.0,0.0,0.0,0.0,0.00015888376930099285,0.0,0.0,0.029754596796298657,0.0024554764346498893,0.0,0.002599916224919883,0.08820937991999601,0.0,0.0,0.0002022157063829909,0.0,0.0,0.0,0.0,0.001487729839819933,0.035445524533098405,0.0,0.0,0.0,0.0,0.0,0.0002022157063829909,0.0,0.0,0.0,0.0,0.0,0.0,0.0,0.0,0.011641847095999474,0.00015888376930099285,0.0,0.0004188753917929811,0.0,0.011280747620399491,0.0,0.0019066052316099142,0.0,0.020077130847999093,0.0,0.0,0.0,0.0,0.022575939219698984,0.0,0.0,0.0,0.0012999581124599415,0.0
66__66B__No Added Carb__1.0__48H,0.0,0.0,0.0,0.0,0.0,0.0,0.0,0.004208495901098396,0.0,0.0,0.0,0.0,0.0009863662268196243,0.0,0.0008767699793956659,0.006422340099077553,0.0,0.0,0.0,0.036714742887186014,0.000942527727850641,0.041997282013083996,0.0007233352330017244,0.014883170400194328,0.0,0.0,0.0,0.1987418350799243,0.0002849502433038914,0.0,0.0,0.0008767699793956659,0.0,0.0,0.10161764061196128,0.11788172372995508,0.0,0.002739906185608956,0.0,0.0,0.0,0.0,0.0,0.011814475472395499,0.001687782210339357,0.0,0.0,0.0017754592082793235,0.0,0.0031563719258287976,0.0,0.0,0.0025645521897290227,0.0,0.014115996668294621,0.0,0.0,0.0,0.008153960808376893,0.0006794967340317411,0.0,0.0,0.0,0.0,0.0,0.0,0.0,0.002608390688699006,0.0005918197360917745,0.0,0.0,0.0,0.042369909254283855,0.0004164657402128413,0.0,0.0,0.0,0.06617421419488478,0.0,0.0,0.0,0.0,0.0,0.0,0.0,0.0,0.0,0.0,0.0,0.0,0.0,0.0,0.0,0.0,0.0009644469773346326,0.0,0.0,0.0,0.0,0.0,0.0008548507299106743,0.0,0.0,0.017864188330193192,0.0,0.0,0.015124282144594237,0.0,0.0,0.0,0.0,0.0,0.0,0.002542632940249031,0.0,0.0,0.0,0.0,0.0,0.0,0.0,0.028253912585989235,0.0,0.0,0.004361930647488338,0.0,0.0,0.0,0.0028933409320088975,0.0,0.0,0.17210994695493442,0.0,0.001424751216519457,0.027355223357189578,0.0,0.0,0.0002849502433038914,0.0,0.0,0.0052825391258579865,0.0,0.0,0.0,0.0,0.0,0.0,0.0,0.0,0.003265968173248756,0.0,0.0,0.0,0.0,0.000745254482486716,0.0,0.0,0.0,0.018543685064192933,0.0,0.0,0.0,0.0,0.011682959975495549,0.0,0.0,0.0,0.00043838498969783296,0.0
66__66B__RDC__1.0__0H,0.0,0.0,0.0,0.0008075242257274514,0.0015675470264108762,0.0,0.00045126353790625223,0.0,0.0,0.0,0.0,0.0,0.0,0.0,0.07422097662934149,0.0,0.0,0.0,0.0,0.0,0.0,0.031350940528217526,0.0,0.37844385331536157,0.0,0.0,0.0,0.0,0.0,0.0,0.00040376211286322566,0.0,0.0,0.0,0.008479004370134739,0.1212711381340678,0.0,0.01268288048640709,0.0,0.0,0.0,0.0013062891886807303,0.0,0.041706251187523316,0.0008550256507704779,0.0,0.0,0.0,0.0,0.0,0.0,0.0,0.08129868896074545,0.0,0.008431502945094713,0.0,0.0,0.0,0.0,0.009096522895695085,0.0,0.0,0.0,0.0,0.00035626068782119915,0.0,0.0,0.0,0.0,0.0,0.0,0.0,0.006483944518343625,0.0,0.0,0.0,0.0,0.04467509025277497,0.0,0.0,0.0008787763632914912,0.0,0.0,0.0,0.004322629678892417,0.0,0.0,0.0,0.0,0.0,0.0,0.0,0.0,0.0,0.0,0.0,0.0,0.0,0.0,0.0,0.004797643929322682,0.0,0.0,0.0,0.0,0.0,0.0,0.0,0.0,0.0,0.007077712331373956,0.0,0.0,0.0,0.0,0.0,0.0,0.0,0.0,0.0,0.0,0.0011400342010306373,0.0005700171005133186,0.0,0.0024463233897013673,0.06474444233333619,0.0,0.0,0.0,0.0,0.0,0.0,0.0,0.0073152194565840895,0.039782443473322236,0.0,0.0,0.0,0.0,0.0,0.0016150484514509027,0.0,0.0,0.0,0.0,0.0,0.0,0.0,0.0,0.004180125403762337,0.0,0.0,0.0,0.0,0.006555196655903665,0.0,0.0021613148394512083,0.0,0.015889226676808883,0.0,0.0,0.0,0.0,0.011566596997906466,0.0,0.0,0.0,0.0010687820634605973,0.0
66__66B__RDC__1.0__48H,0.0,0.0,0.0,0.0003565539064942906,0.0,0.0,0.0009359540045467629,0.0026741542987021795,0.0,0.0,0.0,0.0,0.0,0.0,0.0,0.0,0.0,0.0,0.0,0.02259660382401842,0.00040112314480532694,0.45824605190837353,0.0,0.01099374545019696,0.0,0.0,0.0,0.02492906062902032,0.0,0.0,0.0,0.0,0.0,0.0,0.08852936369987216,0.0656356316204535,0.0,0.0011142309577909083,0.0,0.0,0.0,0.0,0.0,0.006313975427495147,0.0008319591151526781,0.0,0.0,0.0036249647160229545,0.0,0.0004902616214293997,0.0,0.03198585669502607,0.0,0.0,0.00577914456775471,0.0,0.0,0.0,0.0008171027023816661,0.00038626673203531487,0.0,0.0,0.0,0.0,0.0,0.0,0.0,0.0023770260432919377,0.0,0.0,0.0,0.0,0.017471141418214244,0.0,0.0,0.0,0.0,0.007903611593946442,0.0,0.0,0.00032684108095326647,0.0,0.0,0.0,0.0,0.0,0.0,0.0,0.0,0.0,0.0,0.0,0.0,0.0,0.0008913847662347267,0.0,0.0,0.0,0.0001782769532471453,0.0,0.0003714103192643028,0.0,0.0,0.0053780214229543835,0.0,0.0,0.0023621696305219254,0.0,0.0,0.0,0.0,0.0,0.0,0.0,0.0,0.0,0.0,0.0,0.0,0.0,0.0,0.02314629109661887,0.00023770260432919374,0.0,0.0008468155279236903,0.0014410720387511746,0.0,0.0,0.0008022462896116538,0.0,0.0,0.17215611118514032,0.0,0.0014410720387511746,0.016713464366913625,0.0,0.0,0.0002822718426412301,0.0,0.0,0.0051700316441642144,0.0,0.0,0.0,0.0,0.0,0.0,0.0,0.0,0.001069661719480872,0.0,0.0,0.0,0.0,0.0002822718426412301,0.0,0.0,0.0,0.007992750070576515,0.0,0.0,0.00023770260432919374,0.0,0.003416974937232785,0.0,0.0,0.0004902616214293997,0.0003714103192643028,0.0
66__66B__RDC__2.0__0H,0.0,0.0,0.0,0.0,0.0018836484822118752,0.0,0.002644352676948421,0.000597696153009643,0.0,0.0,0.0,0.0,0.0,0.0,0.025284358472784905,0.00155763239874907,0.0,0.0,0.0,0.004473665145257329,0.0,0.11676809389293027,0.0,0.2457255669057833,0.0,0.0,0.0,0.0,0.0,0.0,0.0,0.0,0.0,0.0,0.0,0.03823444178797717,0.0,0.0257914946025846,0.0,0.0,0.0,0.006049409548646388,0.0,0.02091936535538751,0.0003803520973697729,0.0,0.0,0.0,0.0,0.0,0.0,0.0,0.06346446424686211,0.0,0.09050568716944596,0.0,0.0,0.0,0.0,0.07565384336735483,0.0,0.0,0.0,0.0,0.00028979207418682696,0.0,0.0,0.0011410562921093186,0.0,0.0,0.0,0.0,0.0,0.0,0.0,0.0,0.0,0.025628486560838697,0.0,0.0,0.0,0.0,0.0,0.0,0.007679489965945415,0.0,0.0,0.0,0.0,0.0,0.0,0.0,0.0,0.0,0.0,0.0,0.0,0.0,0.0,0.0,0.0017930884590289294,0.0,0.0,0.0009237122364694484,0.0,0.0,0.0,0.0,0.0,0.0,0.0,0.0,0.0,0.0,0.0,0.0,0.0,0.0,0.0,0.0,0.0,0.021716293559387034,0.0023002245888586264,0.0,0.0025719046584084643,0.09827573715854132,0.0,0.0,0.00019923205100288104,0.0,0.0,0.0,0.0,0.001068608273559362,0.04268999492857451,0.0,0.0,0.0,0.0,0.0,0.0,0.0,0.0,0.0,0.0,0.0,0.0,0.00021734405563987022,0.0,0.011464898934993155,0.0002716800695498378,0.0,0.00032601608345980535,0.0,0.012551619213192505,0.0,0.0028798087372282804,0.0,0.02131782945738727,0.0,0.0,0.0,0.0,0.02340070999058603,0.0,0.0,0.0,0.001358400347749189,0.0
66__66B__SDC__1.0__0H,0.0,0.0,0.0,0.0,0.0016099047473059817,0.0,0.0023190294574199737,0.0011307664296499873,0.0,0.0,0.0,0.0,0.0,0.0,0.02108208597659976,0.001590739214599982,0.0,0.0,0.0,0.00622879812943993,0.0,0.11077677904099875,0.00021082085976599762,0.264446020276767,0.0,0.0,0.0,0.0,0.0,0.0,0.0,0.0,0.0,0.0,0.0,0.03240891580579963,0.0,0.02213619027539975,0.0,0.0,0.0,0.004235582728019952,0.0,0.0177281177529998,0.0,0.0,0.0,0.0,0.0,0.0,0.0,0.0,0.05548421718379937,0.0,0.09900914195909888,0.0,0.0,0.0,0.0,0.08425168177549905,0.0,0.0,0.0,0.0,0.0002299863924719974,0.0,0.0,0.0011307664296499873,0.0,0.0,0.0,0.0,0.0002491519251779972,0.0,0.0,0.0,0.0,0.023458612032149734,0.0,0.0,0.0,0.0,0.0,0.0,0.008222013530869906,0.0,0.0,0.0,0.0,0.0,0.0,0.0,0.0,0.0,0.0,0.0,0.0,0.0,0.0,0.0,0.0017057324108299807,0.0,0.0,0.0011690974950599867,0.0,0.0,0.0,0.0,0.0,0.0,0.0,0.0,0.0,0.0,0.0,0.0,0.0,0.0,0.0,0.0,0.0,0.03254307453479963,0.002299863924719974,0.0,0.0023573605228399733,0.09540602181039892,0.0,0.0,0.0,0.0,0.0,0.0,0.0,0.0017823945416599798,0.03378883416059962,0.0,0.0,0.0,0.0,0.0,0.0,0.0,0.0,0.0,0.0,0.0,0.0,0.0,0.0,0.011844299212299866,0.00042164171953199524,0.0,0.000536634915766994,0.0,0.009697759549229891,0.0,0.001935718803299978,0.0,0.02123541023819976,0.0,0.0,0.0,0.0,0.024110240144099727,0.0,0.0,0.0,0.0012265940931799862,0.0
66__66B__SDC__1.0__48H,0.0,0.0,0.0,0.0003139250545240227,0.0,0.0,0.0003965369109770287,0.005782829951750418,0.0,0.0,0.0,0.0,0.0009582975348620692,0.0,0.0002808803119420203,0.01772850439500128,0.0,0.0,0.0,0.04553565527720329,0.001966162183600142,0.04720441477760341,0.0,0.019446831009201405,0.0,0.0,0.0,0.1230916661160089,0.00044610402485003225,0.0,0.0,0.0004791487674310346,0.0,0.0,0.06283457801860454,0.15071707091401088,0.0,0.0077820368779305624,0.0,0.0,0.0,0.0,0.0002808803119420203,0.013184852290000952,0.0028418478620102056,0.0,0.0,0.0019331174410201397,0.0,0.001189610732930086,0.0,0.004725398189150342,0.0003965369109770287,0.0,0.015547551384601123,0.0,0.0,0.0,0.008624677813760622,0.000512193510013037,0.0,0.0,0.0,0.0,0.0,0.0,0.0,0.005105412728830369,0.0006939395942110502,0.0,0.0,0.0,0.029558522239102138,0.0,0.0,0.0,0.0,0.045320864450503276,0.0,0.0,0.0002808803119420203,0.0,0.0,0.0,0.0,0.0,0.0,0.0,0.0,0.0,0.0,0.0005287158813030382,0.0,0.0,0.0010574317626100764,0.0,0.0,0.0,0.00038001453968702746,0.0,0.00044610402485003225,0.009797766175400707,0.0,0.025229660960901824,0.0002313131980700167,0.0,0.009351662150550676,0.0,0.0,0.0,0.0,0.0,0.0,0.0003139250545240227,0.0,0.0,0.0,0.0,0.0,0.0,0.0,0.024552243738001772,0.0002313131980700167,0.0,0.004163637565260301,0.000760029079373055,0.0,0.0,0.003717533540410269,0.0,0.0,0.22584429317301633,0.0,0.001206133104220087,0.034316965170802474,0.0,0.0,0.0003469697971050251,0.0,0.0,0.004527129733660327,0.0,0.0,0.0,0.0,0.0,0.0,0.0,0.0,0.0040479809662302925,0.0,0.0,0.0,0.0,0.0,0.0,0.0,0.0,0.016489326548101195,0.0,0.0,0.0,0.0,0.016505848919401194,0.0004791487674310346,0.0,0.0,0.0003139250545240227,0.0
66__66B__SDC__2.0__0H,0.0,0.0,0.0,0.0,0.0013924252068689125,0.0,0.0015714513048987729,0.0004575111394016427,0.0,0.0,0.0,0.0,0.0,0.0,0.024307765754281018,0.0012929662635289903,0.0,0.0,0.0,0.0041971674092867225,0.0,0.10695814767691647,0.00021880967536582914,0.26611234882266216,0.0,0.0,0.0,0.0,0.0,0.0,0.0,0.0,0.0,0.0,0.0,0.03654121578607147,0.0,0.02488462762568057,0.0,0.0,0.0,0.004833704646716225,0.0,0.021900859325282896,0.00025859325270479805,0.0,0.0,0.0,0.0,0.0,0.0,0.0,0.06009309357095307,0.0,0.09538112667082552,0.0,0.0,0.0,0.0,0.08318746021633504,0.0,0.0,0.0,0.0,0.0,0.0,0.0,0.0012133991088490524,0.0,0.0,0.0,0.0,0.00039783577339268933,0.0,0.0,0.0,0.0,0.02617759388917256,0.0,0.0,0.0,0.0,0.0,0.0,0.007021801400374517,0.0,0.0,0.0,0.0,0.0,0.0,0.0,0.0,0.0,0.0,0.0,0.0,0.0,0.0,0.0,0.0022278803309982603,0.0,0.0,0.0008155633354543631,0.0,0.0,0.0,0.0,0.0,0.0,0.0,0.0,0.0,0.0,0.0,0.0,0.0,0.0,0.0002387014640358136,0.0,0.0,0.023750795671481452,0.0027052832590678875,0.0,0.0018499363462785555,0.09434675366002632,0.0,0.0,0.0003182686187137514,0.0,0.0,0.0,0.0,0.0014521005728788659,0.03604392106937185,0.0,0.0,0.0,0.0,0.0,0.0,0.0,0.0,0.0,0.0,0.0,0.0,0.0,0.0,0.009030872056012948,0.00035805219605272037,0.0,0.0003182686187137514,0.0,0.010502864417591799,0.0,0.0022278803309982603,0.0,0.02178150859328299,0.0,0.0,0.0,0.0,0.022378262253282523,0.0,0.0,0.0,0.0012531826861890214,0.0
67__67A__No Added Carb__1.0__0H,0.0,0.0,0.0,0.0006267409470751956,0.0,0.0,0.0016248839368605073,0.0,0.0,0.0,0.0,0.0,0.0,0.0,0.03312441968431034,0.0,0.0,0.0,0.0,0.0,0.0,0.426160631383133,0.0,0.08407613741877625,0.0,0.0,0.0,0.0,0.0,0.004085422469821275,0.0,0.0,0.0,0.0,0.014693593314804585,0.07648560817091586,0.0,0.007335190343552289,0.0,0.0,0.0,0.0,0.0,0.035608170844911115,0.0,0.0,0.0,0.0,0.0016480965645305143,0.0,0.0,0.0,0.012558031569203919,0.0,0.0,0.0,0.0,0.0,0.0,0.017664809656505513,0.0,0.0,0.0,0.0,0.0,0.0,0.0,0.009238625812442882,0.0,0.0005571030640671739,0.0,0.0,0.031220984215409742,0.0,0.0,0.0,0.0,0.017850510677805572,0.0,0.0,0.0,0.0,0.0,0.0,0.006940575673172166,0.0,0.0,0.040181058495812536,0.0,0.0,0.0,0.0,0.0,0.0,0.0,0.0,0.0,0.0,0.0,0.0,0.0002553389043640797,0.0,0.0,0.0,0.0,0.0,0.0,0.0,0.0,0.0,0.0,0.0,0.0,0.0,0.0,0.0,0.0,0.0,0.0,0.0,0.0,0.060747446611018954,0.0,0.0,0.0,0.0004874651810581521,0.004619312906221441,0.0,0.0012534818941503912,0.0,0.0006035283194061883,0.0,0.0,0.0006035283194061883,0.011281337047403521,0.0,0.0,0.016295264624005087,0.0,0.0,0.015784586815204928,0.0,0.0,0.0,0.0,0.0,0.0,0.0,0.0,0.0017873723305505578,0.01583101207060494,0.0,0.0,0.0,0.0,0.0,0.006383472609101992,0.0,0.00995821727019311,0.0,0.0,0.0,0.0,0.006545961002792043,0.0,0.0,0.0,0.025882079851408078,0.0
67__67A__No Added Carb__1.0__48H,0.0,0.0,0.0,0.0,0.0,0.0,0.0641782201683029,0.0,0.0,0.0012323735039700557,0.0,0.0,0.0,0.0,0.002559544969780116,0.0,0.0,0.0,0.0,0.10143381917300458,0.0,0.11890034364300538,0.0,0.11356795828916513,0.0,0.0,0.000687285223368031,0.0,0.0,0.0004976892996800225,0.0,0.0,0.0,0.0,0.10053323853500454,0.034008768811476534,0.0,0.009787889560370442,0.0,0.0,0.0,0.0,0.0,0.016400047399000743,0.0,0.0,0.0,0.001019078089820046,0.0,0.0,0.0004265908282970193,0.14449579334000653,0.010380376821900468,0.0,0.006375162934000288,0.0,0.0,0.0,0.001279772484890058,0.07631235928430344,0.0,0.0,0.0,0.0,0.0,0.0,0.0,0.0375873918711017,0.0,0.0,0.0,0.0,0.021116246000700955,0.0,0.0,0.0,0.0,0.004574001658960206,0.0,0.0,0.0,0.0,0.0,0.0,0.00028439388553101286,0.0,0.0,0.0009716791088990439,0.0,0.0,0.0,0.0,0.0,0.0,0.0,0.0,0.0,0.0,0.0,0.0,0.0,0.0,0.0,0.04109491645930186,0.0,0.0,0.0,0.0,0.0,0.0,0.0,0.0,0.0,0.009716791088990439,0.0,0.0,0.0,0.0,0.0,0.0,0.0,0.01218153809690055,0.006422561914920291,0.0,0.0,0.0,0.0005450882806020246,0.0,0.0,0.0,0.004005213887900181,0.0,0.0,0.0,0.010475174783700473,0.0,0.005711577201090259,0.002038156179640092,0.0,0.0,0.0037208200023701684,0.0,0.0,0.0,0.0,0.0,0.0,0.0,0.0,0.0,0.005047991468180228,0.0,0.0,0.0,0.000331792866453015,0.0,0.0004976892996800225,0.0,0.00708614764783032,0.0,0.0,0.0,0.0,0.017111032112800774,0.0,0.0,0.0,0.005403483825100244,0.0
67__67A__RDC__1.0__0H,0.0,0.0,0.0,0.0003173003340990377,0.0,0.0,0.0013438602385401595,0.0,0.0,0.0,0.0,0.0,0.0,0.0,0.032756593314303896,0.0,0.0,0.0,0.0,0.0,0.0,0.437389178192052,0.0,0.0934542807548111,0.0,0.0,0.0,0.0,0.0,0.002818373555820335,0.0,0.0,0.0,0.0,0.01547305746870184,0.060025757321207136,0.0,0.005786064915920687,0.0,0.0,0.0,0.0,0.0,0.04037180133270479,0.0,0.0,0.0,0.0,0.0014745133172801752,0.0,0.0,0.0,0.012132071597901441,0.0,0.00037329451070404436,0.0,0.0,0.0,0.0,0.01903802004590226,0.0,0.0,0.0,0.0,0.0,0.0,0.0,0.00724191350766086,0.0,0.0006905948448030821,0.0,0.0,0.0345297422401041,0.0,0.0,0.0,0.0,0.01819810739681216,0.0,0.0,0.0,0.0,0.0,0.0,0.006196688877690737,0.0,0.0,0.038654646583404596,0.0,0.0,0.0,0.0,0.0,0.0,0.0,0.0,0.0,0.0,0.0,0.0,0.0002053119808870244,0.0,0.0,0.0,0.0,0.0,0.0,0.0,0.0,0.0,0.0,0.0,0.0,0.0,0.0,0.0,0.0,0.0,0.0,0.0,0.0,0.05840192619970694,0.0002053119808870244,0.0,0.0003359650596340399,0.0008212479235490975,0.005618082386100667,0.0,0.0006719301192680798,0.0,0.000429288687310051,0.0,0.0,0.000429288687310051,0.009481680571891126,0.0,0.0,0.018720719711802225,0.0,0.0,0.014091867779101675,0.0,0.0,0.0,0.0,0.0,0.0,0.0,0.0,0.0020157903578002395,0.012356048304301467,0.0,0.0,0.0,0.0,0.0,0.00513279952218061,0.0,0.010116281240101202,0.0,0.0,0.0,0.0,0.006327341956440752,0.0,0.0,0.0,0.026373257181303133,0.0
67__67A__RDC__2.0__0H,0.0,0.0,0.0,0.0006121759689270159,0.0,0.0,0.0011610233893400304,0.0,0.0,0.0,0.0,0.0,0.0,0.0,0.03527400151990092,0.0,0.0,0.0,0.0,0.0,0.0,0.420227138394011,0.0,0.08416364096931218,0.0,0.0,0.0,0.0,0.0,0.004137465169300108,0.0,0.0,0.0,0.0,0.01680317487120044,0.07470657772520194,0.0,0.006670607109690175,0.0,0.0,0.0,0.0,0.0,0.037933800557300994,0.0,0.0,0.0,0.0,0.0014143375833800369,0.0,0.0,0.0,0.011209153086200293,0.0,0.00023220467786900606,0.0,0.0,0.0,0.0,0.019378535844000507,0.0,0.0,0.0,0.0,0.0,0.0,0.0,0.008296039854770216,0.0,0.0005910664527570154,0.0,0.0,0.033458583129300876,0.0,0.0,0.0,0.0,0.016782065355100437,0.0,0.0,0.0,0.0,0.0,0.0,0.007240564046270189,0.0,0.0,0.03797601958960099,0.0,0.0,0.0,0.0,0.0,0.0,0.0,0.0,0.0,0.0,0.0,0.0,0.00023220467786900606,0.0,0.0,0.0,0.0,0.0,0.0,0.0,0.0,0.0,0.0,0.0,0.0,0.0,0.0,0.0,0.0,0.0,0.0,0.0,0.0,0.061069830279501594,0.0,0.0,0.00023220467786900606,0.00033775225871800885,0.006100650173100159,0.0,0.0012032424216800314,0.0,0.0005699569365870148,0.0,0.0,0.0002955332263780077,0.011188043570000292,0.0,0.0,0.017330912775500452,0.0,0.0,0.016676517774200435,0.0,0.0,0.0,0.0,0.0,0.0,0.0,0.0,0.0018154183906100472,0.016001013256800416,0.0,0.0,0.0,0.0,0.0,0.005171831461620135,0.0,0.009900363083680258,0.0,0.0,0.0,0.0,0.006628388077350173,0.0,0.0,0.0,0.026977961665100705,0.0
67__67A__RDC__2.0__48H,0.0,0.0,0.0,0.0,0.0,0.0,0.044962453649371265,0.0002236010956448571,0.0,0.009204911770724118,0.0,0.0,0.0,0.0,0.004043453146247416,0.0,0.0,0.0,0.0,0.1355208973859134,0.0,0.17299271433088945,0.0,0.06747163061091388,0.0,0.0,0.0,0.0,0.0,0.001826075614438833,0.0,0.0,0.0,0.0,0.07397469580925273,0.03374513201776943,0.0,0.0,0.0,0.0,0.0,0.0,0.0,0.0223787429891857,0.0,0.0,0.0,0.0,0.0,0.0,0.0008571375333064523,0.20623474388386823,0.013117930944491618,0.0,0.008552741908434533,0.0,0.0,0.0,0.00039130191737874994,0.003447183557867797,0.0,0.0,0.0,0.0,0.0,0.0,0.0,0.04745933255066967,0.0,0.0,0.0,0.0,0.025360090931083795,0.0,0.0,0.0,0.0,0.009353979167824022,0.0,0.0,0.0,0.0,0.0,0.0,0.00035403506810477377,0.0,0.0,0.0003726684927417619,0.0,0.0,0.0,0.0,0.0,0.0,0.0,0.0,0.0,0.0,0.0002236010956448571,0.0,0.0,0.0,0.0,0.015745243818389938,0.0005590027391126428,0.0,0.0,0.0,0.0,0.0,0.0,0.0,0.0,0.007434736430205249,0.0,0.0,0.0,0.0,0.0,0.0,0.0,0.015074440531390367,0.00898131067508426,0.0,0.00044720219129071423,0.0,0.0006149030130246071,0.0,0.00020496767100786902,0.0,0.0037266849274176185,0.0,0.0,0.0,0.01544710902419013,0.0,0.009428512866373976,0.0017142750666089045,0.0,0.0,0.004565189036087083,0.0,0.0,0.0,0.0,0.0,0.0,0.0,0.0,0.0,0.005273259172296631,0.0,0.0,0.0,0.0,0.0,0.0008944043825804284,0.0,0.018540257513888152,0.0,0.0,0.0,0.0,0.0027391134216582496,0.0,0.0,0.0,0.00654033204762582,0.0
67__67A__SDC__1.0__0H,0.0,0.0,0.0,0.0007607886302573241,0.0,0.0,0.0016510731975807034,0.0,0.0,0.0,0.0,0.0,0.0,0.0,0.0337984395740144,0.0,0.0,0.0,0.0,0.0,0.0,0.4244067467381808,0.0,0.08441516397431595,0.0,0.0,0.0,0.0,0.0,0.003318333387291414,0.0,0.0,0.0,0.0,0.014098870147906006,0.07523713943475804,0.0,0.006798536695912896,0.0,0.0,0.0,0.0,0.0,0.03867072420601647,0.0,0.0,0.0,0.0,0.0014730162841106276,0.0,0.0,0.0,0.011767943280805014,0.0,0.0002913658583961241,0.0,0.0,0.0,0.0,0.018372236071107828,0.0,0.0,0.0,0.0,0.0,0.0,0.0,0.008902845673223792,0.0,0.0006636666774582828,0.0,0.0,0.03266535012461391,0.0,0.0,0.0,0.0,0.016753536857838137,0.0,0.0,0.0,0.0,0.0,0.0,0.0067337887273828684,0.0,0.0,0.04135776490011762,0.0,0.0,0.0,0.0,0.0,0.0,0.0,0.0,0.0,0.0,0.0,0.0,0.00017805691346407584,0.0,0.0,0.0,0.0,0.0,0.0,0.0,0.0,0.0,0.0,0.0,0.0,0.0,0.0,0.0,0.0,0.0,0.0,0.0,0.0,0.05900158632522513,0.00021043089773108964,0.0,0.00027517886626311723,0.0004694227718612,0.005730195215132441,0.0,0.0011654634335804966,0.0,0.0005017967561272138,0.0,0.0,0.00025899187413011034,0.011088089611204723,0.0,0.0,0.016980154747607234,0.0,0.0,0.016138431156706875,0.0,0.0,0.0,0.0,0.0,0.0,0.0,0.0,0.0019100650717108136,0.015798504321906732,0.0,0.0,0.0,0.0,0.0,0.005989187089262552,0.0,0.010602479847204518,0.0,0.0,0.0,0.0,0.0063453009161827025,0.0,0.0,0.0,0.025219333743410746,0.0
67__67A__SDC__1.0__48H,0.0006814726799350334,0.0,0.0,0.0,0.0,0.0,0.06257317094480307,0.0005766307291760282,0.0,0.0,0.0,0.0,0.00026210487689801284,0.0,0.0027084170612801327,0.00036694682765701795,0.0,0.0,0.0,0.11560572437100566,0.00024463121843801196,0.10943752293400535,0.0,0.0834891401213041,0.0,0.0,0.0007338936553150359,0.0,0.0,0.0,0.0,0.0,0.0,0.0,0.10339163710700507,0.02832480036350139,0.0,0.0026210487689801282,0.0,0.0,0.0,0.0,0.0,0.003022942913560148,0.0018522077967500906,0.0,0.0,0.0,0.0003145258522780154,0.0,0.0006115780460960299,0.2796309563330137,0.003250100473540159,0.0,0.001939576089050095,0.0,0.0,0.0,0.0047004141257102295,0.006395358996310313,0.0,0.0,0.0,0.0,0.0,0.0,0.0,0.011969456045000586,0.0,0.0,0.0,0.0,0.03566373691660175,0.0,0.0,0.0,0.0,0.0030753638889401505,0.0,0.0,0.0,0.0,0.0,0.0,0.00033199951073801626,0.0,0.0,0.002096839015180103,0.0,0.0,0.0,0.0,0.0,0.0009261038983730453,0.0,0.0,0.0,0.0,0.0004368414614970214,0.0,0.0,0.0009261038983730453,0.0,0.029023746701801422,0.0030928375474001514,0.0,0.0008911565814530436,0.0,0.0,0.0,0.0,0.0,0.0,0.003022942913560148,0.0,0.0,0.0,0.0,0.0,0.0,0.0,0.029268377920301434,0.0003145258522780154,0.0,0.0027608380366601353,0.0,0.0012581034091100616,0.0,0.0002271575599780111,0.0,0.005539149731780271,0.0,0.0,0.0,0.0038092575442501865,0.0,0.002883153645880141,0.00225410194132011,0.0,0.0,0.007024410700870344,0.0,0.0,0.0,0.0,0.0,0.0,0.0,0.0,0.0002271575599780111,0.005958517534820291,0.0,0.0,0.0,0.004071362421150199,0.0,0.001450313652170071,0.0,0.009365880934490457,0.0,0.0,0.0,0.0,0.010134721906700497,0.0,0.0,0.0,0.009261038983730452,0.0
67__67A__SDC__2.0__0H,0.0,0.0,0.0,0.0005401512423482014,0.0,0.0,0.0015713490686505862,0.0,0.0,0.0,0.0,0.0,0.0,0.0,0.03275280714961222,0.0,0.0,0.0,0.0,0.0,0.0,0.4247716633381584,0.0,0.08141552361937036,0.0,0.0,0.0,0.0,0.0,0.003240907454091209,0.0,0.0,0.0,0.0,0.016482797001306147,0.07860018987137232,0.0,0.006383605591382381,0.0,0.0,0.0,0.0,0.0,0.0388745212296145,0.0,0.0,0.0,0.0,0.001391298654530519,0.0,0.0,0.0,0.0120633777458045,0.0,0.00019641863358107326,0.0,0.0,0.0,0.0,0.017350312633006473,0.0,0.0,0.0,0.0,0.0,0.0,0.0,0.00860968343864321,0.0,0.0007038334369992626,0.0,0.0,0.032949225783212285,0.0,0.0,0.0,0.0,0.0179559367532477,0.0,0.0,0.0,0.0,0.0,0.0,0.006056241202082259,0.0,0.0,0.03820342423151425,0.0,0.0,0.0,0.0,0.0,0.0,0.0,0.0,0.0,0.0,0.0,0.0,0.00021278685304607938,0.0,0.0,0.0,0.0,0.0,0.0,0.0,0.0,0.0,0.0,0.0,0.0,0.0,0.0,0.0,0.0,0.0,0.0,0.0,0.0,0.06082430353232269,0.0,0.0,0.0002618915114410977,0.000458310145022171,0.005565194618132076,0.0,0.0010311978263003846,0.0,0.000605624120208226,0.0,0.0,0.0005074148034181893,0.009264412217243456,0.0,0.0,0.01702294824370635,0.0,0.0,0.017399417291406493,0.0,0.0,0.0,0.0,0.0,0.0,0.0,0.0,0.002324287164040867,0.016270010148306067,0.0,0.0,0.0,0.0,0.0,0.0059907683242222355,0.0,0.009477199070293535,0.0,0.0,0.0,0.0,0.005745245032252143,0.0,0.0,0.0,0.026925721020110045,0.0
67__67A__SDC__2.0__48H,0.0,0.0,0.0,0.0,0.0,0.0,0.06114775076289268,0.00100403583029988,0.0,0.0,0.0,0.0,0.0004134265183579505,0.0,0.001535584211039816,0.007540112215769098,0.0,0.0,0.0,0.10406536076398755,0.00023624372477597174,0.10987301899798685,0.0,0.030731371197907323,0.0,0.0,0.001496210256919821,0.0,0.0,0.0,0.0,0.0,0.0,0.0,0.21488335466097427,0.03522000196871779,0.0,0.003268038192739609,0.0,0.0,0.0,0.0,0.0,0.002834924697309661,0.005098927059749389,0.0,0.0,0.0,0.0004921744266169412,0.0,0.0004921744266169412,0.1878925091049775,0.004449256816619468,0.0,0.0006693572201989198,0.0,0.0,0.0002165567477109741,0.006752633133179192,0.0018308888670097807,0.0,0.0,0.0,0.0,0.0,0.0,0.0,0.006870754995569178,0.0,0.0,0.0,0.0,0.04366571512939477,0.0,0.0,0.0,0.0,0.006752633133179192,0.0,0.0,0.0,0.0,0.0,0.0,0.00025593070184096937,0.0,0.0,0.002834924697309661,0.0,0.0,0.0,0.0,0.0,0.0003937395412929529,0.0,0.0,0.0,0.0,0.0009252879220398893,0.0,0.0,0.02295501525739725,0.0,0.008091347573579032,0.0,0.0,0.0,0.0,0.0,0.003405847032189592,0.0,0.0003149916330349623,0.0,0.0029727335367696443,0.0,0.0,0.0,0.0,0.0,0.0,0.0,0.03018013584009639,0.0,0.0,0.011772812284698592,0.0,0.001929323752339769,0.0,0.0005709223348749317,0.0,0.0030711684220896323,0.0,0.0,0.0,0.0021261935229797456,0.0,0.00442956983954947,0.006457328477209227,0.0,0.0,0.009174131312138902,0.0,0.0,0.0,0.0,0.0,0.0,0.0,0.0,0.0008859139679098939,0.005984841027659283,0.0,0.0,0.0,0.004153952160649503,0.0,0.00476424844964943,0.0,0.011221576926898657,0.0,0.0,0.0,0.0,0.010375036913098759,0.00027561767890496705,0.0,0.0,0.011044394133298678,0.0
67__67B__No Added Carb__1.0__0H,0.0,0.0,0.0,0.00042871433334895203,0.0023579288334167363,0.0,0.0,0.0,0.0,0.0,0.0,0.0,0.0,0.0,0.027199542704696957,0.0,0.0,0.0,0.0,0.0,0.0,0.014219025389398409,0.0,0.32946696517877017,0.0,0.0,0.0,0.0,0.0,0.0,0.0,0.0,0.0,0.0,0.0010241509074498853,0.05175534702039421,0.0,0.021840613537797558,0.0,0.0,0.0,0.0,0.0,0.028938217501096763,0.000643071500023928,0.0,0.0,0.0,0.0,0.0,0.0,0.0,0.052207878816694156,0.0,0.000500166722240944,0.0,0.0,0.0,0.0,0.035726194445796,0.0,0.0,0.0,0.0,0.0,0.0,0.0,0.0,0.0,0.0,0.0,0.0,0.0012385080741198614,0.0,0.0,0.0,0.0,0.037726861334775784,0.0,0.0009050635926258988,0.0,0.0,0.0,0.0,0.000571619111131936,0.0,0.0,0.0,0.0,0.0,0.0,0.0,0.0,0.0,0.0,0.0,0.0,0.0,0.0,0.0,0.0005239841852049414,0.0,0.0,0.0,0.0,0.0,0.0,0.0,0.0,0.0,0.0,0.0,0.0,0.0,0.0,0.0,0.0,0.0,0.0,0.0,0.0,0.28137950745496854,0.001976849425999779,0.0,0.0020959367408197654,0.0,0.0,0.0,0.0,0.0,0.0,0.0,0.0,0.0187919782784979,0.00831229457437907,0.0,0.0,0.0,0.0,0.0,0.0,0.0,0.0,0.0,0.0,0.0,0.0,0.0,0.0,0.0,0.00071452388891492,0.0,0.0,0.0,0.006835611870619235,0.0,0.0009050635926258988,0.0,0.059043490687393396,0.0,0.0,0.0,0.0,0.012670890296798583,0.0,0.0,0.0,0.0,0.0
67__67B__No Added Carb__1.0__48H,0.0,0.0006091370558381113,0.0,0.0,0.00047775455359808734,0.0,0.004299790982380786,0.003989250522540729,0.0,0.0,0.0,0.0,0.0,0.0,0.0153120334428028,0.00016721409375903057,0.0,0.0,0.00028665273215905244,0.07061212302181291,0.0,0.23597491788604316,0.0006927441027171266,0.1159510301584192,0.0007046879665571288,0.0,0.0,0.006831890116451249,0.0,0.0008957897879961638,0.0,0.0,0.008790683786201608,0.00031054045983905674,0.021534786503403937,0.04367871006270799,0.0,0.005756942370861053,0.0036428784711906663,0.0,0.0,0.0005374738727980982,0.0,0.007620185129891393,0.0019349059420703538,0.0,0.004168408480140762,0.0007882950134371441,0.0,0.0,0.0,0.11027769483402017,0.02385189608840436,0.0,0.0525171693043096,0.0,0.0,0.0,0.0021379516273503907,0.009065392654521658,0.0,0.0,0.0004299790982380786,0.0,0.0,0.0,0.0,0.0014452075246302644,0.0,0.0,0.0,0.0,0.0028306957300705178,0.0,0.0,0.0002269334129590415,0.0,0.02512988951921459,0.0,0.053842938190509844,0.00016721409375903057,0.0,0.0,0.0,0.00025082114063904585,0.0013496566139102467,0.0,0.0007166318303971311,0.0,0.0,0.0,0.0,0.0,0.0,0.0006927441027171266,0.0,0.0014093759331102575,0.0,0.0,0.0,0.0,0.0,0.0016124216183902949,0.006628844431171212,0.0158614511795029,0.0,0.0005016422812780917,0.0,0.0,0.0,0.000453866825918083,0.0008002388772771463,0.0,0.002066288444310378,0.0,0.0006808002388771244,0.00026276500447904803,0.0,0.0,0.0,0.001373544341590251,0.009662585846521767,0.004908928038220898,0.0008719020603171594,0.003559271424310651,0.012445506121202276,0.0,0.0,0.0010749477456001965,0.0,0.0,0.0,0.0006569125111971202,0.010080621080901844,0.016315318005402982,0.0,0.0008719020603171594,0.00470588235294086,0.0,0.0,0.002197670946550402,0.0,0.0,0.0,0.0,0.0,0.0,0.0,0.0,0.001361600477750249,0.0001433263660790262,0.0,0.0,0.0011346670648002075,0.005338907136460977,0.0,0.0026157061809504783,0.0,0.026610928635404867,0.0,0.0,0.0016004777545502928,0.0,0.01865631531800341,0.000907733651836166,0.0,0.0006569125111971202,0.0014690952523102687,0.0
67__67B__RDC__1.0__0H,0.0,0.0,0.0,0.0005871607515664675,0.0008698677800976926,0.0,0.0,0.0,0.0,0.0,0.0,0.0,0.0,0.0,0.026835421016021366,0.0,0.0,0.0,0.0,0.0,0.0,0.22292536534417748,0.0,0.15433629088367387,0.0,0.0,0.0,0.0,0.0,0.0,0.0,0.0,0.0,0.0,0.0,0.16101252609612818,0.0,0.01602731384831276,0.0,0.0,0.0,0.0,0.0,0.028879610299222994,0.001174321503130935,0.0,0.0,0.0,0.0,0.0,0.0005436673625614328,0.0005871607515664675,0.10799408489908598,0.0,0.018593423799614803,0.0,0.0,0.00023921363952719043,0.0,0.021203027139916883,0.0,0.0,0.0,0.0,0.0,0.0,0.0,0.0,0.0,0.0,0.0,0.0,0.0,0.0,0.0,0.0,0.0,0.10658054975655484,0.0,0.0,0.0008046276965906406,0.0,0.0010438413361208313,0.0,0.001109081419620883,0.0,0.0,0.0,0.0,0.0,0.0,0.0,0.0,0.0,0.0,0.0,0.0,0.0,0.0003262004175372597,0.0,0.0050452331245740166,0.0,0.0,0.0,0.0,0.0,0.0,0.0,0.0,0.0,0.0,0.0,0.0,0.0,0.0,0.0,0.0,0.0,0.0,0.0,0.0,0.0,0.0,0.0,0.003392484342382701,0.0,0.0,0.0,0.0,0.0,0.0,0.0,0.0,0.01724512874041373,0.04360212247743472,0.0,0.0,0.0,0.0,0.0,0.0,0.0,0.0,0.0,0.0,0.0,0.0,0.0,0.0,0.0,0.0002609603340292078,0.0,0.0,0.0,0.014939979123211895,0.0,0.0012613082811410042,0.0,0.03768702157273,0.0,0.0,0.0,0.0,0.004893006263053896,0.0,0.0,0.0,0.0,0.0
67__67B__RDC__1.0__48H,0.0,0.0,0.0,0.0,0.0002706150693929411,0.0,0.0,0.004368500405919048,0.0,0.0,0.0,0.0,0.0,0.0,0.0,0.0,0.0,0.0,0.0,0.08462519812888157,0.0,0.2695519387639413,0.001372404994779701,0.12133219932703657,0.002010283372639562,0.0,0.0,0.0,0.0,0.0,0.0,0.0,0.027970000386593908,0.0,0.0007731859125528316,0.08130049870488229,0.0,0.0045424672362490105,0.0,0.0,0.0,0.0,0.0,0.005199675261918868,0.002454865272349465,0.0,0.008524374685888144,0.0033246994239792757,0.0,0.0,0.0028027989329993896,0.09981830131057826,0.005045038079408901,0.0,0.0798701047666826,0.0,0.0,0.0,0.0033633587195992676,0.0009084934472488021,0.0,0.0,0.0,0.0,0.0,0.0,0.0,0.0,0.0003865929562759158,0.0,0.0,0.0,0.010476669115097717,0.0,0.0,0.0017010090076196294,0.0,0.06264738856458636,0.0,0.022499710055295098,0.0,0.0,0.0,0.0,0.00032860401283492846,0.0005992190822278695,0.0,0.0,0.0,0.0,0.0,0.0,0.0,0.0,0.0,0.0,0.0006572080256698569,0.0,0.0003865929562759158,0.0,0.0,0.0,0.0,0.005837553639768728,0.0,0.0,0.0,0.0,0.0,0.0,0.0,0.0007925155603658273,0.0,0.009529516372207924,0.0,0.0005605597866008779,0.0,0.0,0.0,0.0,0.0,0.0,0.00021262612595195367,0.0,0.003498666254299238,0.0,0.0,0.0,0.0,0.0,0.0,0.0,0.0,0.0010438009819497725,0.010573317354197696,0.0,0.0,0.0,0.0,0.0,0.0,0.0,0.0,0.0,0.0006958673212968485,0.0,0.0,0.0,0.0,0.0018169868944996042,0.0,0.0,0.0,0.004097885336529107,0.0005798894344148736,0.0,0.007963814899288265,0.0,0.02727413306529406,0.0,0.0,0.0007151969691108442,0.0,0.014265280086596893,0.0005412301387868821,0.0,0.000637878377855861,0.00025128542157994523,0.0
67__67B__RDC__2.0__0H,0.0,0.0,0.0,0.0004984334947305479,0.002515902401976718,0.0,0.0,0.0,0.0,0.0,0.0,0.0,0.0,0.0,0.02575239722777664,0.0,0.0,0.0,0.0,0.0,0.0,0.020412038355581485,0.0,0.34925947023658116,0.0,0.0,0.0,0.0,0.0,0.0,0.0,0.0,0.0,0.0,0.0013766258425887514,0.05921864615964629,0.0,0.019961074717581892,0.0,0.0,0.0,0.0,0.0,0.03545998291086784,0.00045096363808959096,0.0,0.0,0.0,0.0,0.0,0.0,0.0,0.07089623089333569,0.0,0.0003085540681667201,0.0,0.0,0.0,0.0,0.03569733219406762,0.0,0.0,0.0,0.0,0.0,0.0,0.0,0.0,0.0,0.0,0.0,0.0,0.0017326497673984284,0.0,0.0,0.0,0.0,0.04338744896983065,0.0,0.0006883129212943757,0.00028481913984574166,0.0,0.0,0.0,0.0008307224912172465,0.0,0.0,0.0,0.0,0.0,0.0,0.0,0.0,0.0,0.0,0.0,0.0,0.0,0.0,0.0,0.0003322889964866986,0.0,0.0,0.0,0.0,0.0,0.0,0.0,0.0,0.0,0.0,0.0,0.0,0.0,0.0,0.0,0.0,0.0,0.0,0.0,0.0,0.21591664293180415,0.0022073483338079978,0.0,0.0019462641222782347,0.0,0.0,0.0,0.0,0.0,0.0,0.0,0.0,0.02627456565077617,0.00961264596980128,0.0,0.0,0.0,0.0,0.0,0.0,0.0,0.0,0.0,0.0,0.0,0.0,0.0,0.0,0.0,0.0004272287097686125,0.0,0.0,0.0,0.006123611506684445,0.0,0.0007832526345762895,0.0,0.05606190069304915,0.0,0.0,0.0,0.0,0.011582645020389495,0.0,0.0,0.0,0.0,0.0
67__67B__RDC__2.0__48H,0.0,0.0,0.0,0.0,0.0,0.0,0.0,0.0,0.0,0.0,0.0,0.0,0.0,0.0,0.0003542000671120555,0.0,0.0,0.0,0.0,0.0049774430483607805,0.0,0.44433466313706965,0.0,0.01882852988330295,0.0,0.0,0.0,0.0,0.0,0.0,0.0,0.0,0.0006524738078371022,0.0,0.0,0.031896648148805,0.0,0.001715074009170269,0.0,0.0,0.0,0.0,0.0,0.0357369225607056,0.00121173707170019,0.0,0.0,0.0005592632638600877,0.0,0.0,0.0,0.00287088475448045,0.0021438425114603363,0.0,0.06918086573951084,0.0,0.0,0.0,0.0,0.0006338316990420993,0.0,0.0,0.0,0.0,0.0,0.0,0.0,0.0,0.0,0.0,0.0,0.0,0.0,0.0,0.0,0.0,0.0,0.000727042243019114,0.0,0.05417396815930849,0.0,0.0,0.0,0.0,0.0,0.3052458894150479,0.0,0.0,0.0,0.0,0.0,0.0,0.0,0.0,0.0,0.0,0.0,0.0,0.0,0.0,0.0,0.0,0.0,0.0003728421759070584,0.0,0.0,0.0,0.0,0.0,0.0,0.0,0.0,0.0,0.0008575370045861344,0.0,0.0,0.0,0.0,0.0,0.0,0.0,0.0,0.0,0.0,0.0041385481525706485,0.0,0.0,0.0,0.0018269266619402864,0.0,0.0,0.0,0.0,0.00044741061108807015,0.01193094962900187,0.0,0.0,0.0,0.0,0.0,0.0,0.0,0.0,0.0,0.0002609895231350409,0.0,0.0,0.0,0.0,0.0,0.0,0.0,0.0,0.00039148428470206135,0.0,0.0,0.0,0.0,0.002181126729060342,0.0,0.0,0.0,0.0,0.0020879161850803274,0.0,0.0,0.0,0.0002609895231350409,0.0
67__67B__SDC__1.0__0H,0.0,0.0,0.0,0.000463807056265123,0.001983174999203526,0.0,0.0,0.0,0.0,0.0,0.0,0.0,0.0,0.0,0.02605316188470691,0.0,0.0,0.0,0.0,0.0,0.0,0.01708089434800453,0.0,0.3197709752741688,0.0,0.0,0.0,0.0,0.0,0.0,0.0,0.0,0.0,0.0,0.0010395675399002759,0.058423695742615495,0.0,0.02024757700800537,0.0,0.0,0.0,0.0002718868950520721,0.0,0.033458081438108876,0.00043182036272911456,0.0,0.0,0.0,0.0,0.0,0.0,0.00023990020151606363,0.058727569331215576,0.0,0.0005437737901031442,0.0,0.0,0.0,0.0,0.033857915107308977,0.0,0.0,0.0,0.0,0.0,0.0,0.0,0.0,0.0,0.0,0.0,0.0,0.0018232415315204836,0.0,0.0,0.0,0.0,0.034641589098919186,0.0,0.000799667338387212,0.0,0.0,0.0,0.0,0.0005117870965681357,0.0,0.0,0.0,0.0,0.0,0.0,0.0,0.0,0.0,0.0,0.0,0.0,0.0,0.0,0.0,0.0004478137094971188,0.0,0.0,0.0,0.0,0.0,0.0,0.0,0.0,0.0,0.0,0.0,0.0,0.0,0.0,0.0,0.0,0.0,0.0,0.0,0.0,0.28293829766807504,0.0018232415315204836,0.0,0.0021591018136505723,0.0,0.0,0.0,0.0,0.0,0.0,0.0,0.0,0.022390685474805938,0.008172600198322168,0.0,0.0,0.0,0.0,0.0,0.0001919201612130509,0.0,0.0,0.0,0.0,0.0,0.0,0.0,0.0,0.00030387358858708063,0.0007037072577811867,0.0,0.0,0.0,0.005565684675181476,0.0,0.001263474394650335,0.0,0.05193039695491378,0.0,0.0,0.0,0.0,0.011739116527503113,0.0,0.0,0.0,0.0,0.0
67__67B__SDC__1.0__48H,0.0,0.0,0.0,0.0,0.00025303643724708803,0.0,0.0,0.005166160593791797,0.0,0.0,0.0,0.0,0.0,0.0,0.0005482456140351907,0.0,0.0,0.0,0.0,0.08341767881242902,0.0,0.4593454790821598,0.00025303643724708803,0.08356528340084106,0.000695850202429242,0.0,0.0,0.0,0.0,0.0,0.0,0.0,0.0074224021592425825,0.0,0.0,0.0307650134953107,0.0,0.0022984143049907995,0.0,0.0,0.0,0.0,0.0,0.004807692307691672,0.0006115047233472128,0.0,0.0030575236167310633,0.0017501686909606087,0.0,0.0,0.0006536774628882274,0.07087128879892465,0.0029099190283410122,0.0,0.06595816464242293,0.0,0.0,0.0,0.0018556005398106456,0.011028171390003836,0.0,0.0,0.0,0.0,0.0,0.0,0.0,0.0,0.0,0.0,0.0,0.0,0.00023195006747608069,0.0,0.0,0.000695850202429242,0.0,0.0126518218623044,0.0,0.07139844804322484,0.0,0.0,0.0,0.0,0.00031629554655911,0.0117872807018041,0.0,0.0,0.0,0.0,0.0,0.0,0.0,0.0,0.0,0.0,0.0002741228070180954,0.0,0.0,0.0,0.0,0.0,0.0,0.008750843454793045,0.0,0.0,0.0,0.0,0.0,0.0,0.0,0.0003584682861001247,0.0,0.0036901147098512836,0.0,0.002256241565450785,0.0,0.0,0.0,0.0,0.0,0.0,0.0,0.0,0.001391700404860484,0.0,0.0,0.0,0.0,0.0,0.0,0.0,0.0,0.0006747638326592347,0.004765519568151658,0.0,0.003605769230771254,0.0,0.0,0.0,0.0,0.0,0.0,0.0,0.0,0.0,0.0,0.0,0.0,0.0003584682861001247,0.0,0.0,0.0,0.0013073549257804546,0.0,0.0,0.0015814777327905502,0.0,0.016573886639705767,0.0,0.0,0.0025514507422408875,0.0,0.013727226720604774,0.0,0.0,0.0032473009446711294,0.000569331983806198,0.0
67__67B__SDC__2.0__0H,0.0,0.0,0.0,0.0004722921914362278,0.0022914917436381048,0.0,0.00027987685418413497,0.0,0.0,0.0,0.0,0.0,0.0,0.0,0.026815701091512933,0.0,0.0,0.0,0.0,0.0,0.0,0.017492303386508437,0.0,0.33532745591939467,0.0,0.0,0.0,0.0,0.0,0.0,0.0,0.0,0.0,0.0,0.0012944304506006244,0.0530716484747256,0.0,0.01955639518610943,0.0,0.0,0.0,0.0,0.0,0.02886230058771392,0.0003498460677301687,0.0,0.0,0.0,0.0,0.0,0.0,0.0,0.05896655471592844,0.0,0.0005247691015952531,0.0,0.0,0.0,0.0,0.034372376154516576,0.0,0.0,0.0,0.0,0.0,0.0,0.0,0.0,0.0,0.0,0.0,0.0,0.001574307304790759,0.0,0.0,0.0,0.0,0.03594668345933733,0.0,0.0006122306185282953,0.00027987685418413497,0.0,0.0,0.0,0.000804645955779388,0.0,0.0,0.0,0.0,0.0,0.0,0.0,0.0,0.0,0.0,0.0,0.0,0.0,0.0,0.0,0.0004722921914362278,0.0,0.0,0.0,0.0,0.0,0.0,0.0,0.0,0.0,0.0,0.0,0.0,0.0,0.0,0.0,0.0,0.0,0.0,0.0,0.0,0.26920654911812986,0.0018017072488108689,0.0,0.003061153092641476,0.0,0.0,0.0,0.0,0.0,0.0,0.0,0.0,0.019643856703109475,0.009008536244054345,0.0,0.0,0.0,0.0,0.0,0.00020990764063810122,0.0,0.0,0.0,0.0,0.0,0.0,0.0,0.0,0.0,0.0006122306185282953,0.0,0.0,0.0,0.00547509095998264,0.0,0.0011369997201205483,0.0,0.05788203190602791,0.0,0.0,0.0,0.0,0.012594458438306073,0.0,0.0,0.0,0.0,0.0
67__67B__SDC__2.0__48H,0.0,0.0,0.0,0.0,0.00035384967633201594,0.0,0.0,0.003829902379120173,0.0,0.0,0.0,0.0,0.0,0.0,0.0012488812105800563,0.0,0.0,0.0,0.0,0.08094831713260366,0.0,0.38725724871501743,0.0004787377973900216,0.08136461086943565,0.001956580563250088,0.0,0.0,0.0,0.0,0.0,0.0,0.0,0.019274400016700867,0.0,0.0,0.04187914992820189,0.0,0.0024977624211601126,0.0,0.0,0.0,0.0,0.0,0.0027891680369701256,0.001623545573760073,0.0,0.010511416855700473,0.0017068043211300769,0.0,0.0,0.0008950315342510403,0.10563453572800476,0.004017234560710181,0.0,0.06000874216850271,0.0,0.0,0.0,0.0019773952500900895,0.005411818579190244,0.0,0.0,0.0,0.0,0.0,0.0,0.0,0.0,0.00029140561580301313,0.0,0.0,0.0,0.0034968673896301574,0.0,0.0,0.002019024623770091,0.0,0.013113252711100592,0.0,0.09397831109630424,0.0,0.0,0.0,0.0,0.00024977624211601127,0.0028307974106501275,0.0,0.0,0.0,0.0,0.0,0.0,0.0,0.0,0.0,0.0,0.0004371084237040197,0.0,0.0,0.0,0.0,0.0,0.0,0.006077888558170274,0.0,0.0,0.0,0.0,0.0,0.0,0.0,0.0006036259184480273,0.0,0.006598255729240297,0.0,0.0015611015132300705,0.0,0.0,0.0,0.0,0.0,0.0003746643631750169,0.0,0.0,0.0025602064816901155,0.0,0.0,0.0,0.0,0.0,0.0,0.0,0.0,0.000686884665820031,0.006119517931850275,0.0,0.0004787377973900216,0.0,0.0,0.0,0.0,0.0,0.0,0.0,0.00024977624211601127,0.0,0.0,0.0,0.0,0.0006452552921340291,0.0,0.0,0.0,0.0030181295922401363,0.00024977624211601127,0.0,0.004058863934390183,0.0,0.017401078200800783,0.0,0.0,0.00133213995795006,0.0,0.012925920529500583,0.0,0.0,0.002372874300110107,0.0006036259184480273,0.0
73__73A__No Added Carb__1.0__0H,0.0,0.0,0.0,0.0012137612670909284,0.0013928407983010652,0.0,0.000815806753288624,0.0,0.0,0.0,0.0,0.0,0.0,0.0,0.06787114232845191,0.0,0.0,0.0,0.0,0.0,0.0,0.033806235947225864,0.0,0.37572875420334745,0.0,0.0,0.0,0.0,0.0,0.0,0.00021887498258916743,0.0,0.0,0.0,0.008038681178746149,0.12300774021509409,0.0,0.01245597628190953,0.0,0.0,0.0,0.0008556022046686545,0.0,0.04254133752513254,0.000358159062419274,0.0,0.0,0.0,0.0,0.0,0.0,0.0,0.08130210716926219,0.0,0.008635612949446606,0.0,0.0,0.0,0.0,0.008476431143926485,0.0,0.0,0.0,0.0,0.0004178522394893196,0.0,0.0,0.0,0.0,0.0,0.0,0.0,0.005591260918884277,0.0,0.0,0.0,0.0,0.04590405316672511,0.0,0.0,0.0007760113019085936,0.0,0.0,0.0,0.004278011023343273,0.0,0.0,0.0,0.0,0.0,0.0,0.0,0.0,0.0,0.0,0.0,0.0,0.0,0.0,0.0,0.0037805678810928917,0.0,0.0,0.0,0.0,0.0,0.0,0.0,0.0,0.0,0.0071432835226954644,0.0,0.0,0.0,0.0,0.0,0.0,0.0,0.0,0.0,0.0,0.0010545794615708067,0.0008556022046686545,0.0,0.001989772569001522,0.06850786955055241,0.0,0.0,0.0,0.0,0.0,0.0,0.0,0.007760113019085936,0.04073064448733116,0.0,0.0,0.00021887498258916743,0.0,0.0,0.0020096702946915375,0.0,0.0003780567881092892,0.0,0.0,0.0,0.0,0.0,0.0,0.005034124599563851,0.0,0.0,0.0,0.0,0.005929522255614535,0.0,0.0021688521002016592,0.0,0.015679407843711995,0.0,0.0,0.0,0.0,0.012396283104809482,0.0,0.0,0.0,0.0006765226734585175,0.0
73__73A__No Added Carb__1.0__48H,0.000427638612477163,0.0,0.0,0.00034540041777013163,0.0015625256994345955,0.0,0.014490369907405523,0.005789568907382207,0.0,0.0,0.0,0.0010855441701304138,0.0005098768071841943,0.0,0.0017434497277906643,0.0015625256994405954,0.0,0.0,0.0,0.10218918074303895,0.005789568907382207,0.013059425319504978,0.0,0.07271501176012772,0.0,0.0,0.0,0.0,0.0,0.0,0.0,0.0,0.0,0.0,0.2253819964140859,0.0,0.00034540041777013163,0.0,0.0,0.0,0.0,0.0,0.0005263244461262005,0.0018750308393207147,0.010411355449903967,0.0,0.0,0.0,0.0,0.0,0.0013158111153105014,0.0033553183440512787,0.0032401848714602353,0.0,0.0013158111153105014,0.0004934291682431881,0.0,0.00023026694518008776,0.001825687922500696,0.00047698152930118184,0.0,0.0,0.0,0.0,0.0008059343081303072,0.0,0.0,0.0,0.0004111909735361567,0.0,0.0004605338903601755,0.0,0.002746755703221047,0.0025329363969809654,0.0,0.0,0.0,0.08171187026103115,0.0,0.0,0.0,0.0,0.0,0.0,0.0,0.0,0.0,0.0,0.0,0.0,0.0,0.0,0.0,0.00023026694518008776,0.0026480698695710092,0.0,0.0,0.0,0.0,0.0,0.0,0.0,0.0,0.03740193095281425,0.2949061662201124,0.0,0.0010362012533103948,0.0,0.0,0.004769815293011818,0.0,0.003092156120991179,0.0,0.0042105955690116045,0.0,0.0,0.0,0.0,0.0,0.0,0.006644846132342533,0.007845523775062991,0.004917844043491874,0.0,0.004704024737251793,0.00110199180908042,0.0,0.0,0.0,0.0,0.0,0.0,0.0,0.0060691787693923135,0.019901643119107585,0.0,0.0003289527788291254,0.0011842300037804515,0.0,0.0,0.002993470287341141,0.0,0.0,0.0,0.0,0.0,0.0,0.0,0.0,0.00110199180908042,0.0,0.0,0.0,0.0,0.0,0.0,0.0,0.0,0.014523265185305535,0.0,0.0,0.0,0.0,0.01817464103030693,0.0014802875047305643,0.0,0.0,0.0,0.0
73__73A__RDC__1.0__0H,0.0,0.0,0.0,0.0017410973377588626,0.005684608401906287,0.0,0.00023809878123184447,0.0,0.0,0.0,0.0,0.002187532552568571,0.0,0.0,0.037842825041975274,0.00016369291209689308,0.0,0.0012500186014691834,0.0,0.0006696528222145626,0.0,0.2980550305808053,0.0,0.176029405199865,0.0,0.0,0.0,0.0,0.0,0.0,0.0,0.0,0.0,0.0,0.01441985743839058,0.030476643997680092,0.00034226699802077646,0.0011904939061592225,0.0,0.0,0.00016369291209689308,0.0010416821678893196,0.0,0.019538981234787235,0.00482150031994085,0.005386984925366481,0.0,0.0,0.0,0.0,0.0004017916933287375,0.0018899090760287653,0.054167472730204606,0.000267861128885825,0.00022321760740485417,0.001919671423678746,0.0009375139510993876,0.0,0.0,0.0002827423027128153,0.00046131638863669864,0.0,0.0,0.00037202934567475695,0.0005506034315986403,0.0,0.0,0.0,0.0,0.0,0.0012500186014691834,0.0,0.003898867542667453,0.0,0.0,0.0,0.0,0.017455616899088595,0.0,0.0,0.0006250093007335917,0.0,0.0,0.0,0.0,0.0,0.0,0.0,0.0,0.0,0.00017857408592388335,0.0,0.00031250465036679586,0.0,0.0,0.0,0.00023809878123184447,0.0,0.0009970386464073487,0.0,0.005848301314006179,0.0,0.0,0.0,0.0,0.0,0.0,0.0026786112888522503,0.0,0.0002827423027128153,0.00160716677331895,0.001964314945158717,0.002485156029108377,0.0,0.00031250465036679586,0.0,0.0,0.0,0.00034226699802077646,0.0,0.0,0.08562627420044405,0.0006994151698685432,0.0,0.0006547716483875723,0.029122457179380976,0.0,0.0,0.0,0.00017857408592388335,0.0,0.0,0.0,0.002098245509608629,0.002098245509608629,0.0021726513787385807,0.0,0.0037054122829175795,0.0,0.0,0.027589696275181975,0.0,0.0029464724177380754,0.0,0.0,0.0,0.0,0.0,0.0,0.01486629265319029,0.0,0.0009375139510993876,0.00031250465036679586,0.0,0.03672673700497601,0.0,0.008065596214224731,0.0,0.054107948034864656,0.0,0.0,0.0,0.0,0.02407773925208427,0.0,0.00017857408592388335,0.0,0.0006398904745605821,0.0
73__73A__RDC__1.0__48H,0.0,0.0,0.0,0.00022537750732501852,0.00041319209676203393,0.0,0.010480054090600861,0.003981669296070327,0.0,0.0,0.0,0.001070543159790088,0.00030050334310002466,0.0,0.002497934039520205,0.0014086094207801157,0.0,0.0,0.0,0.08209375704300674,0.005803470813610477,0.02689504920740221,0.0043385170160003565,0.06618586131770544,0.0,0.0,0.0004695364735930386,0.0,0.0,0.0,0.0,0.0,0.0,0.0,0.1690894748700139,0.0014649537976101203,0.0,0.00028172188415602316,0.0,0.0,0.0,0.0,0.0,0.0028172188415602315,0.002422808203740199,0.00031928480204302626,0.0,0.0,0.0,0.0,0.0006949139809180571,0.0033618811509302762,0.0009578544061300787,0.0,0.0030425963488802496,0.0,0.0,0.0,0.0,0.00028172188415602316,0.0,0.0,0.0,0.0,0.0003568477199310293,0.0,0.0,0.0007700398166930634,0.0006010066861990494,0.0,0.0,0.0,0.0015400796333901266,0.0031552851025502594,0.0,0.0,0.0,0.04421155435350363,0.0,0.0,0.0,0.0,0.0,0.0,0.0,0.0,0.0,0.0,0.0,0.0,0.0,0.0,0.0,0.0,0.0009766358650740803,0.0,0.0,0.0,0.0,0.0,0.0,0.0,0.0,0.01605814739690132,0.46209901585203794,0.0,0.0016339869281001343,0.0,0.0,0.002141086319590176,0.0,0.001972053189090162,0.0,0.0013710465028901125,0.0,0.0,0.0,0.0,0.0,0.0,0.0038689805424103178,0.0061415370746005045,0.0019532717301501603,0.0,0.0007888212756370648,0.0008263841935240679,0.0,0.0,0.0,0.0,0.0,0.0,0.0,0.005146119750580423,0.009033881751930742,0.0,0.0,0.0006949139809180571,0.0,0.0,0.0021223048606401743,0.0,0.0,0.0,0.0,0.0,0.0,0.0,0.0,0.000901510029299074,0.0,0.0,0.0,0.0,0.0,0.0,0.0,0.0,0.020772293591801706,0.0,0.0,0.0,0.0,0.018912929156301553,0.0010517617008500863,0.0,0.0,0.0,0.0
73__73A__RDC__2.0__0H,0.0,0.0,0.0,0.0008803761997814208,0.0013742457752706568,0.0,0.0004938695754872361,0.0,0.0,0.0,0.0,0.0,0.0,0.0,0.07244851946493462,0.0,0.0,0.0,0.0,0.0,0.0,0.030383715187614523,0.0,0.4104270898196062,0.0,0.0,0.0,0.0,0.0,0.0,0.00025767108286312316,0.0,0.0,0.0,0.008374310193044002,0.09383521934254485,0.0,0.011981705353105726,0.0,0.0,0.0,0.0007515406583503592,0.0,0.04103411994591961,0.0006012325266802873,0.0,0.0,0.0,0.0,0.0,0.0,0.0,0.07897618689743775,0.0,0.010800712890005162,0.0,0.0,0.0,0.0,0.00893259753924427,0.0,0.0,0.0,0.0,0.0005368147559642565,0.0,0.0,0.0,0.0,0.0,0.0,0.0,0.006248523759422986,0.0,0.0,0.0,0.0,0.046659938588462305,0.0,0.0,0.00047239698524822576,0.0,0.0,0.0,0.004616606901292206,0.0,0.0,0.0,0.0,0.0,0.0,0.0,0.0,0.0,0.0,0.0,0.0,0.0,0.0,0.0,0.0035000322088916728,0.0,0.0,0.0,0.0,0.0,0.0,0.0,0.0,0.0,0.00652766743252312,0.0,0.0,0.0,0.0,0.0,0.0,0.0,0.0,0.0,0.0,0.0008374310193044003,0.0004509243950102155,0.0,0.0015889716776507593,0.06461102402783088,0.0,0.0,0.0,0.0,0.0,0.0,0.0,0.00657061261300314,0.04442678920362123,0.0,0.0,0.0,0.0,0.0,0.001546026497180739,0.0,0.00023619849262411288,0.0,0.0,0.0,0.0,0.0,0.0,0.0030276352236414472,0.0,0.0,0.0,0.0,0.0056258186425026885,0.0,0.0017392798093208313,0.0,0.01634064117150781,0.0,0.0,0.0,0.0,0.012604410470006025,0.0,0.0,0.0,0.0002791436731011334,0.0
73__73A__RDC__2.0__48H,0.0,0.0,0.0,0.00024489795918419984,0.00026122448979621314,0.0,0.001942857142861585,0.000865306122449706,0.0,0.0,0.0,0.0,0.0,0.0,0.025208163265320566,0.0,0.0,0.0,0.0,0.03528163265312879,0.0008816326530617193,0.11464489795909354,0.0,0.0792979591837647,0.0,0.0,0.0,0.0,0.0,0.0,0.0,0.0,0.0,0.0,0.20398367346916643,0.005355102040824369,0.0,0.0015346938775512523,0.0,0.0,0.0,0.0,0.0,0.019395918367315825,0.0021387755102017453,0.0,0.0,0.0,0.0,0.0,0.0003265306122452664,0.0010448979591808525,0.015151020408167362,0.0,0.022497959183718358,0.0,0.0,0.0,0.0006857142857145595,0.0015510204081612654,0.0,0.0,0.0,0.0,0.0003265306122452664,0.0,0.0,0.005404081632654409,0.0,0.0,0.0004408163265313597,0.0,0.017730612244914467,0.0035428571428628903,0.0,0.0,0.0,0.01657142857141352,0.0,0.0002122448979591732,0.0,0.0,0.0,0.0,0.0,0.0010285714285708392,0.0,0.0,0.0,0.0,0.0,0.0,0.0,0.000816326530612666,0.0,0.0,0.0,0.0,0.0,0.0,0.0,0.0,0.0,0.015689795918412804,0.3435265306122803,0.0,0.0035918367346929304,0.0,0.0,0.0,0.0,0.0,0.0,0.0030857142857125177,0.0,0.0,0.0,0.0,0.0,0.0,0.0007510204081636127,0.005746938775514689,0.0014530612244911855,0.0,0.008261224489806741,0.0003102040816332531,0.0,0.0,0.0,0.0,0.0,0.0005551020408164529,0.0,0.002595918367352118,0.006465306122455276,0.0,0.0007346938775515994,0.0007510204081636127,0.0,0.0,0.002563265306122091,0.0,0.0,0.0,0.0,0.0,0.0,0.0,0.0,0.0004244897959183464,0.0,0.0,0.0,0.0,0.0,0.0,0.0,0.0,0.02044081632651668,0.0,0.0,0.0,0.00024489795918419984,0.004114285714293357,0.0003265306122452664,0.0,0.0,0.0,0.0
73__73A__SDC__1.0__0H,0.0,0.0,0.0,0.0009155203588837483,0.0018768167357094841,0.0,0.0005493122153298489,0.0,0.0,0.0,0.0,0.0,0.0,0.0,0.0676340665125814,0.0,0.0,0.0,0.0,0.0,0.0,0.03327916504539086,0.0,0.3795289647754357,0.0,0.0,0.0,0.0,0.0,0.0,0.00025176809869293076,0.0,0.0,0.0,0.007598818978737911,0.11322698038496887,0.0,0.013000389096196427,0.0,0.0,0.0,0.0009155203588837483,0.0,0.041953720445888465,0.0005950882332748364,0.0,0.0,0.0,0.0,0.0,0.0,0.0,0.08239683229957735,0.0,0.008056579158177785,0.0,0.0,0.0,0.0,0.009452747705477401,0.0,0.0,0.0,0.0,0.0005035361973858615,0.0,0.0,0.0,0.0,0.0,0.0,0.0,0.005905106314798377,0.0,0.0,0.0,0.0,0.04609645006974733,0.0,0.0,0.0006179762422468301,0.0,0.0,0.0,0.0037536334714189682,0.0,0.0,0.0,0.0,0.0,0.0,0.0,0.0,0.0,0.0,0.0,0.0,0.0,0.0,0.0,0.004142729623948861,0.0,0.0,0.0,0.0,0.0,0.0,0.0,0.0,0.0,0.00901787553500752,0.0,0.0,0.0,0.0,0.0,0.0,0.0,0.0,0.0,0.0,0.001258840493469654,0.0009841843857997293,0.0,0.0016937126639395344,0.06889290700598105,0.0,0.0,0.0,0.0,0.0,0.0,0.0,0.007324162871067987,0.04229704058038837,0.0,0.0,0.0,0.0,0.0,0.0020141447895394462,0.0,0.0003433201345809056,0.0,0.0,0.0,0.0,0.0,0.0,0.004417385731618786,0.0,0.0,0.0,0.0,0.007163946808268031,0.0,0.0020828088164594276,0.0,0.016754022567595395,0.0,0.0,0.0,0.0,0.012794397015396483,0.0,0.0,0.0,0.000709528278134805,0.0
73__73A__SDC__1.0__48H,0.00020767199691501683,0.0,0.0,0.00022250571098001804,0.0009345239861160758,0.0,0.01370635179640111,0.004257275936750345,0.0,0.0,0.0,0.0009641914142460782,0.0,0.00016317085471901323,0.009790251283120792,0.0007120182751360576,0.0,0.0,0.0,0.08556086272880693,0.005206633636930422,0.043833625063003555,0.0002818405672410228,0.11202420862100908,0.0,0.0,0.0005933485626130481,0.0,0.0,0.0,0.0,0.0,0.0,0.0,0.13856172308401124,0.0032930845225002665,0.0005785148485480468,0.0006230159907440505,0.0,0.0,0.0,0.0,0.0,0.0017652119737701431,0.0029815765271302415,0.0,0.0,0.0,0.0,0.0,0.0009345239861160758,0.002417895392650196,0.006526834188750529,0.0,0.007342688462340595,0.0,0.0,0.0,0.0006823508470050553,0.010190761562900826,0.0,0.0,0.0,0.0,0.00031150799537202524,0.0,0.0,0.0017355445456401408,0.0006230159907440505,0.0,0.0009641914142460782,0.0,0.0011125285549000903,0.0038419319429203115,0.0,0.0,0.0,0.044070964488103576,0.0,0.0,0.0,0.0,0.0,0.0,0.0,0.00025217313911102046,0.0,0.00020767199691501683,0.0,0.0,0.0,0.0,0.0,0.0,0.0017355445456401408,0.0,0.0,0.0,0.0,0.0,0.0,0.0,0.0,0.0505681312487041,0.333224552764027,0.0,0.0030260776693302456,0.0,0.0,0.0012015308392900974,0.0006081822766780494,0.0005488474204170445,0.0,0.0029074079568002357,0.0,0.0,0.0,0.0,0.0,0.0,0.004924793069690399,0.005162132494730418,0.003248583380310263,0.0,0.004450114219600361,0.0007120182751360576,0.0,0.0,0.0,0.0,0.0,0.0,0.0,0.0031744148099802573,0.014507372355901176,0.0,0.00031150799537202524,0.0003856765656990313,0.0,0.0,0.0015130388346601227,0.0,0.0,0.0,0.0,0.0,0.0,0.0,0.0,0.001987717684750161,0.0,0.0,0.0,0.0,0.0,0.0,0.0,0.0,0.03303468122350268,0.0,0.0,0.00023733942504501924,0.00023733942504501924,0.023140593941901877,0.001676209689380136,0.0,0.0,0.0,0.0
73__73A__SDC__2.0__0H,0.0,0.0,0.0,0.0012515644555693328,0.001851629605499013,0.0,0.0010458278327394425,0.0,0.0,0.0,0.0,0.0,0.0,0.0,0.06924751830196309,0.0,0.0,0.0,0.0,0.0,0.0,0.0333807670546822,0.0,0.37745812402484075,0.0,0.0,0.0,0.0,0.0,0.0,0.0004800521199437441,0.0,0.0,0.0,0.00960104239888488,0.11596687640393817,0.0,0.012944262519893099,0.0,0.0,0.0,0.0012001302998593602,0.0,0.040632983009578336,0.0007543676170555978,0.0,0.0,0.0,0.0,0.0,0.0,0.0,0.08061446671345703,0.0,0.00858950400328542,0.0,0.0,0.0,0.0,0.007732268074815877,0.0,0.0,0.0,0.0,0.0007200781799166161,0.0,0.0,0.0,0.0,0.0,0.0,0.0,0.0064464141821065635,0.0,0.0,0.0,0.0,0.04654791091606519,0.0,0.0,0.0006514993056386527,0.0,0.0,0.0,0.003977574708107879,0.0,0.0,0.00027431549711085375,0.0,0.0,0.0,0.0,0.0,0.0,0.0,0.0,0.0,0.0,0.0,0.0,0.004097587738097815,0.0,0.0,0.0,0.0,0.0,0.0,0.0,0.0,0.0,0.008298043787605576,0.0,0.0,0.0,0.0,0.0,0.0,0.0,0.0,0.0,0.0,0.0012001302998593602,0.0010801172698794242,0.0,0.0022459581325988028,0.06801309856496374,0.0,0.0,0.0,0.0,0.0,0.0,0.0,0.008263754350465594,0.03962144461397888,0.0,0.0,0.0,0.0,0.0,0.0019544979169189578,0.0,0.0002571707785418629,0.0,0.0,0.0,0.0,0.0,0.0,0.004131877175237797,0.0,0.0,0.0,0.0,0.006549282493526508,0.0,0.001851629605499013,0.0,0.017693349563690567,0.0,0.0,0.0,0.0,0.012807104771393171,0.0,0.0,0.0,0.0005657757127916984,0.0
73__73A__SDC__2.0__48H,0.0,0.0,0.0,0.0,0.0005962072049343573,0.0,0.0008255176683701101,0.0,0.0,0.0,0.0,0.0003210346488106539,0.0,0.0,0.005595175307843968,0.0,0.0,0.0,0.0,0.03393794858856341,0.0,0.036506225779060646,0.0,0.1071338485178845,0.0,0.0,0.0,0.0,0.0,0.0,0.0,0.0,0.0,0.0,0.3090646426196668,0.00041275883418555504,0.0,0.0005962072049343573,0.0,0.0,0.0,0.0,0.0,0.011924144098687146,0.002545346144137256,0.0,0.0,0.0,0.0,0.0,0.0,0.00041275883418555504,0.008048797266608322,0.0,0.032034671742065465,0.0,0.0,0.0,0.0005503451122464068,0.06312917058403195,0.0,0.0,0.0,0.0,0.0003668967414976045,0.0,0.0,0.0005962072049343573,0.0002522415097797281,0.0,0.0,0.0,0.027471393519670383,0.0027287945148870584,0.0,0.0,0.0,0.028801394207568953,0.0,0.0,0.0,0.0,0.0,0.0,0.0,0.0002522415097797281,0.0,0.0,0.0,0.0,0.0,0.0,0.0,0.0003668967414976045,0.0,0.0,0.0,0.0,0.0,0.0,0.0,0.0,0.0,0.01784035405538077,0.19257492719379238,0.0,0.0023618977733974537,0.0,0.0,0.0,0.0,0.0,0.0,0.004012933110135674,0.0,0.0,0.0,0.0,0.0,0.0,0.00027517255612370336,0.0035313811369161933,0.0038294847393858717,0.0,0.004242243573565427,0.0,0.0,0.0,0.0,0.0,0.0,0.0,0.0,0.0006650003439652831,0.006650003439652831,0.0,0.001811552661148047,0.0,0.0,0.0,0.0014217248733084673,0.0,0.0,0.0,0.0,0.0,0.0,0.0,0.0,0.0003668967414976045,0.0,0.0,0.0,0.0,0.0,0.0,0.0,0.0,0.07707124676091691,0.0,0.0,0.0015134490586783684,0.0,0.0065353482079329546,0.0008255176683701101,0.0,0.0,0.0,0.0
73__73B__No Added Carb__1.0__48H,0.0,0.0,0.0,0.0,0.00033404984604699353,0.0,0.0048219369081499075,0.006158136292339881,0.0,0.0,0.0,0.00039214547144599243,0.0017428687619799664,0.0,0.0,0.0003050020333469941,0.0,0.0,0.0,0.19101841631299632,0.0014669145413399717,0.05363678614999896,0.0033695462731699348,0.03831406495089926,0.0,0.0,0.0017864404810299655,0.0,0.0011038168825899788,0.0,0.0,0.0003050020333469941,0.0,0.0,0.206849474234996,0.09924185208849809,0.0,0.0003776215650959927,0.0,0.0,0.0,0.0,0.0,0.02230872015339957,0.00104572125718998,0.0,0.0,0.0,0.0,0.0,0.001234532039739976,0.0002759542206469947,0.001989775169929961,0.0,0.0,0.0,0.0,0.0,0.04959914018469904,0.0,0.0,0.0,0.0,0.0,0.00020333468889799608,0.0,0.0,0.0,0.0024690640794699523,0.0,0.0,0.0,0.07338929878579858,0.0,0.0,0.0,0.0,0.020798233892999597,0.0,0.0009585778190899814,0.0,0.0,0.0,0.0,0.0,0.0,0.0,0.0,0.0,0.0,0.0,0.0,0.0,0.0,0.0,0.0,0.0,0.0,0.0005954801603439885,0.0,0.0,0.001989775169929961,0.0,0.07956195898449846,0.0009585778190899814,0.0,0.0,0.0,0.0,0.0,0.0,0.0,0.0,0.0,0.0,0.0,0.0,0.0,0.0,0.0,0.0,0.010558879916299795,0.001859060012779964,0.0,0.03707953291119929,0.0,0.0,0.0,0.0004502410968449913,0.0,0.029730436298099423,0.0,0.0,0.0003050020333469941,0.010646023354399793,0.0,0.0,0.0006390518793929876,0.0,0.0,0.0004938128158949905,0.0,0.0,0.0,0.0,0.0,0.0,0.0,0.0,0.0,0.0,0.0,0.00026143031429699495,0.0,0.0008278626619419839,0.0,0.0,0.0,0.0023964445477299536,0.0,0.0,0.0,0.0,0.03405856039039934,0.001917155638179963,0.0,0.0,0.00017428687619799665,0.0
73__73B__RDC__1.0__0H,0.0,0.0,0.0,0.0015192747549997194,0.0069452560228387165,0.0,0.0,0.0,0.0,0.0,0.0,0.0,0.0,0.0,0.011002220478497967,0.0,0.0,0.0,0.0,0.0,0.0,0.04242282585099216,0.0,0.5983438235638894,0.0,0.0,0.0,0.0,0.0,0.0,0.0,0.0,0.0,0.0,0.004307394360319205,0.0,0.0,0.0008180710219208489,0.0,0.0,0.0,0.0,0.0,0.010417884034298077,0.0005008598093389075,0.0,0.0,0.0,0.0,0.0,0.0012354541963697718,0.0,0.030786182947410316,0.0,0.00313872147185942,0.0051421607092190505,0.0,0.0,0.0,0.04634622769089144,0.0,0.0,0.0,0.0,0.0006177270981848859,0.0,0.0,0.0,0.0,0.0,0.0,0.0,0.010935439170597978,0.0,0.0,0.0,0.0,0.008514616758768427,0.0,0.0,0.0,0.0,0.0,0.0,0.0,0.0,0.0,0.0,0.0,0.0,0.0,0.0,0.0,0.0,0.0,0.0,0.0,0.0,0.000601031771206889,0.0,0.01180359617339782,0.0,0.0,0.0,0.0,0.0,0.0,0.0,0.0,0.0,0.0,0.0,0.0,0.0,0.0,0.0,0.0,0.0,0.0,0.0,0.0,0.018014257809196674,0.0010351102726298088,0.0,0.000584336444228892,0.02066881479869618,0.0,0.0,0.0,0.0,0.0,0.0,0.0,0.033307177321093846,0.00931599245370828,0.0,0.0,0.0028382055862594758,0.0,0.0,0.011035611132397961,0.0,0.0,0.0,0.0,0.0,0.0,0.0,0.0,0.0049251214584990904,0.00018364859675796606,0.0,0.0,0.0,0.00025042990466995373,0.0,0.0021370018531796054,0.0,0.07825099754578554,0.0,0.0,0.0,0.0,0.022054526937895925,0.0,0.0,0.0,0.0,0.0
73__73B__RDC__1.0__48H,0.0,0.0,0.0,0.0005939221961917374,0.0013033292638704238,0.0,0.06693173194307041,0.011235028211295033,0.0,0.0,0.0,0.0002474675817468906,0.0007094070676736863,0.0,0.0,0.00902431781436601,0.0,0.0,0.0,0.16507737486392704,0.008149932358856396,0.018246609694091934,0.0,0.09280034315495898,0.0,0.0,0.0,0.0,0.0,0.0012703335862994385,0.0,0.0,0.0,0.0,0.21938826013790302,0.019896393572391206,0.0,0.00402547266307822,0.0,0.0,0.0,0.0,0.0009898703269865625,0.0,0.009601742171775755,0.0,0.057148513544674734,0.0,0.0,0.0,0.0,0.0,0.004866862441017848,0.0,0.023789883525289483,0.0,0.0,0.0,0.00554327383112755,0.0011713465535994822,0.0,0.0,0.0,0.0,0.0004619394859267958,0.0,0.0,0.0,0.0009898703269865625,0.0,0.0,0.0,0.007918962615896499,0.0019632428151891324,0.0,0.0,0.0,0.10408486488295399,0.0,0.0,0.0,0.0,0.0,0.0,0.0,0.0,0.0,0.0,0.0,0.0,0.0,0.0,0.0,0.0,0.00021447190418090518,0.0,0.0,0.0,0.0005939221961917374,0.0,0.0,0.0005279308410597666,0.0,0.06912594450126944,0.0002309697429638979,0.0,0.0,0.0,0.0,0.0,0.0,0.0007589005840226645,0.0,0.0,0.0,0.0,0.0,0.0,0.0,0.0,0.0,0.007770482066846564,0.0007259049064566791,0.0,0.0,0.0002639654205298833,0.0,0.0,0.0,0.0,0.0,0.0,0.0,0.008710858877486148,0.017619691820392212,0.0,0.0,0.0005774243574087447,0.0,0.0,0.0038934899528182787,0.0,0.0,0.0,0.0,0.0,0.0,0.0,0.0,0.001303329263869424,0.0,0.0,0.0,0.0,0.00042894380836081035,0.0,0.0,0.0,0.02694097073278809,0.0,0.0,0.0,0.0,0.02065529415649087,0.0022272082357190155,0.0,0.0,0.0,0.0
73__73B__RDC__2.0__0H,0.0,0.0,0.0,0.0008080543361938483,0.005350630063978995,0.0,0.0,0.0,0.0,0.0,0.0,0.0,0.0,0.0,0.014610495970597256,0.0,0.0,0.0,0.0,0.0,0.0,0.05014304745679058,0.0,0.6100810238268854,0.0,0.0,0.0,0.0,0.0,0.0,0.0,0.0,0.0,0.0,0.007709275153418551,0.0,0.0,0.0005241433532069016,0.0,0.0,0.0,0.0,0.0,0.010788617353497974,0.0003057502893709426,0.0,0.0,0.0,0.0,0.0,0.00041494682128892204,0.0,0.027386490205094854,0.0,0.0022057699447495856,0.004913843936319077,0.0,0.0,0.0,0.03594749830749325,0.0,0.0,0.0,0.0,0.00045862543405591387,0.0,0.0,0.0,0.0,0.0,0.0,0.0,0.016357640481296926,0.0,0.0,0.0,0.0,0.006660988447008748,0.0,0.0,0.0,0.0,0.0,0.0,0.0,0.0,0.0,0.0,0.0,0.0,0.0,0.0,0.0,0.0,0.0,0.0,0.0,0.0,0.00041494682128892204,0.0,0.014435781519597289,0.0,0.0,0.0,0.0,0.0,0.0,0.0,0.0,0.0,0.0,0.0,0.0,0.0,0.0,0.0,0.0,0.0,0.0,0.0,0.0,0.021708270545295925,0.000655179191508877,0.0,0.00041494682128892204,0.01640131909409692,0.0,0.0,0.0,0.0,0.0,0.0,0.0,0.026643953787994994,0.00947825897049822,0.0,0.0,0.0055908624342089494,0.0,0.0,0.015964532966397004,0.0,0.0,0.0,0.0,0.0,0.0,0.0,0.0,0.0038218786171392823,0.00026207167660395077,0.0,0.0,0.0,0.0,0.0,0.001528751446849713,0.0,0.07123981742338663,0.0,0.0,0.0,0.0,0.01677258730259685,0.0,0.0,0.0,0.0,0.0
73__73B__RDC__2.0__48H,0.0,0.0,0.0,0.0002932905474179836,0.0,0.0,0.0,0.0,0.0,0.0,0.0,0.0,0.0,0.0,0.0,0.0,0.0,0.0,0.00018977623656498937,0.0,0.0,0.22902541276298718,0.0,0.01518209892519915,0.0,0.0,0.0,0.0,0.0,0.0,0.0,0.0,0.0,0.0,0.6746717733729622,0.016579542121699074,0.0,0.0,0.0,0.0,0.0,0.0,0.0,0.005520763245519691,0.0018977623656498937,0.0,0.002467091075339862,0.0,0.0,0.0,0.0,0.0,0.0022773148387798723,0.0,0.011921398133299331,0.0,0.0,0.0,0.0,0.0008108621016859547,0.0,0.0,0.0,0.0,0.0003105429325599826,0.0,0.0,0.0,0.0,0.0,0.0,0.0,0.002398081534769866,0.0,0.0,0.0,0.0,0.0,0.0,0.008246640097989538,0.0,0.0,0.0,0.0,0.0,0.0,0.0,0.0,0.0,0.0,0.0,0.0,0.0,0.0,0.0,0.0,0.0,0.0,0.0,0.0,0.0,0.0,0.0,0.0,0.0,0.0,0.0,0.0,0.0,0.0,0.0,0.0,0.0,0.0,0.0,0.0,0.0,0.0,0.0,0.0,0.0,0.008505425875129525,0.0002760381622759846,0.0,0.0,0.0,0.0003277953177029817,0.0,0.0,0.0,0.0,0.0,0.0,0.009178268895669486,0.0012939288856699276,0.0,0.0,0.0009143764125389488,0.0,0.0,0.0043476010558497575,0.0,0.0,0.0,0.0,0.0,0.0,0.0,0.0,0.0004485620136979749,0.0,0.0,0.0,0.0,0.0,0.0,0.0,0.0,0.0026741196970498505,0.0,0.0,0.0,0.0,0.00024153339199098648,0.0,0.0,0.0,0.0,0.0
73__73B__SDC__1.0__0H,0.0,0.0,0.0,0.0012301039997008572,0.005460916241103806,0.0,0.0,0.0,0.0,0.0,0.0,0.0,0.0,0.0,0.011928281209208313,0.0,0.0,0.0,0.0,0.0,0.0,0.04297908823202995,0.0,0.6143623960934281,0.0,0.0,0.0,0.0,0.0,0.0,0.0,0.0,0.0,0.0,0.005013605695753494,0.0,0.0,0.0004100346665672857,0.0,0.0,0.0,0.0,0.0,0.011443694785107974,0.00037275878778825975,0.0,0.0,0.0,0.0,0.0,0.0008387072725245844,0.0,0.029466582174672535,0.0,0.0040257949081128055,0.0040444328475028185,0.0,0.0,0.0,0.044358295746830916,0.0,0.0,0.0,0.0,0.0004286726059572988,0.0,0.0,0.0,0.0,0.0,0.0,0.0,0.012580609087908767,0.0,0.0,0.0,0.0,0.0076042792708853,0.0,0.0,0.0,0.0,0.0,0.0,0.0,0.0,0.0,0.0,0.0,0.0,0.0,0.0,0.0,0.0,0.0,0.0,0.0,0.0,0.0003913967271782728,0.0,0.009337607634106506,0.0,0.0,0.0,0.0,0.0,0.0,0.0,0.0,0.0,0.0,0.0,0.0,0.0,0.0,0.0,0.0,0.0,0.0,0.0,0.0,0.01778059417751239,0.0006896037574094806,0.00024229321206216886,0.0005777761210724027,0.01772468035931235,0.0,0.0,0.0,0.0,0.0,0.0,0.0,0.030100272113920978,0.008126141573795662,0.0,0.0,0.004379915756513053,0.0,0.0,0.011201401573007806,0.0,0.0,0.0,0.0,0.0,0.0,0.0,0.0,0.00486450218064339,0.00020501733328414287,0.0,0.0,0.0,0.0003168449696202208,0.0,0.001751966302611221,0.0,0.07628508592095316,0.0,0.0,0.0,0.0,0.019476646661913573,0.0,0.0,0.0,0.0,0.0
73__73B__SDC__1.0__48H,0.0,0.0,0.0,0.0002015316404679824,0.0005115803181099553,0.0,0.0675441044243941,0.016773633460498535,0.0,0.0,0.0,0.0,0.0004030632809349648,0.0,0.001054165503979908,0.005890924875209485,0.0,0.0,0.0,0.07741915480729324,0.009549499271389168,0.021501875794498124,0.0,0.10586612098099075,0.0,0.0,0.0,0.0,0.0,0.0,0.0,0.0,0.0,0.0,0.2051902148639821,0.0008061265618699296,0.0,0.002805940532659755,0.0,0.0,0.0,0.0,0.0011161752395099026,0.008417821597989266,0.0068675782097794005,0.0,0.04793352556349582,0.0,0.0,0.0,0.0,0.0,0.0025579015905497766,0.0,0.05483210864109521,0.0004960778842279567,0.0,0.0,0.004805754503459581,0.02726878119859762,0.0,0.0,0.0,0.0,0.00041856571481696346,0.0,0.0,0.0,0.001984311536909827,0.0,0.0,0.0,0.013161566365898852,0.0017362725947998483,0.0,0.0,0.0,0.04835209127829578,0.0,0.0,0.0,0.0,0.0,0.0,0.0,0.0,0.0,0.0,0.0,0.0,0.0,0.0,0.0,0.0,0.0,0.0,0.0,0.0,0.0,0.0,0.0,0.0,0.0,0.19054041484498338,0.0,0.0,0.0,0.0,0.0,0.0,0.0,0.0,0.0,0.0,0.0,0.0,0.0,0.0,0.0,0.0,0.0,0.005797910271909494,0.002774935664899758,0.0,0.0,0.0002015316404679824,0.0,0.0,0.0,0.0,0.0,0.0,0.0,0.007735714507179325,0.016525594518298558,0.0,0.0,0.0003720584131709675,0.0,0.0,0.002712925929369763,0.0,0.0,0.0,0.0,0.0,0.0,0.0,0.0,0.0,0.0,0.0,0.0,0.0,0.0,0.0,0.0,0.0,0.02257154373239803,0.0,0.0,0.0,0.0,0.013580132080698816,0.0017207701609198499,0.0,0.0,0.0,0.0
73__73B__SDC__2.0__0H,0.0,0.0,0.0,0.0019281118710792909,0.005073978608098134,0.0,0.0,0.0,0.0,0.0,0.0,0.0,0.0,0.0,0.013699742241894962,0.0,0.0,0.0,0.0,0.0,0.0,0.06782894603317506,0.0,0.617097278317962,0.0,0.0,0.0,0.0,0.0,0.0,0.0,0.0,0.0,0.0,0.008503988147186873,0.0,0.0,0.0005073978608108134,0.0,0.0,0.0,0.0,0.0,0.011568671226495747,0.00034503054535087315,0.0,0.0,0.0,0.0,0.0,0.0005073978608108134,0.0,0.02396947494471019,0.0,0.0026181729617790373,0.003977999228758538,0.0,0.0,0.0,0.03379269752998757,0.0,0.0,0.0,0.0,0.0005276937752428059,0.0,0.0,0.0,0.0,0.0,0.0,0.0,0.01846928213349321,0.0,0.0,0.0,0.0,0.006332325302917671,0.0,0.0,0.0,0.0,0.0,0.0,0.0,0.0,0.0,0.0,0.0,0.0,0.0,0.0,0.0,0.0,0.0,0.0,0.0,0.0,0.0003247346309188806,0.0,0.005926407014267821,0.0,0.0,0.0,0.0,0.0,0.0,0.0,0.0,0.0,0.0,0.0,0.0,0.0,0.0,0.0,0.0,0.0,0.0,0.0,0.0,0.018530169876793186,0.0008524284061616866,0.00028414280205389555,0.0,0.012725538349095322,0.0,0.0,0.0,0.0,0.0,0.0,0.0,0.030890381766188642,0.008118365772967014,0.0,0.0,0.006697651762697538,0.0,0.0,0.01128452842439585,0.0,0.0,0.0,0.0,0.0,0.0,0.0,0.0,0.0038156319132985972,0.00024355097318891044,0.0,0.0,0.0,0.0,0.0,0.0010350916360496194,0.0,0.06630675245067562,0.0,0.0,0.0,0.0,0.016216435631494035,0.0,0.0,0.0,0.0,0.0
73__73B__SDC__2.0__48H,0.0,0.0,0.0,0.0003014545180499102,0.0,0.0,0.0,0.0,0.0,0.0,0.0,0.0,0.0,0.0,0.008918029492297343,0.0,0.0,0.0,0.0,0.0,0.0,0.3003743060269105,0.0,0.0627779033837813,0.0,0.0,0.0,0.0,0.0,0.01966990730269414,0.0,0.0,0.0,0.0,0.38036023814888664,0.0,0.0,0.0,0.0,0.0,0.0,0.0,0.0,0.01439445323689571,0.002009696786999401,0.0,0.006280302459368128,0.0,0.0,0.0,0.0,0.0,0.05365890421278401,0.0,0.06338081241988111,0.0,0.0,0.0,0.0,0.05926093400658234,0.0,0.0,0.0,0.0,0.0003014545180499102,0.0,0.0,0.0,0.0,0.0,0.0,0.0,0.003315999698549012,0.0,0.0,0.0,0.0,0.0,0.0,0.0003516969377248952,0.0,0.0,0.0,0.0,0.0,0.0,0.0,0.0,0.0,0.0,0.0,0.0,0.0,0.0,0.0,0.0,0.0,0.0,0.0,0.0,0.0,0.0,0.0,0.0,0.0,0.0,0.0,0.0,0.0,0.0,0.0,0.0,0.0,0.0,0.0,0.0,0.0,0.0,0.0,0.0,0.0,0.008365362875877507,0.000778757504960768,0.0,0.0,0.0,0.0,0.0,0.0,0.0,0.0,0.0,0.0,0.005325696485538413,0.0029643027608191167,0.0,0.0,0.0011555756525196558,0.0,0.0,0.0038435451051288547,0.0,0.0,0.0,0.0,0.0,0.0,0.0,0.0,0.0,0.0,0.0,0.0,0.0,0.0,0.0,0.0,0.0,0.0017333634787894835,0.0,0.0,0.0,0.0,0.00047730298691185777,0.0,0.0,0.0,0.0,0.0
84__84A__No Added Carb__1.0__48H,0.00037521105621884433,0.0,0.0,0.0,0.00028140829216388323,0.0,0.011115627540495387,0.002735913951598865,0.0,0.0,0.0,0.0012663373147394745,0.0,0.0,0.0009849290225745913,0.001438309048839403,0.0,0.0,0.0,0.16352948533593215,0.007066474892127067,0.02804702645238836,0.0,0.018916890751002148,0.0,0.0,0.0,0.0,0.0,0.0,0.0,0.0,0.0,0.0,0.2284566318549052,0.0022981677193390465,0.0034238008879985795,0.0,0.0,0.0,0.0,0.00146957663685939,0.002876618097678806,0.00026577449815488966,0.016399849915593193,0.0021730973672690985,0.0,0.0,0.0,0.0,0.0,0.022825339253290527,0.012460133825274828,0.0,0.0,0.0006878869364017145,0.0005628165843287664,0.00029704208617287674,0.0037677443561984366,0.0,0.00029704208617287674,0.0,0.0,0.0,0.0,0.0,0.0,0.0,0.00037521105621884433,0.0,0.00925520605340616,0.001313238696769455,0.00045338002626481186,0.0,0.0,0.0,0.0,0.06061221937337485,0.0,0.0,0.0,0.0005315489963097793,0.0,0.0,0.0,0.0,0.0,0.0,0.0,0.0,0.0,0.0,0.0011725345506795133,0.0,0.00045338002626481186,0.0,0.0,0.0,0.0006097179663557469,0.0,0.0,0.0,0.0,0.036348571071184915,0.20302044900291574,0.0,0.006284785191667392,0.0,0.0,0.0,0.00043774623225581834,0.010724782690295549,0.00445563129259815,0.0,0.0,0.0,0.0,0.0,0.0,0.0,0.01006816334189582,0.016634356825693097,0.0004846476142827989,0.0,0.0019073228691092086,0.00020323932211891566,0.0,0.0,0.0,0.0,0.0,0.0,0.0,0.00057845037833776,0.0013757738727994291,0.0042054905884582544,0.0,0.0005002814082917924,0.0,0.007863798386586737,0.005706334813327632,0.0,0.0,0.0,0.0,0.0,0.0,0.0,0.0,0.0020323932211891564,0.0,0.0,0.0,0.0,0.004189856794448261,0.0,0.0011725345506795133,0.0,0.02302857857539044,0.0,0.00035957726220985076,0.0,0.0,0.018541679694792305,0.0009223938465386172,0.0003126758801828702,0.0,0.029844912763387615,0.0
84__84A__RDC__1.0__0H,0.0,0.0,0.0,0.000544653584300708,0.0005286343612327165,0.0,0.0,0.0,0.0,0.0,0.0,0.0,0.0,0.0,0.030740889066883516,0.0,0.0,0.0,0.0,0.0,0.0,0.10830596716094192,0.0,0.4011373648377849,0.0,0.0,0.0,0.0,0.0,0.0,0.0,0.0,0.0,0.0,0.0,0.041073287945477974,0.0,0.01738085702839068,0.0,0.0,0.0,0.0,0.0,0.026768121746085647,0.00017621145374390552,0.0,0.0,0.0,0.0,0.0,0.0006407689227066564,0.00041649979975977666,0.06760112134556374,0.0,0.0018261914297190208,0.0,0.0,0.0,0.0,0.003908690428507904,0.0,0.0,0.0,0.0,0.0004965959150977338,0.0,0.0,0.02977973568278403,0.0,0.0,0.0,0.0,0.0002563075690828626,0.0,0.0,0.0,0.0,0.0214497396875955,0.0,0.0004004805766917853,0.00136163396074927,0.0,0.0,0.0,0.01565078093709161,0.0,0.0,0.0,0.0,0.0,0.0,0.0,0.0,0.0,0.0,0.0,0.0,0.0,0.0,0.0,0.002851421706048471,0.0,0.0,0.0,0.0,0.0,0.0,0.0,0.0,0.0,0.0,0.0,0.0,0.0,0.0,0.0,0.0,0.0,0.0,0.0,0.0,0.006167400881056693,0.007464957949535997,0.0,0.001057268722469433,0.002691229475368557,0.0,0.0,0.005462555066077071,0.0,0.003075690828988351,0.0,0.0,0.01283139767719312,0.02269923908688783,0.0,0.0,0.0,0.0,0.0,0.0,0.0,0.0,0.0,0.0,0.0,0.0,0.0,0.0,0.002931517821388428,0.0003364036844208196,0.0,0.0,0.0,0.01840608730479013,0.0,0.007208650380456134,0.0,0.10128954745694568,0.0,0.0,0.0,0.0,0.03508209851818119,0.0,0.0,0.0,0.0,0.0
84__84A__RDC__1.0__48H,0.00019594543673215047,0.0,0.0,0.0,0.0001808727108301389,0.0,0.009164217348717037,0.002291054337181759,0.0,0.0,0.0,0.002260908885371736,0.0,0.0,0.0013263998794210185,0.0023513452407918052,0.0,0.0001657999849271273,0.0,0.09883186374267589,0.004371090511723356,0.02759816112742119,0.0017484362046913426,0.039716632753080496,0.0,0.0,0.0,0.0,0.0001657999849271273,0.0,0.0,0.0,0.0,0.0,0.23581279674418107,0.005637199487534328,0.002275981611271748,0.004732835933383635,0.0,0.0,0.0,0.0010098726354707754,0.0007988544728316134,0.0014017635089310764,0.013686035119510508,0.0019142361896114697,0.0,0.0,0.0,0.0,0.0,0.049408395508337935,0.013279071520090197,0.0,0.0006179817620024746,0.0004521817770743472,0.0003617454216602778,0.0004672545029773588,0.004265581430403276,0.0002562363403421967,0.0008742181023446712,0.0,0.0,0.0,0.0,0.0,0.0,0.0,0.0007837817469296018,0.0,0.010309744517307916,0.0012811817017109838,0.0005878363101974514,0.0,0.0,0.0,0.0,0.043002486999833014,0.0,0.0,0.0,0.0005878363101974514,0.0,0.0,0.0,0.011560780767208876,0.0,0.0,0.0,0.0,0.0,0.00027130906624520833,0.0007687090210265902,0.0,0.0005727635842944398,0.0,0.0,0.0,0.00031652724395224305,0.0,0.0,0.0,0.0,0.04885070464993751,0.2228050342901711,0.0,0.004250508704503264,0.0,0.0,0.0,0.000497399954782382,0.008305071972276376,0.00670736302660515,0.0004672545029773588,0.0,0.0,0.0,0.0,0.0,0.0,0.004973999547823819,0.016851307559012936,0.00105509081317081,0.0,0.0012962544276109954,0.00024116361444018517,0.0,0.0,0.0,0.0,0.0,0.0003617454216602778,0.0,0.002019745270931551,0.0018539452860014236,0.0023664179666918173,0.0,0.0009646544577597407,0.0,0.0,0.0079433265506161,0.0002562363403421967,0.00034667269575726616,0.0,0.0,0.0,0.0,0.0,0.0,0.0014921998643511458,0.0,0.0,0.0,0.0,0.004657472303873576,0.0,0.0034817996834726737,0.0,0.031652724395224305,0.0,0.0002562363403421967,0.0,0.0,0.01541939859821184,0.0002863817921472199,0.00024116361444018517,0.0,0.012434998869509549,0.0
84__84A__RDC__2.0__0H,0.0,0.0,0.0,0.0004887304507818407,0.0016099356025794753,0.0,0.0075465731370675405,0.0,0.0,0.0,0.0,0.0,0.0,0.0,0.05217916283348299,0.0,0.0,0.0,0.0,0.0,0.0,0.3112781738728985,0.0,0.19747585096629264,0.0,0.0,0.0,0.0,0.0,0.0,0.0,0.0,0.0,0.0,0.005088546458138342,0.0,0.0,0.006554737810487864,0.0,0.0,0.0,0.0,0.0,0.034527368905188746,0.0,0.0,0.0,0.0,0.0,0.0,0.00038810947562087345,0.0,0.05282601195948278,0.0,0.009616490340386865,0.0,0.0,0.0,0.0,0.023746550137992258,0.0,0.0,0.0,0.0,0.0002012419503219344,0.0,0.0,0.0,0.0,0.0,0.0,0.0,0.0038235970561187535,0.0,0.0,0.0,0.0,0.036151678932856215,0.0,0.0,0.00024436522539092036,0.0,0.0,0.0,0.0024292778288892082,0.0,0.0,0.0007043468261267704,0.0,0.0,0.0,0.0,0.0,0.0,0.0,0.0,0.0,0.0,0.0,0.0,0.002889259429619058,0.0,0.0,0.0,0.0,0.0,0.0,0.0,0.0,0.0,0.0,0.0,0.0,0.0,0.0,0.0,0.0,0.0,0.0,0.0,0.0,0.046630634774584796,0.0004024839006438688,0.0,0.0034498620055188754,0.06096193652248013,0.0,0.0,0.0,0.0,0.00251552437901918,0.0,0.0,0.030473781048790068,0.04857118215268417,0.0,0.0,0.005735395584178131,0.0,0.0,0.004053587856488679,0.0,0.0,0.0,0.0,0.0,0.0,0.0,0.0,0.0015236890524395034,0.0004024839006438688,0.0,0.0,0.0,0.011844526218996138,0.0,0.0010780818767196485,0.0,0.020569802207893294,0.0,0.0,0.0,0.0,0.012017019319196083,0.0,0.0,0.0,0.0,0.0
84__84A__RDC__2.0__48H,0.0,0.0034996237904404794,0.0,0.0,0.0,0.0,0.0003674604979960504,0.001329857040370182,0.0,0.0,0.0,0.0,0.0,0.0,0.0007874153528501078,0.00020997742742702875,0.0,0.0,0.0,0.08897793487201218,0.0020822761553102856,0.03364888274510461,0.00022747554637903117,0.05345675339905632,0.0,0.0,0.0,0.0,0.0,0.0,0.0,0.0,0.0,0.0,0.284484417925039,0.02969430786190407,0.0006124341633270839,0.009431486115241292,0.0,0.0,0.0,0.005774379254230791,0.00024497366533103354,0.021382701359602928,0.009973927802761367,0.00022747554637903117,0.0,0.0,0.0,0.0,0.0,0.012896113667801766,0.0226250678052031,0.0,0.013001102381501782,0.0,0.0,0.00026247178428303594,0.003342140719870458,0.00038495861694905274,0.00040245673590105514,0.0,0.0,0.0,0.0,0.0,0.0,0.00033246426009204554,0.00038495861694905274,0.0,0.006754273915550926,0.00020997742742702875,0.001364853278270187,0.0,0.0,0.0,0.0,0.04895973682830671,0.00022747554637903117,0.0,0.0,0.00038495861694905274,0.0,0.0,0.0,0.08218866471851126,0.0,0.0,0.0,0.0,0.0,0.0,0.0,0.0016273250625602228,0.00020997742742702875,0.0,0.0,0.0,0.0,0.0,0.0,0.0,0.0,0.031689093422504346,0.13729024129901882,0.0,0.0035696162662504894,0.0,0.0,0.0,0.0,0.0,0.0,0.00041995485485305753,0.0,0.0,0.0,0.0,0.0,0.0,0.00029746802218804074,0.014785910514602027,0.001014890899230139,0.0,0.002694710318640369,0.0,0.0,0.0,0.0,0.0,0.0,0.0008574078286581174,0.0,0.0006474304012320887,0.005284431923570724,0.001224868326650168,0.00020997742742702875,0.0005074454496140695,0.0,0.0,0.0058968660869008075,0.0,0.0,0.0,0.0,0.0,0.0,0.0,0.0,0.00020997742742702875,0.0,0.0,0.0,0.0,0.00255472536702035,0.0,0.0002799699032350384,0.0,0.044410225900706084,0.0,0.0,0.00033246426009204554,0.0,0.003114665173490427,0.00020997742742702875,0.00033246426009204554,0.0,0.00019247930847402636,0.0
84__84A__SDC__1.0__0H,0.0,0.0,0.0,0.00039752280525600373,0.0009205791279600086,0.0,0.006234831366640059,0.0,0.0,0.0,0.0,0.0,0.0,0.0,0.05249393254670049,0.0,0.0,0.0,0.0,0.0,0.0,0.2980165704240028,0.0,0.23604485731061522,0.0,0.0,0.0,0.0,0.0,0.0,0.0,0.0,0.0,0.0,0.004833040421790046,0.0,0.0,0.006611431918990062,0.0,0.0,0.0,0.0,0.0,0.03657209808350035,0.0,0.0,0.0,0.0,0.0,0.0,0.0005649008285210053,0.0,0.04820487070050046,0.0,0.011256172064600107,0.0,0.0,0.0,0.0,0.026069127123600246,0.0,0.0,0.0,0.0,0.00027198928780700256,0.0,0.0,0.0,0.0,0.0,0.0,0.0,0.0038706167880200363,0.0,0.0,0.0,0.0,0.033057159594931315,0.0,0.0,0.0,0.0,0.0,0.0,0.0024897480960700234,0.0,0.0,0.0006904343459700065,0.0,0.0,0.0,0.0,0.0,0.0,0.0,0.0,0.0,0.0,0.0,0.0,0.002301447819900022,0.0,0.0,0.0,0.0,0.0,0.0,0.0,0.0,0.0,0.0,0.0,0.0,0.0,0.0,0.0,0.0,0.0,0.0,0.0,0.0,0.04322537450830041,0.0016528579797500157,0.0,0.0038496945351100364,0.0528705330990005,0.0,0.0,0.0,0.0,0.0015482467152100146,0.0,0.0,0.027889363126600265,0.04544313331660043,0.0,0.0,0.005669930538120054,0.0,0.0,0.003975228052560037,0.0,0.0,0.0,0.0,0.0,0.0,0.0,0.0,0.000648589840154006,0.00023014478199000216,0.0,0.0,0.0,0.008933801991800085,0.0,0.000836890116328008,0.0,0.021528998242500205,0.0,0.0,0.0,0.0,0.010795882500600103,0.0,0.0,0.0,0.0,0.0
84__84A__SDC__1.0__48H,0.00019440467985103844,0.0,0.0,0.0,0.00021207783256504194,0.0,0.009649541381691908,0.0018026615768003565,0.0,0.0,0.0,0.0012371206899602445,0.0,0.0,0.0004948482759840978,0.0012724669953902514,0.0,0.0,0.0,0.1001007369700198,0.004771751232700944,0.020659915522304083,0.0006539066504071293,0.03009737907147595,0.0,0.0,0.0,0.0,0.0,0.0,0.0,0.0,0.0,0.0,0.25454641853605037,0.003251860099320643,0.0034109184737506743,0.004100171429580811,0.0,0.0,0.0,0.0012724669953902514,0.0008129650248311608,0.003110474877610615,0.011169432515102209,0.0017319689659403424,0.0,0.0,0.0,0.0,0.0,0.0414965625718082,0.01507519926481298,0.0,0.0004595019705570909,0.0,0.0004595019705570909,0.00028277044341905587,0.0034639379318906847,0.001678949507800332,0.0007952918721171572,0.0,0.0,0.0,0.0,0.0,0.0,0.0,0.0003181167488470629,0.0,0.009596521923551898,0.001219447537250241,0.0003711362069880734,0.0,0.0,0.0,0.0,0.0394464768570078,0.0,0.0,0.0,0.0,0.0,0.0,0.0,0.010886662071602153,0.0,0.0,0.0,0.0,0.0,0.0,0.0005478677341251083,0.0,0.0003357899015610664,0.0,0.0,0.0,0.0,0.0,0.0,0.0,0.0,0.09365003623001851,0.19852252443303925,0.0,0.0018380078822303634,0.0,0.0,0.0,0.00042415566512908387,0.009331424632841846,0.004966155912550982,0.0,0.0,0.0,0.0,0.0,0.0,0.0,0.006857183252921356,0.011894031776302352,0.0003711362069880734,0.0,0.0014138522171002795,0.0,0.0,0.0,0.0,0.0,0.0,0.0007069261085491397,0.0,0.0006715798031211328,0.001290140148100255,0.00364066945902072,0.0,0.0003711362069880734,0.0,0.0,0.005142887439691017,0.0,0.0,0.0,0.0,0.0,0.0,0.0,0.0,0.0011487549263902272,0.0,0.0,0.0,0.0,0.002916070197760577,0.0,0.0010250428574002028,0.0,0.04895463301700968,0.0,0.00028277044341905587,0.0,0.0,0.01203541699800238,0.00022975098527804543,0.0006715798031211328,0.0,0.010656911086402108,0.0
84__84A__SDC__2.0__0H,0.0,0.0,0.0,0.00029054824218296206,0.0013856916165698192,0.0,0.005878014438009232,0.0,0.0,0.0,0.0,0.0,0.0,0.0,0.0544442706121929,0.0,0.0,0.0,0.0,0.0,0.0,0.30786938738995984,0.0,0.2022215765596066,0.0,0.0,0.0,0.0,0.0,0.0,0.0,0.0,0.0,0.0,0.0040006257962094775,0.0,0.0,0.00590036430279923,0.0,0.0,0.0,0.0,0.0,0.034463491495895504,0.0,0.0,0.0,0.0,0.0,0.0,0.0006704959434999125,0.0,0.05504771696129281,0.0,0.008828196589408848,0.0,0.0,0.0,0.0,0.022953311132497003,0.0,0.0,0.0,0.0,0.0,0.0,0.0,0.0,0.0,0.0,0.0,0.0,0.0028607826922596264,0.0,0.0,0.0,0.0,0.03730192432339513,0.0,0.0,0.00029054824218296206,0.0,0.0,0.0,0.0018103390474497637,0.0,0.0,0.000826944996982892,0.0,0.0,0.0,0.0,0.0,0.0,0.0,0.0,0.0,0.0,0.0,0.0,0.0025478845852996675,0.0,0.0,0.0,0.0,0.0,0.0,0.0,0.0,0.0,0.0,0.0,0.0,0.0,0.0,0.0,0.0,0.0,0.0,0.0,0.0,0.04192834633349452,0.00031289810696595913,0.0,0.004447623091879419,0.06378651409159167,0.0,0.0,0.0,0.0,0.002212636613549711,0.0,0.0,0.030440515834896025,0.04999664752029347,0.0,0.0,0.00482757079319937,0.0,0.0,0.0034642290414095478,0.0,0.0,0.0,0.0,0.0,0.0,0.0,0.0,0.001340991886999825,0.00042464743088294456,0.0,0.0,0.0,0.012582973872998357,0.0,0.0012739422926498337,0.0,0.01922088371369749,0.0,0.0,0.0,0.0,0.014147464407798153,0.0,0.0,0.0,0.0,0.0
84__84A__SDC__2.0__48H,0.0,0.0,0.0,0.0,0.0,0.0,0.003155850461239142,0.0011328693963396919,0.0,0.0,0.0,0.0005259750768728569,0.0,0.0,0.0,0.0,0.0,0.0,0.0,0.06384528240818264,0.0016993040945095378,0.012886389383396495,0.0,0.04667017316717731,0.0,0.0,0.0,0.0,0.0,0.0,0.0,0.0,0.0,0.0,0.2706141770509264,0.0017195339051595323,0.0007282731833628019,0.0024680368991693287,0.0,0.0,0.0,0.0024275772778793395,0.0007889626153097855,0.008536980093867677,0.007404110697517986,0.0010114905324497248,0.0,0.0,0.0,0.0,0.0,0.02775530021039245,0.018955332578124845,0.0,0.0011935588282896753,0.0,0.0,0.00032367697038391196,0.0024275772778793395,0.012623401844996567,0.0,0.0,0.0,0.0,0.0,0.0,0.0,0.0,0.00030344715973491744,0.0,0.008294222366077743,0.0003439067810329064,0.0,0.0,0.0,0.0,0.0,0.013756271241296258,0.0,0.0,0.0,0.0,0.0,0.0,0.0008496520472567688,0.04385822948698807,0.0,0.0,0.0,0.0,0.0,0.0,0.0,0.00022252791713893948,0.0,0.0,0.0,0.0,0.0,0.0,0.0,0.0,0.0,0.1478799158439598,0.0989237740734731,0.0,0.001416086745429615,0.0,0.0,0.0,0.0,0.0008496520472567688,0.0,0.0,0.0,0.0,0.0,0.0,0.0,0.0,0.00026298753843692846,0.007808706910497876,0.0007080433727138074,0.0,0.0010519501537497138,0.0,0.0,0.0,0.0,0.0,0.0,0.0,0.0,0.0003439067810329064,0.0015374656093195818,0.0023466580352793616,0.0,0.00044505583427687894,0.0,0.0,0.00382343421265896,0.0,0.0,0.0,0.0,0.0,0.0,0.0,0.0,0.0,0.0,0.0,0.0,0.0,0.0018206829584095047,0.0,0.0,0.0,0.16732076387795447,0.0,0.0,0.0,0.0,0.004349409289528817,0.0,0.0025894157630692955,0.0,0.0,0.0
84__84B__No Added Carb__1.0__0H,0.0,0.0,0.0,0.0006041343805000779,0.0,0.0,0.0,0.0,0.0,0.0,0.0,0.0,0.0,0.0,0.03351632476160433,0.0,0.0,0.0,0.0,0.0,0.0,0.08405347902601085,0.0,0.518531165454067,0.0,0.0,0.0,0.0,0.0,0.0,0.0,0.0,0.0,0.0,0.008851882009931143,0.0,0.0,0.0,0.0,0.0,0.0,0.0012870688975901662,0.0,0.03107352052740401,0.008063880644061041,0.0,0.0,0.0,0.0,0.0,0.0023902708098003087,0.0,0.06327650967931617,0.0,0.002889338341520373,0.001681069580520217,0.0,0.0,0.0,0.06477371227440837,0.0,0.0,0.0,0.0,0.0,0.0,0.0,0.0,0.0,0.0,0.0,0.0,0.012660555278301634,0.0,0.0,0.0,0.0,0.002364004097610305,0.0,0.0,0.000945601639043122,0.0,0.0,0.0,0.0,0.0,0.0,0.0,0.0,0.0,0.0,0.0,0.0,0.0,0.0,0.0,0.0,0.0,0.0,0.0,0.00039400068293505083,0.0,0.0,0.0,0.0,0.0,0.0,0.0,0.0,0.0,0.0,0.0,0.0,0.0,0.0,0.0,0.0,0.0,0.00028893383415203727,0.0,0.0,0.01864936565890241,0.0,0.0,0.0,0.0,0.0,0.0,0.0,0.0,0.0,0.0,0.0,0.013369756507601726,0.07643613248930986,0.0,0.0,0.000945601639043122,0.0,0.0,0.007853746946491014,0.0,0.0,0.0,0.0,0.0,0.0,0.0,0.0,0.0018386698536902374,0.0,0.0,0.0,0.0,0.0035722728586104614,0.0,0.0,0.0,0.037114864332404796,0.0,0.0,0.0,0.0,0.002574137795170332,0.0,0.0,0.0,0.0,0.0
84__84B__No Added Carb__1.0__48H,0.0,0.0,0.0,0.0006852351969039599,0.0006247732677659634,0.0,0.013402394292399214,0.0021363214962298745,0.0,0.0,0.0,0.0031037123624498178,0.00026200169293398465,0.0,0.0027207868112398403,0.003909871417629771,0.0,0.0,0.0,0.051029868192997006,0.002458785118299856,0.04744246039739722,0.0,0.04447982586967639,0.0,0.0,0.0,0.187593212140989,0.00030230964569298227,0.0,0.0,0.0,0.0,0.0,0.17003909871399003,0.005784191220929661,0.00715466161473958,0.0,0.0,0.0,0.00034261759845197995,0.007557741142329557,0.010963763150499357,0.00034261759845197995,0.03256882582929809,0.0021564754726098737,0.0,0.0,0.0,0.0,0.0,0.0973235519367943,0.006731428110759606,0.0,0.0,0.0023983231891698594,0.0016324720867399044,0.0028417106695198336,0.006590350276109614,0.0,0.0,0.0013100084646699233,0.0,0.0,0.00034261759845197995,0.0,0.0,0.0,0.0029626345277898266,0.0,0.02543431819099851,0.001551856181219909,0.015760409528799077,0.0006449272441449622,0.0,0.0,0.0,0.03158128098669815,0.0,0.0,0.0,0.0014712402757099136,0.0,0.0,0.0,0.0,0.0,0.0,0.0,0.0,0.0,0.0,0.004655568543669727,0.0,0.00030230964569298227,0.0,0.0,0.0,0.00022169374017498702,0.0,0.007013583780079589,0.013382240315999216,0.0,0.019831512757498837,0.005723729291789664,0.0,0.00221693740174987,0.0016324720867479045,0.0,0.0,0.0,0.011306380748899338,0.0008867749606999481,0.0,0.0,0.0,0.0,0.0,0.0,0.0,0.0,0.024608005159398556,0.0,0.0,0.0,0.0005441573622479681,0.0,0.0,0.0,0.0,0.0,0.0,0.0,0.00026200169293398465,0.0021766294489898724,0.0024789390946798546,0.0,0.001108468700869935,0.0,0.0,0.006872505945419598,0.0,0.00044338748034997405,0.0,0.0,0.0,0.0,0.0,0.0,0.002599862952959848,0.0,0.00048369543310897167,0.0,0.0,0.008787133701479485,0.00032246362207298106,0.006630658228869612,0.0,0.03510822685319794,0.0,0.00032246362207298106,0.0,0.0,0.030613890120498206,0.0010278527953599397,0.00048369543310897167,0.0,0.012314079567899278,0.0
84__84B__RDC__1.0__0H,0.0,0.0,0.0,0.0008852342920089743,0.0,0.0,0.00239996852499993,0.0,0.0,0.0,0.0,0.0,0.0,0.0,0.025652122595099254,0.0,0.0,0.0,0.0,0.0,0.0,0.2792225675729919,0.0,0.3868867293539887,0.0,0.0,0.0,0.0,0.0,0.0,0.0,0.0,0.0,0.0,0.0009835936577879713,0.0,0.0,0.0,0.0,0.0,0.0,0.0,0.0,0.07028760278549796,0.005586811976239838,0.0,0.0,0.0,0.0,0.0,0.0034819215485698985,0.0007475311799189782,0.0034425778022598996,0.0,0.01681945154819951,0.0005114687020499852,0.0,0.0,0.0,0.005508124483609839,0.0,0.0,0.0,0.0,0.0,0.0,0.0,0.12902781602899624,0.0,0.0,0.0,0.0,0.0012196561356599643,0.0,0.0,0.0,0.0,0.007140889955539792,0.0,0.0,0.0,0.0,0.0,0.0,0.0,0.0,0.0,0.00043278120942698745,0.0,0.0,0.0,0.0,0.0,0.0,0.0,0.0,0.0,0.0,0.0,0.0,0.0003147499704919908,0.0,0.0,0.0,0.0,0.0,0.0,0.0,0.0,0.0,0.0,0.0,0.0,0.0,0.0,0.0,0.0,0.0,0.0,0.0,0.0,0.00820317110594976,0.0,0.0,0.002714718495499921,0.0014557186135299577,0.0,0.0,0.0,0.0,0.0,0.0,0.0,0.006491718141399811,0.007455639926029783,0.00037376558995898913,0.0,0.0,0.0,0.0,0.001160640516189966,0.0,0.0,0.0,0.0,0.0,0.0,0.0,0.0,0.0021639060471299373,0.00037376558995898913,0.0,0.0,0.0,0.0,0.0,0.0008065467993859766,0.0,0.021993154188099363,0.0,0.0,0.0,0.0,0.006255655663529818,0.0,0.0,0.0,0.0,0.0
84__84B__RDC__1.0__48H,0.0,0.00237011048073807,0.0,0.0,0.0,0.0,0.005393401015225609,0.0017729172887385564,0.0,0.0,0.0,0.00033592117049872645,0.0,0.0,0.0,0.0007464914899963922,0.0,0.0,0.0,0.059476709465451576,0.00143699611823883,0.032285756942373706,0.0,0.06393699611814595,0.0,0.0,0.0,0.043259181845264776,0.0,0.0,0.0,0.0,0.0,0.0,0.2265974917888155,0.040161242161767294,0.0004852194684976049,0.0044416243654763835,0.0,0.0,0.0,0.004665571812476201,0.0008957897879952706,0.009965661391451885,0.006942370856964347,0.0006531800537464682,0.0,0.00020528515974883285,0.0,0.0,0.0,0.2954426694537594,0.0048335323977250644,0.0,0.011869214690990336,0.001138399522249073,0.0,0.0003732457449986961,0.0016796058524886325,0.001530307554488754,0.0,0.0,0.0,0.0,0.0,0.0,0.0,0.0006531800537464682,0.0016796058524886325,0.0,0.0005785309047475289,0.0,0.0023514481934880853,0.0,0.0,0.0,0.0,0.010824126604991186,0.0,0.0,0.0,0.0,0.0,0.0,0.0,0.05604284861145437,0.0,0.0,0.0,0.0,0.0,0.0,0.0,0.0,0.0,0.0,0.0,0.0,0.0,0.0,0.0,0.0,0.0,0.0287399223648766,0.0,0.0,0.002015527022988359,0.0,0.0,0.0,0.0,0.0,0.0002612720214987873,0.0,0.0,0.0,0.0,0.0,0.0,0.0,0.0,0.01041355628549152,0.005934607345475168,0.0,0.0004292326067476505,0.0,0.0,0.0,0.0,0.0,0.0,0.0022394744699881764,0.0,0.0,0.0011757240967490425,0.0019782024484883893,0.0,0.0004478948939976353,0.0,0.0,0.0034898477157371587,0.0,0.0,0.0,0.0,0.0,0.0,0.0,0.0,0.0009331143624952402,0.0,0.00022394744699881766,0.0,0.0,0.0036204837264870522,0.0,0.00022394744699881766,0.0,0.04072111077926684,0.0,0.0,0.00024260973424880246,0.0,0.001623618990738678,0.0,0.0002612720214987873,0.0,0.0,0.0
84__84B__RDC__2.0__0H,0.0,0.0,0.0,0.00019525529629990844,0.0,0.0,0.0001673616825429215,0.0,0.0,0.0,0.0,0.0,0.0,0.0,0.024741635402588398,0.0,0.0,0.0,0.0,0.0,0.0,0.06280247137417055,0.0,0.6438961799696981,0.0,0.0,0.0,0.0,0.0,0.0,0.0,0.0,0.0,0.0,0.004769807952467763,0.0,0.0,0.0,0.0,0.0,0.0,0.00032077655820684955,0.0,0.033848900294284126,0.003040403899528574,0.0,0.0,0.0,0.0,0.0,0.0009762764814995422,0.0,0.048548834744305235,0.0,0.0018967657354791105,0.0006554999232926927,0.0,0.0,0.0,0.05833949317297264,0.0,0.0,0.0,0.0,0.0,0.0,0.0,0.0,0.0,0.0,0.0,0.0,0.0066107864604369,0.0,0.0,0.0,0.0,0.0022035954868089664,0.0,0.0,0.0005299786613847515,0.0,0.0,0.0,0.0,0.0,0.0,0.0,0.0,0.0,0.0,0.0,0.0,0.0,0.0,0.0,0.0,0.0,0.0,0.0,0.0,0.0,0.0,0.0,0.0,0.0,0.0,0.0,0.0,0.0,0.0,0.0,0.0,0.0,0.0,0.0,0.0,0.0,0.0,0.0,0.0,0.008912009595395821,0.0,0.0,0.0,0.0,0.0,0.0,0.0,0.0,0.0,0.0,0.0,0.005243999386337541,0.05548039776287398,0.0,0.0,0.0007531275714426468,0.0,0.0,0.0023151699418389143,0.0,0.0,0.0,0.0,0.0,0.0,0.0,0.0,0.0011017977434094833,0.0,0.0,0.0,0.0,0.0012970530397093919,0.0,0.0,0.0,0.030013528402685924,0.0,0.0,0.0,0.0,0.001338893460339372,0.0,0.0,0.0,0.0,0.0
84__84B__RDC__2.0__48H,0.00028119659968411475,0.0,0.0,0.00024875083818210153,0.0002595660920161059,0.0,0.010490796219004282,0.0030499015811912447,0.0,0.0,0.0,0.0045640371179518635,0.00020548982284608386,0.0,0.0006380999762062604,0.0045315913564518496,0.0,0.0004109796456921677,0.0,0.06400467218972612,0.002822781250681152,0.028357595552811574,0.0,0.050096255759150436,0.0,0.0,0.0,0.15051588760806142,0.00020548982284608386,0.0,0.0,0.0,0.0,0.0,0.11614501092304741,0.004791157448471955,0.004520776102621845,0.006813609915422781,0.0,0.0,0.00014059829984205738,0.007516601414643068,0.006986653976772851,0.006207955700722533,0.020570612792308395,0.0031256083580312754,0.0,0.0,0.0,0.0,0.0,0.1774675001620724,0.0041638727261016995,0.00018385931517807502,0.0006921762453762825,0.001643918582770671,0.0010598948757304326,0.0037637083342315363,0.0080898098678433,0.0003028271073521236,0.0001622288075100662,0.0005191321840322118,0.0,0.0,0.00027038134585011036,0.0,0.0,0.0031796846272012977,0.0036122947805614742,0.0,0.017109731565406985,0.002346910081980958,0.056726006359423146,0.0006813609915422781,0.0,0.0,0.0,0.034100495338613916,0.00011896779217404855,0.0,0.0001622288075100662,0.000573208453202234,0.0,0.0,0.0,0.0011139711449004548,0.0,0.0,0.0,0.0,0.0,0.0,0.0014492440137605915,0.0,0.0004866864225301986,0.0,0.0,0.0,0.00036771863035615004,0.0,0.0007462525145473046,0.0,0.0,0.028671237914011702,0.0003028271073521236,0.0,0.002108974497630861,0.0011572321602394723,0.0,0.0,0.0,0.005450887932342225,0.0,0.0,0.0,0.0,0.0,0.0,0.0,0.0,0.0,0.015692933313106405,0.0004109796456921677,0.0,0.0005948389608702427,0.00024875083818210153,0.0,0.0,0.0,0.0,0.0,0.0,0.0,0.00036771863035615004,0.0016871795981106884,0.0028660422660111698,0.0,0.010653025026504347,0.0,0.0,0.006056542147042472,0.0,0.0005299474378662163,0.0,0.0,0.0,0.0,0.0,0.0,0.0022603880513109224,0.0,0.00029201185351811914,0.00014059829984205738,0.0,0.006305292985232573,0.00012978304600805296,0.0018061473902807371,0.0,0.04819277108431967,0.0,0.00014059829984205738,0.0,0.0,0.035236096991214376,0.0011896779217404855,0.00014059829984205738,0.0,0.00877117085938358,0.0
84__84B__SDC__1.0__0H,0.0,0.0,0.0,0.0004856901296967722,0.0,0.0,0.00023385080318789032,0.0,0.0,0.0,0.0,0.0,0.0,0.0,0.03354859599578427,0.0,0.0,0.0,0.0,0.0,0.0,0.0889352593045583,0.0,0.5327301181847502,0.0,0.0,0.0,0.0,0.0,0.0,0.0,0.0,0.0,0.0,0.006349948732707022,0.0,0.0,0.0,0.0,0.0,0.0,0.0006835638862406794,0.0,0.02977100609808604,0.006349948732707022,0.0,0.0,0.0,0.0,0.0,0.001816840855529148,0.0,0.062060405461270896,0.0,0.0022845424619089287,0.001241208109229418,0.0,0.0,0.0,0.06412908564336993,0.0,0.0,0.0,0.0,0.0,0.0,0.0,0.0,0.0,0.0,0.0,0.0,0.010055584537095284,0.0,0.0,0.0,0.0,0.003381842384558414,0.0,0.0,0.0007195409328846626,0.0,0.0,0.0,0.0,0.0,0.0,0.0,0.0,0.0,0.0,0.0,0.0,0.0,0.0,0.0,0.0,0.0,0.0,0.0,0.0006475868395956964,0.0,0.0,0.0,0.0,0.0,0.0,0.0,0.0,0.0,0.0,0.0,0.0,0.0,0.0,0.0,0.0,0.0,0.000287816373153865,0.0,0.0,0.01228616142899424,0.0003237934197978482,0.0,0.0,0.0,0.0,0.0,0.0,0.0,0.0,0.0,0.0,0.011296792646294702,0.08069651562296215,0.0,0.0,0.001115288445969477,0.0,0.0,0.004479142307207899,0.0,0.0,0.0,0.0,0.0,0.0,0.0,0.0,0.0017628752855691732,0.0,0.0,0.0,0.0,0.002482416218448836,0.0,0.0,0.0,0.03800974977958217,0.0,0.0,0.0,0.0,0.0018348293788591397,0.0,0.0,0.0,0.0,0.0
84__84B__SDC__1.0__48H,0.00017485574401101663,0.00017485574401101663,0.0,0.0005086712553050484,0.0006676310225880635,0.0,0.01567343305410149,0.0020664769746801966,0.0,0.0,0.0,0.003878618321700369,0.0003656074647510348,0.0,0.0037991384380603615,0.004737001065030451,0.0,0.0006040471156750574,0.0,0.04961134336900472,0.0015578057193701483,0.04474717449010426,0.0,0.03740323324166556,0.0,0.0,0.0,0.1639034160450156,0.0003020235578380287,0.0,0.0,0.0,0.0,0.0,0.18881241157901796,0.006231222877490593,0.006755790109520643,0.0,0.0,0.0,0.0,0.008456659619450805,0.011651750941801108,0.00044508734839204236,0.029677788551702822,0.0018280373237501738,0.0,0.0,0.0,0.0,0.0,0.06798709246690647,0.006533246435320622,0.00023843965092402268,0.0,0.0023208126023302206,0.0020346850212201936,0.002447980416160233,0.005054920599600481,0.0014624298590001391,0.0,0.0014147419288201347,0.0,0.0,0.0005563591854900529,0.0,0.0,0.0,0.0028612758110902726,0.0,0.023192230046602206,0.0026228361601702494,0.03511421259280334,0.0009537586036970908,0.0,0.0,0.0,0.029677788551702822,0.0,0.0,0.0,0.0008583827433280817,0.0,0.0,0.0,0.0014624298590001391,0.0,0.0,0.0,0.0,0.0,0.0,0.00503902462287048,0.0,0.00022254367419602118,0.0,0.0,0.0,0.000588151138947056,0.0,0.005468215994530521,0.01794655772620171,0.0,0.02406650876660229,0.0,0.0,0.002543356276530242,0.0014783258357301409,0.0,0.0,0.0,0.013050596893901242,0.0006040471156750574,0.0,0.0,0.0,0.0,0.0,0.0,0.0,0.0,0.018979796213601807,0.00046098332512004383,0.0,0.0002702316043810257,0.00042919137166404084,0.0,0.0,0.0,0.0,0.0,0.0,0.0,0.00019075172073901815,0.0020664769746801966,0.0036401786707803466,0.0,0.028406110413502703,0.0,0.0,0.006644518272430632,0.0,0.0007789028596860741,0.0,0.0,0.0,0.0,0.0,0.0,0.003703762577690353,0.0,0.00046098332512004383,0.00020664769746801966,0.0,0.0077095487132207334,0.00046098332512004383,0.005277464273790502,0.0,0.03333386319920317,0.0,0.00017485574401101663,0.0,0.0,0.030202355783802873,0.0014942218124601424,0.0004132953949360393,0.0,0.012859845173201222,0.0
84__84B__SDC__2.0__0H,0.0,0.0,0.0,0.0008625700838185706,0.0,0.0,0.00022501828273488797,0.0,0.0,0.0,0.0,0.0,0.0,0.0,0.034277785069982934,0.0,0.0,0.0,0.0,0.0,0.0,0.088357179020756,0.0,0.510191453055746,0.0,0.0,0.0,0.0,0.0,0.0,0.0,0.0,0.0,0.0,0.007894391419296069,0.0,0.0,0.0,0.0,0.0,0.0,0.0015751279791492159,0.0,0.0307337471169847,0.00735059723602634,0.0,0.0,0.0,0.0,0.0,0.0027564739635086277,0.0,0.06544281722886741,0.0,0.0024376980629687867,0.0014063642670992997,0.0,0.0,0.0,0.06861182471076585,0.0,0.0,0.0,0.0,0.0,0.0,0.0,0.0,0.0,0.0,0.0,0.0,0.0104445986235948,0.0,0.0,0.0,0.0,0.0031502559582984317,0.0,0.0,0.00056254570683872,0.0,0.0,0.0,0.0,0.0,0.0,0.0,0.0,0.0,0.0,0.0,0.0,0.0,0.0,0.0,0.0,0.0,0.0,0.0,0.00046878808903176664,0.0,0.0,0.0,0.0,0.0,0.0,0.0,0.0,0.0,0.0,0.0,0.0,0.0,0.0,0.0,0.0,0.0,0.0,0.0,0.0,0.013951133529593054,0.00030002437698085064,0.0,0.0,0.0,0.0,0.0,0.0,0.0,0.0,0.0,0.0,0.01492621275479257,0.0805565452192599,0.0,0.0,0.0009000731309415519,0.0,0.0,0.006019239063167003,0.0,0.0,0.0,0.0,0.0,0.0,0.0,0.0,0.002100170638858954,0.0,0.0,0.0,0.0,0.003244013576098385,0.0,0.0,0.0,0.038909411389680626,0.0,0.0,0.0,0.0,0.002343940445158833,0.0,0.0,0.0,0.0,0.0
84__84B__SDC__2.0__48H,0.0,0.001651239592539584,0.0,0.0,0.0,0.0,0.0,0.001186101679149701,0.0,0.0,0.0,0.0,0.0,0.0,0.0,0.0,0.0,0.0,0.0,0.03155960742359205,0.00034885343504291206,0.028443183403892833,0.0,0.06484022512673167,0.0,0.0,0.0,0.03600167449649092,0.0,0.0,0.0,0.0,0.0,0.0,0.31671240522792016,0.02483836457509374,0.0,0.0005349086003998652,0.0,0.0,0.0,0.004488580864228869,0.001186101679149701,0.004581608446898845,0.004837434299268781,0.0002790827480349297,0.0,0.0,0.0,0.0,0.0,0.2431973580169387,0.021559142285694565,0.0,0.0031396809153892086,0.00034885343504291206,0.0,0.0,0.0002558258523649355,0.024931392157793716,0.0,0.0,0.0,0.0,0.0,0.0,0.0,0.0,0.0007907344527648008,0.0,0.0,0.0,0.0006511930787478358,0.0,0.0,0.0,0.0,0.004349039490208904,0.0,0.0,0.0,0.0,0.0,0.0,0.0,0.0321642867109919,0.0,0.0,0.0,0.0,0.0,0.0,0.0,0.0,0.0,0.0,0.0,0.0,0.0,0.0,0.0,0.0,0.0,0.06332852690818404,0.0,0.0,0.0005814223917388534,0.0,0.0,0.0,0.0,0.0,0.0,0.0,0.0,0.0,0.0,0.0,0.0,0.0,0.0,0.007302665240238159,0.003953672263829003,0.0,0.0,0.0,0.0,0.0,0.0,0.0,0.0,0.0,0.0,0.0,0.0,0.0010930740964697247,0.0,0.0004186241220518945,0.0,0.0,0.0033955067677591444,0.0,0.0,0.0,0.0,0.0,0.0,0.0,0.0,0.0,0.0,0.0,0.0,0.0,0.0018605516535695312,0.0,0.0002558258523649355,0.0,0.06381692171728391,0.0,0.0,0.0005349086003998652,0.0,0.0005814223917388534,0.0,0.0,0.0,0.0,0.0
92__92A__No Added Carb__1.0__0H,0.0,0.0,0.17127596022087177,0.0,0.00233685912077825,0.0,0.0,0.0,0.0,0.0,0.0,0.0005271110798746053,0.0,0.0,0.017359524897187003,0.0,0.0,0.00022841480127882896,0.0,0.0,0.0,0.13942088062689562,0.0,0.08379309133072725,0.0,0.0,0.0,0.0,0.0,0.0,0.0,0.0,0.0,0.0,0.008170221738053884,0.014636117651189042,0.0,0.000562251818532579,0.0,0.0,0.0,0.0,0.0,0.010735495660091961,0.002512562814069119,0.0,0.0,0.013968443616689542,0.0,0.0,0.0,0.375285518501719,0.03051973152469815,0.0,0.0,0.0003162666479247632,0.0,0.0,0.0,0.0,0.0,0.0,0.0,0.0,0.0002635555399368027,0.0,0.0,0.0,0.0,0.0,0.0,0.0,0.001563762870298829,0.0,0.0,0.0,0.0,0.007520118072874369,0.0,0.0,0.00043925923322867113,0.0,0.0,0.0035843553431473166,0.0006149629265205396,0.0,0.0,0.0,0.0,0.0,0.0,0.0,0.0,0.0,0.0,0.0,0.0,0.0,0.0004216888638996843,0.0,0.0,0.0,0.0,0.0,0.0,0.0,0.0,0.00033383701725375005,0.0,0.0,0.0002986962785957763,0.0,0.0,0.0,0.0,0.0,0.0,0.0,0.0,0.0,0.0,0.05012826369606247,0.0,0.0,0.0,0.005692799662645738,0.0,0.0,0.0,0.0,0.0,0.0,0.0,0.0006852444038364869,0.0,0.0004743999718866448,0.0,0.0017570369329186844,0.0,0.0,0.014284710264589304,0.0,0.0008082369891413948,0.0,0.0,0.0,0.0,0.0,0.0,0.0055522367080158425,0.0,0.0,0.0,0.0,0.01676213233998745,0.0,0.0023895702287682107,0.0,0.009997540148282514,0.0,0.0,0.0,0.0,0.004410162701616698,0.0,0.0,0.0,0.0003689777559117237,0.0
92__92A__No Added Carb__1.0__48H,0.00016723170713193585,0.0,0.0,0.00024324611946390667,0.0011554190674595568,0.0,0.008680845888376669,0.009608221718836314,0.0,0.0,0.0,0.0,0.00022804323699791252,0.0,0.007038934581997299,0.003299025495228734,0.0,0.0,0.0,0.041929549842683905,0.009821062073366232,0.20650075254292075,0.0,0.05035194672904268,0.0,0.0,0.0019459689557092534,0.0,0.000273651884396895,0.0,0.0,0.0,0.0,0.0,0.023655685117890925,0.003998358088688466,0.00018243458959792998,0.016799185125493554,0.0,0.0,0.0,0.0,0.0006537239460597492,0.014138680693894576,0.017893792663093135,0.0,0.0591544156771773,0.0,0.0,0.0,0.0,0.08931693449076573,0.011265335907695677,0.0,0.020645514389492078,0.0,0.0,0.0,0.009060917950036523,0.0016115055414493815,0.0,0.0,0.0,0.0,0.0006233181811267608,0.0,0.0,0.0,0.0,0.0,0.0013834623044494691,0.0,0.056995606366978126,0.0016267084239193759,0.0,0.0,0.0,0.03735348222018567,0.0,0.0,0.00016723170713193585,0.0,0.0,0.0,0.0,0.0,0.0,0.0,0.0,0.0,0.0,0.0,0.0,0.0004408835915288308,0.0006841297109927376,0.0,0.0,0.0,0.002386852547239084,0.0,0.0,0.0,0.0,0.035878802620986236,0.0,0.0,0.0008361585356576792,0.0,0.0,0.00047128935646181916,0.0,0.0,0.0,0.0,0.0,0.0,0.0,0.0,0.0,0.0,0.0,0.033719993310687056,0.0008513614181246734,0.0,0.0006993325934597317,0.03762713410458556,0.0,0.0,0.0,0.0,0.0033446341426287165,0.0,0.0,0.02237864299069141,0.09544369612476337,0.0,0.0,0.0010642017726595918,0.0,0.0,0.003116590905638804,0.0,0.0,0.0,0.0,0.0,0.0,0.0,0.0,0.00273651884396895,0.0,0.0,0.0,0.0,0.005822703984677766,0.0,0.0003192605317968775,0.0,0.013591376925094786,0.0,0.0,0.0,0.0,0.030512185110288293,0.00030405764932988337,0.0,0.0,0.0,0.0
92__92A__RDC__1.0__0H,0.0,0.0,0.0,0.0005555799230960055,0.00200301182800202,0.0,0.00019006681579600187,0.0,0.0,0.0,0.0,0.0,0.0,0.0,0.02625846162840026,0.0,0.0,0.0,0.0,0.0,0.0,0.017588490723300175,0.0,0.31018904337922304,0.0,0.0,0.0,0.0,0.0,0.0,0.0,0.0,0.0,0.0,0.001929909206540019,0.05783879409920057,0.0,0.018451101656500185,0.0,0.0,0.0,0.00020468734008800203,0.0,0.030820065207500306,0.00039475415588400393,0.0,0.0,0.0,0.0,0.0,0.0,0.0,0.05640598271849656,0.0,0.0003508925830080035,0.0,0.0,0.0,0.0,0.032910800181300326,0.0,0.0,0.0,0.0,0.0,0.0,0.0,0.0,0.0,0.0,0.0,0.0,0.001739842390750017,0.0,0.0,0.0,0.0,0.03405120107610033,0.0,0.0009503340789800094,0.0003216515344240032,0.0,0.0,0.0,0.0004970978259280049,0.0,0.0,0.0,0.0,0.0,0.0,0.0,0.0,0.0,0.0,0.0,0.0,0.0,0.0,0.0,0.000599441495972006,0.0,0.0,0.0,0.0,0.0,0.0,0.0,0.0,0.0,0.0,0.0,0.0,0.0,0.0,0.0,0.0,0.0,0.0,0.0,0.0,0.29957454274300294,0.0023977659838900238,0.0,0.0027486585669000275,0.0,0.0,0.0,0.0,0.0,0.0,0.0,0.0,0.023436700440100232,0.0076757752533000755,0.0,0.0,0.0,0.0,0.0,0.0002339283886720023,0.0,0.0,0.0,0.0,0.0,0.0,0.0,0.0,0.00021930786438000216,0.00039475415588400393,0.0,0.0,0.0,0.0055850402795400555,0.0,0.001213503516240012,0.0,0.0505577730017005,0.0,0.0,0.0,0.0,0.011711039957900116,0.0,0.0,0.0,0.0,0.0
92__92A__RDC__1.0__48H,0.0,0.0,0.0,0.0001663717349549491,0.0018149643813194446,0.0,0.0048852791263985056,0.0047945309073285335,0.0,0.0,0.0,0.0,0.0,0.0,0.012644251856596131,0.0013309738796395928,0.014928082036395432,0.0,0.0,0.031610629641390324,0.005565890769388297,0.24689565467292446,0.0,0.0712373519669192,0.0,0.0,0.0009982304097276944,0.0,0.0,0.0,0.0,0.0,0.0,0.0,0.05264909176158389,0.001996460819459389,0.0,0.0017998396781494493,0.0,0.0,0.0,0.0,0.0002268705476659306,0.006427998850518033,0.010783913365696701,0.0,0.005913758942478191,0.0,0.0,0.0,0.0,0.17670190722494594,0.011751894369096403,0.0,0.013839103407595766,0.0,0.0,0.0,0.0038416746071388247,0.0007864845652397593,0.0,0.0,0.0,0.0,0.0005898634239298195,0.0,0.0,0.0,0.0,0.0,0.0004839905016858519,0.0,0.052996959934683785,0.0008621080811287362,0.0,0.0,0.0,0.010874661584796674,0.0,0.0,0.00018149643813194447,0.0,0.0,0.0,0.0,0.0,0.0,0.0,0.0,0.0,0.0,0.0,0.0,0.01222076016759626,0.0007411104557067732,0.0,0.0,0.0,0.0015124703177695372,0.0,0.0,0.0,0.0,0.02605986357519203,0.0,0.0,0.0007259857525297778,0.0,0.0,0.0,0.0,0.00045374109533086117,0.0,0.0,0.0,0.0,0.0,0.0,0.0,0.0,0.0,0.03375833749258967,0.001376347989169579,0.0,0.00042349168897587046,0.007002737571277858,0.0,0.0,0.0,0.0,0.008000967980997552,0.0,0.0,0.020009982304093878,0.06362962626858053,0.0,0.0,0.0015275950209495326,0.0,0.0,0.0033879335117989635,0.0,0.0,0.0,0.0,0.0,0.0,0.0,0.0,0.004144168670688732,0.0,0.0,0.0,0.0,0.0052633967058383895,0.0,0.0012402256605696205,0.0,0.015230576099895341,0.0,0.0,0.0,0.0,0.04354402044858668,0.0001663717349549491,0.0,0.0,0.0,0.0
92__92A__RDC__2.0__0H,0.0,0.0,0.16810644041697834,0.00034708831469295524,0.003586579251829537,0.0,0.0,0.0,0.0,0.0,0.0,0.00021210952564597262,0.0,0.0,0.017258002313897774,0.0,0.0,0.0,0.0,0.0,0.0,0.139587350558982,0.0,0.0820671037408094,0.0,0.0,0.0,0.0,0.0,0.0,0.0,0.0,0.0,0.0,0.006247589664479194,0.015329733898998022,0.0,0.0006170458927879204,0.0,0.0,0.0,0.0,0.0,0.009969147705358715,0.0025453143077546715,0.0,0.0,0.011087543385998568,0.0,0.0,0.0,0.395622830697949,0.02992672580018114,0.0,0.0,0.00032780563054395773,0.0,0.0,0.0,0.0,0.0,0.0,0.0,0.0,0.00046278441959094033,0.0,0.0,0.0,0.0,0.0,0.0,0.0,0.0011569610489798507,0.0,0.0,0.0,0.0,0.008002313922098967,0.0,0.0,0.0003085229463939602,0.0,0.0,0.003528731199379545,0.0,0.0,0.0,0.0,0.0,0.0,0.0,0.0,0.0,0.0,0.0,0.0,0.0,0.0,0.00042421905129194523,0.0,0.0,0.0,0.0,0.0,0.0,0.0,0.0,0.0005206324720399329,0.0,0.0,0.0002699575780949652,0.0,0.0,0.0,0.0,0.0,0.0,0.0,0.0,0.0,0.0,0.04355958349399438,0.0,0.0,0.0,0.0056112610875392755,0.0,0.0,0.0,0.0,0.0,0.0,0.0,0.0005399151561899304,0.0,0.00042421905129194523,0.0,0.0017740069417697712,0.0,0.0,0.010605476282298631,0.0,0.0012340917855798409,0.0,0.0,0.0,0.0,0.0,0.0,0.004974932510609358,0.0,0.0,0.0,0.0,0.016062475896597928,0.0,0.0023332047821096992,0.0,0.010759737755498612,0.0,0.0,0.0,0.0,0.004280755881219448,0.0,0.0,0.0,0.00032780563054395773,0.0
92__92A__RDC__2.0__48H,0.0,0.0,0.0,0.00030504855356115415,0.00030504855356115415,0.0,0.0025674919924812975,0.0,0.0,0.0,0.0,0.0,0.0,0.0,0.00033046926635816703,0.0,0.0,0.0,0.0,0.00027962784076514133,0.0,0.562001118511284,0.0,0.06001830291319533,0.0,0.0,0.0,0.0,0.0,0.0,0.0,0.0,0.0,0.0,0.018252071788109225,0.01026996796990519,0.0,0.0019828155981510024,0.0,0.0,0.0,0.0,0.0,0.020870405206210547,0.0004829935431392441,0.0,0.01705729828660862,0.0,0.0,0.0,0.0,0.030606538207315466,0.0064822817631832765,0.0,0.03574152219231806,0.0,0.0,0.0,0.0,0.0015506634806007836,0.0,0.0,0.0,0.0,0.00033046926635816703,0.0,0.0,0.0,0.0,0.0,0.0,0.0,0.00714322029590361,0.0,0.0,0.0,0.0,0.004728252580202389,0.0,0.06398393410953233,0.0,0.0,0.0,0.0,0.0,0.0,0.0,0.0,0.0,0.0,0.0,0.0,0.0,0.0,0.0,0.0,0.0,0.0,0.0005592556815292827,0.0,0.0,0.0,0.0,0.0,0.0,0.0,0.0,0.0,0.0,0.0,0.0,0.0,0.0,0.0,0.0,0.0,0.0,0.0,0.0,0.0,0.0,0.06238242920333152,0.00027962784076514133,0.0,0.00030504855356115415,0.007346585998273713,0.0,0.0,0.0,0.0,0.0035588997915517984,0.0,0.0,0.012608673547206371,0.0526462962021266,0.0,0.0,0.0013981392038207067,0.0,0.0,0.004626569729022339,0.0,0.0,0.0,0.0,0.0,0.0,0.0,0.0,0.00033046926635816703,0.0,0.0,0.0,0.0,0.0024403884284912333,0.0,0.00027962784076514133,0.0,0.0032284305251916315,0.0,0.0,0.0,0.0,0.002720016269261375,0.0,0.0,0.0,0.0,0.0
92__92A__SDC__1.0__0H,0.0,0.0,0.18084432178297294,0.0,0.0025554533374196175,0.0,0.0,0.0,0.0,0.0,0.0,0.0,0.0,0.0,0.017315751814397408,0.0,0.0,0.0,0.0,0.0,0.0,0.1275477869769809,0.0,0.08199938669113774,0.0,0.0,0.0,0.0,0.0,0.0,0.0,0.0,0.0,0.0,0.006725953184088993,0.013165695594398029,0.0,0.0003066544004909541,0.0,0.0,0.0,0.0,0.0,0.009363181028308598,0.0018399264029397245,0.0,0.0,0.01343146274149799,0.0,0.0,0.0,0.4002248798939401,0.02919349892666663,0.0,0.0,0.0003679852805889449,0.0,0.0,0.0,0.0,0.0,0.0,0.0,0.0,0.0,0.0,0.0,0.0,0.0,0.0,0.0,0.0,0.0014719411223597797,0.0,0.0,0.0,0.0,0.007380149238468896,0.0,0.0,0.00032709802718995103,0.0,0.0,0.003884289072879419,0.0,0.0,0.0,0.0,0.0,0.0,0.0,0.0,0.0,0.0,0.0,0.0,0.0,0.0,0.0006133088009809081,0.0,0.0,0.0,0.0,0.0,0.0,0.0,0.0,0.000347541653888948,0.0,0.0,0.0002453235203929633,0.0,0.00028621077379095716,0.0,0.0,0.0,0.0,0.0,0.0002453235203929633,0.0,0.0,0.046570581621193034,0.0,0.0,0.0,0.004804252274349281,0.0,0.0,0.0,0.0,0.0,0.0,0.0,0.0006541960543799021,0.0,0.000347541653888948,0.0,0.0022283553102296666,0.0,0.0,0.012061739752598194,0.0,0.0010630685883698408,0.0,0.0,0.0,0.0,0.0,0.0,0.0042522743534693635,0.0,0.0,0.0,0.0,0.013574568128397968,0.0,0.0022487989369296634,0.0,0.008545435960338722,0.0,0.0,0.0,0.0,0.00374118368598944,0.0,0.0,0.0,0.00022487989369296632,0.0
92__92A__SDC__1.0__48H,0.0,0.0,0.0,0.0,0.0008016797098677506,0.0,0.021339950372193363,0.004027486161478747,0.0,0.0,0.0,0.0,0.0,0.0,0.004600114525668569,0.0009734682191256972,0.014124832983395607,0.0,0.0,0.027963351784691302,0.0016033594197395014,0.32578736400089864,0.0,0.0768276388623461,0.0,0.0,0.0008589425462867328,0.0,0.0,0.0,0.0,0.0,0.0,0.0,0.007978621874397518,0.0012216071769396198,0.0,0.0010498186676796734,0.0,0.0,0.0,0.0,0.0,0.006757014697457898,0.007062416491697803,0.0,0.05508684863518286,0.0,0.0,0.0,0.0,0.08891009734677234,0.01005917159759687,0.0,0.01549914105749518,0.0,0.0,0.0,0.0028822294330991035,0.028402366863891162,0.0,0.0,0.0,0.0,0.00047719030349285157,0.0,0.0,0.0,0.0,0.0,0.0,0.0,0.023229623973992773,0.00061080358847081,0.0,0.0,0.0,0.011509830120296419,0.0,0.0,0.0,0.0,0.0,0.0,0.0,0.0,0.0,0.0,0.0,0.0,0.0,0.0,0.0,0.00061080358847081,0.00022905134567692873,0.0,0.0,0.0,0.0006489788127507981,0.0,0.0,0.0,0.0,0.04779538079788513,0.0,0.0,0.0014888337468995367,0.0,0.0,0.0,0.0,0.0,0.0,0.0,0.0,0.0,0.0,0.0,0.0,0.0,0.0,0.024279442641692447,0.0005535407520518279,0.0,0.00253865241457921,0.022427944264193023,0.0,0.0,0.0,0.0,0.0035312082458489017,0.0,0.0,0.011318953998896479,0.09585798816567018,0.0,0.0,0.0005344531399118338,0.0,0.0,0.001507921359039531,0.0,0.0,0.0,0.0,0.0,0.0,0.0,0.0,0.0012979576254995963,0.0,0.0,0.0,0.0,0.0029776674937990735,0.0,0.00022905134567692873,0.0,0.012540561175796099,0.0,0.0,0.0,0.0,0.02973849971369075,0.0002481389578159228,0.0,0.0,0.0,0.0
92__92A__SDC__2.0__0H,0.0,0.0,0.21022063250317008,0.00023019442575318623,0.0023727733116119193,0.0,0.0,0.0,0.0,0.0,0.0,0.0,0.0,0.0,0.01691043666111368,0.0,0.0,0.0,0.0,0.0,0.0,0.11770018061409522,0.0,0.09179445408516426,0.0,0.0,0.0,0.0,0.0,0.0,0.0,0.0,0.0,0.0,0.008127633955456575,0.010447285476508451,0.0,0.000602046959663487,0.0,0.0,0.0,0.0,0.0,0.009030704394947306,0.0014519956086011746,0.0002124871622341719,0.0,0.010075432942608152,0.0,0.0,0.0,0.37580125367430406,0.03148351453771047,0.0,0.0,0.00019477989871415758,0.0,0.0,0.0,0.0002124871622341719,0.0,0.0,0.0,0.0,0.0,0.0,0.0,0.0,0.0,0.0,0.0,0.0,0.0014519956086011746,0.0,0.0,0.0,0.0,0.007065198144285716,0.0,0.0,0.0,0.0,0.0,0.0037008180755729943,0.0,0.0,0.0,0.0,0.0,0.0,0.0,0.0,0.0,0.0,0.0,0.0,0.0,0.0,0.00023019442575318623,0.0,0.0,0.0,0.0,0.0,0.0,0.0,0.0,0.00023019442575318623,0.0,0.0002124871622341719,0.00019477989871415758,0.0,0.0003010234798312435,0.0,0.0,0.0,0.0,0.0,0.0004958033785464011,0.0,0.0,0.047260686333538235,0.0,0.0,0.0,0.00430286503524348,0.0,0.0,0.0,0.0,0.0,0.0,0.0,0.0006728760137415443,0.0,0.0003541452703902865,0.0,0.0019300917236315615,0.0,0.0,0.012625278889410214,0.0,0.0007259978042995874,0.0,0.0,0.0,0.0,0.0,0.0,0.0036831108120629797,0.0,0.0,0.0,0.0,0.013174204058510658,0.0,0.0015936537167512894,0.0,0.008340121117686748,0.0,0.0,0.0,0.0,0.004143499663563352,0.0,0.0,0.0,0.00044268158798735813,0.0
92__92A__SDC__2.0__48H,0.0,0.0,0.0,0.0,0.0,0.0,0.0009659651430448716,0.0,0.0,0.0,0.0,0.0,0.0,0.0,0.024395757974396755,0.0,0.0,0.0,0.0,0.0005549161460049262,0.0,0.7393127260769017,0.0,0.02895840184149615,0.0,0.0,0.0,0.0,0.0,0.0,0.0,0.0,0.0,0.0,0.007727721144358973,0.01368793160139818,0.0,0.0005960210457089208,0.0,0.0,0.0,0.0,0.0,0.014242847747498106,0.0,0.0,0.02953387043739607,0.0,0.0,0.0,0.0,0.03662446563629513,0.0006576783952649125,0.0,0.030417625780995956,0.0,0.0,0.0,0.0,0.00593965800722921,0.0,0.0,0.0,0.0,0.0,0.0,0.0,0.0,0.0,0.0,0.0,0.0,0.00263071358105965,0.0,0.0,0.0,0.0,0.0031239723775095844,0.0,0.0,0.0,0.0,0.0,0.0,0.0,0.0,0.0,0.0,0.0,0.0,0.0,0.0,0.0,0.0,0.0,0.0,0.0,0.0,0.00026718184807596445,0.0,0.0,0.0,0.0,0.0,0.0,0.0,0.0,0.0,0.0,0.0,0.0,0.0,0.0,0.0,0.0,0.0,0.0,0.0,0.0,0.0,0.0,0.021086813548197195,0.0,0.0,0.0,0.0018291680368297566,0.0,0.0,0.0,0.0,0.0016441959881597812,0.0,0.0,0.0031650772772095787,0.028814534692496167,0.0,0.0,0.0004727063465969371,0.0,0.0,0.0015619861887497923,0.0,0.0,0.0,0.0,0.0,0.0,0.0,0.0,0.0,0.0,0.0,0.0,0.0,0.0006165734955609181,0.0,0.0,0.0,0.0002466293982239672,0.0,0.0,0.0,0.0,0.000924860243340877,0.0,0.0,0.0,0.0,0.0
92__92B__No Added Carb__1.0__0H,0.0,0.0,0.0,0.0002336299726018921,0.0013805407471893624,0.0,0.0063504874370770665,0.0,0.0,0.0,0.0,0.0,0.0,0.0,0.04761803623387801,0.0,0.0,0.0,0.0,0.0,0.0,0.3309262366458472,0.0,0.2136227513117973,0.0,0.0,0.0,0.0,0.0,0.0,0.0,0.0,0.0,0.0,0.0034194932353484205,0.0,0.0,0.006499161056006998,0.0,0.0,0.0,0.0,0.0,0.03457723594498403,0.0,0.0,0.0,0.0,0.0,0.0,0.0002973472378568627,0.0,0.04965698872197707,0.0,0.007646071830596469,0.0,0.0,0.0,0.0,0.02561434063248817,0.0,0.0,0.0,0.0,0.0002973472378568627,0.0,0.0,0.0,0.0,0.0,0.0,0.0,0.002697364229128754,0.0,0.0,0.0,0.0,0.037911772826657496,0.0,0.0,0.0,0.0,0.0,0.0,0.0016566488966292348,0.0,0.0,0.0006371726525497058,0.0,0.0,0.0,0.0,0.0,0.0,0.0,0.0,0.0,0.0,0.0,0.0,0.0025911687870388035,0.0,0.0,0.0,0.0,0.0,0.0,0.0,0.0,0.0,0.0,0.0,0.0,0.0,0.0,0.0,0.0,0.0,0.0,0.0,0.0,0.04029055072958139,0.0,0.0,0.0034194932353484205,0.053607459167875245,0.0,0.0,0.0,0.0,0.0018690397808091368,0.0,0.0,0.02654886052288774,0.04506934562367918,0.0,0.0,0.0038442750037182244,0.0,0.0,0.004226578595248048,0.0,0.0,0.0,0.0,0.0,0.0,0.0,0.0,0.0013168234819393918,0.0003185863262748529,0.0,0.0,0.0,0.013677972941393682,0.0,0.001338062570349382,0.0,0.019539961344890975,0.0,0.0,0.0,0.0,0.011299195038494782,0.0,0.0,0.0,0.0,0.0
92__92B__No Added Carb__1.0__48H,0.0,0.0,0.0,0.0,0.0012612489773706074,0.0,0.006476683937823118,0.004908644668672363,0.0,0.0,0.0,0.0004260976274882052,0.0002386146713941149,0.0,0.025531769839112293,0.0020452686119409847,0.0,0.0,0.0,0.043717616580321056,0.005829015544042806,0.14765134987707107,0.0,0.020520861739802883,0.0,0.0,0.0015169075538607303,0.15980365421307693,0.0,0.0,0.0,0.0,0.0,0.0,0.13616375784006557,0.0,0.0,0.015509953640607468,0.0,0.0,0.0,0.0,0.002488410144531198,0.01416348513770682,0.004158712844292003,0.0,0.005522225252252659,0.0,0.0,0.0,0.0,0.15356558494707395,0.010908099263705253,0.0,0.014470275429506966,0.0,0.0,0.0011078538314705335,0.004738205617672281,0.00040905372238919695,0.0,0.0,0.0,0.0,0.001482819743660714,0.0,0.0,0.0,0.0,0.0,0.000903326970275435,0.0,0.06406803926923085,0.0015680392691607551,0.0,0.0,0.0,0.02623056994821263,0.0,0.0,0.0,0.0,0.0,0.0,0.0,0.0,0.0,0.0,0.0,0.0,0.0,0.0,0.0,0.0,0.00040905372238919695,0.0,0.0,0.0,0.0006306244886833037,0.0,0.0007158440141813447,0.0,0.0,0.019310744477809297,0.0,0.0,0.0023520589037411325,0.0,0.0,0.0005794927733842791,0.0,0.0017555222252508453,0.0,0.0,0.0,0.0,0.0,0.0,0.0,0.0,0.0,0.019702754295109485,0.00022157076629410668,0.0,0.00028974638669213953,0.005317698391062561,0.0,0.0,0.0,0.0,0.007874284155993791,0.0,0.0,0.005402917916552601,0.017657485683108504,0.0,0.0,0.0013976002181606728,0.0,0.0,0.0029997272975214448,0.0,0.0,0.0,0.0,0.0,0.0,0.0,0.0,0.004738205617672281,0.0,0.0,0.0,0.0,0.009357103899654506,0.0,0.0001874829560950903,0.0,0.005624488682852708,0.0,0.0,0.0,0.0,0.01576561221710759,0.0003238341968911559,0.0,0.0,0.0,0.0
92__92B__RDC__1.0__0H,0.0,0.0,0.0,0.00030503669411992767,0.001399580125959668,0.0,0.0059213005329185955,0.0,0.0,0.0,0.0,0.0,0.0,0.0,0.049398001112488286,0.0,0.0,0.0,0.0,0.0,0.0,0.31617950512292503,0.0,0.21094184565120597,0.0,0.0,0.0,0.0,0.0,0.0,0.0,0.0,0.0,0.0,0.004180797042939008,0.0,0.0,0.005634207173748664,0.0,0.0,0.0,0.0,0.0,0.035186879833491655,0.0,0.0,0.0,0.0,0.0,0.0,0.00044858337370589366,0.0,0.05095907125298791,0.0,0.0092767041682378,0.0,0.0,0.0,0.0,0.027399472465993502,0.0,0.0,0.0,0.0,0.00037681003391291067,0.0,0.0,0.0,0.0,0.0,0.0,0.0,0.00312214028098926,0.0,0.0,0.0,0.0,0.036783836643870284,0.0,0.0,0.0002870933591719319,0.0,0.0,0.0,0.0018122768297695701,0.0,0.0,0.00044858337370589366,0.0,0.0,0.0,0.0,0.0,0.0,0.0,0.0,0.0,0.0,0.0,0.0,0.0023326335432694465,0.0,0.0,0.0,0.0,0.0,0.0,0.0,0.0,0.0,0.0,0.0,0.0,0.0,0.0,0.0,0.0,0.0,0.0,0.0,0.0,0.04692182088958887,0.00044858337370589366,0.0,0.0039654770235590595,0.052699574742987504,0.0,0.0,0.0,0.0,0.0016328434802896127,0.0,0.0,0.028942599271493136,0.048231684340888564,0.0,0.0,0.0037322136692291147,0.0,0.0,0.004629380416638902,0.0,0.0,0.0,0.0,0.0,0.0,0.0,0.0,0.001256033446379702,0.0005203567134988767,0.0,0.0,0.0,0.013152464517096882,0.0,0.0011663167716397234,0.0,0.019199368394595448,0.0,0.0,0.0,0.0,0.011106924332997366,0.0,0.0,0.0,0.0,0.0
92__92B__RDC__1.0__48H,0.00018465670639591995,0.0,0.0,0.0,0.0003357394661738545,0.0,0.02761457109278803,0.006698002350177097,0.0,0.0,0.0,0.0006379049857307235,0.00021823065301290542,0.0002518045996308909,0.009165687426556027,0.0005371831458787672,0.0,0.0,0.0,0.043176095349981285,0.006362262883997243,0.21509148900490677,0.0,0.04181635051197788,0.0,0.0,0.0011750881316094906,0.07470203122376762,0.0,0.0,0.0,0.0,0.0,0.0,0.09009568574786095,0.0,0.0,0.0012925969447694398,0.0,0.0,0.0,0.0,0.0006211180124217308,0.04134631525938208,0.0017458452241092433,0.0,0.03854289071678329,0.0,0.0,0.0,0.0,0.09311734094335965,0.006362262883997243,0.0,0.0366795366794841,0.0,0.0,0.0008897095853616144,0.004801074366287919,0.0007722007722006653,0.0,0.0,0.0,0.0,0.0006546919590397162,0.0,0.0,0.0,0.0003693134127918399,0.0,0.0002518045996308909,0.0,0.06427732079907213,0.004230317273798166,0.0,0.0,0.0,0.015460802417293298,0.0,0.0,0.0,0.0,0.0,0.0,0.0,0.0,0.0,0.0,0.0,0.0,0.0,0.0,0.0,0.0,0.0004196743327178181,0.0,0.0,0.0,0.0004364613060268108,0.0,0.0005036091992607817,0.0,0.0,0.03872754742318321,0.0,0.0,0.003407755581668523,0.0,0.0,0.0,0.0,0.0011415141849895052,0.0,0.0,0.0,0.0,0.0,0.0,0.0,0.0,0.0,0.02194057411449049,0.0005875440658047453,0.0,0.0,0.009148900453246034,0.0,0.0,0.0,0.0,0.008359912707736375,0.0,0.0,0.007940238375016558,0.02687594426718835,0.0,0.0,0.0018969279838791776,0.0,0.0,0.003323820715128559,0.0,0.0,0.0,0.0,0.0,0.0,0.0,0.0,0.006748363270097075,0.0002014436797049127,0.0,0.0,0.0,0.004717139499747955,0.0,0.0,0.0,0.018012422360192192,0.0,0.0,0.0,0.0,0.01613228134969301,0.0,0.0,0.0,0.0,0.0
92__92B__RDC__2.0__0H,0.0,0.0,0.0,0.00036018336607704355,0.0013261296660101603,0.0,0.006761624099540818,0.0,0.0,0.0,0.0,0.0,0.0,0.0,0.04811722331370581,0.0,0.0,0.0,0.0,0.0,0.0,0.2971676489850359,0.0,0.21832023575599538,0.0,0.0,0.0,0.0,0.0,0.0,0.0,0.0,0.0,0.0,0.0047151277013805695,0.0,0.0,0.0064014407334607734,0.0,0.0,0.0,0.0,0.0,0.03407007203670412,0.0,0.0,0.0,0.0,0.0,0.0,0.0004584151931890554,0.0,0.05117878192530619,0.0,0.010559921414501277,0.0,0.0,0.0,0.0,0.029927963326803617,0.0,0.0,0.0,0.0,0.0002455795677800297,0.0,0.0,0.0,0.0,0.0,0.0,0.0,0.0033071381794404,0.0,0.0,0.0,0.0,0.0339390962672251,0.0,0.0,0.00019646365422402374,0.0,0.0,0.0,0.0018009168303902178,0.0,0.0,0.0004256712508190514,0.0,0.0,0.0,0.0,0.0,0.0,0.0,0.0,0.0,0.0,0.0002292075965950277,0.0,0.0020301244269802453,0.0,0.0,0.0,0.0,0.0,0.0,0.0,0.0,0.0,0.0,0.0,0.0,0.0,0.0,0.0,0.0,0.0,0.0,0.0,0.0,0.0521283562541063,0.0006712508185990812,0.0,0.0043385723641105245,0.053618205632006484,0.0,0.0,0.0,0.0,0.0017681728880202137,0.0,0.0,0.033055009823203994,0.04782252783240578,0.0,0.0,0.004764243614930576,0.0,0.0,0.00463326784545056,0.0,0.0,0.0,0.0,0.0,0.0,0.0,0.0,0.001522593320240184,0.00027832351015103364,0.0,0.0,0.0,0.01208251473480146,0.0,0.0009986902423051208,0.0,0.019237066142802326,0.0,0.0,0.0,0.0,0.011542239685701394,0.0,0.0,0.0,0.0,0.0
92__92B__RDC__2.0__48H,0.0,0.0,0.0,0.00031369737166393947,0.0005377669228528963,0.0,0.004122879741869204,0.0,0.0,0.0,0.0,0.0,0.0,0.0,0.0026216137489094944,0.0,0.0,0.0,0.0,0.0021286607362895893,0.0,0.7176051446368615,0.0,0.05344058795848969,0.0,0.0,0.0,0.029039413834094398,0.0,0.0,0.0,0.0,0.0,0.0,0.04239395908489182,0.0,0.0,0.001792556409509654,0.0,0.0,0.0,0.0,0.0,0.003585112819019308,0.0,0.0,0.007595957785298534,0.0,0.0,0.0,0.0,0.01579690335879695,0.0017029285890296714,0.0,0.00082905733939784,0.0,0.0,0.0,0.0,0.0017029285890296714,0.0,0.0,0.0,0.0,0.00042573214725891785,0.0,0.0,0.0,0.0,0.0,0.0,0.0,0.002823276344979455,0.0,0.0,0.0,0.0,0.006229133523048798,0.0,0.0,0.0,0.0,0.0,0.0,0.0,0.0,0.0,0.0,0.0,0.0,0.0,0.0,0.0,0.0,0.0,0.0,0.0,0.0,0.00044813910237691355,0.0,0.0011427547110597794,0.0,0.0,0.0003809182370209265,0.0,0.0,0.0,0.0,0.0,0.0,0.0,0.0,0.0,0.0,0.0,0.0,0.0,0.0,0.0,0.0,0.0,0.040915100047092104,0.00029129041654494376,0.0,0.0002688834614259481,0.00678930740101869,0.0,0.0,0.0,0.0,0.001120347755939784,0.0,0.0,0.008940375092428276,0.028837751237994435,0.0,0.0,0.00233032333235955,0.0,0.0,0.006296354388398785,0.0,0.0,0.0,0.0,0.0,0.0,0.0,0.0,0.00029129041654494376,0.0,0.0,0.0,0.0,0.002688834614259481,0.0,0.00029129041654494376,0.0,0.001725335544149667,0.0,0.0,0.0,0.0,0.002554392883549507,0.0,0.0,0.0,0.0,0.0
92__92B__SDC__1.0__0H,0.0,0.0,0.0,0.00042494603185407986,0.0013768251432102587,0.0,0.008175961652871535,0.0,0.0,0.0,0.0,0.0,0.0,0.0,0.051248491441609624,0.0,0.0,0.0,0.0,0.0,0.0,0.3120463701110586,0.0,0.20829154697345714,0.0,0.0,0.0,0.0,0.0,0.0,0.0,0.0,0.0,0.0,0.004249460318540798,0.0,0.0,0.0066971494620212575,0.0,0.0,0.0,0.0,0.0,0.034063673913406395,0.0,0.0,0.0,0.0,0.0,0.0,0.00040794819058007667,0.0,0.05070456052080953,0.0,0.008668899049821628,0.0,0.0,0.0,0.0,0.026227669086004927,0.0,0.0,0.0,0.0,0.00037395250803107027,0.0,0.0,0.0,0.0,0.0,0.0,0.0,0.0031955941595406003,0.0,0.0,0.0,0.0,0.036375380326712836,0.0,0.0,0.0,0.0,0.0,0.0,0.0016827862861403162,0.0,0.0,0.0008498920637081597,0.0,0.0,0.0,0.0,0.0,0.0,0.0,0.0,0.0,0.0,0.0,0.0,0.0014448165083002715,0.0,0.0,0.0,0.0,0.0,0.0,0.0,0.0,0.0,0.0,0.0,0.0,0.0,0.0,0.0,0.0,0.0,0.0,0.0,0.0,0.047933912393109006,0.0006629158096921246,0.0,0.00404548622325076,0.05306726045790997,0.0,0.0,0.0,0.0,0.0017847733337903351,0.0,0.0,0.03180296102390597,0.0484438476314091,0.0,0.0,0.004079481905800767,0.0,0.0,0.004385443048730824,0.0,0.0,0.0,0.0,0.0,0.0,0.0,0.0,0.001240842413010233,0.0003399568254830639,0.0,0.0,0.0,0.012629396066702374,0.0,0.0010368683177201948,0.0,0.01927555200490362,0.0,0.0,0.0,0.0,0.012765378796902397,0.0,0.0,0.0,0.0,0.0
92__92B__SDC__1.0__48H,0.0,0.0,0.0,0.0,0.00030493615399315895,0.0,0.003297122165051719,0.0,0.0,0.0,0.0,0.0,0.0,0.0,0.0013912712025907251,0.0,0.0,0.0,0.0,0.001448446731470755,0.0,0.7598246617113961,0.0,0.03834572136461999,0.0,0.0,0.0,0.025252525252513165,0.0,0.0,0.0,0.0,0.0,0.0,0.04676958261862438,0.0,0.0,0.0012578616352206557,0.0,0.0,0.0,0.0,0.0,0.0016390318277108543,0.00034305317324217886,0.0,0.007299409186203805,0.0,0.0,0.0,0.0,0.018429578806909607,0.0008957499523544668,0.0,0.0004955212502382582,0.0,0.0,0.0,0.0,0.0012006861063506259,0.0,0.0,0.0,0.0,0.00030493615399315895,0.0,0.0,0.0,0.0,0.0,0.0,0.0,0.0020964360587010927,0.0,0.0,0.0,0.0,0.004345340194402265,0.0,0.0,0.0002096436058701093,0.0,0.0,0.0,0.0,0.0,0.0,0.0,0.0,0.0,0.0,0.0,0.0,0.0,0.0,0.0,0.0,0.0,0.00034305317324217886,0.0,0.0006861063464843577,0.0,0.0,0.0,0.0,0.0,0.0,0.0,0.0,0.0,0.0,0.0,0.0,0.0,0.0,0.0,0.0,0.0,0.0,0.0,0.0,0.034514960930117994,0.0004002287021152086,0.0,0.0002096436058701093,0.004116638078902146,0.0,0.0,0.0,0.0,0.0007623403849823973,0.0,0.0,0.006117781589483189,0.02649132837811381,0.0,0.0,0.001734324375830904,0.0,0.0,0.004230989136652205,0.0,0.0,0.0,0.0,0.0,0.0,0.0,0.0,0.0,0.0,0.0,0.0,0.0,0.001734324375830904,0.0,0.0002096436058701093,0.0,0.0005717552887362981,0.0,0.0,0.0,0.0,0.002725366876311421,0.0,0.0,0.0,0.0,0.0
92__92B__SDC__2.0__0H,0.0,0.0,0.0,0.00032564008629506255,0.0016689054422603204,0.0,0.00681808930679131,0.0,0.0,0.0,0.0,0.0,0.0,0.0,0.053506736679310274,0.0,0.0,0.0,0.0,0.0,0.0,0.317539789148061,0.0,0.21976635323799223,0.0,0.0,0.0,0.0,0.0,0.0,0.0,0.0,0.0,0.0,0.003520983433060676,0.0,0.0,0.005942931574881141,0.0,0.0,0.0,0.0,0.0,0.03362233890990646,0.0,0.0,0.0,0.0,0.0,0.0,0.0002442300647210469,0.0,0.047624862620609144,0.0,0.008629462286811657,0.0,0.0,0.0,0.0,0.026173321935905026,0.0,0.0,0.0,0.0,0.00036634509708107036,0.0,0.0,0.0,0.0,0.0,0.0,0.0,0.0029918182928305747,0.0,0.0,0.0,0.0,0.0359221720193559,0.0,0.0,0.0003459925916880665,0.0,0.0,0.0,0.001750315463830336,0.0,0.0,0.0005088126348350977,0.0,0.0,0.0,0.0,0.0,0.0,0.0,0.0,0.0,0.0,0.0,0.0,0.0015264379045102931,0.0,0.0,0.0,0.0,0.0,0.0,0.0,0.0,0.0,0.0,0.0,0.0,0.0,0.0,0.0,0.0,0.0,0.0,0.0,0.0,0.04674970488870898,0.0,0.0,0.0036430984654206994,0.050453860870309696,0.0,0.0,0.0,0.0,0.0017096104530503282,0.0,0.0,0.02806610493750539,0.048907070460409395,0.0,0.0,0.004314731143400828,0.0,0.0,0.003561688443850684,0.0,0.0,0.0,0.0,0.0,0.0,0.0,0.0,0.001119387796640215,0.00044775511865508596,0.0,0.0,0.0,0.011723043106602252,0.0,0.0009158627427041759,0.0,0.01827654984330351,0.0,0.0,0.0,0.0,0.011315992998702173,0.0,0.0,0.0,0.0,0.0
92__92B__SDC__2.0__48H,0.0,0.0,0.0,0.0,0.0004279722673970547,0.0,0.03830351793200489,0.0043225199007105525,0.0,0.0,0.0,0.00021398613369902735,0.0,0.0,0.01041399184000133,0.0007703500813150985,0.0,0.0,0.0,0.039430511569505035,0.004108533767010525,0.20786613027502657,0.0,0.051399469314354566,0.0,0.0,0.0010128676995101295,0.0822277383092105,0.0,0.0,0.0,0.0,0.0,0.0,0.09456760535251209,0.0,0.0,0.0013552455134201733,0.0,0.0,0.0,0.0,0.0008702102770411112,0.02559274159030327,0.0021826585637302787,0.0,0.022197494935702836,0.0,0.0,0.0,0.0,0.12475391594601594,0.013281406031601696,0.0,0.023923649747503058,0.0,0.0,0.0006704898855890857,0.004022939313530515,0.004465177323180571,0.0,0.0,0.0,0.0,0.0009130075037801167,0.0,0.0,0.0,0.00019972039145202554,0.0,0.00041370652515105286,0.0,0.05221261662240668,0.0009986019572601275,0.0,0.0,0.0,0.01299609118660166,0.0,0.0,0.0,0.0,0.0,0.0,0.0,0.0,0.0,0.0,0.0,0.0,0.0,0.0,0.0,0.0,0.0003566435561640456,0.0,0.0,0.0,0.00045650375189005833,0.0,0.000485035236383062,0.0,0.0,0.04978744044050636,0.0,0.0,0.002239721532710286,0.0,0.0,0.00015692316471202007,0.0,0.0005420982053700692,0.0,0.0,0.0,0.0,0.0,0.0,0.0,0.0,0.0,0.016163085965402064,0.0006847556278350875,0.0,0.0008131473080541039,0.009829096407891256,0.0,0.0,0.0,0.0,0.00720419983452092,0.0,0.0,0.007061542412050902,0.02676253245460342,0.0,0.0,0.0011983223487101531,0.0,0.0,0.0021969243059702806,0.0,0.0,0.0,0.0,0.0,0.0,0.0,0.0,0.0034951068504104465,0.0,0.0,0.0,0.0,0.004878883848330623,0.0,0.00019972039145202554,0.0,0.01933008074410247,0.0,0.0,0.0,0.0,0.02004336785640256,0.0,0.0,0.0,0.0,0.0
