#taxa	84B.R1.48H	84B.R2.48H	84B.S1.48H	84B.S2.48H	84B.NC.48H	21B.R1.48H	21B.R2.48H	21B.S1.48H	21B.S2.48H	21B.NC.48H	73B.R1.48H	73B.R2.48H	73B.S1.48H	73B.S2.48H	73B.NC..48H	21A.R1.48H	21A.R2.48H	21A.S1.48H	21A.S2.48H	21A.NC.48H	66A.R1.48H	66A.R2.48H	66A.S1.48H	66A.S2.48H	66A.NC.48H	41B.R1.48H	41B.R2.48H	41B.S1.48H	41B.S2.48H	41B.NC.48H	50B.R1.48H	50B.R2.48H	50B.S1.48H	50B.S2.48H	50B.NC.48H	67A.R2.48H	67A.S1.48H	67A.S2.48H	67A.NC.48H	92A.R1.48H	92A.R2.48H	92A.S1.48H	92A.S2.48H	92A.NC.48H	92B.R1.48H	92B.R2.48H	92B.S1.48H	92B.S2.48H	92B.NC.48H	161A.R1.48H	161A.R2.48H	161A.S1.48H	161A.S2.48H	161A.NC.48H	66B.R1.48H	66B.R2.48H	66B.S1.48H	66B.S2.48H	66B.NC.48H	123A.R1.48H	123A.R2.48H	123A.S1.48H	123A.S2.48H	123A.NC.48H	58B.R1.48H	58B.R2.48H	58B.S1.48H	58B.S2.48H	58B.NC.48H	137B.R1.48H	137B.R2.48H	137B.S1.48H	137B.S2.48H	137B.NC.48H	276B.R1.48H	276B.R2.48H	276B.S1.48H	276B.S2.48H	276B.NC.48H	123B.R1.48H	123B.R2.48H	123B.S1.48H	123B.S2.48H	123B.NC.48H	116A.R1.48H	116A.R2.48H	116A.S1.48H	116A.S2.48H	116A.NC.48H	239B.R1.48H	239B.R2.48H	239B.S1.48H	239B.S2.48H	239B.NC.48H	MediaControl	176A.R1.48H	176A.R2.48H	176A.S1.48H	176A.S2.48H	176A.NC.48H	276A.R1.48H	276A.R2.48H	276A.S1.48H	276A.S2.48H	276A.NC.48H	84A.R1.48H	84A.R2.48H	84A.S1.48H	84A.S2.48H	84A.NC.48H	58A.R1.48H	58A.R2.48H	58A.S1.48H	58A.S2.48H	58A.NC.48H	137A.R1.48H	137A.S1.48H	137A.S2.48H	137A.NC.48H	41A.R1.48H	41A.R2.48H	41A.S1.48H	41A.S2.48H	41A.NC.48H	161B.R1.48H	161B.R2.48H	161B.S1.48H	161B.S2.48H	161B.NC.48H	73A.R1.48H	73A.R2.48H	73A.S1.48H	73A.S2.48H	73A.NC.48H	50A.R1.48H	50A.R2.48H	50A.S1.48H	50A.S2.48H	50A.NC.48H	116B.R1.48H	116B.R2.48H	116B.S1.48H	116B.S2.48H	116B.NC.48H	176B.R1.48H	176B.R2.48H	176B.S1.48H	176B.S2.48H	176B.NC.48H	239A.R1.48H	239A.R2.48H	239A.S1.48H	239A.S2.48H	239A.NC.48H	67B.R1.48H	67B.R2.48H	67B.S1.48H	67B.S2.48H	67B.NC.48H	161A.R1.0H	161A.R2.0H	161A.S1.0H	161A.S2.0H	161A.NC.0H	239A.R1.0H	239A.R2.0H	239A.S1.0H	239A.S2.0H	239A.NC.0H	116A.R1.0H	116A.R2.0H	116A.S1.0H	116A.S2.0H	116A.NC.0H	137B.R1.0H	137B.R2.0H	137B.S1.0H	137B.S2.0H	137B.NC.0H	67A.R1.0H	67A.R2.0H	67A.S1.0H	67A.S2.0H	67A.NC.0H	73B.R1.0H	73B.R2.0H	73B.S1.0H	73B.S2.0H	73.NC.0H	MediaControl48h	58B.R1.0H	58B.R2.0H	58B.S1.0H	58B.S2.0H	58B.NC.0H	67B.R1.0H	67B.R2.0H	67B.S1.0H	67B.S2.0H	67B.NC.0H	92A.R1.0H	92A.R2.0H	92A.S1.0H	92A.S2.0H	92A.NC.0H	176A.R1.0H	176A.R2.0H	176A.S1.0H	176A.S2.0H	176A.NC.0H	137A.R1.0H	137A.R2.0H	137A.S1.0H	137A.S2.0H	137A.NC.0H	41A.R1.0H	41A.R2.0H	41A.S1.0H	41A.S2.0H	41A.NC.40H	50A.R1.0H	50A.R2.0H	50A.S1.0H	50A.S2.0H	50A.NC.0H	58A.R1.0H	58A.R2.0H	58A.S1.0H	58A.S2.0H	58A.NC.0H	73A.R1.0H	73A.R2.0H	73A.S1.0H	73A.S2.0H	73A.NC.0H	66B.R1.0H	66B.R2.0H	66B.S1.0H	66B.NC.0H	66B.S2.0H	41B.R1.0H	41B.R2.0H	41B.S1.0H	41B.S2.0H	41B.NC.0H	84B.R1.0H	84B.R2.0H	84B.S1.0H	84B.S2.0H	84B.NC.0H	50B.R1.0H	50B.R2.0H	50B.S1.0H	50B.S2.0H	50B.NC.0H	161B.R2.0H	161B.R1.0H	161B.S1.0H	161B.S2.0H	161B.NC.0H	21A.R1.0H	21A.R2.0H	21A.S1.0H	21A.S2.0H	21A.NC.0H	66A.R1.0H	66A.R2.0H	66A.S1.0H	66A.S2.0H	66A.NC.0H	84A.R1.0H	84A.R2.0H	84A.S1.0H	84A.S2.0H	123A.R1.0H	123A.R2.0H	123A.S1.0H	123A.S2.0H	123A.NC.0H	239B.R1.0H	239B.R2.0H	239B.S1.0H	239B.S2.0H	239B.NC.0H	21B.R1.0H	21B.R2.0H	21B.S1.0H	21B.S2.0H	21B.NC.0H	92B.R1.0H	92B.R2.0H	92B.S1.0H	92B.S2.0H	92B.NC.0H	176B.R1.0H	176B.R2.0H	176B.S1.0H
k__Archaea;p__Euryarchaeota;c__Methanobacteria;o__Methanobacteriales;f__Methanobacteriaceae;g__Methanobacterium	0	0	0	0	0	0	0	0	0	0	0	0	0	0	0	0	0	0	0	0	0	0	0	0	0	0	0	0	0	0	0	0	0	0	0	0	0	0	0	0	0	0	0	0	0	0	0	0	0	0	0	0	0	0	0	0	0	0	0	0	0	0	0	0	0	0	0	0	0	0	0	0	0	0	0	0	0	0	0	0	0	0	0	0	0	0	0	0	0	0	0	0	0	0	0	0	0	0	0	0	0	0	0	0	0	0	0	0	0	0	0	0	0	0	0	0	0	0	0	0	0	0	0	0	0	0	0	0	0	0	0	0	0	0	0	0	0	0	0	0	0	0	0	0	0	0	0	0	0	0	0	0	0	0	0	0	0	0	0	0	0	0	0	0	0	0	0	0	0	0	0	0	0	0	0	0	0	0	0	0	0	0	0	0	0	0	0	0	0	0	0	0	0	0	0	0	0	0	0	0	0	0	0	0	0	0	0	0	0	0	0	0	0	0	0	0	0	0	0	0	0	0	0	0	0	0	0	0	11	0	0	0	0	0	0	0	0	0	0	0	0	0	0	0	0	0	0	0	0	0	0	0	0	0	0	0	0	0	0	0	0	0	0	0	0	0	0	0	0	0	0	0	0	0	0	0	0	0	0	0	0	0	0	0	0	0	0	0	0	0	0	0	0	0	0	0	0
k__Archaea;p__Euryarchaeota;c__Methanobacteria;o__Methanobacteriales;f__Methanobacteriaceae;g__Methanobrevibacter	0	0	0	0	0	0	0	0	0	0	0	0	0	0	0	0	0	0	0	0	0	0	0	0	0	0	0	86	0	0	0	0	0	0	0	20	120	144	41	0	0	0	0	0	0	0	0	0	0	363	0	229	0	352	0	0	0	0	0	0	0	0	0	0	0	0	0	0	0	0	0	0	0	15	0	0	0	0	0	0	0	0	0	0	0	0	0	0	0	0	0	0	0	0	0	0	0	0	0	0	0	0	0	0	0	0	0	0	0	0	0	0	0	0	0	65	65	0	69	74	0	34	0	256	99	0	99	16	229	0	0	14	0	0	0	0	0	0	0	0	0	0	0	0	0	0	0	0	0	0	0	0	0	0	0	0	0	0	60	3831	3390	3425	3237	3459	0	0	0	0	0	0	0	0	0	0	20	18	21	22	15	2071	1799	2555	2334	1731	0	0	0	0	0	0	0	0	0	0	0	0	0	0	0	0	0	0	0	0	0	0	0	0	0	11	0	0	0	0	0	0	0	0	0	0	0	0	0	0	0	0	0	0	0	0	0	0	0	16	0	0	0	0	0	0	0	0	0	0	0	22	0	0	0	0	0	0	0	0	0	0	0	0	0	11	0	0	0	122	0	0	0	0	0	0	0	49	33	37	27	43	28	28	29	0	0	0	0	0	0	0	0	0	0	25	26	50	25	30	55	85	56
k__Bacteria;p__Actinobacteria;c__Actinobacteria;o__Actinomycetales;f__Actinomycetaceae;g__Actinomyces	0	23	32	0	34	0	11	0	0	0	36	17	13	12	0	0	0	0	0	0	13	0	0	0	0	20	0	13	0	15	0	0	0	0	0	0	0	0	0	11	12	0	0	16	0	14	0	0	0	0	0	0	0	0	24	12	19	14	0	0	0	0	0	0	11	0	0	0	0	0	0	0	0	0	27	0	21	0	11	0	0	0	0	0	0	0	0	0	0	0	0	0	0	0	0	0	0	0	0	11	0	0	0	0	0	0	0	0	0	0	0	0	0	0	0	0	0	0	0	12	0	0	0	14	0	0	0	0	0	12	15	15	0	21	0	0	0	0	0	0	0	0	0	0	44	0	11	0	48	0	0	0	12	0	0	0	0	0	0	29	51	45	16	12	20	27	30	30	22	0	0	0	0	0	37	38	27	33	26	17	29	47	33	27	91	37	66	95	22	26	42	24	23	29	25	27	21	29	27	18	38	18	0	13	0	14	41	129	31	68	83	20	52	56	93	97	0	0	0	0	0	0	0	0	0	12	82	74	80	80	117	41	40	73	61	34	0	0	0	0	0	0	22	57	52	45	14	27	46	23	15	0	0	12	20	0	91	39	49	37	50	47	89	73	105	68	30	45	11	15	34	34	19	13	0	48	89	113	67	0	26	21	21	71	0	57	80	54	65	17	22	25	16	11	17	14	13
k__Bacteria;p__Actinobacteria;c__Actinobacteria;o__Actinomycetales;f__Actinomycetaceae;g__Mobiluncus	0	0	0	0	0	0	0	0	0	0	0	0	0	0	0	0	0	0	0	0	0	0	0	0	0	0	0	0	0	0	0	0	0	0	0	0	0	0	0	0	0	0	0	0	0	0	0	0	0	0	0	0	0	0	0	0	0	0	0	0	0	0	0	0	0	0	0	0	0	0	0	0	0	0	0	0	0	0	0	0	0	0	0	0	0	0	0	0	0	0	0	0	0	0	0	0	0	0	0	0	0	0	0	0	0	0	0	0	0	0	0	0	0	0	0	0	0	0	0	0	0	0	0	0	0	0	0	0	0	0	0	0	0	0	0	0	0	0	0	0	0	0	0	0	0	0	0	0	0	0	0	0	0	0	0	0	0	0	0	0	0	0	0	0	0	0	0	0	0	0	0	0	0	0	0	0	0	0	0	0	0	0	0	0	0	0	0	0	0	0	0	0	0	0	0	0	0	0	0	0	0	0	0	0	0	0	0	0	0	0	0	0	0	0	0	0	0	0	0	0	0	0	0	0	0	0	0	11	12	0	12	0	0	0	0	0	0	0	0	0	0	0	0	0	0	0	0	0	0	0	0	0	0	0	0	0	0	0	0	0	0	0	0	0	0	0	0	0	0	0	0	0	0	0	0	0	0	0	0	0	0	0	0	0	0	0	0	0	0	0	0	0	0	0	0	0	0
k__Bacteria;p__Actinobacteria;c__Actinobacteria;o__Actinomycetales;f__Actinomycetaceae;g__NA	0	0	0	0	0	0	0	0	0	0	0	0	0	0	0	0	0	0	0	0	0	0	0	0	0	0	0	0	0	0	0	0	0	0	0	0	0	0	0	0	0	0	0	0	0	0	0	0	0	0	0	0	0	0	0	0	0	0	0	0	0	0	0	0	0	0	0	0	0	0	0	0	0	0	0	0	0	0	0	0	0	0	0	0	0	0	0	0	0	0	0	0	0	0	0	0	0	0	0	0	0	0	0	0	0	0	0	0	0	0	0	0	0	0	0	0	0	0	0	0	0	0	0	0	0	0	0	0	0	0	0	0	0	0	0	0	0	0	0	0	0	0	0	0	0	0	0	0	0	0	0	0	0	0	0	0	0	0	0	0	0	0	0	0	0	0	0	0	0	0	0	0	0	0	0	0	0	0	0	0	0	0	0	0	0	0	0	0	0	0	0	0	0	0	0	0	0	0	0	0	0	0	0	0	0	0	0	0	0	0	0	0	0	0	0	0	0	0	0	0	0	0	0	0	0	0	0	0	0	0	0	0	0	0	0	0	0	0	0	0	0	0	0	0	0	0	0	0	0	0	0	0	0	0	0	0	0	0	0	0	0	0	0	0	0	0	0	0	0	0	0	0	0	0	0	0	0	0	16	0	0	0	0	0	0	0	0	0	0	0	0	0	0	0	0	0	0
k__Bacteria;p__Actinobacteria;c__Actinobacteria;o__Actinomycetales;f__Actinomycetaceae;g__Varibaculum	0	49	49	0	22	0	0	0	0	0	0	0	0	0	0	0	0	0	0	0	0	0	0	0	0	0	0	0	0	0	0	0	0	0	0	0	0	0	0	0	0	0	0	0	0	0	0	0	0	0	0	0	0	0	0	0	0	0	0	0	0	0	0	0	0	0	0	0	0	0	0	0	0	0	0	0	0	0	0	0	0	0	0	0	0	0	0	0	0	0	0	0	0	0	0	0	0	0	0	0	0	0	0	0	0	23	0	0	0	0	0	0	0	0	0	0	0	0	0	0	0	0	0	0	0	0	0	0	0	0	0	0	0	0	0	0	0	0	0	0	0	0	0	0	0	0	0	0	0	0	0	0	0	0	0	0	0	0	0	0	0	0	0	0	0	0	0	0	0	0	0	0	0	0	0	0	0	0	0	0	0	0	0	0	0	0	0	0	0	0	0	0	0	0	0	0	0	0	0	0	0	64	52	41	46	62	0	0	0	0	0	0	0	0	0	0	0	0	0	0	0	0	0	0	0	0	129	120	117	114	198	11	15	15	19	0	0	0	0	0	0	0	0	0	0	0	0	0	0	0	0	0	0	0	0	0	0	0	18	15	27	0	0	0	0	0	0	0	0	0	0	0	0	0	0	0	0	0	0	0	0	0	0	0	0	0	0	0	0	0	0	0	0	0	0	0	0
k__Bacteria;p__Actinobacteria;c__Actinobacteria;o__Bifidobacteriales;f__Bifidobacteriaceae;g__Alloscardovia	0	0	0	0	0	0	0	0	0	0	0	0	0	0	0	0	0	0	0	0	0	0	0	0	0	0	0	0	0	0	0	0	0	0	0	0	0	0	0	0	0	0	0	0	0	0	0	0	0	0	0	0	0	0	0	0	0	0	0	0	0	0	0	0	0	0	0	0	0	0	0	0	0	0	0	0	0	0	0	0	0	0	0	0	0	0	0	0	0	0	0	0	0	0	0	0	0	0	0	0	0	0	0	0	0	0	0	0	0	0	0	0	0	0	0	0	0	0	0	0	0	0	0	0	0	0	0	0	0	0	0	0	0	0	0	0	0	0	0	0	0	0	0	20	0	0	0	0	0	0	0	0	0	0	0	0	0	0	0	0	0	0	0	0	0	0	0	0	0	0	0	0	12	13	0	0	0	0	0	0	0	0	0	0	0	0	0	0	0	0	0	0	0	0	0	0	0	0	0	0	0	0	0	0	0	0	0	0	0	0	0	0	0	0	0	0	0	0	0	0	0	0	0	0	0	0	0	0	0	0	0	0	0	0	0	0	0	0	12	0	0	0	0	0	0	0	0	0	0	0	0	0	0	0	0	0	0	0	0	0	0	0	0	0	0	0	0	0	0	0	0	0	0	0	0	0	0	0	0	0	0	0	0	0	0	0	0	0	0	0	0	0	0	0	0	0	0
k__Bacteria;p__Actinobacteria;c__Actinobacteria;o__Bifidobacteriales;f__Bifidobacteriaceae;g__Bifidobacterium	1730	2622	2815	1223	2354	1683	985	166	444	1856	1106	13275	1387	11957	3693	3374	3763	2605	2858	1838	1989	26790	10115	2518	5127	287	7841	5516	12126	121	3214	22624	10946	11787	3560	9284	6263	5581	5017	16324	22108	17068	35972	13583	12813	32026	39868	14571	8663	3855	13537	2570	22524	2403	30845	35195	2857	39689	1916	142	56	712	1454	160	980	60624	1265	26101	562	13932	48823	27927	48208	7771	1028	12917	361	1467	1089	119	1744	125	703	87	4800	11207	5544	14003	6167	4155	15881	7795	11544	5455	41	1517	19604	7323	17964	1264	464	4527	535	5689	477	1831	1923	1169	637	1794	844	7139	875	2116	68	6428	5906	39146	5524	1017	6116	1805	4391	202	1168	11136	3074	7272	729	1432	7022	2955	1592	794	1863	6712	2790	5513	1582	720	27255	13811	21766	6332	11048	19959	9346	7138	5380	18012	13110	7744	27513	10060	13945	23835	21784	18605	19757	3820	4341	3943	3123	3337	12910	11899	12411	11136	13155	4434	5616	6971	5435	6779	17205	14059	12195	14697	16388	23434	19907	26219	25951	18359	2541	2296	2306	3342	4911	5159	914	11104	10977	10564	8960	10251	860	1068	1000	597	1203	7239	6239	6647	7935	6844	8349	14566	3694	8332	8965	1075	1386	1318	1552	2110	5032	4264	4037	5215	4249	2867	3130	3226	3675	4077	14853	13093	13781	14890	20029	1415	1454	1947	1699	1320	6447	5780	7751	5377	6667	0	10886	11215	17733	14194	4503	4944	4712	3200	3771	3671	1508	2480	4406	2759	2318	1914	1661	1404	1604	1751	2707	7495	2762	2516	4010	5697	2608	5108	6761	21655	14244	13775	13010	23276	11031	12322	10211	0	6240	4106	4228	2686	406	1204	1149	1315	1449	17621	18151	18358	15602	15581	20478	24950	19950
k__Bacteria;p__Actinobacteria;c__Actinobacteria;o__Bifidobacteriales;f__Bifidobacteriaceae;g__Gardnerella	0	0	0	0	0	0	0	0	0	0	0	0	0	0	0	0	0	0	0	0	0	0	0	0	44	0	0	0	0	0	0	0	0	0	0	0	0	0	0	0	0	0	0	0	0	0	0	0	0	0	0	0	0	0	0	0	0	0	0	0	0	0	0	0	0	0	0	0	0	0	0	0	0	0	0	0	0	0	0	0	0	0	0	0	0	0	0	0	0	0	0	0	0	0	0	0	0	0	0	0	0	0	0	0	0	0	0	0	0	0	0	0	0	0	0	0	0	0	0	0	0	0	0	0	0	0	0	0	0	0	0	0	0	0	0	0	0	0	0	0	0	0	0	0	0	0	0	0	0	0	0	0	0	0	0	0	0	0	36	0	0	0	0	0	0	0	0	0	0	0	0	0	0	0	0	0	0	0	0	0	0	0	0	0	0	0	0	0	0	0	0	0	0	0	0	0	0	0	0	0	0	0	0	0	0	0	0	0	0	0	0	0	0	0	0	0	0	0	0	0	0	0	0	0	0	0	0	0	0	0	0	0	0	0	0	0	0	0	0	0	0	0	0	0	0	0	0	0	0	0	0	0	0	0	0	0	0	0	0	0	0	0	0	106	0	0	0	0	0	0	0	0	0	0	0	0	0	0	0	0	0	0	0	0	0	0	0	0	0	0	0	0	0	0	0	0	0
k__Bacteria;p__Actinobacteria;c__Actinobacteria;o__Corynebacteriales;f__Corynebacteriaceae;g__Corynebacterium	0	0	0	0	0	0	0	0	0	0	0	0	0	0	0	0	0	0	0	0	0	0	0	0	1558	0	0	0	0	0	0	0	0	0	0	0	0	0	0	0	0	0	0	0	0	0	0	0	0	0	0	0	0	0	0	0	0	0	0	0	0	0	0	0	0	0	0	0	0	0	0	0	0	0	0	0	0	0	0	0	0	0	0	0	0	0	0	0	0	0	0	0	0	0	0	0	0	0	0	0	0	0	0	0	0	0	0	0	0	0	0	0	0	0	0	0	0	0	0	0	0	0	0	0	0	0	0	0	0	0	0	0	0	0	0	0	0	0	0	0	0	0	0	0	0	0	0	0	0	0	0	0	0	0	0	0	0	0	305	0	0	0	0	0	0	0	0	0	0	0	0	0	0	0	0	0	0	0	0	0	0	0	0	0	0	0	0	0	0	0	0	0	0	0	0	0	0	0	0	0	0	0	0	0	0	0	0	0	0	0	0	0	0	0	13	0	0	0	0	0	0	0	0	0	0	0	0	0	0	0	0	0	0	0	0	0	0	0	0	0	0	0	0	0	0	0	0	0	0	0	0	0	0	0	0	0	0	0	0	0	0	0	0	10725	0	0	0	0	0	0	0	0	0	0	0	0	0	0	0	0	0	0	0	0	0	0	0	0	0	0	0	0	0	0	0	0	0
k__Bacteria;p__Actinobacteria;c__Actinobacteria;o__Corynebacteriales;f__Corynebacteriaceae;g__NA	12	27	29	0	24	0	0	0	0	0	0	0	0	0	0	0	0	0	0	0	0	0	0	0	0	0	0	0	0	0	0	0	0	0	0	0	0	0	0	0	0	0	0	0	0	0	0	0	0	0	0	0	0	0	0	0	0	0	0	0	0	0	0	0	0	0	0	0	0	0	0	0	0	0	0	0	0	0	0	0	0	0	0	0	0	0	0	0	0	0	0	0	0	0	0	0	0	0	0	0	0	0	0	0	0	0	0	0	0	0	0	0	0	0	0	0	0	0	0	0	0	0	0	0	0	0	0	0	0	0	0	0	0	0	0	0	0	0	0	0	0	0	0	0	0	0	0	0	0	0	0	0	0	0	0	0	0	0	0	0	0	0	0	0	0	0	0	0	0	0	0	0	0	0	0	0	0	0	0	0	0	0	0	0	0	0	0	0	0	0	0	0	0	0	0	0	0	0	0	0	0	0	0	0	0	0	0	0	0	0	0	0	0	0	0	0	0	0	0	0	0	0	0	0	0	0	38	42	34	30	63	0	0	0	0	0	0	0	0	0	0	0	0	0	0	0	0	0	0	0	0	0	0	0	0	0	0	0	0	0	0	0	0	101	0	0	0	0	0	0	0	0	0	0	0	0	0	0	0	0	0	0	0	0	0	0	0	0	0	0	0	0	0	0	0	0	0
k__Bacteria;p__Actinobacteria;c__Actinobacteria;o__Corynebacteriales;f__Nocardiaceae;g__Rhodococcus	0	0	0	0	0	0	0	0	0	0	0	0	0	0	0	0	0	0	0	0	0	0	0	0	0	0	0	0	0	0	0	0	0	0	0	0	0	0	0	0	0	0	0	0	0	0	0	0	0	0	0	0	0	0	0	0	0	0	0	0	0	0	0	0	0	0	0	0	0	0	0	0	0	0	0	0	0	0	0	0	0	0	0	0	0	0	0	0	0	0	0	0	0	0	0	0	0	0	0	0	0	0	0	0	0	0	0	0	0	0	0	0	0	0	0	0	0	0	0	0	0	0	0	0	0	0	0	0	0	0	0	0	0	0	0	0	0	0	0	0	0	0	0	0	0	0	0	0	0	0	0	0	0	0	0	0	0	0	0	0	0	0	0	0	0	0	0	0	0	0	0	0	0	0	0	0	0	0	0	0	0	0	0	0	0	0	0	0	0	0	0	0	0	0	0	0	0	0	0	0	0	0	0	0	0	0	0	0	0	0	0	0	0	0	0	0	0	0	0	0	0	0	0	0	0	0	0	0	0	0	0	0	0	0	0	0	0	0	0	0	0	0	0	0	0	0	0	0	0	0	0	0	0	0	0	0	0	0	0	0	0	0	0	80	0	0	0	0	0	0	0	0	0	0	0	0	0	0	0	0	0	0	0	0	0	0	0	0	0	0	0	0	0	0	0	0	0
k__Bacteria;p__Actinobacteria;c__Actinobacteria;o__Micrococcales;f__Micrococcaceae;g__Kocuria	0	0	0	0	0	0	0	0	0	0	0	0	0	0	0	0	0	0	0	0	0	0	0	0	0	0	0	0	0	0	0	0	0	0	0	0	0	0	0	0	0	0	0	0	0	0	0	0	0	0	0	0	0	0	0	0	0	0	0	0	0	0	0	0	0	0	0	0	0	0	0	0	0	0	0	0	0	0	0	0	0	0	0	0	0	0	0	0	0	0	0	0	0	0	0	0	0	0	0	0	0	0	0	0	0	0	0	0	0	0	0	0	0	0	0	0	0	0	0	0	0	0	0	0	0	0	0	0	0	0	0	0	0	0	0	0	0	0	0	0	0	0	0	0	0	0	0	0	0	0	0	0	0	0	0	0	0	0	0	0	0	0	0	0	0	0	0	0	0	0	0	0	0	0	0	0	0	0	0	0	0	0	0	0	0	0	0	0	0	0	0	0	0	0	0	0	0	0	0	0	0	0	0	0	0	0	0	0	0	0	0	0	0	0	0	0	0	0	0	0	0	0	0	0	0	0	0	0	0	0	0	0	0	0	0	0	0	0	0	0	0	0	0	0	0	0	0	0	0	0	0	0	0	0	0	0	0	0	0	0	0	0	0	71	0	0	0	0	0	0	0	0	0	0	0	0	0	0	0	0	0	0	0	0	0	0	0	0	0	0	0	0	0	0	0	0	0
k__Bacteria;p__Actinobacteria;c__Actinobacteria;o__Micrococcales;f__Micrococcaceae;g__Micrococcus	0	0	0	0	0	0	0	0	0	0	0	0	0	0	0	0	0	0	0	0	0	0	0	0	0	0	0	0	0	0	0	0	0	0	0	0	0	0	0	0	0	0	0	0	0	0	0	0	0	0	0	0	0	0	0	0	0	0	0	0	0	0	0	0	0	0	0	0	0	0	0	0	0	0	0	0	0	0	0	0	0	0	0	0	0	0	0	0	0	0	0	0	0	0	0	0	0	0	0	0	0	0	0	0	0	0	0	0	0	0	0	0	0	0	0	0	0	0	0	0	0	0	0	0	0	0	0	0	0	0	0	0	0	0	0	0	0	0	0	0	0	0	0	0	0	0	0	0	0	0	0	0	0	0	0	0	0	0	0	0	0	0	0	0	0	0	0	0	0	0	0	0	0	0	0	0	0	0	0	0	0	0	0	0	0	0	0	0	0	0	0	0	0	0	0	0	0	0	0	0	0	0	0	0	0	0	0	0	0	0	0	0	0	0	0	0	0	0	0	0	0	0	0	0	0	0	0	0	0	0	0	0	0	0	0	0	0	0	0	0	0	0	0	0	0	0	0	0	0	0	0	0	0	0	0	0	0	0	0	0	0	0	0	82	0	0	0	0	0	0	0	0	0	0	0	0	0	0	0	0	0	0	0	0	0	0	0	0	0	0	0	0	0	0	0	0	0
k__Bacteria;p__Actinobacteria;c__Actinobacteria;o__Micrococcales;f__Micrococcaceae;g__Rothia	0	0	0	0	0	0	0	0	0	0	0	0	0	0	0	0	0	0	0	0	0	0	0	0	0	0	0	0	0	0	0	0	0	0	0	0	0	0	0	0	0	0	0	0	0	0	0	0	0	0	0	0	0	0	0	0	0	0	0	0	0	0	0	0	0	0	0	0	0	0	0	0	0	0	0	0	0	0	0	0	0	0	0	0	0	0	0	0	0	0	0	0	0	0	0	0	0	0	0	0	0	0	0	0	0	0	0	0	0	0	0	0	0	0	0	0	0	0	0	0	0	0	0	0	0	0	0	0	0	0	0	0	0	0	0	0	0	0	0	0	0	0	0	0	0	0	0	0	0	0	0	0	0	0	0	0	0	0	73	0	0	0	0	0	0	0	0	0	0	0	0	0	0	0	0	0	0	0	0	0	0	0	0	0	0	0	13	14	0	0	0	0	0	0	0	0	0	0	0	0	0	0	0	0	0	0	0	0	0	0	0	0	0	0	0	0	0	0	0	0	0	0	0	0	0	0	0	0	0	0	0	0	0	0	0	0	0	0	0	0	0	0	0	0	0	0	0	0	0	0	0	0	0	0	0	0	0	0	0	0	0	0	0	0	11	0	0	0	0	0	0	0	0	0	0	0	0	0	0	0	0	0	0	11	0	0	0	0	0	0	0	0	0	0	0	0	0
k__Bacteria;p__Actinobacteria;c__Actinobacteria;o__Propionibacteriales;f__Propionibacteriaceae;g__Propionibacterium	0	0	0	0	0	0	0	0	0	0	0	0	0	0	0	0	0	0	0	0	0	0	0	0	222	0	0	0	0	0	0	0	0	0	0	0	0	0	0	0	0	0	0	0	0	0	0	0	0	0	0	0	0	0	0	0	0	0	0	0	0	0	0	0	0	0	0	0	0	0	0	0	0	0	0	0	0	0	0	0	0	0	0	0	0	0	0	0	0	0	0	0	0	0	0	0	0	0	0	0	0	0	0	0	0	0	0	0	0	0	0	0	0	0	0	0	0	0	0	0	0	0	0	0	0	0	0	0	0	0	0	0	0	0	0	0	0	0	0	0	0	0	0	0	0	0	0	0	0	0	0	0	0	0	0	0	0	0	22	0	0	0	0	0	0	0	0	0	0	0	0	0	0	0	0	0	0	0	0	0	0	0	0	0	0	0	0	0	0	0	0	0	0	0	0	0	0	0	0	0	0	0	0	0	0	0	0	0	0	0	0	0	0	0	0	0	0	0	0	0	0	0	0	0	0	0	0	0	0	0	0	0	0	0	0	0	0	0	0	0	0	9191	0	0	0	0	0	0	0	0	0	0	0	0	0	0	0	0	0	0	0	0	0	843	0	0	0	0	0	0	0	0	0	0	0	0	0	0	0	26	0	0	0	0	0	0	0	0	0	0	0	0	0	0	0	0	0
k__Bacteria;p__Actinobacteria;c__Coriobacteriia;o__Coriobacteriales;f__Coriobacteriaceae;g__Adlercreutzia	0	0	0	0	0	0	0	0	0	0	13	0	0	0	0	0	0	0	0	0	0	0	0	0	0	0	0	0	0	0	0	0	0	0	0	0	0	0	0	0	0	0	0	0	0	0	0	0	0	0	0	0	0	0	0	0	0	0	0	0	0	0	0	0	0	0	0	0	0	0	0	0	0	0	0	0	0	0	0	0	0	0	0	0	0	0	0	0	45	0	0	0	0	0	0	0	0	0	0	0	0	0	0	0	0	0	0	0	0	0	0	0	0	0	0	0	0	0	0	0	0	0	0	0	0	0	0	0	0	0	0	24	0	24	0	0	0	0	0	0	0	24	0	26	0	0	0	0	0	0	0	0	0	0	0	0	0	0	0	0	0	0	0	0	0	0	33	41	0	12	13	14	11	29	0	0	0	0	0	0	0	0	0	0	186	117	126	96	0	0	0	0	0	0	49	0	69	81	90	66	96	0	0	0	0	0	0	0	0	0	0	0	0	0	0	0	14	12	11	16	0	0	0	0	0	0	0	0	0	0	0	0	0	0	0	0	17	16	23	0	14	0	0	86	0	0	0	0	0	0	0	0	0	0	0	0	82	57	0	0	0	93	144	0	105	66	0	0	0	0	0	0	0	0	0	0	0	0	0	0	0	0	0	160	0	0	0	0	0	0	0	0	0	0	0	0	0
k__Bacteria;p__Actinobacteria;c__Coriobacteriia;o__Coriobacteriales;f__Coriobacteriaceae;g__Adlercreutzia-Asaccharobacter	0	24	42	0	31	0	0	0	0	0	66	0	33	0	23	0	0	0	0	0	23	0	0	15	0	0	0	0	0	0	0	0	0	0	12	0	0	0	0	120	12	42	0	76	20	24	16	30	74	0	0	0	0	0	0	0	0	0	0	0	0	0	0	0	0	0	0	0	0	0	0	0	0	0	0	0	0	0	0	0	0	0	0	0	56	25	28	17	144	0	0	0	0	0	0	0	0	0	0	0	0	0	0	0	0	12	0	12	0	18	0	0	0	0	0	0	0	0	0	0	0	0	0	0	0	0	0	0	0	22	16	39	26	71	0	0	14	0	0	11	0	47	0	118	61	0	12	0	70	0	17	33	0	12	14	0	12	17	40	15	25	24	15	15	43	56	24	0	46	38	52	74	45	61	0	0	0	0	0	0	0	0	0	0	230	128	167	154	0	0	0	57	46	52	0	40	37	43	41	33	41	186	125	134	133	190	34	86	0	29	37	0	0	0	0	0	64	55	45	63	59	0	0	0	13	14	292	290	311	251	382	64	82	108	70	66	87	68	102	70	39	0	0	75	0	0	0	0	0	0	0	12	0	0	0	0	144	109	87	82	101	138	191	0	160	169	29	27	0	26	33	112	44	62	41	86	56	75	44	0	0	0	0	200	0	0	0	0	0	78	81	81	82	65	81	120	74
k__Bacteria;p__Actinobacteria;c__Coriobacteriia;o__Coriobacteriales;f__Coriobacteriaceae;g__Atopobium	0	38	38	0	0	0	0	0	0	0	0	0	0	0	0	0	0	0	0	0	0	0	0	0	0	0	0	0	0	0	0	0	0	0	0	0	0	0	0	0	0	0	0	0	0	0	0	0	0	0	0	0	0	0	0	0	0	0	0	0	0	0	0	0	0	0	0	0	0	0	0	0	0	0	0	0	0	0	0	0	0	0	0	0	0	0	0	0	0	0	0	0	0	0	0	0	0	0	0	0	0	0	0	0	0	11	0	0	0	0	0	0	0	0	0	0	0	0	0	0	0	0	0	0	0	0	0	0	0	0	0	0	0	0	0	0	0	0	0	0	0	0	0	0	0	0	0	0	0	0	0	0	0	0	0	0	0	0	0	0	0	0	0	0	0	0	0	0	0	0	0	0	0	0	0	0	0	0	0	0	0	0	0	0	0	0	0	0	0	0	0	0	0	0	0	0	0	0	0	0	0	0	0	0	13	0	0	0	0	0	0	0	0	0	0	0	0	0	0	0	0	0	0	0	0	0	55	37	59	59	84	0	0	0	0	0	0	0	0	0	0	0	0	0	0	0	0	0	0	0	0	0	0	0	0	0	0	0	0	0	0	0	0	0	0	0	0	0	0	0	0	0	0	0	0	0	0	0	0	0	0	0	0	0	0	0	0	0	0	0	0	0	0	0	0	0	0
k__Bacteria;p__Actinobacteria;c__Coriobacteriia;o__Coriobacteriales;f__Coriobacteriaceae;g__Collinsella	2152	443	392	1068	287	14745	6799	13249	3221	14262	1206	961	52	0	6833	12163	12752	10201	13630	150	2905	3698	4714	2645	2074	7559	8335	7013	8892	10399	3131	147	1034	1634	4096	1787	1621	1750	1419	132	404	64	666	263	0	0	0	0	0	14181	20757	8835	16220	9738	4418	2870	9122	3142	5378	1761	2078	1945	1638	2124	146	0	52	0	24	13	0	0	0	0	2941	340	1258	2655	2422	3630	6018	2527	3244	2623	4933	1173	3894	6098	5465	8814	14203	12587	13429	16694	113	1637	1273	2035	2224	2922	890	1202	908	3600	1516	374	1697	184	85	147	121	1525	152	41	0	78	173	395	15	3742	7391	3751	4235	3907	19131	23024	14006	23301	16739	78	328	222	18	0	1188	213	1086	1036	1067	2097	357	2826	877	3077	2909	228	2029	640	2968	7551	7695	14080	8498	6392	4206	1711	1459	2012	3657	8003	8724	9044	5470	6228	8833	9624	8503	7990	9773	911	1473	2020	1620	2240	0	0	0	0	0	3216	3539	4611	4766	3262	0	0	0	0	0	14	374	6821	8254	7070	6053	7404	2495	3653	3034	2173	3956	795	644	590	833	751	1792	4880	442	2404	2790	400	526	433	544	886	1915	1571	1487	1871	1520	699	840	822	923	921	1343	1353	1324	1488	2048	4370	4947	6764	6182	5106	2111	1691	2757	1837	955	0	0	0	0	0	0	0	0	0	0	885	361	573	1303	717	1494	2436	5361	4709	5229	0	0	1694	1498	3081	1438	1966	380	1208	2564	0	0	0	0	601	3302	3895	2862	0	0	0	0	0	48	418	375	458	621	0	0	0	0	0	0	0	0
k__Bacteria;p__Actinobacteria;c__Coriobacteriia;o__Coriobacteriales;f__Coriobacteriaceae;g__Collinsella-Olsenella	0	0	0	0	0	0	0	0	0	0	0	0	0	0	0	0	0	0	0	0	0	0	0	0	0	0	0	25	0	0	0	0	0	0	0	24	0	39	16	0	0	0	0	0	0	0	0	0	0	0	0	0	0	0	0	0	0	0	0	0	0	0	0	0	0	0	0	0	0	0	0	0	0	0	0	0	0	0	0	0	0	0	0	0	0	0	0	0	0	0	0	0	0	0	0	0	0	0	0	0	0	0	0	0	0	0	0	0	0	0	0	0	0	0	0	0	0	0	0	0	0	0	0	0	0	0	0	0	0	0	0	0	0	0	0	0	0	0	0	0	0	0	0	0	0	0	0	0	0	0	0	0	0	0	0	0	0	0	0	22	21	14	11	0	0	0	0	0	0	0	0	0	0	0	0	0	0	0	0	0	0	37	36	33	0	0	0	0	0	0	0	0	0	0	0	0	0	0	0	0	0	0	0	0	0	0	0	0	0	0	0	0	0	0	0	0	0	0	0	0	0	0	0	0	0	0	0	0	0	0	0	0	0	0	0	0	0	0	0	0	0	0	0	0	0	0	0	0	0	0	0	0	0	0	0	0	0	0	0	0	0	0	0	0	0	0	0	0	0	0	0	0	0	0	0	0	0	0	0	0	0	0	0	0	0	0	0	0	0	0	0	0	0	0	0	0	0
k__Bacteria;p__Actinobacteria;c__Coriobacteriia;o__Coriobacteriales;f__Coriobacteriaceae;g__Denitrobacterium	0	0	0	0	0	0	0	0	0	0	0	0	0	0	0	0	0	0	0	0	0	0	0	0	0	0	0	0	0	0	16	0	12	12	16	0	0	0	0	0	0	0	0	0	0	0	0	0	0	0	0	0	0	0	0	0	0	0	0	0	0	0	0	0	0	0	0	0	0	0	0	0	0	0	0	0	0	0	0	0	0	0	0	0	0	0	0	0	0	0	0	0	0	0	0	0	0	0	0	0	0	0	0	0	0	0	0	0	0	0	0	0	0	0	0	0	0	0	0	0	0	0	0	0	0	0	0	0	0	0	0	0	0	0	0	0	0	0	14	0	0	0	0	0	0	0	0	0	0	0	0	0	0	0	0	0	0	0	0	311	281	317	231	250	0	0	0	0	0	0	0	0	0	0	0	0	0	0	0	0	0	0	0	0	0	0	0	0	0	0	0	0	0	0	0	0	0	0	0	0	0	0	0	0	0	0	0	0	0	0	0	0	0	0	0	0	0	0	0	0	0	79	107	102	68	130	0	0	0	0	0	0	0	0	0	0	0	0	0	0	0	0	0	0	0	0	0	0	0	0	0	83	52	66	114	95	0	0	0	0	0	0	0	0	0	0	0	0	0	0	0	0	0	0	0	0	0	0	0	0	0	0	0	0	0	0	0	0	0	0	0	0	0	0	0	0	0
k__Bacteria;p__Actinobacteria;c__Coriobacteriia;o__Coriobacteriales;f__Coriobacteriaceae;g__Eggerthella	372	1902	1867	208	1616	279	951	674	1164	196	582	110	443	80	72	1222	310	837	161	75	169	0	12	99	324	379	15	365	60	575	48	0	20	20	118	0	106	259	0	713	19	370	0	1177	104	0	18	153	244	0	0	0	0	0	56	0	172	0	77	1453	77	682	0	1552	1427	519	1503	1420	1578	341	121	600	200	813	1012	14	1010	58	1148	325	13	147	0	239	88	75	31	15	772	190	31	209	27	258	0	43	0	29	0	154	456	31	430	81	816	908	570	632	366	1049	227	286	128	168	202	265	243	434	986	271	88	181	147	791	25	0	0	0	0	129	131	201	111	633	55	0	45	0	103	262	0	297	0	640	471	0	155	0	830	99	267	409	36	223	127	65	29	78	162	0	0	0	0	0	74	83	63	46	70	0	0	16	0	19	207	205	200	206	277	0	0	0	0	0	30	14	20	17	316	360	108	30	71	55	45	54	19	27	20	27	27	119	90	82	132	111	0	18	0	0	0	97	153	122	93	177	12	0	0	0	0	0	0	0	0	0	205	168	222	191	302	28	26	44	18	36	21	0	14	13	40	0	218	136	258	284	218	353	392	307	264	0	0	0	0	0	31	21	30	28	28	12	29	153	31	28	0	0	0	0	11	0	0	0	0	0	0	18	0	0	392	312	251	32	15	109	68	96	144	0	0	0	0	0	0	0	0
k__Bacteria;p__Actinobacteria;c__Coriobacteriia;o__Coriobacteriales;f__Coriobacteriaceae;g__Eggerthella-Gordonibacter	0	0	0	0	0	0	0	0	0	0	0	0	0	0	0	0	0	0	0	0	0	0	0	0	0	0	0	0	0	0	0	0	0	0	0	0	0	0	0	0	0	0	0	0	0	0	0	0	0	0	0	0	0	0	0	0	0	0	0	0	0	0	0	0	0	0	0	0	0	0	0	0	0	0	0	0	0	0	0	0	0	0	0	0	0	0	0	0	0	0	0	0	0	0	0	0	0	0	0	0	0	0	0	0	0	0	0	0	0	0	0	0	0	0	0	0	0	0	0	0	0	0	0	0	0	0	0	0	0	0	0	0	0	0	0	0	0	0	0	0	0	0	0	0	0	0	0	0	0	0	0	0	0	0	0	0	0	0	0	0	0	0	0	0	0	0	0	0	0	0	0	0	0	0	0	0	0	0	0	0	0	0	0	0	0	0	0	0	0	0	0	0	0	0	0	0	0	0	0	0	0	13	0	0	11	16	0	0	0	0	0	0	0	0	0	0	0	0	0	0	0	0	0	0	0	0	20	21	14	23	22	0	0	0	0	0	0	0	0	0	0	0	0	0	0	0	0	0	0	0	0	0	0	0	0	0	0	0	0	0	11	0	0	0	0	0	0	0	0	0	0	0	0	0	0	0	0	0	0	0	0	0	0	0	0	0	0	0	0	0	0	0	0	0	0	0	0
k__Bacteria;p__Actinobacteria;c__Coriobacteriia;o__Coriobacteriales;f__Coriobacteriaceae;g__Enterorhabdus	0	0	0	0	0	0	0	0	0	0	0	0	0	0	0	0	0	0	0	0	0	0	0	0	0	0	0	17	0	0	43	11	14	38	43	0	18	25	0	0	0	0	0	0	0	0	0	0	0	0	0	0	0	0	0	0	0	0	0	0	0	0	0	0	0	0	0	0	0	0	0	0	0	0	0	0	0	0	0	0	0	0	0	0	0	0	0	0	0	0	0	0	0	0	0	0	0	0	0	0	0	0	0	0	0	0	0	0	0	0	0	0	0	0	0	0	0	0	0	0	0	0	0	0	0	0	0	0	0	0	0	0	0	0	20	12	26	11	30	0	0	0	0	0	0	0	0	0	0	0	0	0	0	0	0	0	0	0	0	0	0	0	0	0	0	0	0	0	0	0	0	0	0	0	0	0	0	0	0	79	67	91	85	71	0	0	0	0	0	0	0	0	0	0	0	0	0	0	0	0	0	0	0	0	0	0	0	0	0	0	0	0	0	0	0	0	0	0	0	0	0	94	132	123	68	184	0	0	0	0	0	0	0	0	0	0	0	0	0	0	0	0	0	0	0	0	0	0	0	0	0	141	43	86	175	87	0	0	0	0	0	0	0	0	0	0	0	0	0	0	0	0	0	0	0	0	0	0	0	0	0	0	0	0	0	0	0	0	0	0	0	0	0	0	0	0	0
k__Bacteria;p__Actinobacteria;c__Coriobacteriia;o__Coriobacteriales;f__Coriobacteriaceae;g__Gordonibacter	0	25	35	0	17	0	14	0	14	0	28	18	27	12	14	0	0	11	0	0	12	0	0	0	0	37	0	28	20	85	0	0	0	0	0	0	0	0	0	39	13	25	0	41	39	19	16	64	87	0	0	0	0	0	0	0	0	0	0	0	0	0	0	0	0	0	0	0	0	0	0	11	0	0	16	0	0	0	0	0	0	0	0	0	24	0	19	0	116	0	0	14	0	25	78	0	0	22	0	0	0	0	0	0	0	0	0	0	0	0	0	0	0	0	0	0	0	0	0	17	14	23	13	42	0	0	0	0	0	19	20	21	16	49	0	0	0	0	0	52	0	92	0	164	75	0	29	0	72	0	0	0	0	0	0	0	0	0	0	0	0	0	0	0	0	0	0	0	0	0	14	14	30	19	11	0	0	0	0	0	0	0	0	0	37	21	23	26	0	0	18	0	0	0	0	0	0	0	0	0	0	24	0	0	15	11	0	0	0	0	0	36	36	52	32	24	21	0	14	19	0	0	0	0	0	0	21	33	36	44	37	25	22	42	21	15	16	12	27	0	0	0	0	15	0	0	0	0	0	0	0	0	0	0	0	0	15	27	35	31	25	23	22	0	27	31	19	24	14	24	31	14	13	0	18	14	0	0	0	0	0	0	0	38	0	21	19	28	43	21	15	22	18	14	0	23	15
k__Bacteria;p__Actinobacteria;c__Coriobacteriia;o__Coriobacteriales;f__Coriobacteriaceae;g__NA	0	0	0	0	0	0	0	0	0	0	0	0	0	0	0	0	0	0	0	30	0	0	0	0	0	0	0	230	0	0	0	0	0	0	0	283	341	304	213	0	0	0	0	0	12	0	0	0	0	184	194	155	305	211	0	0	0	0	0	0	0	0	0	239	0	0	0	0	0	0	0	0	0	0	76	0	18	0	62	0	156	0	58	0	12	0	0	0	12	0	0	0	0	0	0	67	192	140	192	124	0	28	0	538	0	0	0	0	0	0	0	0	0	0	0	0	0	0	0	0	0	0	0	0	107	241	121	111	128	0	0	0	0	0	0	0	0	0	0	0	0	0	0	32	121	0	168	22	100	0	0	0	0	0	0	0	0	0	12	977	863	946	567	614	11	17	15	16	21	0	16	11	21	0	17	0	12	0	25	662	758	976	994	682	11	12	11	12	0	0	18	17	0	11	0	12	18	44	35	30	27	0	0	0	0	0	0	12	0	0	0	14	22	31	19	28	13	17	0	17	17	0	0	0	0	0	0	0	0	0	0	0	0	0	0	0	15	22	11	18	14	0	16	0	19	19	0	0	0	0	0	0	0	0	0	0	0	0	0	0	0	0	0	172	0	0	16	0	0	17	21	28	11	19	17	30	12	12	0	0	0	0	0	21	0	15	0	17	18	29	17	20	22	15	18	35	22
k__Bacteria;p__Actinobacteria;c__Coriobacteriia;o__Coriobacteriales;f__Coriobacteriaceae;g__Olsenella	0	0	0	0	0	0	0	0	0	0	0	0	0	0	0	0	0	0	0	0	0	0	0	0	0	0	0	0	0	0	0	0	0	0	0	0	0	0	0	0	0	0	0	0	0	0	0	0	0	85	42	46	105	45	0	0	0	0	0	0	0	0	0	0	0	0	0	0	0	0	0	0	0	0	0	0	0	0	0	0	0	0	0	0	0	0	0	0	0	0	0	0	0	0	0	0	0	0	0	0	0	0	0	0	0	0	0	0	0	0	0	0	0	0	0	0	0	0	0	0	0	0	0	0	31	76	43	61	17	0	0	0	0	0	0	0	0	0	0	0	0	0	0	0	0	0	0	0	0	0	0	0	0	0	0	0	0	0	0	98	77	92	72	70	0	0	0	0	0	0	0	0	0	0	0	0	0	0	0	0	0	0	0	0	0	0	0	0	0	0	0	0	0	0	0	0	0	0	0	0	0	0	0	0	0	0	0	0	0	0	0	0	0	0	0	0	0	0	0	0	0	0	0	0	0	0	0	0	0	0	0	0	0	0	0	0	0	0	0	0	0	0	0	0	0	0	0	0	0	0	0	0	0	0	0	0	0	0	0	0	0	0	0	0	0	0	0	0	0	0	0	0	0	0	0	0	0	0	0	0	0	0	0	0	0	0	0	0	0	0	0	0	0	0	0	0	0
k__Bacteria;p__Actinobacteria;c__Coriobacteriia;o__Coriobacteriales;f__Coriobacteriaceae;g__Senegalimassilia	0	0	0	0	0	0	0	0	0	0	0	0	0	0	31	0	0	0	0	0	314	65	110	191	0	0	0	20	0	0	57	0	19	35	63	11	13	29	0	0	0	0	0	0	0	0	0	0	0	129	77	100	240	88	54	12	225	0	132	0	0	0	0	0	0	0	0	0	0	0	0	0	0	0	0	0	0	0	0	0	0	0	0	0	0	0	0	0	0	0	0	0	0	0	0	318	189	219	145	566	0	40	0	22	0	0	0	0	0	0	0	0	0	0	0	0	0	0	0	0	0	0	0	0	118	128	112	78	175	0	0	0	0	0	79	27	94	23	174	0	0	13	0	39	306	0	149	17	311	0	0	0	0	0	0	98	0	0	90	196	227	217	134	147	0	0	0	0	0	0	0	0	0	0	0	0	0	0	0	36	57	72	63	54	0	0	0	0	0	0	0	0	0	0	0	0	0	0	0	0	0	0	0	0	0	0	171	446	47	212	256	0	0	0	0	0	17	0	0	12	0	91	96	108	109	132	0	0	0	0	0	0	0	0	0	0	11	0	14	16	0	0	0	0	0	0	0	0	0	0	0	115	59	87	171	93	0	0	0	0	0	0	0	0	0	0	262	250	51	190	341	0	0	0	0	57	260	321	228	0	0	0	0	0	0	0	0	0	0	0	0	0	0	0	0	0	0
k__Bacteria;p__Actinobacteria;c__Coriobacteriia;o__Coriobacteriales;f__Coriobacteriaceae;g__Slackia	0	0	0	0	0	0	0	0	0	0	0	0	0	0	2047	0	0	0	0	0	0	0	0	11	55	0	0	250	0	0	121	11	43	51	157	200	317	156	169	529	140	185	80	220	498	50	40	505	462	293	46	194	81	445	0	0	0	0	0	0	0	0	0	0	0	0	0	0	0	0	0	0	0	0	0	0	0	0	0	0	0	0	0	0	0	0	0	0	0	0	0	0	0	0	0	74	50	76	79	79	0	0	0	44	0	0	0	0	0	0	0	0	0	0	0	0	0	0	0	0	0	0	0	0	127	34	42	35	106	0	0	0	0	0	112	0	76	13	185	413	0	369	0	609	2489	0	509	24	1792	0	0	0	0	0	0	0	0	0	0	151	177	165	134	125	0	0	0	0	0	0	0	0	0	0	0	0	0	0	0	23	27	31	37	26	0	0	0	0	0	0	0	0	0	0	0	0	0	0	0	0	0	0	0	0	0	0	0	0	0	0	0	0	0	0	0	0	0	0	0	0	0	92	95	112	92	164	0	0	0	0	0	0	0	0	0	0	0	0	0	0	0	0	0	0	0	0	0	0	0	0	0	144	51	71	168	97	0	0	0	0	0	0	0	0	0	0	122	203	17	56	192	175	74	99	77	99	0	0	0	0	0	0	0	0	0	0	0	0	0	91	108	105	84	88	149	206	136
k__Bacteria;p__Bacteroidetes;c__Bacteroidia;o__Bacteroidales;f__Bacteroidaceae;g__Bacteroides	3187	5918	3121	1357	2532	13512	12905	13185	9411	7196	10006	0	4994	0	13152	9783	18718	4079	17555	9388	5078	13	1491	3028	11473	1752	1877	5804	3041	1680	2520	54	642	1116	2559	7273	6616	5286	4280	2090	11	1465	27	2758	2572	95	76	2764	2565	1232	0	840	0	587	1521	58	2756	130	1675	22354	7177	12444	1162	19437	8495	0	0	0	0	969	590	2375	562	1367	2074	1966	3501	3870	1710	15069	6268	8441	4283	10818	11419	3630	6685	3437	13529	5777	0	7902	1444	6723	18173	12026	6295	8599	6714	15741	11221	1966	12084	1490	14934	6557	5085	5664	3156	10460	5483	3118	3219	1602	2721	2573	3458	253	7361	8154	3551	7373	2527	7145	2719	27	2300	1290	3017	4371	2161	5768	1480	6213	8360	190	6528	1321	6284	7121	3554	3318	7159	3065	7853	4370	4212	9112	5002	1416	4137	4018	0	4075	4378	267	3956	3889	5912	0	0	0	0	0	0	0	0	0	0	140	288	272	169	310	0	0	0	0	0	0	0	0	0	0	0	0	0	0	0	0	0	0	0	0	0	0	0	0	0	0	0	0	0	0	0	0	0	0	0	0	0	0	0	0	0	0	228	241	152	225	189	27	27	16	80	25	32	27	25	21	45	0	0	0	0	0	247	325	421	211	140	0	0	0	0	0	0	0	0	0	0	16	0	0	20	14	0	0	0	0	0	0	0	1200	0	0	0	0	0	0	0	0	0	0	0	0	0	0	0	0	0	0	0	0	56	0	0	0	0	0	0	0	0	0	0	0	0
k__Bacteria;p__Bacteroidetes;c__Bacteroidia;o__Bacteroidales;f__NA;g__NA	0	0	0	0	0	0	0	0	0	0	0	0	0	0	0	0	0	0	0	0	0	0	0	0	0	0	0	0	0	0	0	0	0	0	0	0	0	0	0	0	0	0	0	0	0	0	0	0	0	0	0	0	0	0	33	0	0	0	0	0	0	0	0	0	0	0	0	0	0	0	0	0	0	0	0	0	0	0	0	0	0	0	0	0	0	0	0	0	0	0	0	0	0	0	0	0	0	0	0	0	0	0	0	0	0	0	0	0	0	0	0	0	0	0	0	0	0	0	0	0	0	0	0	0	0	0	0	0	0	0	0	0	0	0	20	0	23	0	0	11	0	0	0	0	0	0	0	0	0	0	0	0	0	0	33	0	154	114	55	0	0	0	0	0	0	0	0	0	0	0	0	0	0	0	0	0	0	0	0	0	0	0	0	0	0	0	0	0	0	0	0	0	0	0	0	0	0	0	0	0	0	0	0	0	0	0	0	0	0	0	0	0	0	0	0	0	0	0	0	0	0	0	0	0	0	0	0	0	0	0	0	0	0	0	0	0	0	0	0	0	0	0	0	0	0	0	0	0	0	0	0	0	0	0	0	0	0	0	0	0	0	0	0	0	0	0	0	0	0	0	0	0	0	0	0	0	0	0	0	0	0	0	0	0	0	0	0	0	0	0	0	0	0	0	0	0	0
k__Bacteria;p__Bacteroidetes;c__Bacteroidia;o__Bacteroidales;f__Porphyromonadaceae;g__Barnesiella	77	261	98	15	122	0	0	0	0	0	494	0	616	0	101	0	0	0	0	0	122	0	0	62	46	0	0	11	0	0	0	0	0	0	0	0	14	12	0	368	0	84	0	646	379	0	0	288	342	0	0	0	0	0	27	0	119	0	43	0	0	0	0	0	0	0	0	0	0	0	0	0	0	0	54	0	47	0	55	0	0	0	0	0	0	51	0	0	31	45	0	120	0	13	0	33	0	24	0	78	13	0	11	0	99	290	119	270	84	452	187	12	109	26	78	53	0	0	46	20	0	0	0	0	0	0	0	0	0	309	54	351	0	352	0	0	0	0	0	18	0	44	0	14	113	0	77	0	84	0	37	0	0	21	0	0	0	0	0	0	0	0	0	0	0	0	0	0	0	0	0	0	0	0	0	0	0	0	0	0	0	0	0	0	0	0	0	0	0	0	0	0	0	0	0	0	0	0	0	0	0	0	0	0	0	0	0	0	0	0	0	0	0	0	0	0	0	0	0	0	0	0	0	0	0	0	0	0	0	0	0	0	0	0	0	0	0	0	0	0	0	0	0	0	0	0	0	0	0	0	0	0	0	0	0	0	0	0	0	0	0	0	0	0	0	0	0	0	0	0	0	0	0	0	0	0	0	0	0	0	0	0	0	0	0	0	0	0	0	0	0	0	0	0	0	0	0
k__Bacteria;p__Bacteroidetes;c__Bacteroidia;o__Bacteroidales;f__Porphyromonadaceae;g__Butyricimonas	0	0	0	0	0	0	0	0	0	0	0	0	0	0	123	0	0	0	0	0	0	0	0	0	0	14	0	68	0	54	0	0	0	0	0	0	42	76	29	66	0	45	0	128	70	0	0	71	89	59	0	30	0	61	0	0	0	0	0	0	0	0	0	0	0	0	0	0	0	0	0	0	0	0	0	0	0	0	0	0	0	0	0	0	0	77	28	0	230	0	0	0	0	0	0	14	0	13	0	15	0	0	0	0	0	0	0	0	0	0	20	0	0	0	0	0	0	0	0	136	0	95	0	170	49	0	57	0	151	25	0	40	0	0	0	0	0	0	0	114	0	134	0	146	88	0	62	0	79	0	0	0	0	23	0	0	0	0	0	0	0	0	0	0	0	0	0	0	0	0	0	0	0	0	0	0	0	0	0	0	0	0	0	0	0	0	0	0	0	0	0	0	0	0	0	0	0	0	0	0	0	0	0	0	0	0	0	0	0	0	0	0	0	0	0	0	0	0	0	0	0	0	0	0	0	0	0	0	0	0	0	0	0	0	0	0	0	0	0	0	0	0	0	0	0	0	0	0	0	0	0	0	0	0	0	0	0	0	0	0	0	0	0	0	0	0	0	0	0	0	0	0	0	0	0	0	0	0	0	0	0	0	0	0	0	0	0	0	0	0	0	0	0	0	0	0	0
k__Bacteria;p__Bacteroidetes;c__Bacteroidia;o__Bacteroidales;f__Porphyromonadaceae;g__Odoribacter	0	45	14	0	15	0	0	0	0	0	13	0	0	0	0	44	0	38	0	0	124	0	0	83	0	0	0	0	0	0	25	0	0	0	27	0	0	0	0	49	0	12	0	45	25	0	0	25	24	11	0	11	0	11	60	0	64	0	44	0	0	0	0	0	147	0	0	0	0	33	0	86	0	55	21	0	35	0	0	0	0	0	0	0	0	0	0	0	0	0	0	0	0	0	0	0	0	0	0	0	0	0	12	0	123	38	12	19	0	29	82	0	49	0	67	73	87	0	113	14	0	14	0	0	11	0	0	0	0	52	0	117	0	161	102	0	97	0	105	0	0	20	0	0	12	0	15	0	0	0	0	0	0	0	0	0	0	0	58	0	0	0	0	0	0	0	0	0	0	0	0	0	0	0	0	0	0	0	0	0	0	0	0	0	0	0	0	0	0	0	0	0	0	0	0	0	0	0	0	0	0	0	0	0	0	0	0	0	0	0	0	0	0	0	0	0	0	0	0	0	0	0	0	0	0	0	0	0	0	0	0	0	0	0	0	0	0	0	0	0	0	0	0	0	0	0	0	0	0	0	0	0	0	0	0	0	0	0	0	0	0	0	0	40	0	0	0	0	0	0	0	0	0	0	0	0	0	0	0	0	0	0	0	0	0	0	0	0	0	0	0	0	0	0	0	0	0
k__Bacteria;p__Bacteroidetes;c__Bacteroidia;o__Bacteroidales;f__Porphyromonadaceae;g__Parabacteroides	1540	2651	1514	2723	984	321	3204	7608	2430	273	4190	0	12291	0	5478	3505	304	4835	692	360	4605	0	786	4069	1915	1980	534	1151	8895	1433	620	0	170	296	933	845	1661	411	1734	1723	0	2504	0	2360	2307	17	0	3490	1133	601	0	1173	0	597	362	0	1527	15	815	0	0	7062	0	0	575	0	0	0	0	223	242	359	344	570	1181	25	948	148	1067	18	0	0	0	0	1867	1936	4502	347	3011	810	0	2918	481	1126	761	588	52	1692	81	1017	1424	67	4282	81	1817	3241	1811	5299	7310	2325	1701	1643	2863	1139	1141	1021	1836	145	1353	2170	882	4001	4213	2158	749	0	1159	2574	1237	855	961	3409	778	2274	1157	19	3242	588	1281	211	319	488	1031	223	541	64	458	2733	275	263	744	697	0	1751	302	20	415	292	555	0	0	0	0	0	0	0	0	0	0	35	71	68	39	71	0	0	0	0	0	0	0	0	0	0	0	0	0	0	0	0	0	0	0	0	0	0	0	0	0	0	0	0	0	0	0	0	0	0	0	0	0	0	0	0	0	0	29	29	51	56	44	0	0	0	12	14	0	0	0	0	0	0	0	0	0	0	51	61	81	41	40	0	0	0	0	0	0	0	0	0	0	0	0	0	0	0	0	0	0	0	0	0	0	336	0	0	0	0	0	0	0	0	0	0	0	0	0	0	0	0	0	0	0	0	15	0	0	0	0	0	0	0	0	0	0	0	0
k__Bacteria;p__Bacteroidetes;c__Bacteroidia;o__Bacteroidales;f__Porphyromonadaceae;g__Porphyromonas	0	0	0	0	0	0	0	0	0	0	0	0	0	0	0	0	0	0	0	0	0	0	0	0	0	0	0	0	0	0	0	0	0	0	0	0	0	0	0	0	0	0	0	0	0	0	0	0	0	0	0	0	0	0	0	0	0	0	0	0	0	0	0	0	0	0	0	0	0	0	0	0	0	0	0	0	0	0	0	0	0	0	0	0	0	0	0	0	0	0	0	0	0	0	0	0	0	0	0	0	0	0	0	0	0	0	0	0	0	0	0	0	0	0	0	0	0	0	0	0	0	0	0	0	0	0	0	0	0	0	0	0	0	0	0	0	0	0	0	0	0	0	0	0	0	0	0	0	0	0	0	0	0	0	0	0	0	0	0	0	0	0	0	0	0	0	0	0	0	0	0	0	0	0	0	0	0	0	0	0	0	0	0	0	0	0	0	0	0	0	0	0	0	0	0	0	0	0	0	0	0	0	0	0	0	0	0	0	0	0	0	0	0	0	0	0	0	0	0	0	0	0	0	0	0	0	0	13	15	15	21	0	0	0	0	0	0	0	0	0	0	0	0	0	0	0	0	0	0	0	0	0	0	0	0	0	0	0	0	0	0	0	0	0	0	0	0	0	0	0	0	0	0	0	0	0	0	0	0	0	0	0	0	0	0	0	0	0	0	0	0	0	0	0	0	0	0
k__Bacteria;p__Bacteroidetes;c__Bacteroidia;o__Bacteroidales;f__Prevotellaceae;g__Alloprevotella	0	0	0	0	0	0	0	0	0	0	0	0	0	0	0	0	0	0	0	0	0	0	0	0	0	0	0	0	0	0	0	0	0	0	0	494	0	0	52	0	0	0	0	0	0	0	0	0	0	0	0	0	0	0	0	0	0	0	0	0	0	0	0	0	0	0	0	0	0	0	0	0	0	0	0	0	0	0	0	0	0	0	0	0	0	0	0	0	0	0	0	0	0	0	0	0	0	0	0	0	0	0	0	0	0	0	0	0	0	0	0	0	0	0	0	0	0	0	0	0	0	0	0	0	0	0	0	0	0	0	0	0	0	0	0	0	0	0	0	0	0	0	0	0	0	0	0	0	0	0	0	0	0	0	0	0	0	0	0	0	0	0	0	0	0	0	0	0	0	0	0	0	0	0	0	0	0	0	0	0	0	0	0	0	0	0	0	0	0	0	0	0	0	0	0	0	0	0	0	0	0	0	0	0	0	0	0	0	0	0	0	0	0	0	0	0	0	0	0	0	0	0	0	0	0	0	0	0	0	0	0	0	0	0	0	0	0	0	0	0	0	0	0	0	0	0	0	0	0	0	0	0	0	0	0	0	0	0	0	0	0	0	0	98	0	0	0	0	0	0	0	0	0	0	0	0	0	0	0	0	0	0	0	0	0	0	0	0	0	0	0	0	0	0	0	0	0
k__Bacteria;p__Bacteroidetes;c__Bacteroidia;o__Bacteroidales;f__Prevotellaceae;g__NA	13	0	0	23	0	0	0	0	0	0	0	0	0	0	0	0	0	0	0	0	0	0	26	0	0	0	0	0	0	0	38	0	20	31	34	0	0	0	0	0	0	0	0	0	0	0	0	0	0	0	0	0	11	0	16	0	0	0	0	0	0	0	0	0	0	0	0	0	0	0	0	0	0	0	0	0	0	0	0	0	0	0	0	0	0	0	0	0	0	0	0	0	0	20	0	0	0	76	181	0	0	0	0	0	0	0	19	0	0	0	0	0	11	62	0	0	0	0	0	0	12	0	26	14	0	0	0	27	0	0	0	16	66	0	65	0	38	1071	52	0	0	0	0	0	0	0	0	0	0	0	0	0	0	0	37	0	121	64	134	18	14	19	16	0	0	0	0	0	0	0	0	0	0	0	0	0	0	0	0	0	0	0	0	0	0	0	0	0	0	0	0	0	0	0	0	0	0	0	0	0	0	0	0	0	0	0	0	0	0	0	0	0	0	0	0	0	0	0	0	0	0	0	0	0	12	0	0	0	0	0	0	0	0	0	0	0	0	0	0	0	0	0	0	0	0	0	0	0	0	0	0	0	0	0	28	0	0	0	0	0	0	0	0	25	0	0	0	0	0	0	0	0	0	0	0	0	0	0	0	0	0	0	0	0	0	0	0	0	0	0	0	0	0	0	0	0	0
k__Bacteria;p__Bacteroidetes;c__Bacteroidia;o__Bacteroidales;f__Prevotellaceae;g__Paraprevotella	0	0	0	0	0	0	0	0	0	0	0	0	0	0	0	0	0	0	0	0	0	0	0	0	0	0	0	0	0	0	0	0	0	0	0	0	0	0	0	0	0	0	0	0	0	0	0	0	0	0	0	0	0	0	0	0	0	0	0	0	0	0	0	0	0	0	0	0	0	0	0	0	0	0	0	0	0	0	0	0	0	0	0	0	0	0	0	0	0	0	0	0	0	0	0	0	0	0	0	0	0	0	0	0	0	0	0	0	0	0	0	0	0	0	0	0	0	0	0	0	0	0	0	0	0	0	0	0	0	0	0	0	0	0	0	0	0	0	0	0	0	0	0	0	0	0	0	0	0	0	0	0	0	0	0	0	0	0	0	0	0	0	0	0	0	0	0	0	0	0	0	0	0	0	0	0	0	0	0	0	0	0	0	0	0	0	0	0	0	0	0	0	0	0	0	0	0	0	0	0	0	0	0	0	0	0	0	0	0	0	0	0	0	0	0	0	0	0	0	0	0	0	0	0	0	0	0	0	0	0	0	0	0	0	0	0	0	0	0	0	0	0	0	0	0	0	0	0	0	0	0	0	0	0	0	0	0	0	0	0	0	0	0	11	0	0	0	0	0	0	0	0	0	0	0	0	0	0	0	0	0	0	0	0	0	0	0	0	0	0	0	0	0	0	0	0	0
k__Bacteria;p__Bacteroidetes;c__Bacteroidia;o__Bacteroidales;f__Prevotellaceae;g__Prevotella	0	0	0	0	0	0	0	0	0	0	0	0	0	0	0	0	0	0	0	0	0	0	0	0	0	0	0	0	0	0	0	0	0	0	0	0	0	0	0	0	0	0	0	0	0	0	0	0	0	0	0	0	0	0	0	0	0	0	0	0	0	0	0	0	0	0	0	0	0	0	0	0	0	0	0	0	0	0	0	0	0	0	0	0	0	0	0	0	0	0	0	0	0	0	0	0	0	14	75	0	0	0	0	0	0	0	0	0	0	0	0	0	0	0	0	0	0	0	0	0	0	0	0	0	0	0	0	26	0	0	0	0	0	0	0	0	0	457	0	0	0	0	0	0	0	0	0	0	0	0	0	0	0	0	29	0	107	75	57	77	75	57	83	53	0	0	0	0	0	0	0	0	0	0	0	0	0	0	0	0	0	0	0	0	0	0	0	0	0	0	0	0	0	0	0	0	0	0	0	0	0	0	0	0	0	0	0	0	0	0	0	0	0	0	0	0	0	0	0	0	0	18	16	22	13	25	0	12	0	0	0	0	0	0	0	0	0	0	0	0	0	0	0	0	0	0	0	0	0	0	0	26	13	14	38	19	0	0	0	0	0	0	0	0	0	0	0	0	0	0	0	0	0	0	0	0	0	0	0	0	0	0	0	0	0	0	0	0	0	0	0	0	0	0	0	0	0
k__Bacteria;p__Bacteroidetes;c__Bacteroidia;o__Bacteroidales;f__Rikenellaceae;g__Alistipes	95	282	130	51	106	0	100	88	95	0	681	0	1082	0	424	116	0	69	0	0	595	0	0	274	0	161	0	171	14	140	159	0	11	33	118	12	33	51	0	317	0	211	0	632	399	0	0	303	288	171	0	103	0	119	180	0	350	0	192	251	20	197	0	171	514	0	0	0	0	52	0	141	0	147	93	0	55	0	68	407	21	1599	16	252	72	139	93	20	634	249	0	452	0	279	0	58	0	78	14	91	40	0	39	0	71	152	76	102	56	175	312	23	121	15	98	142	123	0	275	210	52	179	49	297	77	0	53	44	89	212	53	287	0	352	133	0	173	0	139	312	33	511	47	269	205	0	174	55	141	81	264	160	0	169	226	0	245	184	334	0	0	0	0	0	0	0	0	0	0	15	30	31	13	39	0	0	0	0	0	0	0	0	0	0	0	0	0	0	0	0	0	0	0	0	0	0	0	0	0	0	0	0	0	0	0	0	0	0	0	0	0	0	0	0	0	0	31	27	12	29	22	0	0	0	0	0	0	0	0	0	0	0	0	0	0	0	33	59	80	23	25	0	0	0	0	0	0	0	0	0	0	0	0	0	0	0	0	0	0	0	0	0	0	39	0	0	0	0	0	0	0	0	0	0	0	0	0	0	0	0	0	0	0	0	0	0	0	0	0	0	0	0	0	0	0	0	0
k__Bacteria;p__Bacteroidetes;c__Bacteroidia;o__Bacteroidales;f__Rikenellaceae;g__NA	0	0	0	0	0	0	0	0	0	0	0	0	0	0	0	0	0	0	0	0	0	0	0	0	0	0	0	0	0	0	0	0	0	0	0	0	0	0	0	0	0	0	0	0	0	0	0	0	0	0	0	0	0	0	0	0	0	0	0	0	0	0	0	0	0	0	0	0	0	0	0	0	0	0	0	0	0	0	0	0	0	0	0	0	0	0	0	0	0	0	0	0	0	0	0	0	0	0	0	0	0	0	0	0	0	0	0	0	0	0	18	33	22	12	13	16	15	0	0	0	0	0	0	0	0	0	0	0	0	0	15	16	0	0	0	0	0	0	0	0	0	0	0	0	0	0	0	0	0	0	0	0	0	0	0	0	0	0	0	0	0	0	0	0	0	0	0	0	0	0	0	0	0	0	0	0	0	0	0	0	0	0	0	0	0	0	0	0	0	0	0	0	0	0	0	0	0	0	0	0	0	0	0	0	0	0	0	0	0	0	0	0	0	0	0	0	0	0	0	0	0	0	0	0	0	0	0	0	0	0	0	0	0	0	0	0	0	0	0	0	0	0	0	0	0	0	0	0	0	0	0	0	0	0	0	0	0	0	0	0	0	0	0	0	0	0	0	0	0	0	0	0	0	0	0	0	0	0	0	0	0	0	0	0	0	0	0	0	0	0	0	0	0	0	0	0	0
k__Bacteria;p__Bacteroidetes;c__Flavobacteriia;o__Flavobacteriales;f__Flavobacteriaceae;g__Cloacibacterium	0	0	0	0	0	0	0	0	0	0	0	0	0	0	0	0	0	0	0	0	0	0	0	0	0	0	0	0	0	0	0	0	0	0	0	0	0	0	0	0	0	0	0	0	0	0	0	0	0	0	0	0	0	0	0	0	0	0	0	0	0	0	0	0	0	0	0	0	0	0	0	0	0	0	0	0	0	0	0	0	0	0	0	0	0	0	0	0	0	0	0	0	0	0	0	0	0	0	0	0	0	0	0	0	0	0	0	0	0	0	0	0	0	0	0	0	0	0	0	0	0	0	0	0	0	0	0	0	0	0	0	0	0	0	0	0	0	0	0	0	0	0	0	0	0	0	0	0	0	0	0	0	0	0	0	0	0	0	26	0	0	0	0	0	0	0	0	0	0	0	0	0	0	0	0	0	0	0	0	0	0	0	0	0	0	0	0	0	0	0	0	0	0	0	0	0	0	0	0	0	0	0	0	0	0	0	0	0	0	0	0	0	0	0	0	0	0	0	0	0	0	0	0	0	0	0	0	0	0	0	0	0	0	0	0	0	0	0	0	0	0	0	0	0	0	0	0	0	0	0	0	0	0	0	0	0	0	0	0	0	0	0	0	0	0	0	0	0	0	0	0	0	0	0	0	0	0	0	0	0	0	0	0	0	0	0	0	0	0	0	0	0	0	0	0	0	0
k__Bacteria;p__Cyanobacteria;c__Chloroplast;o__NA;f__NA;g__NA	0	0	0	0	0	0	0	0	0	0	0	0	0	0	0	0	0	0	0	0	0	0	0	0	496	0	0	0	0	0	0	0	0	0	0	0	0	0	0	0	0	0	0	0	0	0	0	0	0	0	0	0	0	0	0	0	0	0	0	0	0	0	0	0	0	0	0	0	0	0	0	0	0	0	0	0	0	0	0	0	0	0	0	0	0	0	0	0	0	0	0	0	0	0	0	0	0	0	0	0	0	0	0	0	0	0	0	0	0	0	0	0	0	0	0	0	0	0	0	0	0	0	0	0	0	0	0	0	0	0	0	0	0	0	0	0	0	0	0	0	0	0	0	0	0	0	0	0	0	0	0	0	0	0	0	0	0	0	0	0	0	0	0	0	0	0	0	0	0	0	0	0	0	0	0	0	0	0	0	0	0	0	0	0	0	0	0	0	0	0	0	0	0	0	0	0	0	0	0	0	0	0	0	0	0	0	0	0	0	0	0	0	0	0	0	0	0	0	0	0	0	0	0	0	0	0	0	0	0	0	0	0	0	0	0	0	0	0	0	0	0	0	0	0	0	0	0	0	0	0	0	0	0	0	0	0	0	0	0	0	0	0	0	0	0	0	0	0	0	0	0	0	0	0	0	0	0	0	0	0	0	0	0	0	0	0	0	0	0	0	0	0	0	0	0	0	0
k__Bacteria;p__Cyanobacteria;c__Cyanobacteria;o__NA;f__NA;g__NA	0	0	0	0	0	0	0	0	0	0	0	0	0	0	0	0	0	0	0	0	0	0	0	0	0	0	0	0	0	0	0	0	0	0	0	0	0	0	0	0	0	0	0	0	0	0	0	0	0	0	0	0	0	0	0	0	0	0	0	0	0	0	0	0	0	0	0	0	0	0	0	0	0	0	0	0	0	0	0	0	0	0	0	0	0	0	0	0	0	0	0	0	0	0	0	0	0	0	0	0	0	0	0	0	0	0	0	0	0	0	0	0	0	0	0	0	0	0	0	0	0	0	0	0	0	0	0	0	0	0	0	0	0	0	0	0	0	0	0	0	0	0	0	0	0	0	0	0	0	0	0	0	0	0	0	0	0	0	0	0	0	0	0	0	0	0	0	0	0	0	0	0	0	0	0	0	0	0	0	0	0	0	0	0	0	0	0	0	0	0	0	0	0	0	0	0	0	0	0	0	0	0	0	0	0	0	0	0	0	0	0	0	0	0	0	0	0	0	0	0	0	0	0	0	0	0	0	0	0	0	0	0	0	0	0	0	0	0	0	0	0	0	0	0	0	0	0	0	0	0	0	0	0	0	0	0	0	0	0	0	0	0	0	25	0	0	0	0	0	0	0	0	0	0	0	0	0	0	0	0	0	0	0	0	0	0	0	0	0	0	0	0	0	0	0	0	0
k__Bacteria;p__Deinococcus-Thermus;c__Deinococci;o__Thermales;f__Thermaceae;g__Thermus	0	0	0	0	0	0	0	0	0	0	0	0	0	0	0	0	0	0	0	0	0	0	0	0	0	0	0	0	0	0	0	0	0	0	0	0	0	0	0	0	0	0	0	0	0	0	0	0	0	0	0	0	0	0	0	0	0	0	0	0	0	0	0	0	0	0	0	0	0	0	0	0	0	0	0	0	0	0	0	0	0	0	0	0	0	0	0	0	0	0	0	0	0	0	0	0	0	0	0	0	0	0	0	0	0	0	0	0	0	0	0	0	0	0	0	0	0	0	0	0	0	0	0	0	0	0	0	0	0	0	0	0	0	0	0	0	0	0	0	0	0	0	0	0	0	0	0	0	0	0	0	0	0	0	0	0	0	0	0	0	0	0	0	0	0	0	0	0	0	0	0	0	0	0	0	0	0	0	0	0	0	0	0	0	0	0	0	0	0	0	0	0	0	0	0	0	0	0	0	0	0	0	0	0	0	0	0	0	0	0	0	0	0	0	0	0	0	0	0	0	0	0	0	0	0	0	0	0	0	0	0	0	0	0	0	0	0	0	0	0	0	0	0	0	0	0	0	0	0	0	0	0	0	0	0	0	0	0	0	0	0	0	0	23	0	0	0	0	0	0	0	0	0	0	0	0	0	0	0	0	0	0	0	0	0	0	0	0	0	0	0	0	0	0	0	0	0
k__Bacteria;p__Firmicutes;c__Bacilli;o__Bacillales;f__Bacillaceae;g__Bacillus	0	0	0	0	0	0	0	0	0	0	0	11	0	0	0	0	0	0	0	0	0	0	0	0	0	0	0	0	0	0	0	0	0	0	0	0	0	0	0	0	0	0	0	0	0	0	0	0	0	0	0	0	0	0	0	0	0	0	0	0	0	0	0	0	22	46	0	124	17	0	0	0	0	0	0	0	0	0	0	0	0	0	0	0	37	30	28	76	0	0	0	0	0	0	0	0	0	0	0	0	0	0	0	0	0	0	0	0	0	0	0	0	0	0	0	0	0	0	0	0	0	0	0	0	0	0	0	0	0	0	0	0	0	0	0	0	0	0	0	0	0	0	0	0	0	0	0	0	0	0	0	0	0	0	0	0	0	0	24	0	0	0	0	0	0	0	0	0	0	0	0	0	0	0	0	0	0	0	0	0	0	0	0	0	0	0	0	0	0	0	0	0	0	0	0	0	0	0	0	0	0	0	0	0	0	0	0	0	0	0	0	0	0	0	0	0	0	0	0	0	0	0	0	0	0	0	0	0	0	0	0	0	0	0	0	0	0	0	0	0	0	0	0	0	0	0	0	0	0	0	0	0	0	0	0	0	0	0	0	0	0	0	0	2062	0	0	0	0	0	0	0	0	0	0	0	0	0	0	0	0	0	0	0	0	0	0	0	0	0	0	0	0	0	0	0	0	0
k__Bacteria;p__Firmicutes;c__Bacilli;o__Bacillales;f__Family XI;g__Gemella	0	0	0	0	0	0	0	0	0	0	0	0	0	0	0	0	0	0	0	0	0	0	0	0	0	0	0	0	0	0	0	0	0	0	0	0	0	0	0	0	0	0	0	0	0	0	0	0	0	0	0	0	0	0	0	0	0	0	0	0	0	0	0	0	0	0	0	0	0	0	0	0	0	0	0	0	0	0	0	0	0	0	0	0	0	0	0	0	0	0	0	0	0	0	0	0	0	0	0	0	0	0	0	0	0	0	0	0	0	0	0	0	0	0	0	0	0	0	0	0	0	0	0	0	0	0	0	0	0	0	0	0	0	0	0	0	0	0	0	0	0	0	0	0	0	0	0	0	0	0	0	0	0	0	0	0	0	0	0	0	0	0	0	0	0	0	0	0	0	0	0	0	0	0	0	0	0	0	0	0	0	0	0	0	0	0	0	0	0	0	0	0	0	0	0	0	0	0	0	0	0	0	0	0	0	0	0	0	0	0	0	0	0	0	0	0	0	0	0	0	0	0	0	0	0	0	17	11	0	14	25	0	0	0	0	0	0	0	0	0	0	0	0	0	0	0	0	0	0	0	0	0	0	0	0	0	0	0	0	0	0	0	0	0	0	0	0	0	0	0	0	0	0	0	0	0	0	0	0	0	0	0	0	0	0	0	0	0	0	0	0	0	0	0	0	0	0
k__Bacteria;p__Firmicutes;c__Bacilli;o__Bacillales;f__Paenibacillaceae;g__Paenibacillus	0	69	344	0	348	18	51	0	55	17	0	0	0	0	0	0	0	0	0	32	0	0	0	0	0	33	19	23	31	39	26	48	27	32	55	0	0	0	0	0	0	0	0	0	30	51	36	34	42	0	0	0	0	0	25	22	27	38	39	0	0	0	0	0	0	0	0	0	0	13	14	22	27	29	0	0	0	0	0	159	45	54	22	132	0	0	0	0	0	0	0	14	0	15	36	0	0	0	0	0	0	0	0	0	0	0	0	0	0	0	0	0	0	0	0	0	0	0	0	0	0	0	0	0	17	42	41	26	19	0	0	0	0	0	0	0	0	0	0	0	0	0	0	0	0	0	0	0	0	0	0	0	0	0	0	0	0	0	0	13	23	0	18	0	164	224	145	145	257	69	109	110	48	165	257	275	258	211	346	11	11	11	13	11	707	661	501	292	741	517	266	63	71	56	199	232	14	28	27	22	41	0	0	0	0	0	15	39	0	26	16	0	0	0	13	33	118	124	78	103	48	202	156	199	260	149	391	269	288	242	393	163	181	239	190	202	99	89	168	112	83	0	13	0	22	16	0	36	25	15	14	20	0	0	44	12	0	22	11	0	16	0	15	0	15	26	157	216	54	133	178	201	110	114	120	342	816	928	604	0	537	410	320	795	0	260	84	127	274	130	124	85	75	122	117	106	103
k__Bacteria;p__Firmicutes;c__Bacilli;o__Bacillales;f__Planococcaceae;g__Lysinibacillus	0	0	0	0	0	0	0	0	0	0	0	0	0	0	0	0	0	0	0	0	0	0	0	0	0	0	0	0	0	0	0	0	0	0	0	0	0	0	0	0	0	0	0	0	0	0	0	0	0	0	0	0	0	0	0	0	0	0	0	0	0	0	0	0	0	0	0	0	0	0	0	0	0	0	0	0	0	0	0	0	0	0	0	0	0	0	0	0	0	0	0	0	0	0	0	0	0	0	0	0	0	0	0	0	0	0	0	0	0	0	0	0	0	0	0	0	0	0	0	0	0	0	0	0	0	0	0	0	0	0	0	0	0	0	0	0	0	0	0	0	0	0	0	0	0	0	0	0	0	0	0	0	0	0	0	0	0	0	0	0	0	0	0	0	0	0	0	0	0	0	0	0	0	0	0	0	0	0	0	0	0	0	0	0	0	0	0	0	0	0	0	0	0	0	0	0	0	0	0	0	0	183	190	209	204	200	0	0	0	0	0	0	0	0	0	0	0	0	0	0	0	0	0	0	0	0	0	0	0	0	0	0	0	0	0	0	0	0	0	0	0	0	0	0	0	0	0	0	0	0	0	0	0	0	0	0	0	0	0	0	0	0	0	0	0	0	0	0	0	0	0	0	0	0	0	0	0	0	0	0	0	0	0	0	0	0	0	0	0	0	0	0	0	0	0	0	0
k__Bacteria;p__Firmicutes;c__Bacilli;o__Bacillales;f__Staphylococcaceae;g__Staphylococcus	0	0	0	0	0	0	0	0	0	0	0	0	0	0	0	0	0	0	0	0	0	0	0	0	41	0	0	0	0	0	0	0	0	0	0	0	0	0	0	0	0	0	0	0	0	0	0	0	0	0	0	0	0	0	0	0	0	0	0	0	0	0	0	0	0	0	0	0	0	0	0	0	0	0	0	0	0	0	0	0	0	0	0	0	0	0	0	0	0	0	0	0	0	0	0	0	0	0	0	0	0	0	0	0	0	0	0	0	0	0	0	0	0	0	0	0	0	0	0	0	0	0	0	0	0	0	0	0	0	0	0	0	0	0	0	0	0	0	0	0	0	0	0	0	0	0	0	0	0	0	0	0	0	0	0	0	0	0	55	0	0	0	0	0	0	0	0	0	0	0	0	0	0	0	0	0	0	0	0	0	0	0	0	0	0	0	0	0	0	0	0	0	0	0	0	0	0	0	0	0	0	0	0	0	0	0	0	0	0	0	0	0	0	0	0	0	0	0	0	0	0	0	0	0	0	0	0	0	0	0	0	0	0	0	0	0	0	0	0	0	0	0	0	0	0	0	0	0	0	0	0	0	0	0	0	0	0	0	0	0	0	0	0	201	0	0	0	0	0	0	0	0	0	0	0	0	0	0	0	0	0	0	0	0	0	0	0	0	0	0	0	0	0	0	0	0	0
k__Bacteria;p__Firmicutes;c__Bacilli;o__Lactobacillales;f__Carnobacteriaceae;g__Carnobacterium	2318	13917	10311	1548	9308	5063	8489	1200	9713	2085	0	0	0	0	0	0	0	0	0	6832	0	0	0	0	0	3425	592	3089	828	9840	2997	276	1784	3047	7265	0	0	0	0	0	0	0	0	0	4450	1296	1325	5764	9376	0	0	0	0	0	1678	1680	7450	2121	9067	0	0	0	0	0	0	0	0	0	0	525	109	1656	98	7232	0	0	0	0	0	10850	6653	8108	3462	8699	0	0	0	0	0	341	190	817	113	3715	10023	0	0	0	0	0	0	0	0	0	0	0	0	0	0	0	0	0	0	0	0	0	0	0	0	0	0	0	0	0	2975	1092	4000	460	7572	0	0	0	0	0	0	0	0	0	0	0	0	0	0	0	0	0	0	0	0	0	0	0	0	0	0	0	0	0	572	0	0	0	0	0	0	0	0	0	0	0	0	0	0	0	0	0	0	0	0	0	0	0	0	0	0	0	0	0	0	0	0	0	0	0	0	0	0	0	0	0	0	0	0	0	0	0	0	0	0	0	0	0	0	0	0	0	0	0	0	0	0	0	0	0	0	0	0	0	0	0	0	0	0	0	0	0	0	0	0	0	0	0	0	0	0	0	0	0	0	0	0	0	0	0	0	0	0	0	0	0	0	0	0	240	0	0	0	0	0	0	0	0	0	0	0	0	0	0	0	0	0	0	0	0	0	0	0	0	0	0	0	0	0	0	0	0	0
k__Bacteria;p__Firmicutes;c__Bacilli;o__Lactobacillales;f__Carnobacteriaceae;g__Granulicatella	0	0	0	0	0	0	0	0	0	0	0	0	0	0	0	0	0	0	0	0	0	0	0	0	55	0	0	0	0	0	0	0	0	0	0	0	0	0	0	0	0	0	0	0	0	0	0	0	0	0	0	0	0	0	0	0	0	0	0	0	0	0	0	0	0	0	0	0	0	0	0	0	0	0	0	0	0	0	0	0	0	0	0	0	0	0	0	0	0	0	0	0	0	0	0	0	0	0	0	0	0	0	0	0	0	0	0	0	0	0	0	0	0	0	0	0	0	0	0	0	0	0	0	0	0	0	0	0	0	0	0	0	0	0	0	0	0	0	0	0	0	0	0	0	0	0	0	0	0	0	0	0	0	0	0	0	0	0	0	0	0	0	0	0	0	0	0	0	0	0	0	0	0	0	0	0	0	0	0	0	0	0	0	0	0	0	0	0	0	0	0	0	0	0	0	0	0	0	0	0	0	0	0	0	0	0	0	0	0	0	0	0	17	11	15	19	0	0	0	0	0	0	0	0	0	0	0	0	0	0	0	0	0	0	0	0	0	0	0	0	0	0	0	0	0	0	0	0	0	0	0	0	0	0	0	0	0	0	0	0	0	0	0	0	0	0	0	0	0	0	0	0	0	0	0	0	0	0	0	0	0	0	0	0	0	0	0	0	0	0	0	0	0	0	0	0	0
k__Bacteria;p__Firmicutes;c__Bacilli;o__Lactobacillales;f__Enterococcaceae;g__Enterococcus	11	0	0	0	0	12	27	0	0	0	0	0	0	0	0	86	333	0	44	618	86	23	133	58	0	0	0	0	0	0	0	0	0	0	0	0	0	0	43	0	0	0	0	0	0	0	0	0	0	546	188	404	228	294	244	139	117	183	81	610	652	188	99	444	0	0	0	0	0	0	0	0	0	0	0	0	0	0	0	205	1020	141	572	130	0	0	0	0	0	0	0	11	0	18	0	0	0	0	0	0	0	0	0	0	0	0	0	0	0	0	0	0	11	0	0	0	0	0	0	0	0	0	0	0	43	1424	327	380	15	0	0	0	0	0	0	0	0	0	0	0	0	0	0	0	0	0	0	0	0	0	0	0	0	0	172	30	83	82	66	0	0	0	0	0	0	0	0	0	0	0	0	0	0	0	0	0	0	0	0	0	0	0	0	0	0	0	0	0	0	0	0	0	0	0	0	0	0	0	0	0	0	575	657	569	795	637	0	0	0	0	0	0	0	0	0	0	0	0	0	0	0	0	0	0	0	0	0	0	0	0	0	0	0	0	0	0	0	0	0	0	0	0	0	0	0	0	0	0	0	0	0	0	0	0	0	0	0	0	0	0	0	0	0	225	0	0	0	0	0	0	0	0	0	0	0	0	0	0	0	0	0	0	0	0	0	0	0	0	0	0	0	0	0	0	0	0	0
k__Bacteria;p__Firmicutes;c__Bacilli;o__Lactobacillales;f__Lactobacillaceae;g__Lactobacillus	0	0	0	0	0	208	15	0	0	0	0	478	0	14	66	0	0	0	0	0	0	0	0	0	0	0	0	0	0	0	74	749	278	384	72	0	0	0	0	0	2517	0	0	0	0	0	0	0	0	0	398	0	1833	0	0	0	0	0	0	0	0	0	0	0	0	0	0	0	0	0	0	92	0	0	0	0	0	0	0	0	19	0	0	0	0	0	0	0	0	0	149	0	0	0	0	0	0	22	0	0	0	7190	0	0	0	0	0	0	0	0	0	0	0	0	0	0	0	28	0	0	0	0	0	0	0	1276	280	125	0	0	13	0	0	0	28	604	33	0	19	0	0	0	0	0	0	0	0	0	0	52	24	0	181	0	1164	2906	3386	4515	4508	0	0	0	0	0	0	0	0	0	0	0	0	0	0	0	0	0	0	0	0	0	0	0	0	0	0	0	0	0	0	0	0	0	0	0	0	0	29	50	35	38	65	0	0	0	0	0	35	93	11	41	59	0	0	0	0	0	0	0	0	0	0	1138	1122	1289	966	1637	0	0	0	0	0	0	0	0	0	0	0	0	0	0	0	0	0	0	0	0	0	0	0	0	0	1174	503	816	1594	924	0	0	11	0	0	0	0	157	0	0	0	13	0	0	25	0	0	0	0	19	53	70	57	0	0	0	0	0	0	0	0	0	0	0	0	0	0	0	0	0	0
k__Bacteria;p__Firmicutes;c__Bacilli;o__Lactobacillales;f__Lactobacillaceae;g__Pediococcus	0	0	0	0	0	0	0	0	0	0	0	0	0	0	0	0	0	0	0	0	0	0	0	0	0	0	0	0	0	0	0	0	0	0	0	0	0	0	0	0	0	0	0	0	0	0	0	0	0	0	0	0	0	0	0	0	0	0	0	0	0	0	0	0	0	1309	0	74	0	0	0	0	0	0	0	0	0	0	0	0	0	0	0	0	0	0	0	0	0	0	0	0	0	0	0	0	0	0	0	0	0	0	0	0	0	0	0	0	0	0	0	0	0	0	0	0	0	0	0	0	0	0	0	0	0	0	0	0	0	0	0	0	0	0	0	0	0	0	0	0	0	0	0	0	0	0	0	0	0	0	0	0	0	0	0	0	0	0	0	0	0	0	0	0	0	0	0	0	0	0	0	0	0	0	0	0	0	0	0	0	0	0	0	0	0	0	0	0	0	0	0	0	0	0	0	0	0	0	0	0	0	0	0	0	0	0	0	0	0	0	0	0	0	0	0	0	0	0	0	0	0	0	0	0	0	0	0	0	0	0	0	0	0	0	0	0	0	0	0	0	0	0	0	0	0	0	0	0	0	0	0	0	0	0	0	0	0	0	0	0	0	0	0	0	0	0	0	0	0	0	0	0	0	0	0	0	0	0	0	0	0	0	0	0	0	0	0	0	0	0	0	0	0	0	0	0	0
k__Bacteria;p__Firmicutes;c__Bacilli;o__Lactobacillales;f__Leuconostocaceae;g__Leuconostoc	0	0	0	0	0	0	0	0	0	0	0	0	0	0	0	0	0	0	0	0	0	0	0	0	0	0	0	0	0	0	0	0	0	0	0	0	0	0	0	0	0	0	0	0	0	0	0	0	0	0	0	0	0	0	0	0	0	0	0	0	0	0	0	0	0	0	0	0	0	0	0	0	0	0	0	0	0	0	0	0	0	0	0	0	0	0	0	0	0	13	0	16	0	13	0	0	0	0	0	0	0	0	0	0	0	0	0	0	0	0	0	0	0	0	0	0	0	0	0	0	0	0	0	0	0	0	0	0	0	0	0	0	0	0	0	0	0	0	0	0	0	0	0	0	0	0	0	0	0	0	0	23	0	0	0	0	0	0	0	0	0	0	0	0	69	56	52	48	69	0	0	0	0	0	0	0	0	0	0	0	0	0	0	0	0	0	0	0	0	0	0	67	54	57	41	48	0	0	0	0	0	0	0	0	0	0	0	0	0	0	0	0	0	0	0	0	0	0	0	0	0	0	0	0	0	0	0	0	0	0	0	0	0	0	0	0	0	0	0	0	0	0	0	0	0	0	0	0	0	0	0	0	0	0	0	0	0	0	0	0	0	0	0	0	0	0	0	0	0	0	0	0	0	0	0	0	0	0	0	0	0	0	0	0	0	0	0	0	0	0	0	0	0	0	0	0	0
k__Bacteria;p__Firmicutes;c__Bacilli;o__Lactobacillales;f__Leuconostocaceae;g__Weissella	0	0	0	0	0	0	0	0	0	0	0	0	0	0	0	0	0	0	0	0	0	0	0	0	0	0	0	0	0	0	0	0	0	0	0	0	0	0	0	0	0	0	0	0	0	0	0	0	0	0	0	0	0	0	0	0	0	0	0	0	0	0	0	0	0	0	0	0	0	0	0	0	0	0	0	0	0	0	0	0	0	0	0	0	0	0	0	0	0	0	0	12	0	0	0	0	0	0	0	0	0	0	0	0	0	0	0	0	0	0	0	0	0	0	0	0	0	0	0	0	0	0	0	0	0	0	0	0	0	0	0	0	0	0	0	0	0	0	0	0	0	0	0	0	0	0	0	0	0	0	0	0	0	0	36	14	0	12	0	0	0	0	0	0	0	0	0	0	0	0	0	0	0	0	0	0	0	0	0	0	0	0	0	0	0	0	0	0	0	0	0	0	0	0	0	0	0	0	0	0	0	0	0	0	0	0	0	0	0	0	0	0	0	0	0	0	0	0	0	0	0	0	0	0	0	18	0	0	0	0	0	0	0	0	0	0	0	0	0	0	0	0	0	0	0	0	0	0	0	0	0	12	0	13	12	0	0	0	0	0	0	0	0	0	0	0	0	0	0	0	0	0	0	0	0	0	0	0	0	10748	0	0	0	0	0	0	0	0	0	0	0	0	0	0	0	0	0
k__Bacteria;p__Firmicutes;c__Bacilli;o__Lactobacillales;f__NA;g__NA	0	0	0	0	0	0	0	0	0	0	0	0	0	0	0	0	0	0	0	0	0	0	0	0	0	0	0	0	0	0	0	0	0	0	0	0	0	0	0	0	0	0	0	0	0	0	0	0	0	0	0	0	0	0	0	0	0	0	0	0	0	0	0	0	0	0	0	0	0	0	0	0	0	0	0	0	0	0	0	0	0	0	0	0	0	0	0	0	0	0	0	0	0	0	0	0	0	0	0	0	0	0	0	0	0	0	0	0	0	0	0	0	0	0	0	0	0	0	0	0	0	0	0	0	0	0	0	0	0	0	0	0	0	0	0	0	0	13	0	0	0	0	0	0	0	0	0	0	0	0	0	0	0	0	0	0	0	0	0	0	0	0	0	0	0	0	0	0	0	0	0	0	0	0	0	0	0	0	0	0	0	0	0	0	0	0	0	0	0	0	0	0	0	0	0	0	0	0	0	0	0	0	0	0	0	0	0	0	0	0	0	0	0	0	0	0	0	0	0	0	0	0	0	0	0	0	0	0	0	0	0	0	0	0	0	0	0	0	0	0	0	0	0	0	0	0	0	0	0	0	0	0	0	0	0	0	0	0	0	0	0	0	0	0	0	0	0	0	0	0	0	0	0	0	0	0	0	0	0	0	0	0	0	0	0	0	0	0	0	0	0	0	0	0	0	0	0
k__Bacteria;p__Firmicutes;c__Bacilli;o__Lactobacillales;f__Streptococcaceae;g__Lactococcus	0	15	0	0	0	0	15	0	18	0	0	0	0	0	0	25	11	18	11	0	0	0	0	0	0	0	0	14	0	15	0	0	0	0	0	0	0	0	0	12	0	0	0	11	0	0	11	0	0	0	0	0	0	0	22	12	17	0	0	0	0	0	0	0	16	33	0	29	14	0	0	0	0	0	0	0	0	0	0	0	0	0	0	0	0	0	0	0	12	16	0	16	0	18	0	0	0	0	13	0	0	0	0	0	0	0	0	0	0	0	0	0	0	0	0	0	0	0	0	0	0	0	0	0	0	0	0	0	0	0	0	0	0	0	0	0	0	0	0	0	0	0	0	14	127	0	57	0	93	0	19	15	26	0	0	0	0	0	14	0	0	0	0	0	53	51	60	41	71	0	0	0	0	0	15	0	11	21	13	0	0	0	0	0	0	0	0	0	39	48	42	36	52	48	30	37	12	0	16	0	22	16	16	0	25	22	227	461	86	276	215	42	61	42	57	58	0	0	0	0	0	18	18	0	0	19	25	39	38	40	42	22	27	38	39	37	0	0	11	0	11	0	0	11	12	0	38	40	30	36	32	0	0	0	15	12	0	13	34	25	32	0	0	0	14	16	49	43	18	17	85	17	0	13	16	65	258	298	234	0	50	33	37	0	0	45	43	45	46	16	12	0	17	0	16	26	12
k__Bacteria;p__Firmicutes;c__Bacilli;o__Lactobacillales;f__Streptococcaceae;g__Streptococcus	0	34	12	0	13	92	308	54	98	230	528	532	499	212	21	128	49	117	63	0	151	16	108	210	3440	108	45	68	67	102	20286	38710	17979	18554	116	0	0	0	0	1323	496	593	154	1472	473	399	321	495	317	0	0	0	0	0	97	61	73	465	65	242	124	168	44	240	50	260	69	163	58	223	31	64	43	61	272	27	146	36	219	97	109	134	43	85	17	0	15	12	71	112	141	210	119	225	0	73	41	78	65	115	75	38	60	39	75	134	37	38	17	37	14	11	26	12	0	27	0	77	47	103	777	69	78	144	0	0	0	0	0	274	159	214	29	369	6754	23816	4775	30594	1785	0	0	46	0	109	1093	22	677	44	1007	130	184	293	263	120	54	24	32	33	844	23	46	26	39	26	910	846	901	875	996	27	31	43	52	59	343	654	357	471	357	23	14	16	31	26	1995	1220	1615	1522	541	581	667	803	706	954	695	793	1107	1400	1123	789	1603	28	32	38	39	36	590	1227	313	740	716	639	775	731	856	1059	82	49	53	63	61	374	364	384	358	471	93	63	75	75	141	306	320	482	390	308	59	93	103	73	113	0	297	1249	553	330	376	628	796	509	414	414	172	252	547	308	1470	887	322	239	322	1457	2196	1575	1849	1289	475	646	239	297	801	2120	1333	1362	1209	1776	758	903	641	0	603	496	461	1812	0	762	627	784	958	1613	2019	1871	1379	1250	1060	1406	910
k__Bacteria;p__Firmicutes;c__Clostridia;o__Clostridiales;f__Christensenellaceae;g__Catabacter	0	19	19	0	15	0	0	0	13	0	0	0	0	0	76	0	0	0	0	0	15	0	0	0	125	32	0	19	0	31	0	0	0	0	0	0	0	0	0	0	0	0	0	18	0	0	0	0	0	16	0	13	0	27	0	0	27	0	13	0	0	0	0	0	0	0	0	0	0	0	0	0	0	0	12	0	12	0	11	0	0	0	0	0	0	0	0	0	11	0	0	12	0	0	0	0	0	0	0	0	0	0	0	0	0	11	0	0	0	0	0	0	0	0	0	0	0	0	0	0	0	0	0	16	0	0	0	0	0	0	0	0	0	0	0	0	0	0	0	0	0	15	0	13	0	0	0	0	0	0	0	12	0	0	0	0	0	0	0	0	0	0	0	0	0	0	0	0	0	0	0	0	0	0	0	0	0	0	0	0	0	0	0	0	0	0	0	0	0	0	0	0	0	0	0	0	0	0	0	0	0	0	0	0	0	0	0	0	0	0	0	0	0	0	0	0	0	0	0	0	0	0	0	0	0	0	0	0	0	0	0	0	0	0	0	0	0	0	0	0	0	0	0	0	0	0	0	0	0	0	0	0	0	0	0	0	0	0	0	0	0	0	0	0	0	0	0	0	0	0	0	0	0	0	0	0	0	0	0	0	0	0	0	0	0	0	0	0	0	0	0	0	0	0	0	0	0
k__Bacteria;p__Firmicutes;c__Clostridia;o__Clostridiales;f__Christensenellaceae;g__Christensenella	0	0	0	0	0	0	0	0	0	0	0	0	0	0	21	0	0	0	0	0	28	0	0	11	0	0	0	0	0	0	0	0	0	0	0	0	0	0	0	0	0	0	0	0	0	0	0	0	0	0	0	0	0	0	0	0	29	0	40	0	0	0	0	0	0	0	0	0	0	0	0	0	0	0	69	0	0	0	61	0	0	0	0	0	0	0	0	0	11	0	0	0	0	0	0	0	0	0	0	0	0	0	0	0	0	0	0	0	0	0	0	0	0	0	0	0	0	0	0	0	0	0	0	0	0	0	0	0	0	0	0	0	0	0	0	0	0	0	0	51	0	14	0	73	35	0	11	0	31	0	0	0	0	0	0	0	0	0	0	0	0	0	0	0	0	0	0	0	0	0	0	0	0	0	0	0	0	0	0	0	0	0	0	0	0	0	0	0	0	0	0	0	0	0	0	0	0	0	0	0	0	0	0	0	0	0	0	0	0	0	0	0	0	0	0	0	0	0	0	0	0	0	0	0	0	0	0	0	0	0	0	0	0	0	0	0	0	0	0	0	0	0	0	0	0	0	0	0	0	0	0	0	0	0	0	0	0	0	0	0	0	0	0	55	0	0	0	0	0	0	0	0	0	0	0	0	0	0	0	0	0	0	0	0	0	0	0	0	0	0	0	0	0	0	0	0	0
k__Bacteria;p__Firmicutes;c__Clostridia;o__Clostridiales;f__Christensenellaceae;g__NA	50	209	233	0	129	14	20	0	22	0	79	26	0	0	0	11	0	0	0	0	265	0	0	170	26	139	0	136	0	139	581	60	285	488	1158	0	13	45	0	274	13	68	0	180	402	13	0	245	278	208	0	137	0	153	72	0	245	0	149	0	0	0	0	0	528	17	190	0	227	74	0	201	0	286	117	0	33	0	61	0	0	0	0	0	298	155	153	50	1007	0	0	0	0	0	0	55	0	27	0	78	0	0	11	0	0	99	12	65	0	130	1524	203	804	89	1380	128	87	0	309	201	15	142	14	289	18	0	0	0	109	48	26	134	16	67	623	0	667	41	737	2070	14	719	31	3414	46	0	0	0	11	0	0	0	0	0	94	0	17	31	114	99	94	64	76	70	0	0	0	0	0	521	537	700	639	701	79	88	105	88	98	108	86	118	142	77	295	175	261	188	136	173	104	0	0	0	0	0	0	19	0	0	15	258	208	208	316	274	138	388	69	184	188	84	109	109	110	156	549	420	425	511	417	352	485	399	435	562	657	665	613	627	999	141	193	241	253	176	633	618	806	454	394	0	83	174	98	110	79	98	112	70	76	504	226	292	675	415	225	174	235	156	249	178	275	61	280	274	109	147	64	88	183	106	31	60	59	142	200	164	143	0	154	122	106	302	0	88	93	65	132	70	93	73	55	62	86	108	79
k__Bacteria;p__Firmicutes;c__Clostridia;o__Clostridiales;f__Clostridiaceae;g__Clostridium	12142	10739	11878	13618	8437	0	3733	996	14321	0	13298	39106	13236	15141	14242	160	34	316	0	13409	16181	10652	9655	8118	10649	1743	6980	9689	1813	1857	168	122	385	514	1023	3970	5917	10915	4242	3481	718	418	376	1556	5367	1892	2454	6629	7989	659	4712	624	4280	1849	5959	4663	3803	5752	4636	5195	77441	17103	43903	14178	11796	17094	25361	23784	23955	125	14	206	28	673	5354	96	2142	4274	5455	12396	32648	5231	18450	9440	1159	324	833	855	685	1517	18	1351	17	371	14318	65	0	0	0	979	1960	373	1907	1716	3256	15645	16258	14403	13377	14613	7412	5249	4615	6275	8200	2334	2741	1652	6416	8761	3738	8315	6020	14306	1174	1889	2318	1346	1920	9003	12494	9341	13478	13703	4045	265	3962	213	8161	3724	88	88	0	2360	159	48	66	0	730	395	1240	0	218	512	40	0	0	0	1803	55	60	40	68	64	0	0	0	0	0	0	0	0	0	0	114	130	100	108	81	829	796	871	1007	633	258	353	269	419	343	343	0	0	0	0	0	0	58	65	74	43	132	324	329	459	465	298	1361	1420	499	977	1026	0	0	0	12	11	0	0	0	0	0	222	214	214	187	304	738	585	675	489	969	390	332	560	404	357	0	0	0	0	11	0	47	182	138	50	342	353	421	337	227	204	128	148	329	174	280	328	311	228	231	154	262	1509	304	366	0	0	0	0	0	354	231	179	193	531	1261	1598	1341	0	269	260	260	286	101	0	0	0	0	233	288	250	173	161	255	288	196
k__Bacteria;p__Firmicutes;c__Clostridia;o__Clostridiales;f__Clostridiaceae;g__Clostridium-Sarcina	0	0	0	0	0	0	0	0	0	0	0	0	0	0	0	0	0	0	0	0	0	0	0	0	0	0	0	0	0	0	0	0	0	0	0	0	0	0	0	0	0	0	0	0	0	0	0	0	0	0	0	0	0	0	0	0	0	0	0	0	0	0	19	0	0	0	0	0	0	0	0	0	0	0	0	0	0	0	0	0	0	0	0	0	0	0	0	0	0	0	0	0	0	0	0	0	0	0	0	0	0	0	0	0	0	0	0	0	0	0	0	0	0	0	0	0	0	0	0	0	0	0	0	0	0	0	0	0	0	0	0	0	0	0	0	0	0	0	0	0	0	0	0	0	0	0	0	0	0	0	0	0	0	0	0	0	0	0	0	0	0	0	0	0	0	0	0	0	0	0	0	0	0	0	0	0	0	0	0	0	0	0	0	0	0	0	0	0	0	0	0	0	0	0	0	0	0	0	0	0	0	0	0	0	0	0	0	0	0	0	0	0	0	0	0	0	0	0	0	0	0	0	0	0	0	0	0	0	0	0	0	0	0	0	0	0	0	0	0	0	0	0	0	0	0	0	0	0	0	0	0	0	0	0	0	0	0	0	0	0	0	0	0	0	0	0	0	0	0	0	0	0	0	0	0	0	0	0	0	0	0	0	0	0	0	0	0	0	0	0	0	0	0	0	0	0	0
k__Bacteria;p__Firmicutes;c__Clostridia;o__Clostridiales;f__Defluviitaleaceae;g__NA	0	13	13	0	0	0	0	0	0	0	0	0	0	0	18	0	0	0	0	0	0	0	0	0	0	0	0	0	0	0	0	0	0	0	0	0	0	0	0	0	0	0	0	0	0	0	0	0	0	0	0	0	0	0	0	0	0	0	0	0	0	0	0	0	0	0	0	0	0	0	0	0	0	0	0	0	0	0	0	0	0	0	0	0	13	12	11	12	42	0	0	0	0	0	0	0	0	0	0	0	0	0	0	0	0	0	0	0	0	0	0	0	0	0	0	0	0	0	0	20	0	19	0	40	0	0	0	0	0	0	0	0	0	0	0	0	0	0	0	0	0	28	0	40	0	0	0	0	0	0	0	0	0	0	0	0	0	0	0	0	0	0	0	0	0	0	0	0	0	12	0	14	21	27	0	0	0	0	0	0	0	0	0	0	0	0	0	0	0	0	0	0	0	0	0	0	0	0	0	0	0	0	0	0	0	0	0	0	0	0	0	0	0	0	0	0	21	20	21	17	16	0	0	0	0	0	0	0	13	11	21	0	0	0	0	0	18	28	29	16	17	0	0	0	0	0	0	0	0	0	0	0	0	0	0	0	0	0	0	0	0	0	0	0	0	0	0	0	0	0	0	0	0	0	0	0	0	0	0	0	0	0	0	0	0	0	0	0	0	0	0	0	0	0	0	0	0
k__Bacteria;p__Firmicutes;c__Clostridia;o__Clostridiales;f__Eubacteriaceae;g__Anaerofustis	0	0	0	0	0	0	0	0	0	0	0	0	0	0	0	0	0	14	0	0	0	0	0	0	0	0	0	0	0	0	0	0	0	0	0	0	0	0	0	0	0	0	0	0	15	0	0	0	0	0	0	0	0	0	0	0	0	0	0	0	0	0	0	0	0	0	0	0	0	0	0	0	0	0	15	0	0	0	14	0	0	0	0	0	0	0	0	0	0	0	0	0	0	0	0	0	0	0	0	0	0	0	0	0	0	0	0	0	0	0	0	0	0	0	0	0	0	0	0	0	0	0	0	0	0	0	0	0	0	0	0	11	0	0	0	0	0	0	0	0	0	0	0	0	0	0	0	0	0	0	0	0	0	0	0	0	0	0	0	0	0	0	0	0	0	0	0	0	0	0	0	0	0	0	0	0	0	0	0	0	0	0	0	0	0	0	0	0	0	0	0	0	0	0	0	0	0	0	0	0	0	0	0	0	0	0	0	0	0	0	0	0	0	0	0	0	0	0	0	0	0	0	0	0	0	0	0	0	0	0	0	0	0	0	0	0	0	0	0	0	0	0	0	0	0	0	0	0	0	0	0	0	0	0	0	0	0	0	0	0	0	0	0	0	0	0	0	0	0	0	0	0	0	0	0	0	0	0	0	0	0	0	0	0	0	0	0	0	0	0	0	0	0	0	0	0	0
k__Bacteria;p__Firmicutes;c__Clostridia;o__Clostridiales;f__Eubacteriaceae;g__Eubacterium	17	246	120	0	105	0	0	0	0	0	0	0	0	0	0	0	0	0	0	0	13	0	16	14	283	0	0	0	0	0	0	0	0	0	0	0	0	0	0	0	0	0	0	0	0	0	0	0	0	0	0	0	0	0	0	0	0	0	0	0	0	0	0	0	0	0	0	0	0	340	28	426	31	565	0	0	0	0	0	0	0	0	0	0	0	0	0	0	0	850	12	453	45	205	0	0	0	0	0	0	0	0	0	0	0	371	90	256	66	413	28	28	20	13	0	336	241	28	448	31	11	15	0	0	0	0	0	0	0	17	29	73	13	55	0	0	0	0	0	0	0	0	0	0	0	0	0	0	0	56	173	293	0	50	0	0	0	0	0	0	0	0	0	0	0	0	0	0	0	0	0	0	0	0	164	191	160	163	211	0	0	0	0	0	0	0	0	0	0	0	0	0	0	0	0	0	0	0	0	0	0	40	46	30	35	40	0	0	0	0	0	0	0	0	0	0	0	0	0	0	0	0	0	0	0	0	104	105	109	104	172	0	0	0	0	0	0	0	0	0	31	0	155	82	184	175	0	0	0	0	0	0	0	0	0	0	0	0	0	0	0	0	0	0	0	0	0	0	0	0	0	0	0	0	0	0	0	0	0	0	0	0	0	0	0	0	0	0	0	0	0	0	0	0	0	0	0
k__Bacteria;p__Firmicutes;c__Clostridia;o__Clostridiales;f__Family XI;g__Anaerococcus	18	422	244	0	154	0	199	34	166	0	15	0	0	0	27	79	0	36	0	0	0	0	0	0	0	33	0	0	0	16	0	0	0	0	0	0	0	0	0	0	0	0	0	0	38	0	0	15	25	160	0	110	0	287	0	0	0	0	0	12	0	0	0	17	0	0	0	0	0	0	0	0	0	0	86	0	0	0	97	20	0	0	0	22	0	0	0	0	0	43	0	40	0	52	0	0	0	0	0	0	0	0	0	0	0	150	0	70	26	81	13	0	0	0	15	0	0	0	0	34	0	42	0	21	145	0	159	0	401	57	0	65	14	66	0	0	0	0	0	0	0	0	0	28	16	0	0	0	12	0	11	38	0	11	0	0	0	0	0	0	0	0	0	0	0	0	0	0	0	0	0	0	0	0	0	0	0	0	0	0	0	0	0	0	0	0	0	0	0	0	0	0	0	0	0	0	0	0	0	0	0	11	0	0	30	30	0	0	0	0	0	0	0	0	0	0	0	0	0	0	0	0	0	0	0	0	99	111	85	109	147	0	0	0	0	0	0	0	0	0	0	0	0	0	0	0	0	0	0	0	0	0	0	0	0	0	0	0	0	0	0	0	0	0	0	0	0	0	0	0	0	0	0	0	0	0	0	0	0	0	0	0	0	0	0	0	0	0	0	0	0	0	0	0	0	0	0
k__Bacteria;p__Firmicutes;c__Clostridia;o__Clostridiales;f__Family XI;g__Ezakiella	0	17	15	0	0	0	0	0	0	0	0	0	0	0	0	0	0	0	0	0	0	0	0	0	0	0	0	0	0	0	0	0	0	0	0	0	0	0	0	0	0	0	0	0	0	0	0	0	0	0	0	0	0	0	0	0	0	0	0	0	0	0	0	0	0	0	0	0	0	0	0	0	0	0	0	0	0	0	0	0	0	0	0	0	0	0	0	0	0	0	0	0	0	0	0	0	0	0	0	0	0	0	0	0	0	0	0	0	0	0	0	0	0	0	0	0	0	0	0	0	0	0	0	0	0	0	0	0	0	0	0	0	0	0	0	0	0	0	0	0	0	0	0	0	0	0	0	0	0	0	0	0	0	0	0	0	0	0	0	0	0	0	0	0	0	0	0	0	0	0	0	0	0	0	0	0	0	0	0	0	0	0	0	0	0	0	0	0	0	0	0	0	0	0	0	0	0	0	0	0	0	0	0	0	0	0	0	0	0	0	0	0	0	0	0	0	0	0	0	0	0	0	0	0	0	0	11	0	14	14	18	0	0	0	0	0	0	0	0	0	0	0	0	0	0	0	0	0	0	0	0	0	0	0	0	0	0	0	0	0	0	0	0	0	0	0	0	0	0	0	0	0	0	0	0	0	0	0	0	0	0	0	0	0	0	0	0	0	0	0	0	0	0	0	0	0	0
k__Bacteria;p__Firmicutes;c__Clostridia;o__Clostridiales;f__Family XI;g__Finegoldia	20	348	154	0	141	0	129	0	313	0	0	0	0	0	0	78	0	19	0	0	0	0	0	0	0	0	0	0	0	0	0	0	0	0	0	0	0	11	0	0	0	0	0	0	53	0	0	47	65	36	0	25	0	37	0	0	0	0	0	0	0	0	0	21	0	0	0	0	14	0	0	0	0	0	18	0	0	0	29	0	0	14	0	0	0	0	0	0	12	205	18	288	25	622	0	0	0	0	0	0	0	0	0	0	0	31	15	16	16	19	19	0	0	0	12	0	0	0	0	0	0	0	0	0	44	0	86	22	198	0	0	0	0	14	0	0	0	0	0	0	0	0	0	0	0	0	0	0	0	125	377	423	58	487	0	0	0	0	0	0	0	11	0	0	0	0	0	0	11	0	0	0	0	0	0	0	0	0	0	0	0	0	0	0	0	0	0	0	0	0	0	0	0	0	0	11	0	0	0	0	0	0	0	0	0	0	0	0	0	0	0	0	0	0	0	0	0	0	0	0	0	0	0	0	0	0	0	0	0	0	0	0	0	0	0	0	0	0	0	0	0	0	0	0	0	0	0	0	0	0	0	0	0	0	0	0	0	0	0	0	0	0	0	0	0	0	0	0	0	0	0	0	0	0	0	0	0	0	0	0	0	0	0	0	0	0	0	0	0	0	0	0	0	0	0	0	0
k__Bacteria;p__Firmicutes;c__Clostridia;o__Clostridiales;f__Family XI;g__Gallicola	0	48	89	0	65	0	0	0	0	0	0	0	0	0	0	0	0	0	0	0	0	0	0	0	0	0	0	0	0	0	0	0	0	0	0	0	0	0	0	0	0	0	0	0	0	0	0	0	0	0	0	0	0	0	0	0	0	0	0	0	0	0	0	0	0	0	0	0	0	0	0	0	0	0	16	0	0	0	15	0	0	0	0	0	0	0	0	0	0	0	0	0	0	0	0	0	0	0	0	0	0	0	0	0	0	0	0	0	0	0	0	0	0	0	0	0	0	0	0	0	0	0	0	0	0	0	0	0	0	0	0	0	0	0	0	0	0	0	0	0	0	0	0	0	0	0	0	0	0	0	0	0	0	0	0	0	0	0	0	0	0	0	0	0	0	0	0	0	0	0	0	0	0	0	0	0	0	0	0	0	0	0	0	0	0	0	0	0	0	0	0	0	0	0	0	0	0	0	0	0	0	0	0	0	0	0	0	0	0	0	0	0	0	0	0	0	0	0	0	0	0	0	0	0	0	0	0	0	0	0	0	0	0	0	0	0	0	0	0	0	0	0	0	0	0	0	0	0	0	0	0	0	0	0	0	0	0	0	0	0	0	0	0	68	0	0	0	0	0	0	0	0	0	0	0	0	0	0	0	0	0	0	0	0	0	0	0	0	0	0	0	0	0	0	0	0	0
k__Bacteria;p__Firmicutes;c__Clostridia;o__Clostridiales;f__Family XI;g__Murdochiella	0	134	317	0	231	0	0	0	0	0	0	0	0	0	0	0	0	0	0	0	0	0	0	0	0	0	0	0	0	0	0	0	0	0	0	0	0	0	0	0	0	0	0	0	0	0	0	0	0	0	0	0	0	0	0	0	0	0	0	0	0	0	0	0	0	0	0	0	0	0	0	0	0	0	0	0	0	0	0	0	0	0	0	0	0	0	0	0	0	0	0	0	0	0	0	0	0	0	0	0	0	0	0	0	0	51	0	31	0	75	0	0	0	0	0	0	0	0	0	0	0	0	0	0	0	0	0	0	0	0	0	0	0	0	0	0	0	0	0	0	0	0	0	0	0	0	0	0	0	0	0	0	0	0	0	0	0	0	0	0	0	0	0	0	0	0	0	0	0	0	0	0	0	0	0	0	0	0	0	0	0	0	0	0	0	0	0	0	0	0	0	0	0	0	0	0	0	0	0	0	0	0	0	0	0	0	0	0	0	0	0	0	0	0	0	0	0	0	0	0	0	0	0	0	0	0	36	0	13	11	21	0	0	0	0	0	0	0	0	0	0	0	0	0	0	0	0	0	0	0	0	0	0	0	0	0	0	0	0	0	0	0	0	0	0	0	0	0	0	0	0	0	0	0	0	0	0	0	0	0	0	0	0	0	0	0	0	0	0	0	0	0	0	0	0	0	0
k__Bacteria;p__Firmicutes;c__Clostridia;o__Clostridiales;f__Family XI;g__NA	0	12	29	0	16	0	0	0	0	0	0	0	0	0	0	0	0	0	0	0	0	0	0	0	0	0	0	0	0	0	0	0	0	0	0	0	0	0	0	0	0	0	0	0	0	0	0	0	0	0	0	0	0	0	0	0	0	0	0	0	0	0	0	0	0	0	0	0	0	0	0	0	0	0	0	0	0	0	0	0	0	0	0	0	0	0	0	0	0	0	0	0	0	0	0	0	0	0	0	0	0	0	0	0	0	0	0	0	0	0	0	0	0	0	0	0	0	0	0	0	0	0	0	0	0	0	0	0	0	0	0	0	0	0	0	0	0	0	0	0	0	0	0	0	0	0	0	0	0	0	0	0	0	0	0	0	0	0	0	0	0	0	0	0	0	0	0	0	0	0	0	0	0	0	0	0	0	0	0	0	0	0	0	0	0	0	0	0	0	0	0	0	0	0	0	0	0	0	0	0	0	0	0	0	0	0	0	0	0	0	0	0	0	0	0	0	0	0	0	0	0	0	0	0	0	0	0	0	0	0	0	0	0	0	0	0	0	0	0	0	0	0	0	0	0	0	0	0	0	0	0	0	0	0	0	0	0	0	0	0	0	0	0	0	0	0	0	0	0	0	0	0	0	0	0	0	0	0	0	0	0	0	0	0	0	0	0	0	0	0	0	0	0	0	0	0	0
k__Bacteria;p__Firmicutes;c__Clostridia;o__Clostridiales;f__Family XI;g__Parvimonas	0	28	29	0	27	0	0	0	0	0	0	0	0	0	0	0	0	0	0	0	0	0	0	0	0	0	0	0	0	0	0	0	0	0	0	0	0	0	0	0	0	0	0	0	0	0	0	0	0	0	0	0	0	0	0	0	0	0	0	0	0	0	0	0	0	0	0	0	0	0	0	0	0	0	0	0	0	0	0	0	0	0	0	0	0	0	0	0	0	0	0	0	0	0	0	0	0	0	0	0	0	0	0	0	0	0	0	0	0	0	0	0	0	0	0	0	0	0	0	0	0	0	0	0	0	0	0	0	0	0	0	0	0	0	0	0	0	0	0	0	0	0	0	0	0	0	0	0	0	0	0	0	0	0	0	0	0	0	0	0	0	0	0	0	0	0	0	0	0	0	0	0	0	0	0	0	0	0	0	0	0	0	0	0	0	0	0	0	0	0	0	0	0	0	0	0	0	0	0	0	0	27	17	13	19	19	0	0	0	0	0	0	0	0	0	0	0	0	0	0	0	0	0	0	0	0	104	85	121	104	148	0	0	0	0	0	0	0	0	0	0	0	0	0	0	0	0	0	0	0	0	0	0	0	0	0	0	0	0	0	0	0	0	0	0	0	0	0	0	0	0	0	0	0	0	0	0	0	0	0	0	0	0	0	0	0	0	0	0	0	0	0	0	0	0	0	0
k__Bacteria;p__Firmicutes;c__Clostridia;o__Clostridiales;f__Family XI;g__Parvimonas-Tissierella	0	79	64	0	54	0	0	0	0	0	0	0	0	0	0	0	0	0	0	0	0	0	0	0	0	0	0	0	0	0	0	0	0	0	0	0	0	0	0	0	0	0	0	0	0	0	0	0	0	0	0	0	0	0	0	0	0	0	0	0	0	0	0	0	0	0	0	0	0	0	0	0	0	0	0	0	0	0	0	0	0	0	0	0	0	0	0	0	0	0	0	0	0	0	0	0	0	0	0	0	0	0	0	0	0	0	0	0	0	0	0	0	0	0	0	0	0	0	0	0	0	0	0	0	0	0	0	0	0	0	0	0	0	0	0	0	0	0	0	0	0	0	0	0	0	0	0	0	0	0	0	0	0	0	0	0	0	0	0	0	0	0	0	0	0	0	0	0	0	0	0	0	0	0	0	0	0	0	0	0	0	0	0	0	0	0	0	0	0	0	0	0	0	0	0	0	0	0	0	0	0	0	0	0	0	0	0	0	0	0	0	0	0	0	0	0	0	0	0	0	0	0	0	0	0	0	25	17	25	20	32	0	0	0	0	0	0	0	0	0	0	0	0	0	0	0	0	0	0	0	0	0	0	0	0	0	0	0	0	0	0	0	0	0	0	0	0	0	0	0	0	0	0	0	0	0	0	0	0	0	0	0	0	0	0	0	0	0	0	0	0	0	0	0	0	0	0
k__Bacteria;p__Firmicutes;c__Clostridia;o__Clostridiales;f__Family XI;g__Peptoniphilus	0	504	821	0	561	0	177	14	471	0	46	0	0	0	0	66	0	27	0	714	0	0	0	0	0	503	0	17	0	708	0	0	0	0	0	0	0	16	0	30	0	0	0	0	68	0	0	38	103	120	0	16	0	331	0	0	0	0	0	49	0	57	0	148	0	0	0	0	0	0	0	0	0	0	211	0	0	0	211	746	0	80	0	505	0	0	0	0	26	864	0	756	0	356	2717	0	0	0	0	0	0	0	0	0	0	551	0	528	42	686	15	0	0	0	160	0	0	0	13	748	12	385	0	1911	289	0	43	53	374	105	0	37	0	188	12	0	0	0	0	67	0	0	0	198	0	0	0	0	0	291	950	1742	0	1035	41	0	17	29	67	0	0	0	0	0	0	0	0	0	0	0	0	0	0	0	0	0	0	0	0	0	0	0	0	0	0	0	0	0	0	0	0	0	0	0	0	0	0	0	0	0	0	0	0	0	0	16	0	0	0	0	0	0	0	0	0	0	0	0	0	0	0	0	0	0	0	0	113	61	66	78	132	0	0	0	0	0	0	0	0	0	0	0	0	0	0	0	0	0	0	0	0	0	0	0	0	0	0	0	0	0	0	0	0	49	0	0	0	0	0	0	0	0	0	0	0	0	0	0	0	0	0	0	0	0	0	0	0	0	0	0	0	0	0	0	0	0	0
k__Bacteria;p__Firmicutes;c__Clostridia;o__Clostridiales;f__Family XI;g__Tissierella	0	0	0	0	0	0	0	0	0	0	0	0	0	0	0	0	0	0	0	0	0	0	0	0	0	0	0	0	0	0	0	0	0	0	0	0	0	0	0	0	0	0	0	0	0	0	0	0	0	0	0	0	0	0	0	0	0	0	0	0	0	0	0	0	0	0	0	0	0	0	0	0	0	0	0	0	0	0	0	0	0	0	0	0	0	0	0	0	0	0	0	0	0	0	0	0	0	0	0	0	0	0	0	0	0	0	0	0	0	503	0	0	0	0	53	0	0	0	0	0	0	0	0	0	0	0	0	0	0	0	0	0	0	0	0	0	0	0	0	0	0	0	0	0	0	0	0	0	0	0	0	0	0	0	0	0	0	0	0	0	0	0	0	0	0	0	0	0	0	0	0	0	0	0	0	0	0	0	0	0	0	0	0	0	0	0	0	0	0	0	0	0	0	0	0	0	0	0	0	0	0	0	0	0	0	0	0	0	0	0	0	0	0	0	0	0	0	0	0	0	0	0	0	0	0	0	0	0	0	0	0	0	0	0	0	0	0	0	0	0	0	0	0	0	0	0	0	0	0	0	0	0	0	0	0	0	0	0	0	0	0	0	0	0	0	0	0	0	0	0	0	0	0	0	0	0	0	0	0	0	0	0	0	0	0	0	0	0	0	0	0	0	0	0	0	0	0
k__Bacteria;p__Firmicutes;c__Clostridia;o__Clostridiales;f__Family XIII;g__Mogibacterium	0	0	0	0	0	0	0	0	0	0	0	0	0	0	0	0	0	0	0	0	14	0	0	0	392	0	0	0	0	0	58	0	0	60	123	0	0	0	0	0	0	0	0	0	0	0	0	0	0	0	0	0	0	0	0	0	32	0	0	0	0	0	0	0	0	0	0	0	0	0	0	0	0	0	0	0	0	0	0	0	0	0	0	0	0	0	0	0	0	0	0	0	0	0	0	18	0	0	0	0	61	0	55	0	0	18	0	0	0	0	0	0	0	0	0	0	0	0	0	0	0	0	0	13	0	0	0	0	0	0	0	0	0	0	30	0	19	0	39	0	0	0	0	0	0	0	0	0	0	0	0	0	0	0	0	0	0	0	0	0	0	0	0	0	0	0	0	0	0	0	0	0	0	0	0	0	0	0	0	0	0	0	0	0	0	0	0	0	0	0	0	0	0	0	0	0	0	0	0	0	0	0	0	0	0	0	0	0	0	0	0	0	0	0	0	0	0	0	0	0	0	0	0	0	0	0	0	0	0	0	0	0	0	0	0	0	0	0	0	0	0	0	0	0	0	0	0	0	0	0	0	0	0	0	0	0	0	0	0	0	0	0	0	0	0	0	0	0	0	0	0	0	0	0	0	0	0	0	0	0	0	0	0	0	0	0	0	0	0	0	0	0	0	0	0	0	0
k__Bacteria;p__Firmicutes;c__Clostridia;o__Clostridiales;f__Family XIII;g__NA	12	167	332	11	329	0	19	0	0	0	0	0	0	0	0	0	0	0	0	0	12	0	0	0	0	47	0	179	0	26	0	0	0	0	14	48	83	242	21	82	11	12	0	21	0	13	11	14	11	96	15	68	15	21	0	0	0	0	0	0	0	0	0	0	0	0	0	0	0	0	0	0	0	0	696	0	179	16	669	0	0	0	0	0	38	39	0	14	136	0	0	0	0	0	0	74	0	30	0	118	48	0	42	12	61	231	16	58	0	75	0	0	0	0	0	0	0	0	0	153	0	198	0	131	17	0	0	0	18	0	0	0	0	0	11	0	0	0	0	560	0	257	0	606	407	0	260	0	606	0	27	64	0	11	412	0	75	195	219	778	797	876	516	589	78	82	71	62	64	79	116	110	113	104	11	15	14	13	23	275	245	370	366	275	128	70	94	51	0	0	146	75	69	60	50	58	33	79	65	38	83	121	110	90	136	114	78	169	44	65	67	103	185	152	169	180	126	90	77	117	89	93	129	100	107	168	336	302	348	383	542	81	91	108	109	91	159	101	132	112	107	0	24	69	21	41	0	0	0	0	0	142	70	95	168	110	97	100	138	84	90	81	110	92	156	125	292	345	274	369	450	75	40	57	50	100	110	120	84	0	0	0	0	103	0	107	132	136	164	65	61	61	45	63	57	100	76
k__Bacteria;p__Firmicutes;c__Clostridia;o__Clostridiales;f__Lachnospiraceae;g__Anaerostipes	0	59	239	0	135	0	34	44	64	0	0	0	68	355	0	17	0	0	0	0	332	207	146	158	173	110	88	114	256	200	20	20	14	11	47	217	155	78	108	836	13	241	1187	463	546	117	73	730	1498	0	0	0	0	21	0	0	17	0	40	153	16	106	0	168	338	81	538	4121	223	93	12	51	15	59	156	0	106	36	206	457	779	325	603	324	69	109	31	23	47	21	1450	25	589	25	0	177	2274	1164	2715	37	33	0	30	62	32	88	45	28	0	63	909	3930	699	849	134	99	80	21	231	580	2735	338	137	42	0	0	0	0	0	133	1544	660	244	106	83	0	133	428	131	175	15	256	0	496	786	0	346	1499	737	0	0	15	0	0	0	19	26	60	1282	49	80	69	62	67	1235	1298	1246	1196	1435	965	1148	1522	962	1235	1073	1080	1091	1069	1295	1755	1671	2088	2001	1427	659	669	640	675	1692	1879	1123	1166	1151	1256	1045	1234	1085	1629	1533	1142	1796	895	847	955	988	863	165	197	59	154	169	959	1215	1080	1245	1621	1008	907	738	1103	801	1241	1346	1377	1332	1689	1844	1547	1694	1661	2543	3374	2955	4039	3411	3125	1396	1100	1360	1222	1297	0	1427	1000	1617	1304	1774	1865	1828	1276	1204	1251	800	1101	1717	1144	1636	2014	3133	2782	3033	569	661	1156	1609	2307	982	1636	791	1085	1919	3630	2509	2436	2221	3197	252	367	284	0	1666	1334	1270	674	22	1127	1049	1088	1419	2753	2939	3015	2629	2242	2960	3788	2925
k__Bacteria;p__Firmicutes;c__Clostridia;o__Clostridiales;f__Lachnospiraceae;g__Blautia	3396	4587	2319	2760	2162	5628	11141	8289	4978	22947	5625	880	6829	2499	2638	9519	5010	15191	8093	5956	4847	320	3542	3810	4586	2255	2338	3088	5789	2397	2809	4867	2399	3393	3983	3606	4646	1550	4668	4667	2350	3935	1409	3278	2480	2385	2012	3544	1188	2898	0	6842	557	3506	726	497	1177	301	679	2230	1349	5769	3907	4193	9319	3584	8013	20273	3465	2152	686	3227	547	3965	9994	723	9379	2049	7520	3071	6021	2957	3957	2053	1819	1848	1845	1323	2239	2001	629	4170	3394	3463	0	5673	278	4061	1014	6167	1817	520	2578	284	1841	2615	3033	1603	2199	1187	15232	10077	15231	15033	7965	7652	11415	949	12427	4206	2227	8333	7510	4141	902	11	712	3676	746	3524	4857	7552	4672	4421	5652	957	6919	2431	5869	3235	634	6459	376	4847	8664	142	7256	1535	7080	817	2503	5650	0	4374	6229	1010	3943	3892	9673	6859	7833	5977	6821	6977	6371	7264	8060	6700	7722	11274	11293	13097	9674	12858	22298	23167	21108	21817	25118	4777	3778	4947	4706	3388	35839	27935	32963	30393	29340	28824	30240	5977	5890	6881	5818	7076	14681	19947	19128	13800	21181	4179	3934	5087	4687	4102	16876	22001	11672	14244	12958	21898	28092	23255	26437	32555	11548	10138	10159	12530	10032	20024	22624	19894	18930	28020	8461	7118	8045	7644	11615	19041	16494	21965	18809	15880	13487	13719	17443	13308	19558	0	20801	30511	26030	19667	46168	29615	27208	19741	18932	20729	11806	15024	27388	19564	24891	20811	15769	13945	16585	20895	28192	10800	27539	26537	14545	21587	27504	22747	25041	13679	11256	9014	9359	17037	16431	16454	16601	0	27809	21906	23183	37445	141	32287	29096	31725	37683	11703	13292	12216	10760	10020	9833	11719	9844
k__Bacteria;p__Firmicutes;c__Clostridia;o__Clostridiales;f__Lachnospiraceae;g__Blautia-Lachnoclostridium	30	45	34	28	45	0	0	0	0	0	0	0	0	0	0	0	0	106	0	0	17	0	36	11	0	341	57	185	169	175	25	0	0	11	56	15	132	11	124	43	11	90	0	34	11	0	0	59	16	37	0	39	0	35	14	0	0	0	0	0	0	0	0	0	0	0	0	0	0	0	0	0	0	0	114	0	125	0	87	0	0	0	0	0	30	22	19	0	16	0	0	0	0	0	0	18	0	14	0	25	18	0	0	0	28	20	22	100	108	23	0	13	0	0	0	12	0	0	0	312	154	171	137	232	26	0	52	103	18	0	0	0	0	0	70	0	49	17	66	19	0	37	0	40	50	0	27	0	34	0	0	0	0	0	48	0	20	17	35	217	228	193	191	236	11	16	12	16	0	76	65	82	66	91	0	0	0	0	0	230	209	268	268	234	0	0	0	12	0	0	52	13	11	14	13	21	34	47	42	33	24	77	77	97	82	98	37	49	33	32	45	44	37	30	42	64	71	38	64	89	45	92	73	123	96	115	134	112	111	132	214	73	64	51	74	54	80	79	79	70	95	0	0	0	0	0	0	0	0	0	0	99	53	61	151	78	24	20	52	49	37	0	0	108	13	29	0	0	0	0	0	59	26	34	42	59	53	33	62	0	0	0	0	17	0	82	53	57	63	53	43	38	38	38	22	46	38
k__Bacteria;p__Firmicutes;c__Clostridia;o__Clostridiales;f__Lachnospiraceae;g__Blautia-Marvinbryantia	0	0	0	0	0	0	0	0	0	0	0	0	0	0	0	0	0	0	0	0	0	0	0	0	0	0	0	0	0	0	0	0	0	0	0	0	0	0	0	0	0	0	0	0	0	0	0	0	0	0	0	0	0	0	0	0	0	0	0	0	0	0	0	0	61	0	0	0	0	0	0	0	0	0	0	0	0	0	0	0	0	0	0	0	0	0	0	0	0	0	0	0	0	0	0	0	0	0	0	0	0	0	0	0	0	0	0	0	0	0	0	0	0	0	0	0	0	0	0	0	0	0	0	0	0	0	0	0	0	0	0	0	0	0	0	0	0	0	0	0	0	0	0	0	0	0	0	0	0	0	0	0	0	0	0	0	0	0	0	0	0	0	0	0	0	0	0	0	0	72	0	0	0	0	0	0	30	24	70	0	0	0	0	0	0	0	0	0	0	0	180	0	0	0	0	0	0	0	0	0	11	0	0	0	0	0	0	0	0	0	0	0	0	134	166	167	0	0	0	0	0	119	0	0	0	0	0	0	0	0	0	0	24	0	0	0	0	0	0	0	111	0	0	184	0	0	0	0	0	0	0	0	97	0	0	0	0	0	0	25	0	0	0	0	0	0	0	0	539	0	0	0	0	0	0	0	0	0	0	0	0	13	0	0	0	196	149	0	215	0	0	0	0	0	0	0	0
k__Bacteria;p__Firmicutes;c__Clostridia;o__Clostridiales;f__Lachnospiraceae;g__Blautia-Roseburia	0	0	0	0	0	0	0	0	0	0	0	0	0	0	0	0	0	0	0	0	0	0	0	0	0	0	0	0	0	0	0	0	0	0	0	0	0	0	0	0	0	0	0	0	0	0	0	0	0	0	0	0	0	0	0	0	0	0	0	0	0	0	0	0	0	0	0	0	0	0	0	0	0	0	0	0	0	0	0	0	0	0	0	0	0	0	0	0	0	0	0	0	0	0	0	0	0	0	0	0	0	0	0	0	0	0	0	0	0	0	0	0	0	0	0	0	0	0	0	0	0	0	0	0	0	0	0	0	0	0	0	0	0	0	0	0	0	0	0	0	0	0	0	0	0	0	0	0	0	0	0	0	0	0	0	0	0	0	0	0	0	0	0	0	0	0	0	0	0	0	0	0	0	0	0	0	0	0	0	0	0	0	0	0	0	0	0	0	0	0	16	0	0	0	0	0	0	0	0	0	0	0	0	0	0	0	0	0	0	0	0	0	0	0	0	0	0	0	0	0	0	0	0	0	0	0	0	0	0	0	0	0	0	0	0	0	0	0	0	0	0	0	0	0	0	0	0	0	0	0	0	0	0	0	0	0	0	0	0	0	0	0	0	0	0	0	0	0	0	0	0	0	0	0	0	0	0	0	0	0	0	0	0	0	0	0	12	0	0	0	0	0	0	0	0	0	0
k__Bacteria;p__Firmicutes;c__Clostridia;o__Clostridiales;f__Lachnospiraceae;g__Cellulosilyticum	0	0	0	0	0	0	0	0	0	0	0	0	0	0	0	0	0	0	0	0	0	0	0	0	0	0	0	0	0	0	0	0	0	0	0	0	0	0	0	0	0	0	0	0	0	0	0	0	0	0	0	0	0	11	0	0	0	0	0	0	0	0	0	0	0	0	0	0	0	0	0	0	0	0	0	0	0	0	0	0	0	0	0	0	0	0	0	0	0	0	0	0	0	0	0	0	0	0	0	0	0	0	0	0	0	0	0	0	0	0	0	0	0	0	0	0	0	0	0	0	0	0	0	0	0	0	0	0	0	0	0	0	0	0	0	0	0	0	0	0	0	0	0	0	0	0	0	0	0	0	0	0	0	0	0	0	0	0	0	0	0	0	0	0	0	0	0	0	0	0	0	0	0	0	0	0	0	0	0	0	0	0	0	0	0	0	0	0	0	0	0	0	0	0	0	0	0	0	0	0	0	0	0	0	0	0	0	0	0	0	0	0	0	0	0	0	0	0	0	0	0	0	0	0	0	0	0	0	0	0	0	12	11	28	11	17	0	0	0	0	0	0	0	0	0	0	0	0	0	0	0	0	0	0	0	0	0	0	21	0	13	0	0	0	0	11	0	0	0	0	0	0	0	0	0	0	0	0	0	0	0	0	0	0	0	0	0	0	0	0	0	0	0	0	0	0	0
k__Bacteria;p__Firmicutes;c__Clostridia;o__Clostridiales;f__Lachnospiraceae;g__Coprococcus	238	630	0	23	0	18	142	56	20	0	244	0	181	0	26	0	0	340	0	0	35	0	52	62	629	410	333	322	353	538	292	33	113	213	334	0	150	166	413	119	78	55	29	1105	77	80	66	95	910	580	0	453	86	358	75	0	471	0	125	128	0	42	0	140	0	0	0	0	0	23	0	0	0	0	254	0	90	12	266	43	24	51	11	22	2359	297	903	55	714	369	52	287	276	143	0	224	176	259	374	378	0	0	13	22	14	314	539	232	122	0	34	146	26	25	0	0	0	0	0	245	668	312	243	412	347	16	294	527	412	15	94	42	26	0	582	0	388	422	553	617	0	178	0	450	653	12	201	105	494	59	170	148	59	65	235	92	109	120	482	427	522	395	456	454	666	801	861	748	808	877	1152	1387	1175	1401	0	0	0	0	0	310	316	420	390	316	49	24	22	25	0	0	532	719	827	801	654	737	841	1266	1118	917	1262	32	15	34	32	21	50	95	25	69	48	318	473	404	482	580	1139	958	991	1256	955	285	327	266	453	404	64	49	49	46	80	558	568	755	626	534	1424	1155	1565	1251	1004	0	0	16	0	0	0	0	0	0	0	302	162	222	364	305	201	293	573	496	563	29	27	97	241	365	608	899	436	631	1085	456	316	264	273	402	118	111	115	0	0	0	0	44	0	588	527	599	753	314	391	394	292	306	355	452	335
k__Bacteria;p__Firmicutes;c__Clostridia;o__Clostridiales;f__Lachnospiraceae;g__Dorea	534	574	28	197	17	0	44	0	11	0	0	320	543	573	1536	0	0	0	0	0	657	171	1120	463	1217	917	1370	1272	1591	442	14	159	19	34	69	1201	173	144	692	425	821	354	693	930	2463	160	86	1794	831	52	61	38	406	11	425	0	798	0	539	27	0	18	0	22	182	14	59	701	12	175	97	339	68	291	302	14	430	126	278	135	12	177	0	73	264	246	289	112	851	862	314	882	971	411	0	126	506	278	583	157	1492	0	726	0	112	93	1222	176	422	17	670	1142	507	380	572	175	82	45	119	197	1153	119	341	22	143	132	118	772	45	150	1188	119	520	114	72	17	41	152	38	1310	74	279	0	1175	758	0	407	220	975	151	368	509	0	370	269	1917	228	134	638	825	1004	758	802	756	1537	1724	1692	1415	1690	707	816	1043	816	1087	3279	3071	3104	3481	3968	2163	1797	2389	2375	1534	624	494	614	570	1873	2005	1112	1377	1545	1387	1132	1328	1494	2092	1650	1215	2108	517	458	510	611	539	1356	3079	822	1729	1638	899	1380	1059	1363	1718	1030	816	797	972	815	2081	2448	2380	2025	3084	983	875	993	926	1313	1911	1833	2370	2138	1756	1155	925	1374	1101	1471	0	2773	2286	3550	3573	2427	1655	1639	1183	1082	2565	1344	2004	3221	2184	1019	1150	2058	1545	1898	528	525	1399	1098	1460	881	1430	1293	1159	1671	2402	1748	1542	1410	2728	2111	2393	1870	0	1930	1501	1599	570	0	1304	1572	1417	1586	1961	2081	2004	1652	1628	1676	2118	1641
k__Bacteria;p__Firmicutes;c__Clostridia;o__Clostridiales;f__Lachnospiraceae;g__Eisenbergiella	35	289	115	12	107	0	23	0	21	0	0	0	0	0	0	0	0	0	0	0	32	0	0	0	102	0	0	0	0	0	0	0	0	0	0	0	0	0	0	0	0	0	0	0	0	0	0	0	0	0	0	0	0	0	0	0	0	0	0	0	0	0	0	0	0	31	195	0	218	0	0	0	0	15	17	0	19	0	23	0	0	0	0	0	0	0	0	0	0	0	0	0	0	0	0	0	0	0	0	0	16	0	13	0	19	127	13	98	50	139	138	0	28	0	57	0	0	0	17	13	0	0	0	0	0	0	0	0	0	17	0	0	0	0	0	0	0	0	0	14	0	0	0	22	0	0	0	0	11	0	0	25	0	0	0	0	0	0	0	0	0	0	0	0	0	0	0	0	0	0	0	0	0	0	0	0	0	0	0	0	0	0	0	0	0	0	0	0	0	0	0	0	0	0	0	0	0	0	0	0	0	0	0	12	0	0	0	0	0	0	0	0	0	0	0	0	0	0	0	0	0	0	0	0	0	0	269	212	257	293	362	0	0	0	0	0	0	0	0	0	0	0	0	0	0	0	0	0	0	0	0	0	0	0	0	0	0	0	14	0	0	0	0	0	0	0	0	0	0	0	0	0	0	0	0	0	0	0	0	0	0	0	0	0	0	0	0	0	0	0	0	0	0	0	0	0	0
k__Bacteria;p__Firmicutes;c__Clostridia;o__Clostridiales;f__Lachnospiraceae;g__Epulopiscium	0	0	0	0	0	0	0	0	0	0	0	0	0	0	0	0	0	0	0	0	427	0	0	111	221	0	0	0	0	0	0	0	0	0	0	0	0	0	0	0	0	0	0	0	0	0	0	0	0	0	0	0	0	0	33	0	72	0	144	0	0	0	0	0	0	0	0	0	0	0	0	0	0	0	0	0	0	0	0	0	0	0	0	0	0	0	0	0	0	0	0	0	0	0	0	0	0	0	0	0	0	0	0	0	0	0	0	0	0	0	0	0	0	0	0	0	0	0	0	0	0	0	0	0	110	0	46	0	148	0	0	0	0	0	0	0	13	0	0	0	0	0	0	0	0	0	0	0	0	0	0	0	0	0	0	0	0	0	0	0	0	0	0	0	0	0	0	0	0	0	0	0	0	0	0	0	0	0	0	0	0	0	0	0	0	0	0	0	0	0	0	0	0	0	0	0	0	0	0	0	0	0	0	0	0	0	0	0	0	0	0	0	0	0	0	0	0	0	0	0	0	0	0	0	0	0	0	0	0	0	0	0	0	0	0	0	0	0	0	0	0	0	0	0	0	0	0	0	0	0	0	0	0	0	0	0	0	0	0	0	0	0	0	0	0	0	0	0	0	0	0	0	0	0	0	0	0	0	0	0	0	0	0	0	0	0	0	0	0	0	0	0	0	0	0	0	0
k__Bacteria;p__Firmicutes;c__Clostridia;o__Clostridiales;f__Lachnospiraceae;g__Eubacterium	242	139	291	927	229	407	1473	19	210	4066	295	132	165	2136	137	713	4132	183	2468	0	358	21	362	136	105	195	2158	301	1401	46	159	33	62	88	168	704	186	226	438	777	255	527	32	741	379	76	47	931	640	58	0	78	15	55	0	0	24	0	117	0	0	0	0	0	14	52	23	0	12	0	0	0	0	0	1197	20	728	132	1006	15	0	17	0	0	282	135	235	85	207	18	0	85	285	50	0	75	0	74	209	11	695	0	504	228	358	510	1203	597	871	384	65	658	81	59	0	0	0	0	0	367	576	259	353	98	152	0	72	468	62	34	899	367	338	142	150	0	206	360	192	256	79	389	0	728	101	0	77	34	78	26	81	114	0	120	261	115	138	193	1997	219	234	196	208	215	4787	5449	5441	4987	5648	1916	2373	3066	2901	3411	0	0	0	0	0	650	531	727	737	541	1822	1254	1567	1165	3509	3812	4041	4656	4993	5045	4221	4966	2987	3672	3371	2192	3845	1512	1382	1748	1702	1591	1626	2696	821	1607	1588	2833	3620	3377	3735	4335	2906	2364	2337	3073	2292	3567	4098	3664	3515	5095	2771	2313	2492	2254	3468	3678	3600	4702	4086	3423	3504	2895	3849	3021	2212	0	0	688	0	0	3445	3450	3490	2388	2405	3686	1969	2736	5129	3548	2044	2448	4067	3595	4244	970	1352	1577	2289	3109	2473	4732	3133	3936	4220	3675	2304	2463	2260	3889	2010	2162	2066	0	3564	2812	2970	2076	0	4094	3661	3809	4984	2840	3126	2983	2340	2338	1908	2743	2022
k__Bacteria;p__Firmicutes;c__Clostridia;o__Clostridiales;f__Lachnospiraceae;g__Eubacterium-Marvinbryantia	0	0	0	0	0	0	0	0	0	0	0	0	0	0	0	0	0	0	0	0	0	0	0	0	0	0	0	0	0	0	0	0	0	0	0	0	0	0	0	0	0	0	0	0	0	0	0	0	0	0	0	0	0	0	0	0	0	0	0	0	0	0	0	0	0	0	0	0	0	0	0	0	0	0	0	0	0	0	0	0	0	0	0	0	0	0	0	0	0	0	0	0	0	0	0	0	0	0	0	0	0	0	0	0	0	0	0	0	0	0	0	0	0	0	0	0	0	0	0	0	0	0	0	0	0	0	0	0	0	0	0	0	0	0	0	0	0	0	0	0	0	0	0	0	0	0	0	0	0	0	0	0	0	0	0	0	0	0	0	0	0	0	0	0	0	0	0	0	0	0	0	0	0	0	0	0	0	0	0	0	0	0	0	0	0	0	0	0	0	0	0	0	0	0	0	0	0	0	0	0	13	0	0	0	0	0	0	0	0	0	0	0	0	0	0	0	0	0	0	0	0	0	0	0	0	0	0	0	0	0	0	0	0	0	0	0	0	0	0	0	0	0	0	0	0	0	0	0	0	0	0	0	0	0	0	0	0	0	0	0	0	0	0	0	0	0	0	0	0	0	0	0	0	0	0	0	0	0	0	0	0	0	0	0	0	0	0	0	0	0	0	0	0	0	0	0	0
k__Bacteria;p__Firmicutes;c__Clostridia;o__Clostridiales;f__Lachnospiraceae;g__Eubacterium-Roseburia	0	0	0	0	0	0	0	0	0	0	0	0	0	0	0	0	0	0	0	0	0	0	0	0	0	0	0	0	0	0	0	0	0	0	0	0	0	0	0	0	0	0	0	0	0	0	0	0	0	0	0	0	0	0	0	0	0	0	0	0	0	0	0	0	0	0	0	0	0	0	0	0	0	0	0	0	0	0	0	0	0	0	0	0	0	0	0	0	0	0	0	0	0	0	0	0	0	0	0	0	0	0	0	0	0	0	0	0	0	0	0	0	0	0	0	0	0	0	0	0	0	0	0	0	0	0	0	0	0	0	0	0	0	0	0	0	0	0	0	0	0	0	0	0	0	0	0	0	0	0	0	0	0	0	0	0	0	0	0	0	0	0	0	0	0	0	0	0	0	0	0	0	0	0	0	0	0	0	0	0	0	0	0	0	22	0	14	16	0	0	0	0	0	0	0	0	0	0	0	0	0	0	0	0	0	0	0	0	0	0	0	0	0	0	0	0	0	0	0	0	0	0	0	0	0	0	0	0	0	0	0	0	0	0	0	0	0	0	0	0	0	0	0	0	0	0	36	0	0	21	0	0	0	0	0	0	0	0	0	0	0	0	0	0	0	0	0	0	0	0	0	0	0	0	0	0	0	0	0	0	0	0	0	0	0	0	0	0	0	0	0	0	0	0	0	0	0
k__Bacteria;p__Firmicutes;c__Clostridia;o__Clostridiales;f__Lachnospiraceae;g__Fusicatenibacter	82	28	92	1072	0	56	121	62	104	491	71	47	1759	2359	0	19	20	86	473	0	0	17	5401	349	1169	67	33	347	4527	59	185	94	67	82	249	185	366	93	3220	52	61	1488	289	106	46	76	63	313	24	24	0	91	0	0	26	0	31	0	31	71	330	46	549	72	272	903	5990	4814	135	385	54	1293	75	683	0	0	0	0	0	39	1584	59	1226	32	323	466	297	286	148	41	27	351	0	46	0	0	0	176	77	11	0	0	0	0	0	17	22	95	624	0	53	374	812	5893	21	159	965	148	266	30	365	766	8622	84	0	0	0	148	0	15	95	687	2753	29	352	23	2425	6987	499	0	98	119	43	596	42	0	26	880	42	74	59	16	36	0	47	34	523	260	759	15	24	14	16	22	838	862	945	806	979	2871	3621	4292	2895	4212	595	516	546	483	575	1020	918	1135	1060	761	2776	1646	2380	1665	5858	5942	2244	797	808	824	712	975	1504	2117	1965	1500	2251	0	0	12	0	0	292	401	186	239	252	1646	1965	1747	2321	2833	3770	3229	3240	4015	3036	822	872	894	1387	1182	16	12	15	15	19	416	413	451	426	383	4177	4396	5765	4182	3332	0	331	1027	394	280	4183	3565	3659	2466	2454	868	430	601	983	744	1256	871	347	321	471	1210	1648	873	1426	1264	163	227	182	176	244	1652	1246	1027	1032	1539	422	469	424	0	5578	4369	4701	2940	46	2553	2269	2407	3050	1527	1828	1543	1286	1206	945	1204	941
k__Bacteria;p__Firmicutes;c__Clostridia;o__Clostridiales;f__Lachnospiraceae;g__Howardella	0	0	0	0	0	0	0	0	0	0	0	0	0	0	0	0	0	0	0	0	0	0	0	0	0	0	0	0	0	0	0	0	0	0	0	0	0	0	0	0	0	0	0	0	0	0	0	0	0	0	0	0	0	0	0	0	0	0	0	0	0	0	0	0	0	0	0	0	0	0	0	0	0	0	0	0	0	0	0	0	0	0	0	0	0	0	0	0	0	0	0	0	0	0	0	0	0	0	0	0	0	0	0	0	0	0	0	0	0	0	0	0	0	0	0	0	0	0	0	0	0	0	0	0	0	0	0	0	0	0	0	0	0	0	0	0	0	0	0	0	0	0	0	0	0	0	0	0	0	0	0	0	0	0	0	0	0	0	0	55	24	30	33	50	0	0	0	0	0	0	0	0	0	0	0	0	0	0	0	37	28	41	43	24	0	0	0	0	0	0	0	0	0	0	0	0	0	0	0	0	0	0	0	0	0	0	0	0	0	0	0	0	0	0	0	0	0	0	0	0	0	0	0	0	0	0	0	0	0	0	0	0	0	0	0	0	0	0	0	0	0	0	0	0	0	0	0	0	0	0	0	0	0	0	0	0	0	0	0	0	0	0	0	0	0	0	0	0	0	0	0	0	0	0	0	0	0	0	0	0	0	0	0	0	0	0	0	0	0	0	0	0	0	0	0	0	0
k__Bacteria;p__Firmicutes;c__Clostridia;o__Clostridiales;f__Lachnospiraceae;g__Hungatella	31	1582	1459	0	1262	0	0	0	0	0	0	0	0	0	0	0	0	0	0	0	0	0	0	0	228	0	0	0	0	0	0	0	0	0	36	0	0	0	0	32	0	0	0	91	15	0	0	29	53	0	0	0	0	0	0	0	0	0	0	0	0	0	0	0	0	0	0	0	0	0	0	15	0	193	202	0	75	0	353	11	0	25	0	0	0	0	0	0	0	377	0	248	0	259	0	230	0	90	0	207	36	0	39	0	51	684	386	543	410	592	0	0	18	0	0	63	32	0	115	91	0	38	20	18	0	0	0	0	0	0	27	65	0	28	25	0	35	0	12	43	0	29	0	275	595	0	268	0	1375	31	117	454	0	87	0	0	0	0	0	0	0	0	0	0	0	0	0	0	0	0	0	0	0	0	0	0	0	0	0	0	0	0	0	0	0	0	0	0	0	0	0	0	0	0	0	0	0	0	0	0	0	0	0	0	0	0	0	0	0	0	0	0	0	0	0	0	0	0	0	0	0	0	0	0	0	0	66	42	68	57	84	0	0	0	0	0	0	0	0	0	0	0	0	0	0	0	0	0	0	0	0	0	0	0	0	0	0	0	0	0	0	0	0	0	0	0	0	0	0	0	0	0	0	0	0	0	0	0	0	0	0	0	0	0	0	0	0	0	0	0	0	0	0	0	0	0	0
k__Bacteria;p__Firmicutes;c__Clostridia;o__Clostridiales;f__Lachnospiraceae;g__Lachnoclostridium	580	3153	1867	187	1567	793	2864	1558	3191	501	6309	0	3119	0	1432	1384	27	826	312	426	2796	0	160	1591	1246	1545	407	1377	187	2502	2650	200	918	1515	2506	502	176	343	193	719	186	603	152	2457	921	278	228	911	1539	3881	0	2202	71	3029	532	20	2743	29	2609	3848	1393	690	89	638	2866	563	3693	39	3185	900	0	2367	0	3056	4791	24	3162	179	3821	1486	868	834	409	1052	2863	1196	1281	390	6835	230	46	438	81	1141	0	1084	0	638	72	1112	2227	29	3172	38	2971	2853	2798	2232	680	3877	3500	1655	2430	1426	3759	916	998	53	2356	2540	1229	2860	307	2885	3139	81	2099	853	5406	2354	1015	2971	1256	4968	5910	56	4015	395	8032	3683	73	3500	239	3486	2022	0	436	63	2581	211	535	437	11	647	3241	39	600	630	1971	2135	2398	1938	1996	1951	5646	5822	5909	4993	6182	841	1006	1279	988	1326	469	409	487	449	566	952	795	1022	1081	769	510	305	408	312	138	178	1804	5007	5284	4851	4049	4586	1771	2098	1982	1517	2254	415	361	399	428	362	529	1011	374	653	586	1644	1947	1845	2027	2425	1177	917	1011	1190	968	1264	1486	1325	1253	1817	859	700	756	805	1173	1949	1855	2479	2107	1715	1389	1199	1684	1296	1162	0	507	530	557	363	158	188	168	90	90	1492	705	1061	1922	1274	917	1149	2002	1658	2056	243	366	1169	978	1458	731	943	789	718	1299	2499	1564	1669	1587	2580	832	922	808	0	145	128	144	542	88	2153	2002	2302	2645	2038	2054	2117	1742	1770	1809	2501	1943
k__Bacteria;p__Firmicutes;c__Clostridia;o__Clostridiales;f__Lachnospiraceae;g__Lachnoclostridium-Roseburia	0	0	0	0	0	0	0	0	0	0	0	0	0	0	0	0	0	0	0	0	0	0	0	0	0	0	0	0	0	0	0	0	0	0	0	0	0	0	0	0	0	0	0	0	0	0	0	0	0	0	0	30	0	34	0	0	0	0	410	0	0	0	0	0	0	0	0	0	0	0	0	0	0	0	0	0	0	0	0	0	0	0	0	0	0	0	0	0	0	0	0	0	0	0	0	103	0	0	0	0	0	0	0	0	0	0	0	0	0	0	0	0	0	0	0	0	0	0	0	0	0	0	0	0	0	0	0	0	0	0	0	0	0	0	31	0	17	61	23	0	0	0	0	0	0	0	0	0	0	0	0	0	0	0	0	0	0	0	133	0	0	0	0	0	195	212	181	162	195	26	29	30	29	30	0	0	0	0	0	23	0	13	16	0	0	0	0	0	0	0	156	230	299	282	243	315	57	68	73	67	75	0	0	0	0	0	0	0	0	0	0	28	68	49	77	83	14	21	21	30	22	53	67	44	60	88	0	0	0	0	0	224	159	236	200	166	26	25	45	20	33	0	0	0	0	0	0	0	0	0	0	43	29	52	57	50	75	115	218	186	201	0	0	0	101	144	12	22	23	0	40	16	16	0	0	15	12	0	12	0	0	0	0	0	0	130	95	107	155	12	19	23	23	15	0	28	0
k__Bacteria;p__Firmicutes;c__Clostridia;o__Clostridiales;f__Lachnospiraceae;g__Lachnospira	0	11	0	0	0	0	0	0	0	0	0	0	0	0	0	0	0	0	0	48	0	0	0	0	0	0	0	0	0	0	0	0	0	0	0	0	0	0	0	0	0	0	0	0	0	0	0	0	0	0	0	0	0	0	0	0	0	0	0	84	0	88	28	132	28	0	35	26	21	0	0	0	0	0	0	0	0	0	0	35	0	0	0	27	0	0	0	0	0	0	0	0	0	0	0	0	0	0	0	0	0	0	0	0	0	0	13	0	0	0	38	73	16	32	18	0	0	0	0	0	0	0	0	0	11	0	0	12	0	0	0	0	0	0	0	0	0	0	0	0	0	0	0	0	0	0	0	0	0	0	0	0	0	0	0	0	0	0	0	0	0	0	0	0	0	0	0	0	0	0	0	0	0	0	0	0	0	0	0	0	0	0	0	0	0	0	0	0	0	0	0	0	0	0	0	0	0	0	0	0	0	0	0	0	0	0	0	0	0	0	0	0	0	0	0	0	0	0	0	0	0	23	23	15	16	26	0	0	0	0	0	0	0	0	0	0	0	0	0	0	0	0	0	0	0	0	0	0	0	0	0	18	16	0	32	33	0	0	0	0	0	0	0	0	0	0	0	0	0	0	0	0	0	0	0	0	0	0	0	0	0	0	0	0	0	0	0	0	0	0	0	0	0	0	0	0	0
k__Bacteria;p__Firmicutes;c__Clostridia;o__Clostridiales;f__Lachnospiraceae;g__Lactonifactor	0	53	54	0	73	0	15	13	26	0	0	0	0	0	0	0	0	0	0	0	0	0	0	0	0	13	0	0	0	13	0	0	0	0	0	0	0	0	0	0	0	0	0	0	0	0	0	0	0	18	0	0	0	0	0	0	0	0	0	0	0	318	0	0	0	0	0	0	0	0	0	0	0	12	16	0	0	0	23	379	0	458	0	180	0	0	0	0	71	0	0	0	0	0	0	0	0	0	0	0	0	0	0	0	0	39	22	0	0	34	0	0	0	0	0	0	0	0	12	0	0	0	0	19	0	0	0	0	0	0	0	0	0	0	0	0	0	0	0	43	0	14	0	31	0	0	17	0	0	0	0	0	0	0	0	0	0	0	0	0	0	0	0	0	0	0	0	0	0	0	0	0	0	0	0	0	0	0	0	0	0	0	0	0	0	0	0	0	0	0	0	0	0	0	0	0	0	0	0	0	0	0	0	0	0	0	0	0	0	0	0	0	0	0	0	0	0	0	0	0	0	0	0	0	0	0	0	0	0	0	0	0	0	0	0	0	0	0	0	0	0	0	0	0	0	0	0	0	0	0	0	0	0	0	0	0	0	0	0	0	0	0	0	0	0	0	0	0	0	0	0	0	0	0	0	0	0	0	0	0	0	0	0	0	0	0	0	0	0	0	0	0	0	0	0	0	0
k__Bacteria;p__Firmicutes;c__Clostridia;o__Clostridiales;f__Lachnospiraceae;g__Marvinbryantia	0	0	0	0	0	0	18	23	73	0	0	0	0	0	0	89	13	47	16	0	0	0	0	12	0	13	0	14	0	0	49	47	0	23	52	19	19	13	12	0	0	0	0	0	0	0	0	0	0	103	0	135	0	120	0	0	0	0	0	0	0	0	0	0	0	0	0	0	0	0	0	0	0	0	38	0	0	0	26	0	0	0	0	0	0	12	0	0	0	0	0	0	0	0	0	93	0	54	0	75	0	0	0	0	0	0	0	0	42	0	0	0	0	0	0	0	0	0	0	0	11	0	49	0	38	0	49	36	0	0	0	0	0	0	43	0	52	22	49	0	0	0	0	22	141	0	55	0	101	0	0	0	0	0	17	0	15	12	21	616	696	489	628	575	63	63	64	54	58	260	324	380	299	369	0	0	0	0	0	332	343	416	370	299	0	0	0	0	0	0	98	67	69	59	49	51	35	32	46	24	34	0	0	0	35	0	86	208	50	104	101	51	81	67	77	96	334	291	274	375	257	340	391	421	376	495	80	13	109	14	0	215	164	232	215	182	424	429	496	353	334	0	0	0	0	0	0	0	0	0	0	396	201	305	467	319	61	118	188	162	204	0	0	85	52	140	535	980	598	732	977	169	119	81	78	184	192	197	167	0	0	0	0	0	0	100	89	98	112	101	110	99	86	78	85	127	70
k__Bacteria;p__Firmicutes;c__Clostridia;o__Clostridiales;f__Lachnospiraceae;g__NA	2182	4456	2097	2744	1742	86	1665	497	769	43	1633	155	1456	69	165	900	36	696	89	243	2028	13	3116	741	1647	1158	616	1834	595	389	1167	148	145	311	569	995	536	570	299	1007	127	657	12	894	1073	77	30	1355	330	1104	12	669	0	937	538	0	998	0	846	170	26	132	0	277	3549	1239	9113	13	8320	623	134	1780	44	2686	891	0	848	52	739	146	63	277	40	118	324	635	232	79	2238	803	0	1132	1682	950	0	1760	69	7545	2482	1107	248	0	388	18	282	2100	2538	2770	8271	1473	1156	1936	2515	2876	568	748	513	153	1904	2091	1408	708	614	1803	475	26	536	668	522	1106	1252	2227	3361	883	2298	19	2246	1623	2307	2263	26	2602	0	1674	1721	79	16892	2040	1366	101	385	1006	16	645	1411	117	786	836	2228	564	689	540	576	527	1791	1995	1951	1740	2098	713	773	1076	867	988	920	959	916	980	1202	542	469	655	579	429	4687	3262	4093	3267	2454	2606	1489	1647	1699	1785	1512	1733	2362	3247	3309	2479	3458	558	418	471	569	562	1199	1925	763	1041	986	1248	1511	1331	1535	1863	1004	797	856	1146	785	1710	1794	1762	1560	2367	2393	2235	2390	2450	3636	761	732	1032	788	669	1177	1108	1390	1095	1062	0	1119	2702	1135	1118	2152	2113	2075	1413	1352	1989	934	1229	2391	1736	2599	1783	768	623	770	2744	3722	1164	3122	2468	3700	5549	4381	4975	6323	1431	1029	860	854	1545	1414	1516	1220	0	2320	1930	1940	5061	69	1542	1214	1505	1842	1070	1175	1134	898	920	842	1108	833
k__Bacteria;p__Firmicutes;c__Clostridia;o__Clostridiales;f__Lachnospiraceae;g__Oribacterium	0	0	0	0	0	0	0	0	0	0	0	0	0	0	0	0	0	0	0	0	0	0	0	0	0	0	0	0	0	0	0	0	0	0	0	0	0	0	0	0	0	0	0	0	0	0	0	0	0	0	0	0	0	0	0	0	0	0	0	0	0	0	0	0	0	0	0	0	0	0	0	0	0	0	0	0	0	0	0	0	0	0	0	0	0	0	0	0	0	0	0	0	0	0	0	0	0	0	0	0	0	0	0	0	0	0	0	0	0	0	0	0	0	0	0	0	0	0	0	0	0	0	0	0	0	0	0	0	0	0	0	0	0	0	0	0	0	0	0	0	0	0	0	0	0	0	0	0	0	0	0	0	0	0	34	0	13	21	118	14	0	0	0	0	0	0	0	0	0	0	0	0	0	0	0	0	0	0	0	0	0	0	0	0	0	0	0	0	0	0	0	0	0	0	0	0	0	0	0	0	0	0	0	0	0	0	0	0	0	0	0	0	0	0	0	0	0	0	0	0	0	0	0	0	0	0	0	12	0	0	16	0	0	0	0	0	0	0	0	0	0	0	0	0	0	0	0	0	0	0	0	0	0	0	0	0	0	0	0	0	0	0	0	0	0	0	0	0	0	0	0	0	0	0	0	0	0	0	0	0	0	0	0	0	0	0	0	0	0	0	0	0	0	0	0	0	0
k__Bacteria;p__Firmicutes;c__Clostridia;o__Clostridiales;f__Lachnospiraceae;g__Robinsoniella	0	0	0	0	0	0	0	0	0	0	0	0	0	0	0	0	0	0	0	0	420	0	0	313	1079	0	0	0	0	0	0	0	0	0	0	0	0	0	0	0	0	0	0	0	0	0	0	0	0	0	0	0	0	0	0	0	0	0	0	0	0	0	0	0	0	0	0	0	0	0	0	0	0	0	0	0	0	0	0	0	0	0	0	0	0	0	0	0	0	0	0	0	0	0	8533	0	0	0	0	0	0	0	0	0	0	330	17	388	13	644	1032	225	1461	108	1542	22	20	0	43	307	0	379	21	206	0	0	0	0	0	206	46	332	12	404	93	15	104	0	126	0	0	0	0	0	0	0	0	0	0	0	0	0	0	0	0	0	0	0	115	0	0	0	0	0	0	0	0	0	0	0	0	0	0	0	0	0	0	0	0	0	0	0	0	0	0	0	0	0	0	0	0	0	0	0	0	0	0	0	0	0	0	0	0	0	0	0	0	0	0	0	0	0	0	0	0	0	0	0	0	0	0	0	0	0	0	0	0	0	0	0	0	0	0	0	0	0	0	0	0	0	0	0	0	0	0	0	0	0	0	0	0	0	0	0	0	0	0	0	0	0	0	0	0	0	0	0	0	0	0	0	0	0	0	0	0	0	0	0	0	0	0	0	0	0	0	0	0	0	0	0	0	0	0	0	0	0	0
k__Bacteria;p__Firmicutes;c__Clostridia;o__Clostridiales;f__Lachnospiraceae;g__Roseburia	318	38	29	170	0	143	102	246	17	275	44	16	179	31	128	116	29	48	0	0	0	0	0	0	0	29	13	31	53	0	25	14	0	40	18	482	18	0	271	91	11	29	0	56	35	13	21	48	13	16	0	0	11	56	16	0	14	0	0	302	30	89	0	512	599	64	597	175	610	15	0	18	0	14	0	0	19	0	0	83	288	140	218	43	14	0	0	0	0	107	0	44	248	53	0	112	0	50	0	53	63	0	54	0	30	70	58	21	35	31	299	145	150	133	513	0	0	0	15	0	19	11	20	0	13	0	0	21	0	104	89	219	167	299	37	0	29	0	32	17	0	77	0	42	138	0	91	0	104	118	423	0	0	0	11	0	0	0	411	69	78	27	60	36	0	0	17	0	15	58	90	145	79	113	13	0	0	0	0	11	0	13	0	0	62	30	37	42	25	34	462	0	0	12	0	0	93	114	103	83	164	0	0	0	0	0	0	0	0	0	0	352	369	373	402	469	110	105	95	125	96	257	327	306	283	463	19	20	32	22	47	21	43	63	43	24	127	120	170	136	119	0	0	33	15	0	0	18	16	0	16	330	162	219	372	270	25	12	34	19	0	24	34	41	41	34	276	354	307	221	466	28	79	14	29	22	17	15	13	0	25	25	29	63	0	423	369	356	514	25	41	39	0	0	21	77	35
k__Bacteria;p__Firmicutes;c__Clostridia;o__Clostridiales;f__Lachnospiraceae;g__Ruminococcus	0	0	0	0	0	0	0	0	0	0	0	0	0	0	0	0	0	0	0	0	0	0	0	0	0	0	0	0	0	0	0	0	0	0	0	0	0	0	0	0	0	0	0	0	0	0	0	0	0	0	0	0	0	0	0	0	0	0	0	0	0	0	0	0	0	0	0	0	0	0	0	0	0	0	0	0	0	0	0	0	0	0	0	0	0	0	0	0	0	0	0	0	0	0	0	0	0	0	0	0	0	0	0	0	0	0	0	0	0	0	0	0	0	0	0	0	0	0	0	0	0	0	0	0	0	0	0	0	0	0	0	0	0	0	0	0	0	0	0	0	0	0	0	0	0	0	0	0	0	0	0	0	0	0	0	0	0	0	0	0	0	0	0	0	0	0	0	0	0	0	0	0	0	0	0	0	0	0	0	0	0	0	0	0	0	0	0	0	0	0	0	0	0	0	0	0	0	0	0	0	0	0	0	0	0	0	0	0	0	0	0	0	0	0	0	0	0	0	0	0	0	0	0	0	0	0	0	0	11	0	0	0	0	0	0	0	0	0	0	0	0	0	0	0	0	0	0	0	0	0	0	0	0	0	0	0	0	0	0	0	0	0	0	0	0	0	0	0	0	0	0	0	0	0	0	0	0	0	0	0	0	0	0	0	0	0	0	0	0	0	0	0	0	0	0	0	0
k__Bacteria;p__Firmicutes;c__Clostridia;o__Clostridiales;f__Lachnospiraceae;g__Shuttleworthia	0	0	0	0	0	0	0	0	0	0	0	0	0	0	0	0	0	0	0	0	0	0	0	0	0	0	0	0	0	0	0	0	0	0	0	0	0	0	0	0	0	0	0	0	0	0	0	0	0	0	0	0	0	0	0	0	0	0	0	0	0	0	0	0	0	0	0	0	0	0	0	0	0	0	0	0	0	0	0	0	0	0	0	0	0	0	0	0	0	0	0	0	0	0	0	0	0	0	0	0	0	0	0	0	0	0	0	0	0	0	0	0	0	0	0	0	0	0	0	0	0	0	0	0	0	0	0	0	0	0	0	0	0	0	0	0	0	0	0	0	0	0	0	0	0	0	0	0	0	0	0	0	0	0	0	0	0	0	0	0	0	0	0	0	0	0	0	0	0	0	0	0	0	0	0	0	0	0	0	0	0	0	0	0	0	0	0	0	0	0	0	0	0	0	0	0	0	0	0	0	0	0	0	0	0	0	0	0	0	0	0	0	0	0	0	0	0	0	0	0	0	0	0	0	0	0	0	0	12	0	12	0	0	0	0	0	0	0	0	0	0	0	0	0	0	0	0	0	0	0	0	0	0	0	0	0	0	0	0	0	0	0	0	0	0	0	0	0	0	0	0	0	0	0	0	0	0	0	0	0	0	0	0	0	0	0	0	0	0	0	0	0	0	0	0	0	0
k__Bacteria;p__Firmicutes;c__Clostridia;o__Clostridiales;f__Lachnospiraceae;g__Tyzzerella	0	0	0	0	0	0	0	24	15	0	0	0	0	0	0	23	0	0	0	0	0	0	0	0	0	106	0	17	0	0	0	0	0	0	0	0	0	0	0	0	0	0	0	0	0	0	0	0	0	0	0	0	0	0	0	0	0	0	0	34	0	15	0	67	137	13	158	0	191	0	0	0	0	0	17	0	83	0	0	18	0	0	0	0	0	0	0	0	0	0	0	0	0	0	0	0	0	0	0	0	0	0	16	0	0	17	0	0	0	0	73	0	18	0	54	0	0	0	0	0	0	0	0	0	11	0	0	0	0	0	0	0	0	0	0	0	0	0	0	0	0	0	0	0	0	0	0	0	13	23	54	122	0	182	0	0	0	0	0	0	0	0	0	0	0	0	0	0	0	0	0	0	0	0	0	0	0	0	0	0	0	0	0	0	0	0	0	0	0	0	0	0	0	0	0	0	0	0	0	0	0	0	0	0	0	0	0	0	0	0	0	0	0	0	0	0	0	11	0	0	0	0	0	0	0	0	0	0	0	0	0	0	0	0	0	0	0	0	0	0	0	0	0	0	0	0	0	0	0	0	0	0	0	0	0	0	0	0	0	0	0	0	0	0	0	0	0	0	0	0	0	0	0	0	0	0	0	0	0	0	0	0	0	0	0	0	0	0	0	0	0	0	0	0	0	0	0
k__Bacteria;p__Firmicutes;c__Clostridia;o__Clostridiales;f__NA;g__Alkaliphilus	0	0	0	0	0	0	0	0	0	0	0	0	0	0	0	0	0	0	0	0	0	0	0	0	0	0	0	0	0	0	0	0	0	0	0	0	0	0	0	0	0	0	0	0	0	0	0	0	0	0	0	0	0	0	0	0	0	0	0	0	0	0	16	0	0	0	0	0	0	0	0	0	0	0	0	0	0	0	0	0	0	0	0	0	0	0	0	0	0	0	0	0	0	0	0	0	0	0	0	0	0	0	0	0	0	0	0	0	0	0	0	0	0	0	0	0	0	0	0	0	0	0	0	0	0	0	0	0	0	0	0	0	0	0	0	0	0	0	0	0	0	0	0	0	0	0	0	0	0	0	0	0	0	0	0	0	0	0	0	0	0	0	0	0	0	0	0	0	0	0	0	0	0	0	0	0	0	0	0	0	0	0	0	0	0	0	0	0	0	0	0	0	0	0	0	0	0	0	0	0	0	0	0	0	0	0	0	0	0	0	0	0	0	0	0	0	0	0	0	0	0	0	0	0	0	0	0	0	0	0	0	0	0	0	0	0	0	0	0	0	0	0	0	0	0	0	0	0	0	0	0	0	0	0	0	0	0	0	0	0	0	0	0	0	0	0	0	0	0	0	0	0	0	0	0	0	0	0	0	0	0	0	0	0	0	0	0	0	0	0	0	0	0	0	0	0	0
k__Bacteria;p__Firmicutes;c__Clostridia;o__Clostridiales;f__NA;g__NA	0	811	809	0	611	0	0	0	0	0	0	0	0	0	12	0	0	0	0	0	27	14	13	0	0	0	11	505	14	18	72	108	39	57	55	351	530	561	228	0	0	0	0	0	0	0	0	0	0	991	1031	634	1229	963	25	30	19	23	20	0	0	0	0	1868	0	23	0	0	0	0	0	0	0	0	21	0	0	12	19	0	0	0	0	0	69	83	46	46	183	0	0	0	0	0	0	0	0	0	0	0	11	18	0	0	21	825	11	603	0	1909	0	0	0	0	0	0	0	0	0	0	0	25	0	0	426	2058	889	703	872	0	0	0	0	0	58	35	56	49	64	0	0	52	20	71	13	0	0	0	0	0	0	0	0	0	13	14	27	29	123	3042	3845	2554	3477	3201	0	0	0	0	0	81	88	113	49	85	0	0	0	0	0	1413	1278	1558	1645	1115	0	0	0	0	0	0	0	0	0	0	0	0	0	0	0	0	0	17	11	25	21	0	67	71	21	59	56	0	0	0	0	0	42	37	16	41	31	163	192	147	136	208	33	42	32	21	43	13	31	33	34	45	75	64	90	63	54	0	0	0	0	0	0	0	0	0	0	158	78	116	242	145	11	0	14	13	13	0	0	96	0	13	0	0	0	0	0	0	0	0	0	20	76	64	64	0	0	0	11	0	0	0	0	0	0	0	0	0	0	0	0	0	0
k__Bacteria;p__Firmicutes;c__Clostridia;o__Clostridiales;f__NA;g__Sarcina	0	0	0	0	0	0	0	0	0	0	0	19	0	0	0	0	0	0	0	0	0	0	0	0	0	0	0	67	0	0	0	0	0	0	0	33	72	98	23	0	0	0	0	0	0	0	0	0	0	0	0	0	0	0	0	0	0	0	0	0	61	0	0	0	0	23	0	0	0	0	0	0	0	0	0	0	0	0	0	0	0	0	0	0	0	0	0	0	0	0	0	0	0	0	0	0	0	0	0	0	0	0	0	0	0	0	0	0	0	0	0	0	0	0	0	0	0	0	0	0	0	0	0	0	0	0	0	0	0	0	0	0	0	0	0	0	0	0	0	0	0	0	0	0	0	0	0	0	0	0	0	0	0	0	0	0	0	0	0	0	0	0	0	0	0	0	0	0	0	0	0	0	0	0	0	0	0	0	0	301	289	354	340	199	0	0	0	0	0	0	0	0	0	0	0	0	0	0	0	0	0	0	0	0	0	0	0	0	0	0	0	0	0	0	0	0	0	0	0	0	0	0	0	0	0	0	0	0	0	0	0	0	0	0	0	0	0	0	0	0	0	0	0	0	0	0	0	0	0	0	0	0	0	0	0	0	0	0	0	0	0	0	0	0	0	0	0	0	0	0	0	0	0	0	0	0	0	0	0	0	0	0	0	0	0	0	0	0	0	0	0	0	0	0	0	0	0
k__Bacteria;p__Firmicutes;c__Clostridia;o__Clostridiales;f__Peptococcaceae;g__NA	0	13	11	0	16	0	0	0	0	0	0	0	0	0	0	0	0	0	0	0	0	0	0	0	0	0	0	0	0	0	0	0	0	0	0	0	0	0	0	0	0	0	0	0	0	0	0	0	0	0	0	0	0	0	0	0	0	0	0	0	0	0	0	0	0	0	0	0	0	0	0	0	0	0	0	0	0	0	0	0	0	0	0	0	0	0	0	0	11	0	0	0	0	0	0	0	0	0	0	0	0	0	0	0	0	17	0	16	0	23	0	0	0	0	0	0	0	0	0	0	0	0	0	21	0	0	0	0	0	0	0	0	0	0	0	0	0	0	0	31	0	0	0	54	0	0	0	0	0	0	0	0	0	0	0	0	0	0	0	0	0	0	0	0	0	0	0	0	0	0	0	0	0	0	0	0	0	0	0	0	0	0	0	0	0	0	0	0	0	0	0	0	0	0	0	0	0	0	0	0	0	0	0	0	0	0	0	0	0	0	0	0	0	0	0	0	0	0	0	0	0	0	0	0	0	0	0	0	0	0	0	0	0	0	0	0	0	0	0	0	0	0	0	0	0	0	0	0	0	0	0	0	0	0	0	0	0	0	0	0	0	0	0	0	0	0	0	0	0	0	0	0	0	0	0	0	0	0	0	0	0	0	0	0	0	0	0	0	0	0	0	0	0	0	0	0	0
k__Bacteria;p__Firmicutes;c__Clostridia;o__Clostridiales;f__Peptococcaceae;g__Peptococcus	0	0	0	0	0	0	0	0	0	0	0	0	0	0	0	0	0	0	0	0	0	0	0	0	0	64	23	27	57	44	0	0	0	0	0	0	0	0	0	0	0	0	0	0	0	0	0	0	0	0	0	0	0	0	0	0	0	0	0	0	0	0	0	0	0	0	0	0	0	0	0	0	0	0	0	0	0	0	0	0	0	0	0	0	0	0	0	0	0	0	0	0	0	0	0	0	0	0	0	0	0	0	0	0	0	33	0	24	0	28	0	0	0	0	0	19	105	0	12	737	76	688	150	1118	0	0	0	0	0	0	0	41	0	0	0	0	0	0	0	0	0	0	0	0	0	0	0	0	0	0	0	0	0	0	0	0	0	0	38	0	0	0	0	0	0	0	0	0	0	0	0	0	0	0	0	0	0	0	0	0	0	0	0	0	0	0	0	0	0	0	0	0	0	0	0	0	0	0	0	0	0	14	12	11	17	19	0	0	0	0	0	0	0	0	0	0	0	0	0	0	0	0	0	0	0	0	83	51	74	68	108	304	394	484	359	298	0	0	0	0	0	0	0	0	0	0	0	0	0	0	0	0	0	0	0	0	86	183	283	231	289	0	0	0	105	199	0	0	0	0	0	0	0	0	0	0	0	0	0	0	0	0	0	0	0	0	0	0	0	0	0	0	0	0	0	0	0
k__Bacteria;p__Firmicutes;c__Clostridia;o__Clostridiales;f__Peptostreptococcaceae;g__Asaccharospora	0	0	0	0	0	0	1135	0	0	0	0	0	0	0	0	343	0	277	0	261	0	0	0	0	0	0	0	0	0	0	0	0	0	0	102	0	0	0	0	987	0	740	0	0	0	0	0	0	0	0	0	0	0	0	0	0	0	0	0	0	0	0	0	0	0	0	0	0	98	0	0	0	0	0	0	0	0	0	0	630	0	0	0	606	0	0	0	0	0	0	0	0	0	0	13443	0	0	0	0	0	0	0	0	0	0	0	0	0	0	0	0	0	0	0	0	0	0	0	0	0	0	0	0	0	0	0	0	0	0	0	0	0	0	0	0	0	0	0	0	0	0	0	0	0	0	0	0	0	0	0	46	0	0	0	0	0	0	0	0	0	0	0	0	0	0	0	0	0	0	0	0	0	0	0	0	0	0	0	0	0	0	0	0	0	0	0	0	0	0	0	0	0	0	0	0	0	0	0	0	0	0	0	0	0	0	0	0	0	0	0	0	0	0	0	0	0	0	0	0	0	0	0	0	0	0	0	0	0	0	0	0	0	0	0	0	0	0	0	0	0	0	0	0	0	0	0	0	0	0	0	0	0	0	0	0	0	0	0	0	0	0	0	0	0	0	0	0	0	0	0	0	0	0	0	0	0	0	0	0	0	0	0	0	0	0	0	0	0	0	0	0	0	0	0	0	0	0
k__Bacteria;p__Firmicutes;c__Clostridia;o__Clostridiales;f__Peptostreptococcaceae;g__Asaccharospora-Intestinibacter	0	0	0	0	0	0	0	0	0	0	0	0	0	0	0	0	0	0	0	0	0	0	0	0	0	0	0	0	0	0	0	0	0	0	0	0	0	0	0	0	0	0	0	0	0	0	0	0	0	0	0	0	0	0	0	0	0	0	0	0	0	0	0	0	0	0	0	0	0	0	0	0	0	0	0	0	0	0	0	0	0	0	0	0	0	0	0	0	0	0	0	0	0	0	0	0	0	0	0	0	0	0	0	0	0	0	0	0	0	0	0	0	0	0	0	0	0	0	0	0	0	0	0	0	0	0	0	0	0	0	0	0	0	0	0	0	0	0	0	0	0	0	0	0	0	0	0	0	0	16	0	0	0	28	0	0	0	0	0	0	0	0	0	0	0	0	0	0	0	0	0	0	0	0	0	0	0	0	0	0	0	0	0	0	0	0	0	0	0	0	0	0	0	0	0	0	0	0	0	0	0	0	0	0	0	0	0	0	0	0	0	0	0	0	0	0	0	0	0	0	0	0	0	0	0	0	0	0	0	0	0	0	0	0	0	0	0	0	0	0	0	0	0	0	0	0	0	0	0	0	0	0	0	0	0	0	0	0	0	0	0	0	0	0	0	0	0	0	0	0	0	0	0	0	0	0	0	0	0	0	0	0	0	0	0	0	0	0	0	0	0	0	0	0	0	0	0
k__Bacteria;p__Firmicutes;c__Clostridia;o__Clostridiales;f__Peptostreptococcaceae;g__Intestinibacter	126	5245	2209	28	782	0	0	0	0	0	480	139	849	132	5053	0	0	0	0	0	29	22	0	17	0	4083	27	5076	68	2377	1333	221	597	1029	1639	1361	2041	2218	891	3504	281	1217	128	3749	3829	126	110	3660	3759	0	0	0	19	0	1176	27	1789	41	1933	2745	331	1496	36	3929	1492	589	1869	243	636	200	13	316	20	545	282	100	238	177	216	2120	72	1762	67	1419	314	32	59	11	74	0	0	390	0	112	0	0	0	0	0	0	165	218	191	152	190	39	78	21	0	29	26	25	16	35	13	12	0	28	0	38	21	43	36	43	0	29	0	0	51	82	1086	75	1198	167	116	77	124	78	132	21	0	15	0	24	1128	0	818	0	24	72	189	0	0	180	542	0	11	168	237	44	62	41	54	48	0	0	0	0	0	11	15	17	20	16	303	238	172	224	203	1850	1585	2018	2013	1345	655	749	675	910	508	537	0	0	0	0	0	0	73	114	90	52	119	60	72	82	89	63	148	162	72	134	136	0	0	0	0	0	20	0	0	15	0	293	342	312	298	397	227	189	190	143	262	291	258	376	281	273	0	13	20	20	39	0	83	353	155	62	474	559	557	482	398	349	157	300	427	275	543	466	258	219	247	421	652	328	644	551	0	11	0	0	16	266	185	128	137	334	185	251	218	0	429	398	370	796	23	0	0	0	0	174	202	188	147	127	158	234	126
k__Bacteria;p__Firmicutes;c__Clostridia;o__Clostridiales;f__Peptostreptococcaceae;g__Paeniclostridium	0	0	1129	0	664	0	0	0	0	0	32	0	0	0	137	0	0	0	0	407	0	0	0	0	0	0	0	74	0	1639	0	0	0	0	0	0	53	1166	0	0	0	0	0	0	0	0	0	0	0	0	0	0	0	0	0	0	593	0	0	0	0	0	0	0	549	1266	382	921	1708	14	0	0	0	0	0	0	0	0	0	0	0	0	0	0	0	0	0	0	0	0	0	0	0	0	0	0	0	0	0	0	0	0	0	0	0	0	0	0	0	0	0	0	0	0	0	0	0	0	0	0	0	0	0	0	0	0	0	0	51	0	0	0	0	0	0	0	0	0	0	0	0	0	0	0	0	0	0	0	0	0	0	0	0	0	0	0	0	0	0	0	0	0	0	0	0	0	0	0	0	0	0	0	0	0	0	0	0	0	0	0	0	0	0	0	0	0	0	0	0	0	0	0	0	0	0	0	0	0	0	0	0	0	0	0	0	0	0	0	0	0	0	0	0	0	0	0	0	0	0	0	0	0	0	0	0	0	0	0	0	0	0	0	0	0	0	0	0	0	0	0	0	0	0	0	0	0	0	0	0	0	0	0	0	0	0	0	0	0	0	0	0	0	0	110	0	0	0	0	0	0	0	0	0	0	0	0	0	0	0	0	0	0	0	0	0	0	0	0	0	0	0	0	0	0	0	0	0
k__Bacteria;p__Firmicutes;c__Clostridia;o__Clostridiales;f__Peptostreptococcaceae;g__Paraclostridium-Peptoclostridium	0	28	0	0	284	0	0	0	0	0	14	0	0	0	66	0	0	0	0	0	24965	13457	14241	16917	12448	0	0	78	0	29	0	0	0	0	0	30	177	0	0	0	0	0	0	0	0	0	0	0	0	0	0	0	0	0	0	0	14	0	0	0	0	67	0	0	0	0	0	0	0	0	0	0	0	0	4479	0	450	13	3155	672	0	0	0	573	0	0	0	0	0	0	0	0	0	0	0	0	0	0	0	24	0	0	0	0	57	14782	7846	11233	4890	12986	18874	12222	11269	18654	14652	13912	14171	18917	9470	28698	14650	20687	9812	10053	108	0	0	0	0	24604	21041	22464	8398	17930	9129	31363	11381	4070	5767	14061	393	500	165	7002	1889	0	330	0	5448	0	0	302	0	0	0	0	0	0	1328	0	0	0	0	0	0	0	0	0	0	0	0	0	0	0	0	0	0	0	0	0	0	0	0	0	0	0	0	0	0	0	0	0	0	0	0	0	0	0	0	0	0	0	0	0	0	0	0	0	0	0	0	0	0	0	0	0	0	0	0	0	0	0	0	0	0	0	0	0	0	0	0	0	0	0	0	0	0	0	0	0	0	0	0	0	0	0	0	0	0	0	0	0	0	0	0	0	0	0	0	0	0	0	0	514	0	0	0	0	0	0	0	0	0	0	0	0	0	0	0	0	0	0	0	0	0	0	0	0	0	0	0	0	0	0	0	0	0
k__Bacteria;p__Firmicutes;c__Clostridia;o__Clostridiales;f__Peptostreptococcaceae;g__Peptoclostridium	0	0	0	0	0	0	0	0	0	0	0	0	0	0	0	0	0	0	0	0	0	0	0	0	0	0	0	0	0	11	0	0	0	0	0	0	0	173	0	0	0	0	0	31	0	0	0	11	34	0	0	0	0	0	0	0	0	0	0	0	0	0	0	0	0	0	0	0	0	0	0	0	0	0	0	0	0	0	0	0	0	0	0	0	0	0	0	0	0	0	0	0	0	0	0	42	0	0	0	0	0	0	0	0	0	0	0	0	0	0	0	0	0	0	0	0	0	0	14	0	0	0	0	0	0	0	0	0	0	114	0	81	0	290	0	0	0	0	0	0	0	0	0	0	0	0	0	0	0	0	0	0	0	0	0	0	0	0	0	0	0	0	0	0	0	0	0	0	0	0	0	0	0	0	0	0	0	0	0	0	0	0	0	0	0	0	0	0	0	0	0	0	0	0	0	0	0	0	0	0	0	0	0	12	0	0	0	0	0	0	0	0	0	0	0	0	0	0	0	0	0	0	0	0	0	0	0	0	0	12	19	0	0	0	0	0	0	0	0	0	0	0	0	0	0	0	0	0	0	0	0	0	0	0	0	0	0	0	0	0	0	0	0	0	0	0	0	0	0	0	0	0	0	0	0	0	0	0	0	0	0	0	0	0	0	0	0	0	0	0	0	0	0	0	0	0	0
k__Bacteria;p__Firmicutes;c__Clostridia;o__Clostridiales;f__Peptostreptococcaceae;g__Peptostreptococcus	14	0	38	0	44	0	0	0	0	0	0	0	0	0	0	0	0	0	0	0	0	0	0	0	0	0	0	0	0	0	0	0	0	0	0	0	0	0	0	0	0	0	0	0	0	0	0	0	0	0	0	0	0	0	0	0	0	0	0	0	0	0	0	0	0	0	0	0	0	0	0	0	0	0	0	0	0	0	0	0	0	0	0	0	0	0	0	0	0	0	0	0	0	0	0	0	0	0	0	0	0	0	0	0	0	445	0	281	0	285	0	0	0	0	0	0	0	0	0	0	0	0	0	0	0	0	0	0	0	0	0	0	0	0	0	0	0	0	0	0	0	0	0	0	0	0	0	0	0	0	0	0	0	0	0	0	0	0	0	0	0	0	0	0	0	0	0	0	0	0	0	0	0	0	0	0	0	0	0	0	0	0	0	0	0	0	0	0	0	0	0	0	0	0	0	0	0	0	0	0	0	0	14	17	0	0	0	0	0	0	0	0	0	0	0	0	0	0	0	0	0	0	0	0	0	0	90	76	111	96	167	0	0	0	0	0	0	0	0	0	0	0	0	0	0	0	0	0	0	0	0	0	0	0	0	0	0	0	0	0	0	0	0	0	0	0	0	0	0	0	0	0	0	0	0	0	0	0	0	0	0	0	0	0	0	0	0	0	0	0	0	0	0	0	0	0	0
k__Bacteria;p__Firmicutes;c__Clostridia;o__Clostridiales;f__Peptostreptococcaceae;g__Romboutsia	558	1451	1194	314	1221	208	366	41	227	121	471	493	374	333	727	170	153	155	182	72	1424	905	688	794	512	23	19	1090	16	17	35	90	30	52	140	809	1675	1533	514	2232	2454	1272	1026	2218	1307	1826	1811	1133	1156	4178	3967	2454	4934	4088	1558	1076	1486	1616	1289	4072	1162	2474	606	5458	186	632	239	350	303	103	183	272	285	175	707	279	502	354	549	3919	2386	3391	1227	2729	895	1299	631	726	3162	0	0	0	0	0	0	87	75	105	73	158	332	515	415	296	452	1118	845	673	386	1064	57	32	44	46	153	106	110	301	125	20	17	20	0	19	1935	8436	3497	2619	3787	327	352	348	154	477	42	31	54	29	70	212	290	1026	539	2060	685	74	351	74	602	0	0	0	0	0	0	0	0	18	809	14775	17814	12366	15847	14743	0	0	0	0	0	945	1182	1580	814	1239	1154	909	693	834	854	3129	2893	3645	3716	2617	1079	994	954	913	679	636	548	0	0	0	0	0	9097	17691	15390	11814	20490	2259	2278	2669	2853	2151	6391	9385	3366	6201	5091	459	580	496	594	782	1131	1064	908	1285	1020	142	111	121	451	165	4349	3619	4121	3381	5754	39	55	70	53	48	1199	1698	2060	1194	1025	0	536	968	963	417	639	683	744	710	515	147	72	104	181	115	610	481	54	38	58	756	1009	737	799	630	275	373	238	303	385	3244	2066	1876	1775	4091	6987	9506	6805	0	544	477	448	1328	26	579	456	509	729	2615	3184	2820	2297	1897	1847	2559	1803
k__Bacteria;p__Firmicutes;c__Clostridia;o__Clostridiales;f__Peptostreptococcaceae;g__Terrisporobacter	24	985	1787	18	55	0	0	0	0	0	35	53	24	46	44	0	0	0	0	0	17	12	0	0	0	0	0	260	0	0	15	19	17	11	12	92	129	328	86	101	55	28	23	70	113	104	91	84	82	0	0	0	0	0	19	12	21	34	13	0	0	0	0	0	0	37	0	17	15	0	0	141	0	11	202	97	190	131	187	0	0	0	0	0	0	0	0	0	0	0	0	0	0	0	0	109	0	24	0	774	108	116	141	106	537	64	29	21	22	32	0	0	0	0	0	0	0	0	0	0	0	0	0	0	0	0	0	12	0	37	46	26	0	72	15	0	0	0	14	0	0	0	0	0	0	0	0	0	0	0	0	0	0	0	0	0	0	0	394	0	14	0	0	0	0	0	0	0	0	0	0	0	0	0	0	0	0	0	0	1003	821	1049	1040	702	170	256	235	330	62	49	0	0	0	0	0	0	0	0	0	0	0	92	109	109	100	71	348	374	142	286	357	0	0	0	0	0	0	0	0	0	0	39	40	28	25	37	234	173	189	171	249	0	0	0	11	0	0	0	0	0	0	0	0	134	0	0	54	62	48	36	29	24	22	14	33	20	178	121	0	0	0	151	253	156	201	170	0	0	0	0	0	399	271	216	213	412	322	434	400	0	41	27	32	223	0	0	0	0	0	208	291	240	212	181	300	429	192
k__Bacteria;p__Firmicutes;c__Clostridia;o__Clostridiales;f__Ruminococcaceae;g__*Soleaferrea	0	110	94	0	51	0	69	28	54	0	135	0	111	0	132	97	0	44	0	0	58	0	0	32	0	12	0	0	0	0	29	0	0	14	15	0	0	14	0	11	0	13	0	20	0	0	0	0	19	0	0	0	0	13	0	0	29	0	0	153	62	94	0	191	0	0	0	0	0	0	0	14	0	45	36	0	25	0	25	185	13	90	0	115	0	0	0	0	13	0	0	0	0	0	0	0	0	0	0	0	0	0	0	0	0	19	12	13	0	59	27	65	28	0	53	30	14	0	75	19	0	12	0	18	28	0	0	0	11	56	20	113	36	90	22	0	19	0	37	128	0	0	0	58	126	0	28	0	102	0	0	44	0	0	28	0	0	0	76	0	0	0	0	0	0	0	0	0	0	0	0	0	0	0	0	0	0	0	0	0	0	0	0	0	0	0	0	0	0	0	0	0	0	0	0	0	0	0	0	0	0	0	0	0	0	0	0	0	0	0	0	0	0	0	0	0	0	0	0	0	0	0	0	0	0	0	0	0	0	0	0	0	0	0	0	0	0	0	0	0	0	0	0	0	0	0	0	0	0	0	0	0	0	0	0	0	0	0	0	0	0	0	0	0	0	0	0	0	0	0	0	0	0	0	0	0	0	0	0	0	0	0	0	0	0	0	0	0	0	0	0	0	0	0	0	0	0
k__Bacteria;p__Firmicutes;c__Clostridia;o__Clostridiales;f__Ruminococcaceae;g__Acetanaerobacterium	0	26	11	0	0	0	12	0	15	0	0	0	0	0	0	15	0	0	0	0	0	0	0	0	0	15	0	16	0	12	0	0	0	0	0	0	39	0	0	0	0	0	0	11	11	0	0	0	0	0	0	0	0	0	0	0	0	0	0	0	0	0	0	0	0	0	0	0	0	11	0	0	0	12	0	0	20	0	0	0	0	0	0	0	0	0	0	0	17	0	0	13	0	0	0	0	0	0	0	13	11	0	0	0	0	13	0	11	0	24	0	0	0	0	0	22	11	0	16	14	0	24	0	21	0	0	0	0	0	0	0	14	0	26	0	0	0	0	0	17	0	19	0	12	48	0	17	0	17	0	0	0	0	16	0	0	0	0	0	0	0	0	0	0	0	0	0	0	0	0	0	0	0	0	0	0	0	0	0	0	0	0	0	0	0	0	0	0	0	0	0	0	0	0	0	0	0	0	0	0	0	0	0	0	0	0	0	0	0	0	0	0	0	0	0	0	0	0	0	0	0	0	0	0	0	0	0	0	0	0	0	0	0	0	0	0	0	0	0	0	0	0	0	0	0	0	0	0	0	0	0	0	0	0	0	0	0	0	0	0	0	0	0	0	0	0	0	0	0	0	0	0	0	0	0	0	0	0	0	0	0	0	0	0	0	0	0	0	0	0	0	0	0	0	0	0	0
k__Bacteria;p__Firmicutes;c__Clostridia;o__Clostridiales;f__Ruminococcaceae;g__Anaerofilum	0	19	23	0	13	0	0	0	0	0	43	0	26	0	120	18	0	0	0	0	16	0	0	0	0	22	0	28	0	0	0	0	0	0	0	0	15	21	0	0	0	0	0	15	13	0	0	0	14	11	0	0	0	0	0	0	58	0	45	0	0	0	0	0	0	0	0	0	0	0	0	0	0	0	0	0	0	0	0	0	0	0	0	0	0	0	0	0	20	0	0	0	0	0	0	0	0	0	0	12	0	0	0	0	0	0	0	0	0	0	0	0	0	0	0	0	0	0	0	13	0	0	0	24	19	0	0	0	0	16	0	0	0	31	0	0	0	0	0	68	0	26	0	36	44	0	18	0	46	0	0	0	0	0	0	0	0	0	0	0	0	0	0	0	0	0	0	0	0	0	0	0	0	0	0	0	0	0	0	0	0	0	0	0	0	0	0	0	0	0	0	0	0	0	0	0	0	0	0	0	0	0	0	0	0	0	0	0	0	0	0	0	0	0	0	0	0	0	0	0	0	0	0	0	0	0	0	0	0	0	0	0	0	0	0	0	0	0	0	0	0	0	0	0	0	0	0	0	0	0	0	0	0	0	0	0	0	0	0	0	0	0	0	0	0	0	0	0	0	0	0	0	0	0	0	0	0	0	0	0	0	0	0	0	0	0	0	0	0	0	0	0	0	0	0	0	0
k__Bacteria;p__Firmicutes;c__Clostridia;o__Clostridiales;f__Ruminococcaceae;g__Anaerotruncus	40	419	298	0	194	0	0	0	0	0	547	0	380	0	21	13	0	0	0	0	983	0	0	980	52	78	0	141	0	235	242	13	96	184	51	0	21	383	0	88	0	51	0	217	32	0	0	54	120	0	0	0	0	0	0	0	1073	0	293	0	0	0	0	0	0	0	0	0	0	0	0	21	0	38	200	0	95	0	204	0	0	0	0	0	92	94	25	48	1022	19	0	15	0	18	0	0	0	0	0	0	14	0	46	0	0	156	12	72	0	92	0	0	0	0	0	32	0	0	15	194	0	40	0	1011	0	0	22	33	17	75	0	48	0	95	865	0	710	0	1018	264	0	324	0	752	24	0	0	0	24	0	0	15	0	14	0	0	0	0	14	0	0	0	0	0	0	0	0	0	0	56	79	77	71	78	0	0	0	0	0	0	0	0	0	0	0	0	0	0	0	0	0	0	0	0	0	0	0	0	0	0	0	0	0	0	0	0	0	0	0	0	0	0	0	0	0	0	67	81	63	87	60	37	44	55	48	60	12	0	12	0	11	0	0	0	0	0	86	83	135	65	39	0	0	0	0	0	0	0	0	0	0	49	22	29	53	33	0	0	0	0	0	0	0	55	0	0	0	0	0	0	0	0	0	0	0	0	0	0	0	0	0	0	0	0	0	0	0	0	0	0	0	0	0	0	0	0	0
k__Bacteria;p__Firmicutes;c__Clostridia;o__Clostridiales;f__Ruminococcaceae;g__Butyricicoccus-Ruminiclostridium	0	0	0	0	0	0	0	0	0	0	0	0	0	0	0	0	0	0	0	0	0	0	0	0	0	104	0	82	0	44	0	0	0	0	0	0	0	0	0	0	0	0	0	0	0	0	0	0	0	0	0	0	0	0	0	0	0	0	0	0	0	0	0	0	0	0	0	0	0	0	0	0	0	0	0	0	0	0	0	0	0	0	0	0	0	0	0	0	0	0	0	0	0	0	0	0	0	0	0	0	0	0	0	0	0	0	0	0	0	0	0	0	0	0	0	0	0	0	0	32	0	14	0	19	0	0	0	0	0	0	0	0	0	0	0	0	0	0	0	0	0	0	0	0	0	0	0	0	0	0	0	0	0	0	0	0	0	0	0	0	0	0	0	0	0	0	0	0	0	0	0	0	0	0	0	0	0	0	0	0	0	0	0	0	0	0	0	0	0	0	0	0	0	0	0	0	0	0	0	0	0	0	0	0	0	0	0	0	0	0	0	0	0	0	0	0	0	0	0	0	0	0	0	0	0	0	0	0	0	0	0	0	0	0	0	0	0	0	0	0	0	0	0	0	0	0	0	0	0	0	0	0	0	0	0	0	0	0	0	0	0	0	0	0	0	0	0	0	0	0	0	0	0	0	0	0	0	0	0	0	0	0	0	0	0	0	0	0	0	0	0	0	0	0	0	0	0
k__Bacteria;p__Firmicutes;c__Clostridia;o__Clostridiales;f__Ruminococcaceae;g__Eubacterium	0	0	0	0	0	0	0	0	0	0	0	0	0	0	0	0	0	0	0	0	0	0	0	0	0	0	0	0	0	0	0	0	0	0	0	0	0	0	0	0	0	0	0	0	0	0	0	0	0	0	0	0	0	0	0	0	0	0	0	0	0	0	0	0	54	21	236	0	199	0	0	0	0	0	0	0	0	0	0	0	0	0	0	0	0	0	0	0	0	0	0	0	0	0	0	0	0	0	0	0	0	0	0	0	0	0	0	0	0	0	55	0	25	0	19	0	0	0	0	0	0	0	0	0	0	0	0	0	0	0	0	0	0	0	0	0	0	0	0	0	0	0	0	0	0	0	0	0	0	0	0	0	0	0	0	0	0	0	0	0	0	0	0	0	0	0	0	0	0	0	0	0	0	0	0	0	0	0	0	0	0	0	0	0	0	0	0	0	0	0	0	0	0	0	0	0	0	0	0	0	0	0	0	0	0	0	0	0	0	0	0	0	0	0	0	0	0	0	0	0	0	0	0	0	0	0	0	0	0	0	0	0	0	0	0	0	0	0	0	0	0	0	0	0	0	0	0	0	0	0	0	0	0	0	0	0	0	0	0	0	0	0	0	0	0	0	0	0	0	0	0	0	0	0	0	0	0	0	0	0	0	0	0	0	0	0	0	0	0	0	0	0	0	0	0	0	0
k__Bacteria;p__Firmicutes;c__Clostridia;o__Clostridiales;f__Ruminococcaceae;g__Faecalibacterium	636	64	0	135	0	840	1027	737	352	4364	1442	691	3537	2523	0	1756	2900	938	4349	1370	329	50	1910	233	922	532	2131	731	1764	338	491	625	391	484	359	459	111	34	269	915	1406	812	1480	1358	2185	37	26	1677	849	55	0	40	28	44	389	26	941	79	644	127	1421	296	270	80	0	197	1433	2225	36	408	217	596	273	331	0	0	11	132	0	672	6431	644	3554	496	5471	1644	4954	6870	2041	21	472	122	754	80	0	710	205	1001	1207	1134	324	0	208	20	91	41	743	26	59	0	167	2655	298	1123	19	235	155	79	225	580	1396	596	1162	565	0	0	0	30	0	162	1378	495	1397	80	527	104	681	1626	522	0	182	58	824	23	110	53	93	655	21	0	0	0	0	0	4132	3711	3128	2883	4397	0	17	27	29	12	836	1000	1067	931	966	3957	3942	5006	3790	4813	1529	1541	1030	1435	1382	20	11	18	12	0	188	101	216	129	234	275	1202	748	827	848	700	855	13	34	30	21	24	0	0	0	0	0	351	640	273	357	420	1005	1470	1225	1359	1561	4211	3782	3780	4936	3900	7425	8555	7881	7286	10627	0	0	0	0	15	503	352	501	434	355	4997	5166	7461	4795	4748	0	760	708	1219	855	136	127	130	110	95	10004	4898	6661	12355	8326	244	279	403	359	423	71	129	1731	262	320	45	80	69	39	114	669	538	395	463	870	916	838	773	0	229	185	191	160	85	1225	783	1021	1379	517	645	510	424	360	402	656	473
k__Bacteria;p__Firmicutes;c__Clostridia;o__Clostridiales;f__Ruminococcaceae;g__Fastidiosipila	0	98	128	0	81	0	0	0	0	0	0	0	0	0	0	0	0	0	0	0	0	0	0	0	0	0	0	0	0	0	0	0	0	0	0	0	0	0	0	0	0	0	0	0	0	0	0	0	0	0	0	0	0	0	0	0	0	0	0	0	0	0	0	0	0	0	0	0	0	0	0	0	0	0	0	0	0	0	0	0	0	0	0	0	0	0	0	0	0	0	0	0	0	0	0	0	0	0	0	0	0	0	0	0	0	24	0	26	0	36	0	0	0	0	0	0	0	0	0	0	0	0	0	0	0	0	0	0	0	0	0	0	0	0	0	0	0	0	0	0	0	0	0	0	0	0	0	0	0	0	0	0	0	0	0	0	0	0	0	0	0	0	0	0	0	0	0	0	0	0	0	0	0	0	0	0	0	0	0	0	0	0	0	0	0	0	0	0	0	0	0	0	0	0	0	0	0	0	0	0	0	0	0	0	0	0	0	0	0	0	0	0	0	0	0	0	0	0	0	0	0	0	0	0	0	0	69	60	48	49	63	0	0	0	0	0	0	0	0	0	0	0	0	0	0	0	0	0	0	0	0	0	0	0	0	0	0	0	0	0	0	0	0	0	0	0	0	0	0	0	0	0	0	0	0	0	0	0	0	0	0	0	0	0	0	0	0	0	0	0	0	0	0	0	0	0	0
k__Bacteria;p__Firmicutes;c__Clostridia;o__Clostridiales;f__Ruminococcaceae;g__Flavonifractor	90	748	318	11	327	21	953	354	843	0	336	0	310	0	3415	1116	0	537	13	0	77	0	0	53	0	84	0	388	0	98	225	0	95	135	424	21	269	343	54	254	0	151	0	596	286	0	0	282	278	22	0	0	0	0	55	0	522	0	372	1375	110	698	0	882	838	65	428	0	525	21	0	31	0	150	1773	0	1786	0	1339	293	43	245	31	273	123	93	52	0	534	0	0	0	0	0	0	83	0	75	0	221	422	0	351	0	786	283	191	196	120	241	19	45	24	26	16	79	88	0	139	109	31	83	0	111	46	0	0	0	0	0	42	46	24	111	126	0	157	19	219	1724	0	624	0	1085	1427	0	401	0	1131	0	0	0	0	0	174	0	88	95	179	0	0	0	0	0	0	0	0	0	0	0	0	0	0	0	0	0	0	0	0	0	0	0	0	0	0	0	0	0	0	0	0	0	0	0	0	0	0	0	0	0	0	0	0	0	0	0	0	0	0	0	0	0	0	0	0	0	0	0	0	0	0	0	0	0	0	0	0	0	0	0	0	0	0	0	0	0	0	0	0	0	0	0	0	0	0	0	0	0	0	0	0	0	0	0	0	0	0	0	0	0	0	0	0	0	0	0	0	0	0	0	0	0	0	0	0	0	0	0	0	0	0	0	0	0	0	0	0	0	0	0	0	0	0	0	0	0	0
k__Bacteria;p__Firmicutes;c__Clostridia;o__Clostridiales;f__Ruminococcaceae;g__Hydrogenoanaerobacterium	0	217	165	0	77	0	0	0	0	0	0	0	0	0	0	0	0	0	0	0	0	0	0	0	0	0	0	14	0	0	0	0	0	0	0	0	0	0	0	0	0	0	0	0	0	0	0	0	0	96	0	0	0	157	0	0	0	0	0	0	0	0	0	0	0	0	0	0	0	0	0	0	0	0	233	0	411	0	204	0	0	0	0	0	14	89	0	0	528	0	0	0	0	0	0	0	0	0	0	0	0	0	0	0	0	85	12	69	17	84	0	0	0	0	0	0	0	0	0	0	0	0	0	0	307	0	0	0	80	0	0	0	0	0	0	0	0	0	0	1555	0	970	0	755	0	0	149	0	206	0	0	0	0	0	0	0	0	0	0	0	0	0	0	0	0	0	0	0	0	0	0	0	0	0	0	0	0	0	0	0	0	0	0	0	0	0	0	0	0	0	0	0	0	0	0	0	0	0	0	0	0	0	0	0	0	0	0	0	0	0	0	0	0	0	0	0	0	0	0	0	0	0	0	0	0	0	0	0	0	0	0	0	0	0	0	0	0	0	0	0	0	0	0	0	0	0	0	0	0	0	0	0	0	0	0	0	0	0	0	0	0	0	0	0	0	0	0	0	0	0	0	0	0	0	0	0	0	0	0	0	0	0	0	0	0	0	0	0	0	0	0	0	0	0	0	0	0
k__Bacteria;p__Firmicutes;c__Clostridia;o__Clostridiales;f__Ruminococcaceae;g__Intestinimonas	0	63	60	0	32	0	0	0	0	0	119	0	112	0	0	0	0	0	0	0	0	0	0	0	0	0	0	0	0	0	0	0	0	0	0	0	0	0	0	57	0	32	0	107	252	0	0	70	92	0	0	0	0	0	0	0	0	0	19	0	0	0	0	0	0	0	0	0	0	0	0	0	0	11	152	0	230	0	160	0	0	0	0	0	0	0	0	0	0	0	0	0	0	0	0	0	0	0	0	0	16	0	19	0	39	0	0	0	0	0	46	31	18	15	12	0	0	0	0	21	11	19	0	0	0	0	0	0	0	168	217	259	119	154	0	0	0	0	0	0	0	0	0	28	0	0	0	0	0	0	0	0	0	0	0	0	0	0	0	0	0	0	0	0	0	0	0	0	0	0	0	0	0	0	0	0	0	0	0	0	0	0	0	0	0	0	0	0	0	0	0	0	0	0	0	0	0	0	0	0	0	0	0	0	0	0	0	0	0	0	0	0	0	0	0	0	0	0	0	0	0	0	0	0	0	0	0	0	0	0	0	0	0	0	0	0	0	0	0	0	0	0	0	0	0	0	0	0	0	0	0	0	0	0	0	0	0	0	0	0	0	0	0	0	0	0	0	0	0	0	0	0	0	0	0	0	0	0	0	0	0	0	0	0	0	0	0	0	0	0	0	0	0	0	0	0	0
k__Bacteria;p__Firmicutes;c__Clostridia;o__Clostridiales;f__Ruminococcaceae;g__NA	87	3258	1900	25	1519	87	919	396	489	50	1252	14	876	19	2345	599	38	482	166	100	1210	0	647	1804	1560	838	13	1284	281	785	898	164	319	624	949	147	580	527	722	2879	107	1558	45	2007	961	114	143	1405	925	1229	0	914	0	506	230	20	999	15	533	1178	0	973	0	2643	430	38	413	0	610	338	40	709	31	1046	2716	20	1669	45	2365	282	23	1087	0	199	654	913	226	40	3378	107	0	275	12	198	14	516	0	597	15	446	83	25	143	11	334	1023	178	681	215	1186	258	132	366	135	196	801	930	107	1159	863	155	1308	1361	689	283	0	226	176	229	1007	252	1560	285	1105	1833	28	2205	358	2103	2858	0	2242	20	4051	5907	17	4061	43	3944	48	174	229	0	498	738	112	651	621	1562	770	815	643	735	651	212	304	276	270	290	812	981	1354	1113	1344	459	413	336	386	430	339	314	392	351	282	1321	768	1045	799	127	142	1650	237	280	258	203	225	488	734	720	532	801	222	183	234	251	238	502	1014	283	573	650	1581	1999	1665	2220	2831	1008	875	846	1086	896	1615	1798	1741	1651	2171	1126	939	1093	1044	1618	587	559	747	623	487	1292	1258	1563	1125	913	0	384	764	485	318	96	102	125	98	63	2422	912	1253	2799	1755	765	667	538	431	503	611	912	900	886	892	1181	1784	986	1263	2190	836	516	633	534	1052	1011	1030	799	0	119	101	111	1233	0	2311	2073	2297	2777	619	705	751	556	532	435	626	496
k__Bacteria;p__Firmicutes;c__Clostridia;o__Clostridiales;f__Ruminococcaceae;g__Oscillibacter	0	0	0	0	0	0	0	0	0	0	0	0	0	0	0	0	0	0	0	0	0	0	0	0	0	0	0	0	0	0	0	0	0	0	0	0	0	0	0	0	0	0	0	0	0	0	0	0	0	0	0	0	0	0	0	0	0	0	0	0	0	0	0	0	0	0	0	0	0	0	0	0	0	0	0	0	0	0	13	0	0	0	0	0	0	0	0	0	26	0	0	0	0	0	0	0	0	0	0	0	0	0	0	0	0	0	0	0	0	0	0	0	0	0	0	0	0	0	0	0	0	0	0	16	0	0	0	0	0	0	0	0	0	0	0	0	0	0	0	30	0	0	0	0	0	0	0	0	0	0	0	0	0	0	0	0	0	0	0	0	0	0	0	0	0	0	0	0	0	0	0	0	0	0	0	0	0	0	0	0	0	0	0	0	0	0	0	0	0	0	0	0	0	0	0	0	0	0	0	0	0	0	0	0	0	0	0	0	0	0	0	0	0	0	0	0	0	0	0	0	0	0	0	0	0	0	0	0	0	0	0	0	0	0	0	0	0	0	0	0	0	0	0	0	0	0	0	0	0	0	0	0	0	0	0	0	0	0	0	0	0	0	0	0	0	0	0	0	0	0	0	0	0	0	0	0	0	0	0	0	0	0	0	0	0	0	0	0	0	0	0	0	0	0	0	0	0
k__Bacteria;p__Firmicutes;c__Clostridia;o__Clostridiales;f__Ruminococcaceae;g__Pseudoflavonifractor	0	0	0	0	0	0	0	0	41	0	0	0	0	0	0	15	0	0	0	0	0	0	0	0	0	0	0	0	0	0	0	0	0	0	0	0	0	0	0	0	0	0	0	0	0	0	0	0	0	0	0	0	0	0	0	0	0	0	0	0	0	0	0	0	0	0	0	0	0	0	0	0	0	0	0	0	0	0	0	0	0	0	0	0	0	0	0	0	0	0	0	0	0	0	0	0	0	0	0	0	0	0	0	0	0	0	0	0	0	0	0	0	0	0	0	0	0	0	0	0	0	0	0	0	0	0	0	0	0	0	0	0	0	0	0	0	0	0	0	0	0	0	0	0	0	0	0	0	0	0	0	0	0	0	0	0	0	0	0	0	0	0	0	0	0	0	0	0	0	0	0	0	0	0	0	0	0	0	0	0	0	0	0	0	0	0	0	0	0	0	0	0	0	0	0	0	0	0	0	0	0	0	0	0	0	0	0	0	0	0	0	0	0	0	0	0	0	0	0	0	0	0	0	0	0	0	0	0	0	0	0	0	0	0	0	0	0	0	0	0	0	0	0	0	0	0	0	0	0	0	0	0	0	0	0	0	0	0	0	0	0	0	0	0	0	0	0	0	0	0	0	0	0	0	0	0	0	0	0	0	0	0	0	0	0	0	0	0	0	0	0	0	0	0	0	0	0
k__Bacteria;p__Firmicutes;c__Clostridia;o__Clostridiales;f__Ruminococcaceae;g__Ruminiclostridium	23	55	17	0	0	12	34	13	39	0	0	0	0	0	2553	27	0	34	0	76	415	0	111	315	0	28	0	246	0	44	0	24	14	21	0	24	158	598	0	28	12	133	0	46	0	12	11	57	17	29	0	99	0	0	57	0	252	0	199	184	86	143	18	203	259	13	79	0	46	99	0	215	0	335	85	0	99	0	60	163	89	110	36	118	438	93	271	0	470	182	72	254	119	190	0	143	0	122	0	230	0	0	13	0	0	86	154	80	52	122	159	158	141	96	107	439	442	0	623	161	207	144	190	105	45	0	47	46	11	42	506	300	185	286	49	0	123	81	53	167	0	685	0	418	126	0	135	0	105	68	248	169	0	241	181	222	66	123	298	0	0	0	0	0	176	212	181	169	177	67	109	118	114	107	134	133	149	145	142	18	11	17	16	0	35	19	31	0	0	0	237	138	188	173	158	156	82	135	175	88	188	0	0	0	0	0	105	204	57	133	169	129	211	156	158	207	93	109	91	140	76	662	696	693	576	952	49	28	27	32	44	74	74	131	100	103	142	123	180	93	110	0	145	118	192	138	0	0	0	0	0	701	336	498	970	638	39	42	80	67	70	16	12	47	41	50	57	49	23	42	66	240	184	199	171	271	152	222	122	0	0	0	0	37	0	204	161	182	293	221	265	238	179	161	147	216	148
k__Bacteria;p__Firmicutes;c__Clostridia;o__Clostridiales;f__Ruminococcaceae;g__Ruminococcus	0	23	27	0	27	0	0	0	0	0	16	0	13	0	0	0	0	0	0	0	46	0	86	39	0	271	57	144	83	343	0	0	0	0	170	0	0	0	0	463	289	1175	89	2475	545	303	216	689	312	0	0	0	0	0	97	47	46	29	0	0	0	0	0	0	0	0	0	0	0	32	58	70	27	138	2538	22	1448	61	2297	0	0	0	0	0	331	104	156	129	218	0	0	0	0	0	0	0	0	0	0	0	36	14	37	11	49	16	0	0	0	13	0	0	0	0	0	16	14	23	17	60	21	63	31	85	14	0	0	0	0	44	19	48	0	67	0	0	0	0	0	318	27	530	33	2191	37	0	16	0	26	512	1638	29	0	142	0	0	0	0	1042	0	0	0	0	0	0	0	0	22	0	3446	4074	5367	5199	6069	278	206	144	212	154	44	16	29	28	21	1238	751	951	627	0	11	0	0	0	0	0	0	0	0	0	0	0	291	235	243	324	271	482	612	134	382	536	0	0	0	0	0	4706	3811	4096	4580	3598	0	0	0	768	0	1337	1192	1205	1294	1957	3009	3010	3967	3443	2726	5426	4978	6107	4743	3544	0	36	468	144	74	0	0	0	0	0	0	0	0	151	19	1733	2247	4180	3550	4196	680	918	359	2020	2844	78	137	43	38	168	4241	2527	2854	2735	3843	579	609	649	0	0	0	0	1109	0	0	0	0	0	2937	3275	3122	2479	2524	2226	3165	2351
k__Bacteria;p__Firmicutes;c__Clostridia;o__Clostridiales;f__Ruminococcaceae;g__Subdoligranulum	63	156	130	0	108	529	589	781	413	752	1068	75	1066	118	733	821	449	472	679	0	2161	320	784	1482	2100	4839	1306	3396	4191	4905	5235	353	2273	3471	7506	829	218	108	442	4207	2071	5022	1402	6278	1601	1287	1390	1876	1036	1069	53	827	114	784	1125	494	2077	643	1248	429	260	233	113	629	785	893	834	946	681	336	199	573	316	745	269	24	176	97	235	822	620	561	393	562	3289	1692	2308	1323	3767	535	358	681	493	965	138	551	123	459	236	936	76	28	41	14	133	123	302	73	76	88	1005	1185	579	1855	628	1027	1066	193	1633	3217	2705	3641	3252	3507	794	42	482	530	578	481	396	978	290	1210	3434	133	3562	769	4968	2353	270	6444	385	1825	1052	46	752	103	923	284	410	688	507	324	547	640	226	294	1366	1563	1907	1548	1443	1469	2136	2416	2398	2198	2530	1280	1570	1932	1857	2167	382	288	286	340	338	508	530	685	566	486	558	434	436	400	4148	4451	518	1929	2153	1977	1714	2005	405	511	515	349	525	0	0	0	0	0	4667	7021	1985	4219	4423	428	575	541	538	691	1723	1456	1362	1785	1370	1350	1634	1581	1558	2004	90	88	83	81	141	2069	1848	2311	2047	1675	2357	1763	2454	1812	1643	0	244	351	336	379	3978	4486	4296	2910	3082	1845	869	1208	2298	1448	853	1193	2057	1795	2180	289	427	610	948	1442	859	1070	623	932	1417	3379	2172	2237	2051	4061	4326	4616	4534	0	4463	3343	3630	540	40	573	529	549	712	2688	2921	2850	2403	2122	2469	3501	2727
k__Bacteria;p__Firmicutes;c__Erysipelotrichia;o__Erysipelotrichales;f__Erysipelotrichaceae;g__*Stoquefichus	14	13	26	0	24	0	0	0	0	0	0	0	0	0	0	0	0	0	0	0	0	0	0	0	0	0	0	0	0	0	0	0	0	0	0	0	0	0	0	0	0	0	0	0	0	0	0	0	0	0	0	0	0	0	0	0	0	0	0	0	0	0	0	0	0	21	89	0	0	0	0	0	0	0	24	0	49	0	0	0	0	0	0	0	0	0	0	0	0	0	0	0	0	0	0	0	0	0	0	0	12	0	12	0	0	16	19	38	128	20	0	0	0	0	0	0	0	0	0	0	0	0	0	0	0	0	0	0	0	0	0	0	0	0	0	0	0	0	0	0	0	0	0	0	0	0	0	0	0	0	0	0	0	0	0	0	0	0	0	0	0	0	0	0	0	0	0	0	0	0	0	0	0	0	0	0	0	0	0	0	0	0	0	0	0	0	0	0	0	0	0	0	0	0	0	0	0	0	0	0	0	0	0	0	0	0	0	0	0	0	0	0	0	0	0	0	0	0	0	0	0	0	0	0	0	0	0	0	0	0	12	0	0	0	0	0	0	0	0	0	0	0	0	0	0	0	0	0	0	0	0	0	0	0	0	0	0	0	0	0	0	0	0	0	0	0	0	0	0	0	0	0	0	0	0	0	0	0	0	0	0	0	0	0	0	0	0	0	0	0	0	0	0	0	0	0	0
k__Bacteria;p__Firmicutes;c__Erysipelotrichia;o__Erysipelotrichales;f__Erysipelotrichaceae;g__Catenibacterium	0	0	0	0	0	281	294	133	199	223	77	0	0	783	0	102	86	125	160	0	0	0	22	0	0	0	0	0	0	0	0	13	25	31	0	98	0	0	21	0	0	0	0	0	0	0	0	0	0	0	0	0	277	0	0	0	0	0	0	0	0	0	0	0	0	0	0	0	0	0	0	0	0	0	0	0	0	0	0	0	0	0	0	0	0	0	0	0	0	0	0	0	0	0	0	132	0	142	0	0	47	0	0	542	0	0	0	0	0	0	0	0	0	0	0	0	0	0	0	0	0	0	0	0	0	0	0	54	0	0	0	0	0	0	12	0	16	67	19	0	0	0	0	0	0	0	0	0	0	0	0	0	0	0	0	0	0	0	75	236	315	251	212	179	0	0	0	0	0	0	0	0	0	0	0	0	0	0	0	151	196	205	198	176	0	0	0	0	0	0	2299	0	0	0	0	0	0	0	0	0	0	0	0	0	0	0	0	0	0	0	0	2867	3916	3259	4410	5607	0	0	0	0	0	70	85	82	69	120	0	0	0	0	0	0	0	0	0	0	0	0	0	0	0	0	0	0	0	0	0	0	0	0	0	79	37	53	105	76	0	0	0	0	0	0	0	43	0	0	0	0	0	0	0	0	0	0	0	0	0	0	0	0	0	0	0	0	0	3309	3806	3435	4149	0	0	0	0	0	0	0	0
k__Bacteria;p__Firmicutes;c__Erysipelotrichia;o__Erysipelotrichales;f__Erysipelotrichaceae;g__Coprobacillus	26	418	425	0	355	0	0	0	0	0	0	0	0	0	0	0	0	0	0	0	0	0	0	0	0	0	0	0	0	0	0	0	0	0	0	0	0	0	0	0	0	0	0	12	0	0	0	0	0	0	0	0	0	0	0	0	0	0	0	0	0	0	0	0	20	0	18	0	25	0	0	0	0	0	0	0	0	0	0	0	0	0	0	0	0	0	0	0	0	0	0	0	0	0	0	0	0	0	0	0	0	0	0	0	0	151	35	193	36	219	80	0	136	13	43	0	0	0	0	0	0	0	0	0	0	0	0	0	0	0	0	39	0	21	0	0	0	0	0	67	0	0	0	0	0	0	0	0	0	0	0	0	0	0	0	0	0	0	0	0	0	0	0	0	0	0	0	0	0	0	0	0	0	0	0	0	0	0	0	0	0	0	0	0	0	0	0	0	0	0	0	0	0	0	0	0	0	0	0	0	0	0	0	0	0	0	0	0	0	0	0	0	0	0	0	0	0	0	0	0	0	0	0	0	0	0	0	0	11	17	23	0	0	0	0	0	0	0	0	0	0	0	0	0	0	0	0	0	0	0	0	0	0	0	0	0	0	0	0	0	0	0	0	0	0	0	0	0	0	0	0	0	0	0	0	0	0	0	0	0	0	0	0	0	0	0	0	0	0	0	0	0	0	0	0	0	0
k__Bacteria;p__Firmicutes;c__Erysipelotrichia;o__Erysipelotrichales;f__Erysipelotrichaceae;g__Dielma	48	646	733	51	544	0	34	79	0	0	60	0	72	0	0	0	0	0	0	0	0	0	0	0	66	16	0	0	0	16	0	0	0	0	0	0	0	0	0	15	0	0	0	43	37	0	0	61	146	0	0	0	0	0	0	0	17	0	0	0	0	0	0	0	0	0	0	0	0	0	0	0	0	0	560	0	294	11	514	0	0	0	0	0	31	0	15	0	74	42	0	26	0	65	40	0	0	0	0	0	70	0	81	0	244	53	14	46	39	184	0	0	0	0	0	0	0	0	0	0	0	0	0	15	35	0	19	0	93	0	0	0	0	32	0	0	0	0	0	934	0	127	0	142	89	0	31	0	53	0	0	16	0	0	0	0	0	0	0	0	0	0	0	0	0	0	0	0	0	0	0	0	0	0	0	0	0	0	0	0	0	0	0	0	0	0	0	0	0	0	0	0	0	0	0	0	0	0	0	0	0	0	0	0	0	0	0	0	0	0	0	0	0	0	0	0	0	0	0	0	0	0	0	0	0	0	0	0	0	0	0	0	0	0	0	0	0	0	0	0	0	0	0	0	0	0	0	0	0	0	0	0	0	0	0	0	0	0	0	0	0	0	0	0	0	0	0	0	0	0	0	0	0	0	0	0	0	0	0	0	0	0	0	0	0	0	0	0	0	0	0	0	0	0	0	0	0
k__Bacteria;p__Firmicutes;c__Erysipelotrichia;o__Erysipelotrichales;f__Erysipelotrichaceae;g__Erysipelatoclostridium	0	0	0	0	0	0	0	0	0	0	0	0	0	0	85	0	0	0	0	0	0	0	0	0	0	11	0	22	0	22	0	0	0	0	0	46	35	25	18	0	0	0	0	0	0	0	0	0	0	0	0	0	0	0	0	0	0	0	0	0	0	0	0	0	107	0	0	0	61	104	55	159	38	512	90	0	47	0	84	0	0	45	0	0	37	0	31	0	76	0	0	0	0	0	0	0	0	0	0	0	0	0	0	0	39	0	0	0	0	0	201	91	61	66	70	185	211	88	464	39	0	268	0	20	0	0	0	0	0	37	20	63	0	80	0	0	0	0	0	459	0	263	0	118	0	0	0	0	0	0	0	0	0	0	145	0	31	43	0	0	0	0	0	0	30	30	31	34	24	0	0	0	0	0	163	137	99	128	152	0	0	0	0	0	74	19	45	25	154	153	0	29	36	30	23	25	0	0	0	0	0	0	0	0	0	0	12	28	0	17	20	0	0	0	14	16	0	0	0	0	0	0	0	0	0	0	22	16	38	26	27	0	0	0	0	0	0	0	0	0	20	0	121	81	213	177	70	101	147	91	97	0	0	0	0	0	20	0	0	0	0	36	41	52	39	11	16	17	0	13	40	27	27	30	29	33	14	12	21	0	155	141	131	50	0	12	12	0	12	25	28	24	12	14	37	50	19
k__Bacteria;p__Firmicutes;c__Erysipelotrichia;o__Erysipelotrichales;f__Erysipelotrichaceae;g__Faecalitalea	61	152	146	15	119	0	17	19	14	0	0	0	32	0	0	0	0	0	0	0	0	0	0	0	0	0	0	0	0	0	0	0	0	0	0	0	0	0	0	0	0	0	0	0	0	0	0	0	0	0	0	0	0	0	0	0	0	0	0	0	0	0	0	0	55	0	11	0	0	0	0	18	0	34	11	0	0	0	0	0	0	0	0	0	0	0	0	0	0	19	0	16	0	202	0	0	0	0	0	0	0	0	0	0	0	30	0	0	0	44	0	0	0	0	0	0	0	0	0	0	0	0	0	0	0	0	0	0	0	0	0	0	0	30	0	0	0	0	0	0	0	0	0	0	0	0	0	0	0	0	0	0	0	0	0	0	0	0	0	0	0	0	0	0	0	0	0	0	0	0	0	0	0	0	31	20	22	28	28	0	0	0	0	0	308	225	217	196	69	76	265	0	0	0	0	0	0	0	0	0	0	17	18	11	18	21	0	0	0	0	0	340	488	388	446	523	0	0	0	0	0	0	0	0	0	0	63	73	87	82	129	0	0	0	0	0	0	0	0	0	0	0	18	112	19	26	47	69	75	64	60	0	0	0	0	0	161	91	0	0	0	211	193	108	161	116	0	0	0	0	0	0	0	0	0	0	0	0	0	0	69	48	38	266	0	287	238	252	366	0	0	0	0	0	0	0	0
k__Bacteria;p__Firmicutes;c__Erysipelotrichia;o__Erysipelotrichales;f__Erysipelotrichaceae;g__Holdemanella	35	294	0	0	0	0	0	0	0	0	0	0	0	0	0	0	0	0	0	0	26	0	382	19	124	23	0	328	0	0	0	0	0	0	0	2547	685	349	1586	0	0	0	0	0	0	0	0	0	0	2271	498	2689	242	1992	160	29	309	30	119	0	0	0	0	0	0	0	0	0	0	10034	3657	16904	2278	24303	0	0	0	0	0	0	0	0	0	0	0	0	0	0	0	0	0	0	0	0	0	4129	196	2750	1705	2128	0	0	0	216	0	0	19	0	0	0	57	890	101	100	0	1261	725	168	622	54	202	18	189	0	2512	113	1995	2803	3196	41	331	117	26	0	11	0	16	0	0	18	0	41	0	29	2439	61	1119	151	993	0	0	0	0	0	0	0	0	0	121	1573	1960	1659	1480	1439	0	0	0	0	0	0	0	0	0	0	4044	4074	3377	3951	5017	388	393	550	526	398	0	0	0	0	0	0	0	0	0	0	0	0	0	0	0	0	0	0	0	0	0	0	295	794	89	499	516	0	0	0	0	0	74	51	51	62	73	0	0	0	18	0	0	0	0	0	0	0	0	0	0	0	63	59	64	61	490	0	4567	2087	5065	6559	0	0	0	0	0	0	0	0	0	0	0	0	0	0	0	0	0	883	0	0	1083	1366	293	460	1859	0	0	0	0	142	774	907	801	0	0	0	0	0	0	0	0	0	0	0	0	0	0	0	0	0	0
k__Bacteria;p__Firmicutes;c__Erysipelotrichia;o__Erysipelotrichales;f__Erysipelotrichaceae;g__Holdemania	90	334	180	34	147	19	186	455	259	0	60	0	128	0	170	268	0	88	20	0	66	0	0	30	0	31	0	19	0	17	0	0	0	0	0	0	0	0	0	0	0	0	0	0	22	0	0	14	0	0	0	0	0	0	0	0	42	0	27	117	27	69	0	48	0	0	0	0	0	26	0	60	0	57	20	0	0	0	36	64	0	46	0	47	33	24	16	0	93	16	0	30	0	16	0	0	0	0	0	0	0	0	0	0	0	52	22	18	15	24	54	30	15	0	17	36	47	0	58	22	0	31	13	14	21	0	0	0	0	32	0	42	11	25	19	0	14	0	0	261	0	108	0	295	81	0	34	0	63	0	0	0	0	0	20	0	0	14	0	0	0	0	0	0	0	0	0	0	0	0	0	0	12	0	0	0	0	0	0	0	0	0	0	0	0	0	0	0	0	0	0	0	0	0	0	0	0	0	0	0	0	0	0	0	0	0	0	0	0	0	0	0	0	0	0	0	0	0	0	0	0	0	0	0	0	0	0	0	0	0	0	0	0	0	0	0	0	0	0	0	0	0	0	0	0	0	0	0	0	0	0	0	0	0	0	0	0	0	0	0	0	0	0	81	0	0	0	0	0	0	0	0	0	0	0	0	0	0	0	0	0	0	0	0	0	0	0	0	0	0	0	0	0	0	0	0	0
k__Bacteria;p__Firmicutes;c__Erysipelotrichia;o__Erysipelotrichales;f__Erysipelotrichaceae;g__NA	194	583	485	80	436	16	61	33	25	0	26	0	0	0	57	65	0	24	13	0	28	0	18	16	0	41	0	97	20	99	237	46	69	164	199	0	233	211	14	348	96	156	30	383	281	120	91	342	549	383	299	376	1746	360	19	14	0	0	34	25	0	13	0	36	467	55	535	0	531	0	0	0	0	13	107	0	92	0	103	0	0	14	0	0	269	61	124	84	213	164	71	268	101	526	0	17	0	0	0	26	18	0	51	0	172	309	146	165	90	268	0	0	103	110	256	11	0	0	0	13	11	14	0	14	159	210	137	622	210	0	0	0	0	0	30	0	31	0	40	55	27	336	48	420	684	33	424	44	638	23	50	206	32	35	30	0	0	12	447	2053	2620	2213	1811	1776	797	864	796	804	889	298	388	618	561	698	0	0	0	0	0	0	0	0	0	0	15	0	17	0	175	194	341	680	781	665	636	687	258	348	313	287	382	833	664	744	954	796	373	930	186	550	463	337	494	420	423	478	594	438	446	581	485	928	1145	1025	934	1449	1645	1487	1607	1765	2468	262	313	382	298	276	693	506	781	528	323	0	0	0	0	0	93	138	173	136	95	1150	534	817	1702	1017	97	147	315	279	333	0	0	325	76	219	734	775	251	510	1149	824	427	563	577	1001	646	762	571	0	191	149	146	0	0	311	313	367	478	733	738	743	576	644	468	760	565
k__Bacteria;p__Firmicutes;c__Erysipelotrichia;o__Erysipelotrichales;f__Erysipelotrichaceae;g__Solobacterium	120	0	0	0	0	0	0	0	0	0	0	0	0	0	0	0	0	0	0	0	4253	2273	7722	4078	2897	0	0	0	0	0	0	0	0	0	0	0	0	0	0	0	0	0	0	0	0	0	0	0	0	989	515	1289	584	877	11588	9127	13669	12059	7852	0	0	0	0	0	0	0	0	0	0	0	0	0	0	0	0	0	0	0	0	0	28	0	14	0	0	0	0	0	0	24	0	0	0	0	0	0	0	0	0	0	0	0	0	89	0	24	49	40	0	0	0	57	19	0	0	0	0	15	0	0	22	0	14	11	3420	810	1437	2642	1418	0	34	0	0	0	0	12	245	12	0	0	0	0	0	0	0	0	0	0	0	0	0	0	0	0	0	0	0	0	0	136	163	161	137	164	0	0	0	0	0	0	0	0	0	0	0	0	0	0	0	0	0	0	0	0	0	0	0	0	0	0	0	0	0	0	0	0	0	0	0	0	0	0	0	0	0	0	448	1090	157	624	595	0	0	0	0	0	0	0	0	0	0	0	0	0	0	0	0	0	0	0	0	0	0	0	0	0	0	0	0	0	0	0	0	0	0	0	0	0	0	0	0	0	0	0	0	0	0	0	0	0	0	0	0	58	0	0	0	0	0	0	0	0	0	0	0	125	782	891	611	0	0	0	0	0	0	0	0	0	0	0	0	0	0	0	0	0	0
k__Bacteria;p__Firmicutes;c__Erysipelotrichia;o__Erysipelotrichales;f__Erysipelotrichaceae;g__Turicibacter	187	560	418	146	341	0	15	0	0	0	236	252	175	153	34	0	0	0	11	0	297	200	156	146	75	100	25	449	28	33	11	17	0	0	18	245	402	466	157	224	182	79	76	205	198	281	222	154	176	51	86	39	88	69	348	261	274	405	241	0	0	0	0	0	41	188	74	116	63	0	34	47	52	47	240	67	186	151	195	0	0	0	0	0	0	0	0	0	0	0	0	0	0	0	0	0	0	0	0	0	128	151	153	128	151	527	337	291	189	365	54	77	70	27	55	25	13	44	21	33	16	35	28	31	17	115	56	35	47	113	157	102	62	182	11	0	14	0	0	0	17	12	0	11	0	0	0	0	0	0	0	0	0	0	0	0	0	0	184	186	290	185	227	179	0	0	0	0	0	0	0	12	0	0	155	160	87	134	126	755	790	997	1063	680	661	731	601	556	305	267	17	0	0	0	0	0	0	12	12	0	16	550	590	713	813	630	1199	1793	335	1112	1215	16	26	17	32	52	0	0	0	0	0	21	25	24	16	32	1490	1121	1173	962	1854	72	88	114	101	68	0	0	14	0	0	0	80	280	123	59	166	249	321	299	215	29	0	0	27	30	336	250	89	54	100	387	517	149	397	349	0	0	0	0	0	282	190	155	172	542	1345	1838	1487	0	205	180	159	771	0	16	20	22	26	258	283	258	175	199	249	341	197
k__Bacteria;p__Firmicutes;c__Negativicutes;o__Selenomonadales;f__Acidaminococcaceae;g__Acidaminococcus	127	0	11	71	0	0	0	0	0	0	0	0	0	0	0	0	0	0	0	0	0	0	0	0	0	0	0	0	0	0	0	0	0	0	0	0	0	0	0	0	0	0	0	0	0	0	0	0	0	0	0	0	0	0	0	0	0	0	0	0	0	0	0	0	0	0	0	0	0	0	0	0	0	0	0	0	0	0	0	0	0	0	0	0	0	0	0	0	0	0	0	0	0	0	0	0	0	0	0	0	0	0	0	0	0	0	200	0	0	0	0	0	0	0	0	0	0	0	0	0	0	0	0	0	0	0	0	0	0	0	0	0	0	0	0	0	0	0	0	0	0	0	0	0	0	0	0	0	0	0	0	0	0	0	0	0	0	0	51	0	0	0	0	0	0	0	0	0	0	0	0	0	0	0	0	0	0	0	0	0	0	0	0	0	0	0	0	0	0	0	0	0	0	0	0	0	0	0	0	0	0	0	0	0	0	0	0	0	0	0	0	0	0	0	0	0	0	0	0	0	0	0	0	0	0	0	0	0	0	0	0	0	0	0	0	0	0	0	0	0	0	0	0	0	0	0	0	0	0	0	0	0	0	0	0	0	0	0	0	0	0	0	0	0	0	0	0	0	0	0	0	0	0	0	0	0	0	0	0	0	0	0	0	0	0	0	0	0	0	0	0	0	0	0	0	0	0
k__Bacteria;p__Firmicutes;c__Negativicutes;o__Selenomonadales;f__Acidaminococcaceae;g__Phascolarctobacterium	0	0	0	0	0	0	0	0	0	0	0	0	0	0	0	0	0	0	0	0	321	0	167	158	0	0	0	104	0	0	80	0	50	75	236	399	173	151	410	0	0	0	0	0	0	0	0	0	0	0	0	0	0	0	0	0	19	0	116	0	0	0	0	0	0	0	0	0	0	18	0	0	0	0	0	0	0	0	0	0	0	0	0	0	0	0	0	0	0	0	0	0	0	0	0	97	0	0	0	0	0	0	0	0	0	31	24	0	0	0	159	252	194	401	128	106	54	102	222	88	176	107	83	0	0	0	0	0	0	73	189	196	175	256	82	0	160	303	79	0	0	0	0	0	0	0	0	0	0	0	0	0	0	0	493	46	175	317	173	0	0	0	0	0	0	0	0	0	0	0	0	0	0	0	0	0	0	0	0	0	0	0	0	0	0	0	0	0	0	0	0	0	0	0	0	0	0	0	0	0	0	0	0	0	0	0	0	0	0	0	0	0	0	0	0	0	0	0	0	0	0	26	40	46	23	38	0	0	0	0	0	0	0	0	0	0	0	0	0	0	0	0	0	0	0	0	0	0	0	0	0	25	0	15	29	24	0	0	0	0	0	0	0	51	0	0	0	0	0	0	0	0	0	0	0	0	0	0	0	0	0	0	0	0	0	0	0	0	0	0	0	0	0	0	0	0	0
k__Bacteria;p__Firmicutes;c__Negativicutes;o__Selenomonadales;f__Acidaminococcaceae;g__Succiniclasticum	106	265	229	47	123	0	0	0	0	0	0	0	0	0	0	0	0	0	0	0	26	0	23	17	0	0	0	0	0	0	0	0	0	0	0	0	0	0	0	0	0	0	0	0	0	0	0	0	0	0	0	0	0	0	0	0	0	0	0	0	0	0	0	0	0	0	0	0	0	0	0	0	0	11	0	0	0	0	0	0	0	0	0	0	0	0	0	0	0	0	0	0	0	0	0	0	0	0	0	0	0	0	0	0	0	157	70	206	116	269	0	0	0	0	0	0	0	13	0	0	0	0	0	0	0	0	0	0	0	0	0	0	0	0	0	0	0	0	0	0	0	0	0	0	0	0	0	0	0	0	0	0	0	0	0	0	0	0	0	0	0	0	0	0	0	0	0	0	0	0	0	0	0	0	14	14	0	14	0	0	0	0	0	0	0	0	0	0	0	0	0	0	0	0	0	0	0	0	0	0	0	22	17	20	27	29	0	0	0	0	0	0	0	0	0	0	0	0	0	0	0	0	0	0	0	0	115	94	97	127	146	0	0	0	0	0	0	0	0	0	0	0	13	0	0	19	0	0	0	0	0	0	0	0	0	0	0	0	0	0	0	0	0	0	0	0	0	0	0	0	0	0	0	0	0	0	0	0	0	0	0	0	0	0	0	0	0	0	0	0	0	0	0	0	0	0	0
k__Bacteria;p__Firmicutes;c__Negativicutes;o__Selenomonadales;f__Veillonellaceae;g__Dialister	250	695	532	193	375	0	0	0	0	0	0	0	0	0	0	0	0	0	0	0	0	0	35	0	0	573	179	150	234	638	0	0	0	0	0	0	0	0	0	0	0	0	0	0	0	0	0	0	0	0	0	0	0	0	0	0	0	0	0	0	0	0	0	0	0	0	0	0	0	0	0	0	0	0	0	0	0	0	0	0	0	0	0	0	0	99	0	0	51	0	0	0	0	0	0	0	0	13	0	0	219	0	402	0	41	67	330	72	120	94	0	0	0	0	0	0	0	0	0	80	23	35	170	149	0	0	0	0	0	0	0	0	0	0	0	0	0	0	0	0	0	12	0	16	0	0	0	0	0	0	0	0	0	0	0	0	0	0	45	0	0	0	0	0	0	0	13	11	16	104	166	200	183	266	0	0	0	0	0	0	0	0	0	0	0	0	0	0	42	69	0	0	11	0	0	0	0	17	0	0	14	0	0	0	0	0	0	0	0	0	0	0	0	0	0	0	221	183	191	199	180	0	0	0	49	0	57	39	40	43	70	35	40	70	43	55	334	221	336	243	128	0	0	0	0	0	23	38	84	49	45	0	0	0	0	0	11	26	59	45	67	0	0	0	16	29	0	0	0	0	0	0	0	0	0	0	0	0	0	0	58	49	46	0	0	0	0	0	0	0	0	0	0	0	0	0	0
k__Bacteria;p__Firmicutes;c__Negativicutes;o__Selenomonadales;f__Veillonellaceae;g__Megasphaera	3003	103	92	1383	0	16	0	0	0	0	0	0	0	0	0	0	0	0	0	0	37	0	2096	231	544	0	0	0	0	0	0	0	0	0	0	0	0	0	0	0	0	0	0	0	0	0	0	0	0	0	0	0	0	0	0	0	0	0	0	0	0	0	0	0	0	0	0	0	0	0	0	0	0	0	0	0	0	0	0	0	0	0	0	0	0	0	0	0	0	0	0	0	0	0	0	0	0	0	0	0	0	0	0	0	0	767	4697	616	2168	0	0	58	16	0	0	0	0	179	0	14	253	0	21	0	0	0	0	0	0	0	63	17	11	0	0	1212	79	49	0	0	0	0	0	0	0	0	0	0	0	0	0	0	0	0	31	16374	559	136	113	0	0	0	0	0	0	0	0	0	0	0	0	0	0	0	0	0	0	0	0	0	0	0	0	0	0	0	0	0	0	0	0	0	0	0	0	0	0	0	0	0	0	0	0	0	0	0	0	0	0	0	0	0	0	0	0	0	0	0	0	0	0	0	0	0	0	0	0	0	0	0	0	0	0	0	0	0	0	0	0	0	0	0	0	0	0	0	0	0	0	0	0	0	0	0	0	0	0	0	0	0	0	0	0	130	0	0	0	0	0	0	0	0	0	0	0	0	0	0	0	0	0	0	0	0	0	0	0	0	0	0	0	0	0	0	0	0	0
k__Bacteria;p__Firmicutes;c__Negativicutes;o__Selenomonadales;f__Veillonellaceae;g__Mitsuokella	0	0	0	0	0	0	0	0	0	0	0	0	0	0	0	0	0	0	0	0	0	0	0	0	0	0	0	0	0	0	0	0	0	0	0	0	0	0	0	0	0	0	0	0	0	0	0	0	0	0	0	0	0	0	0	0	0	0	0	0	0	0	0	0	0	0	0	0	0	0	0	0	0	0	0	0	0	0	0	0	0	0	0	0	0	0	0	0	0	0	0	0	0	0	0	0	0	0	0	0	0	0	0	0	0	0	0	0	0	0	0	0	0	0	0	0	0	0	0	0	0	0	0	0	0	0	0	0	0	0	0	0	0	0	0	0	0	0	0	0	0	0	0	0	0	0	0	0	0	0	0	0	0	0	0	0	0	0	0	0	0	0	0	0	0	0	0	0	0	0	0	0	0	0	0	0	0	0	0	0	0	0	0	0	0	0	0	0	0	0	0	0	0	0	0	0	0	0	0	0	0	0	0	0	0	0	0	0	0	0	0	0	0	0	0	0	0	0	0	0	0	0	0	0	0	0	0	0	0	0	0	0	0	0	0	0	0	0	0	0	0	0	0	0	0	0	0	0	0	0	0	0	0	0	0	0	0	0	0	0	0	0	0	23	0	0	0	0	0	0	0	0	0	0	0	0	0	0	0	0	0	0	0	0	0	0	0	0	0	0	0	0	0	0	0	0	0
k__Bacteria;p__Firmicutes;c__Negativicutes;o__Selenomonadales;f__Veillonellaceae;g__Negativicoccus	0	0	0	0	0	76	353	55	89	0	0	0	0	0	0	0	0	0	0	212	0	0	0	0	0	95	0	166	14	67	66	0	0	18	37	0	53	20	0	808	0	32	0	29	0	0	0	0	0	134	0	37	0	935	0	0	0	0	0	0	0	0	0	0	0	0	0	0	0	0	0	0	0	0	528	0	2139	0	373	19	0	167	0	0	0	20	0	0	121	702	0	895	53	1061	0	0	0	0	0	0	300	0	440	0	695	0	93	0	11	0	0	59	0	0	0	0	0	0	0	122	217	61	134	263	1127	0	232	16	918	0	50	0	16	14	40	0	32	46	36	0	0	108	0	25	0	0	0	0	0	199	497	892	0	682	0	0	0	0	0	0	0	0	0	0	0	0	0	0	0	0	0	0	0	0	0	0	0	0	0	0	0	0	0	0	0	0	0	0	0	0	0	0	0	0	0	0	0	0	0	0	0	0	0	0	0	0	0	0	0	0	0	0	0	0	0	0	0	0	0	0	0	0	0	0	0	0	0	0	0	0	0	0	0	0	0	0	0	0	0	0	0	0	0	0	0	0	0	0	0	0	0	0	0	0	0	0	0	0	0	0	0	0	0	68	0	0	0	0	0	0	0	0	0	0	0	0	0	0	0	0	0	0	0	0	0	0	0	0	0	0	0	0	0	0	0	0	0
k__Bacteria;p__Firmicutes;c__Negativicutes;o__Selenomonadales;f__Veillonellaceae;g__Selenomonas	0	0	0	0	0	0	0	0	0	0	0	0	0	0	0	0	0	0	0	0	0	0	0	0	0	0	0	0	0	0	0	0	0	0	0	0	0	0	0	0	0	0	0	0	0	0	0	0	0	0	0	0	0	0	0	0	0	0	0	0	0	0	0	0	0	0	0	0	0	0	0	0	0	0	0	0	0	0	0	0	0	0	0	0	0	0	0	0	0	0	0	0	0	0	0	0	0	0	0	0	0	0	0	0	0	0	0	0	0	0	0	0	0	0	0	0	0	0	0	0	0	0	0	0	0	0	0	0	0	0	0	0	0	0	0	0	0	0	0	0	0	0	0	0	0	0	0	0	0	0	0	0	0	0	0	0	0	0	0	0	0	0	0	0	0	0	0	0	0	0	0	0	0	0	0	0	0	0	0	0	0	0	0	0	0	0	0	0	0	0	0	0	0	0	0	0	0	0	0	0	0	0	0	0	0	0	0	0	0	0	0	0	0	0	0	0	0	0	0	0	0	0	0	0	0	0	0	0	0	0	0	0	0	0	0	0	0	0	0	0	0	0	0	0	0	0	0	0	0	0	0	0	0	0	0	0	0	0	0	0	0	0	0	42	0	0	0	0	0	0	0	0	0	0	0	0	0	0	0	0	0	0	0	0	0	0	0	0	0	0	0	0	0	0	0	0	0
k__Bacteria;p__Fusobacteria;c__Fusobacteriia;o__Fusobacteriales;f__Fusobacteriaceae;g__Fusobacterium	0	15	0	0	0	0	0	0	0	0	0	0	0	0	0	0	0	0	0	0	46	0	0	0	0	0	0	0	0	0	0	0	0	0	0	0	0	0	0	0	0	0	0	0	0	0	0	0	0	0	0	0	0	0	0	0	0	0	0	0	0	0	0	0	0	0	0	0	0	0	0	0	0	0	0	0	0	0	0	0	0	0	0	0	0	0	0	0	0	0	0	0	0	0	0	0	0	0	0	0	0	0	0	0	0	58	23	45	0	19	0	0	0	0	0	0	0	0	0	0	0	0	0	0	0	0	0	0	0	0	0	0	0	0	0	0	0	0	0	0	0	0	0	0	0	0	0	0	0	0	0	0	0	0	0	0	0	0	0	0	0	0	0	0	0	0	0	0	0	0	0	0	0	0	0	0	0	0	0	0	0	0	0	0	0	0	0	0	0	0	0	0	0	0	0	0	0	0	0	0	0	0	0	0	0	0	0	0	0	0	0	0	0	0	0	0	0	0	0	0	0	0	0	0	0	0	17	0	16	12	31	0	0	0	0	0	0	0	0	0	0	0	0	0	0	0	0	0	0	0	0	0	0	0	0	0	0	0	0	0	0	0	0	47	0	0	0	0	0	0	0	0	0	0	0	0	0	0	0	0	0	0	0	0	0	0	0	0	0	0	0	0	0	0	0	0	0
k__Bacteria;p__Gemmatimonadetes;c__Gemmatimonadetes;o__Gemmatimonadales;f__Gemmatimonadaceae;g__NA	0	0	0	0	0	0	0	0	0	0	0	0	0	0	0	0	0	0	0	0	0	0	0	0	0	0	0	0	0	0	0	0	0	0	0	0	0	0	0	0	0	0	0	0	0	0	0	0	0	0	0	0	0	0	0	0	0	0	0	0	0	0	0	0	0	0	0	0	0	0	0	0	0	0	0	0	0	0	0	0	0	0	0	0	0	0	0	0	0	0	0	0	0	0	0	0	0	0	0	0	0	0	0	0	0	0	0	0	0	0	0	0	0	0	0	0	0	0	0	0	0	0	0	0	0	0	0	0	0	0	0	0	0	0	0	0	0	0	0	0	0	0	0	0	0	0	0	0	0	0	0	0	0	0	0	0	0	0	0	0	0	0	0	0	0	0	0	0	0	0	0	0	0	0	0	0	0	0	0	0	0	0	0	0	0	0	0	0	0	0	0	0	0	0	0	0	0	0	0	0	0	0	0	0	0	0	0	0	0	0	0	0	0	0	0	0	0	0	0	0	0	0	0	0	0	0	0	0	0	0	0	0	0	0	0	0	0	0	0	0	0	0	0	0	0	0	0	0	0	0	0	0	0	0	0	0	0	0	0	0	0	0	0	15	0	0	0	0	0	0	0	0	0	0	0	0	0	0	0	0	0	0	0	0	0	0	0	0	0	0	0	0	0	0	0	0	0
k__Bacteria;p__Lentisphaerae;c__Lentisphaeria;o__Victivallales;f__Victivallaceae;g__Victivallis	0	0	0	0	0	0	0	0	0	0	0	0	0	0	0	0	0	0	0	0	0	0	0	0	0	0	0	0	0	0	0	0	0	0	0	0	0	0	0	0	0	0	0	0	0	0	0	0	0	0	0	0	0	0	0	0	0	0	0	0	0	0	0	0	0	0	0	0	0	0	0	0	0	0	0	0	0	0	0	0	0	0	0	0	0	0	0	0	11	0	0	0	0	0	0	0	0	0	0	0	0	0	0	0	0	0	0	0	0	0	0	0	0	0	0	0	0	0	0	0	0	0	0	0	0	0	0	0	0	0	0	0	0	0	0	0	0	0	0	0	0	0	0	0	0	0	0	0	0	0	0	0	0	0	0	0	0	0	0	0	0	0	0	0	0	0	0	0	0	0	0	0	0	0	0	0	0	0	0	0	0	0	0	0	0	0	0	0	0	0	0	0	0	0	0	0	0	0	0	0	0	0	0	0	0	0	0	0	0	0	0	0	0	0	0	0	0	0	0	0	0	0	0	0	0	0	0	0	0	0	0	0	0	0	0	0	0	0	0	0	0	0	0	0	0	0	0	0	0	0	0	0	0	0	0	0	0	0	0	0	0	0	0	0	0	0	0	0	0	0	0	0	0	0	0	0	0	0	0	0	0	0	0	0	0	0	0	0	0	0	0	0	0	0	0	0	0
k__Bacteria;p__Proteobacteria;c__Alphaproteobacteria;o__Rhizobiales;f__Bradyrhizobiaceae;g__Afipia-Bradyrhizobium	0	0	0	0	0	0	0	0	0	0	0	0	0	0	0	0	0	0	0	0	0	0	0	0	153	0	0	0	0	0	0	0	0	0	0	0	0	0	0	0	0	0	0	0	0	0	0	0	0	0	0	0	0	0	0	0	0	0	0	0	0	0	0	0	0	0	0	0	0	0	0	0	0	0	0	0	0	0	0	0	0	0	0	0	0	0	0	0	0	0	0	0	0	0	0	0	0	0	0	0	0	0	0	0	0	0	0	0	0	0	0	0	0	0	0	0	0	0	0	0	0	0	0	0	0	0	0	0	0	0	0	0	0	0	0	0	0	0	0	0	0	0	0	0	0	0	0	0	0	0	0	0	0	0	0	0	0	0	0	0	0	0	0	0	0	0	0	0	0	0	0	0	0	0	0	0	0	0	0	0	0	0	0	0	0	0	0	0	0	0	0	0	0	0	0	0	0	0	0	0	0	0	0	0	0	0	0	0	0	0	0	0	0	0	0	0	0	0	0	0	0	0	0	0	0	0	0	0	0	0	0	0	0	0	0	0	0	0	0	0	0	0	0	0	0	0	0	0	0	0	0	0	0	0	0	0	0	0	0	0	0	0	0	0	0	0	0	0	0	0	0	0	0	0	0	0	0	0	0	0	0	0	0	0	0	0	0	0	0	0	0	0	0	0	0	0	0
k__Bacteria;p__Proteobacteria;c__Betaproteobacteria;o__Burkholderiales;f__Alcaligenaceae;g__Parasutterella	108	195	160	25	110	0	180	0	0	0	0	0	0	0	0	1005	0	734	0	0	440	0	0	145	56	15	0	0	0	0	0	0	0	0	0	0	51	0	0	48	0	78	0	55	203	0	0	157	138	0	0	0	0	0	159	0	566	0	690	0	0	0	0	0	0	0	0	0	0	0	0	0	0	0	406	0	246	0	310	0	0	0	0	0	84	94	75	0	244	13	0	111	29	0	0	0	0	0	0	0	39	0	46	0	107	282	204	104	70	402	214	72	118	86	171	0	0	0	0	90	70	144	35	263	122	0	0	0	0	87	220	204	103	63	13	0	85	0	11	691	12	211	0	453	0	0	0	0	0	68	221	0	0	44	0	0	0	0	42	0	0	0	0	0	0	0	0	0	0	0	0	0	0	0	0	0	0	0	0	0	0	0	0	0	0	0	0	0	0	0	0	0	0	0	0	0	0	0	0	0	0	0	0	0	0	0	0	0	0	0	0	0	0	0	0	0	0	0	0	0	0	0	0	0	0	0	0	0	0	0	0	0	0	0	0	0	0	0	0	0	0	0	0	0	0	0	0	0	0	0	0	0	0	0	0	0	0	0	0	0	0	0	0	0	0	0	0	0	0	0	0	0	0	0	0	0	0	0	0	0	0	0	0	0	0	0	0	0	0	0	0	0	0	0	0	0	0
k__Bacteria;p__Proteobacteria;c__Betaproteobacteria;o__Burkholderiales;f__Alcaligenaceae;g__Sutterella	0	0	0	0	0	0	0	0	0	0	0	0	0	0	0	0	0	0	0	84	32	0	0	81	431	0	73	246	55	0	1933	80	407	733	1794	506	165	225	241	0	0	0	0	0	0	0	0	0	0	454	0	749	0	863	0	0	0	0	0	0	0	0	0	0	0	0	0	0	0	86	0	62	0	13	0	0	0	0	0	0	0	0	0	0	0	0	0	0	0	0	0	0	0	0	0	523	0	402	0	710	0	0	0	0	0	0	12	0	0	0	0	0	20	13	0	17	15	0	67	253	380	44	168	11	576	0	931	578	0	0	45	21	79	20	2117	0	1927	505	2309	0	0	426	0	141	1059	11	711	64	475	0	0	0	0	0	0	0	171	23	73	0	0	0	0	0	0	0	0	0	0	0	0	0	0	0	0	0	0	0	0	0	0	0	0	0	0	0	0	0	0	0	0	0	0	0	0	0	0	0	0	0	0	0	0	0	0	0	0	0	0	0	0	0	0	0	0	0	0	0	0	0	0	0	0	0	0	0	0	0	0	0	0	0	0	0	0	0	0	0	0	0	0	0	0	0	0	0	0	0	0	0	0	0	0	0	0	0	0	0	0	0	0	0	0	98	0	0	0	0	0	0	0	0	0	0	0	0	0	0	0	0	0	0	0	0	0	0	0	0	0	0	0	0	0	0	0	0	0
k__Bacteria;p__Proteobacteria;c__Betaproteobacteria;o__Burkholderiales;f__Oxalobacteraceae;g__Oxalobacter	0	0	0	0	0	0	0	0	0	0	0	0	0	0	0	0	0	0	0	0	0	0	0	0	0	0	0	0	0	0	0	0	0	0	0	0	0	0	0	0	0	0	0	0	0	0	0	0	0	0	0	0	0	0	0	0	0	0	0	0	0	0	0	0	0	0	0	0	0	0	0	0	0	0	0	0	0	0	0	0	0	0	0	0	0	0	0	0	0	0	0	0	0	0	0	0	0	0	0	0	0	0	0	0	0	0	0	0	0	0	0	0	0	0	0	0	0	0	0	0	0	0	0	0	0	0	0	0	0	0	0	0	0	0	0	0	0	0	0	0	0	0	0	0	24	0	0	0	0	0	0	0	0	0	0	0	0	0	0	0	0	0	0	0	0	0	0	0	0	0	0	0	0	0	0	0	0	0	0	0	0	0	0	0	0	0	0	0	0	0	0	0	0	0	0	0	0	0	0	0	0	0	0	0	0	0	0	0	0	0	0	0	0	0	0	0	0	0	0	0	0	0	0	0	0	0	0	0	0	0	0	0	0	0	0	0	0	0	0	0	0	0	0	0	0	0	0	0	0	0	0	0	0	0	0	0	0	0	0	0	0	0	0	0	0	0	0	14	0	0	0	0	0	0	0	0	0	0	0	0	0	0	0	0	0	0	0	0	0	0	0	0	0	0	0	0	0
k__Bacteria;p__Proteobacteria;c__Betaproteobacteria;o__Neisseriales;f__Neisseriaceae;g__NA	0	0	0	0	0	0	0	0	0	0	0	0	0	0	0	0	0	0	0	0	0	0	0	0	0	0	0	0	0	0	0	0	0	0	0	0	0	0	0	0	0	0	0	0	0	0	0	0	0	0	0	0	0	0	0	0	0	0	0	0	0	0	0	0	0	0	0	0	0	0	0	0	0	0	0	0	0	0	0	0	0	0	0	0	0	0	0	0	0	0	0	0	0	0	0	0	0	0	0	0	0	0	0	0	0	0	0	0	0	0	0	0	0	0	0	0	0	0	0	0	0	0	0	0	0	0	0	0	0	0	0	0	0	0	0	0	0	0	0	0	0	0	0	0	0	0	0	0	0	0	0	0	0	0	0	0	0	0	0	0	0	0	0	0	0	0	0	0	0	0	0	0	0	0	0	0	0	0	0	0	0	0	0	0	0	0	0	0	0	0	0	0	0	0	0	0	0	0	0	0	0	0	0	0	0	0	0	0	0	0	0	0	0	0	0	0	0	0	0	0	0	0	0	0	0	0	0	0	0	0	0	0	0	0	0	0	0	0	0	0	0	0	0	0	0	0	0	0	0	0	0	0	0	0	0	0	0	0	0	0	0	0	0	39	0	0	0	0	0	0	0	0	0	0	0	0	0	0	0	0	0	0	0	0	0	0	0	0	0	0	0	0	0	0	0	0	0
k__Bacteria;p__Proteobacteria;c__Deltaproteobacteria;o__Desulfovibrionales;f__Desulfovibrionaceae;g__Bilophila	0	0	0	0	0	0	0	0	16	0	0	0	0	0	232	28	0	0	0	0	287	0	0	509	0	0	0	11	0	0	39	0	13	26	64	0	0	0	0	0	0	0	0	0	0	0	0	0	0	0	0	0	0	0	0	0	0	0	33	29	0	28	0	51	0	0	0	0	0	0	0	0	0	0	92	0	63	0	68	84	0	28	0	54	0	13	0	0	88	0	0	0	0	0	0	0	0	0	0	0	0	0	0	0	12	116	13	37	0	0	31	0	209	14	22	81	0	0	21	112	0	46	0	25	0	0	0	0	0	231	0	19	0	0	997	0	881	0	1084	381	0	65	0	256	127	0	70	0	107	0	0	0	0	0	71	0	12	23	58	0	0	0	0	0	0	0	0	0	0	0	0	13	0	14	0	0	0	0	0	0	0	0	0	0	0	0	0	0	0	0	0	0	0	0	0	0	0	0	0	0	0	0	0	0	0	0	0	0	0	0	0	0	0	0	0	0	0	0	0	0	13	0	0	0	0	0	0	0	0	0	0	0	0	0	0	0	0	11	19	11	0	0	0	0	0	0	0	0	0	0	0	0	0	0	0	0	0	0	0	0	0	0	0	0	0	0	0	0	0	0	0	0	0	0	0	0	0	0	0	0	0	0	0	0	0	0	0	0	0	0	0	0	0	0	0	0	0
k__Bacteria;p__Proteobacteria;c__Deltaproteobacteria;o__Desulfovibrionales;f__Desulfovibrionaceae;g__Desulfovibrio	0	13	0	0	17	0	0	0	0	0	0	0	0	0	0	0	0	0	0	0	0	0	0	0	0	0	0	0	0	0	0	0	0	0	0	0	0	0	0	0	0	0	0	0	0	0	0	0	0	0	0	0	0	0	0	0	0	0	0	0	0	0	0	0	0	0	0	0	0	0	0	0	0	0	0	0	0	0	0	0	0	0	0	0	0	0	0	0	0	0	0	0	0	0	0	0	0	0	0	0	0	0	0	0	0	0	0	0	0	0	0	0	0	0	0	0	0	0	0	0	0	0	0	0	0	0	0	0	0	0	0	0	0	0	0	0	0	0	0	0	0	0	0	0	0	0	0	0	0	0	0	0	0	0	0	0	0	0	0	0	0	0	0	0	0	0	0	0	0	0	0	12	0	0	0	0	0	0	0	0	0	0	0	0	0	0	0	0	0	0	0	0	0	0	0	0	0	0	0	0	0	0	0	0	0	0	0	0	0	0	0	0	0	0	0	0	0	0	0	0	0	0	0	0	0	0	0	13	0	17	11	0	0	0	0	0	0	0	0	0	0	0	0	0	0	0	0	0	0	0	0	0	0	0	0	0	0	0	0	0	0	0	0	0	0	0	0	0	0	0	0	0	0	0	0	0	0	0	0	0	0	0	0	0	0	0	0	0	0	0	0	0	0	0	0	0	0
k__Bacteria;p__Proteobacteria;c__Gammaproteobacteria;o__Enterobacteriales;f__Enterobacteriaceae;g__Buttiauxella-Kluyvera	0	0	0	0	0	0	0	0	0	0	0	0	0	0	0	0	0	0	0	0	0	0	0	0	0	0	0	0	0	0	0	0	0	0	0	0	0	0	0	0	0	0	0	0	0	0	0	0	0	0	0	0	0	0	0	0	0	0	0	0	0	0	0	0	0	0	0	0	0	0	0	0	0	0	0	0	0	0	0	0	0	0	0	0	0	0	0	0	0	0	0	0	0	0	0	0	0	0	0	0	0	0	0	0	0	0	0	0	0	0	0	0	0	0	0	0	0	0	0	0	0	0	0	0	0	0	0	0	0	0	0	0	0	0	0	0	0	0	0	0	0	0	0	0	0	0	0	0	0	0	0	0	0	0	104	0	33	94	59	0	0	0	0	0	0	0	0	0	0	0	0	0	0	0	0	0	0	0	0	0	0	0	0	0	0	0	0	0	0	0	0	0	0	0	0	0	0	0	0	0	0	0	0	0	0	0	0	0	0	0	0	0	0	0	0	0	0	0	0	0	0	0	0	0	0	0	0	0	0	0	0	0	0	0	0	0	0	0	0	0	0	0	0	0	0	0	0	0	0	0	0	0	0	0	0	0	0	0	0	0	0	0	0	0	0	0	0	0	0	0	0	0	0	0	0	0	0	0	0	0	0	0	0	0	0	0	0	0	0	0	0	0	0	0	0	0	0
k__Bacteria;p__Proteobacteria;c__Gammaproteobacteria;o__Enterobacteriales;f__Enterobacteriaceae;g__Citrobacter	0	0	0	0	0	0	0	0	0	0	0	0	0	0	0	0	0	0	0	0	0	0	0	0	0	0	0	0	0	0	0	0	0	0	0	0	0	0	0	0	0	0	0	0	0	0	0	0	0	0	0	0	0	0	0	0	0	0	0	7003	598	3987	1100	2632	0	0	0	0	0	0	0	0	0	0	0	0	0	0	0	533	666	0	425	324	0	0	0	0	0	0	0	0	0	0	0	0	0	0	0	0	0	0	0	0	0	0	0	0	0	0	0	0	0	0	0	0	0	0	0	0	0	0	0	0	0	0	0	0	0	0	0	0	0	0	0	0	0	0	0	0	0	0	0	0	0	0	0	0	0	0	0	0	0	0	1447	35	352	926	736	0	0	0	0	0	0	0	0	0	0	0	0	0	0	0	0	0	0	0	0	0	0	0	0	0	0	0	0	0	0	0	0	0	0	0	0	0	0	0	0	0	0	0	0	0	0	0	0	0	0	0	0	0	0	0	0	0	0	0	0	0	0	0	0	0	0	0	0	0	0	0	0	0	0	0	0	0	0	0	0	0	0	0	0	0	0	0	0	0	0	0	0	0	0	0	0	0	0	0	0	0	0	0	0	0	0	0	0	0	0	0	0	0	0	0	0	0	0	0	0	0	0	0	0	0	0	0	0	0	0	0	0	0	0	0	0	0	0
k__Bacteria;p__Proteobacteria;c__Gammaproteobacteria;o__Enterobacteriales;f__Enterobacteriaceae;g__Enterobacter	0	0	0	0	0	0	0	0	0	0	3464	143	3092	250	0	0	0	0	0	0	0	0	0	0	0	0	0	0	0	0	0	0	0	0	83	0	0	0	0	391	671	2886	1437	3891	2296	339	383	1556	324	0	0	0	0	0	0	0	0	0	0	0	0	0	0	0	0	0	0	0	0	0	0	0	0	0	0	0	0	0	0	733	1591	292	1069	469	0	0	0	0	0	0	0	0	0	0	0	0	0	0	0	0	0	0	0	0	0	0	0	0	0	0	0	0	0	0	0	0	0	0	0	0	0	0	0	0	0	0	0	0	0	0	0	0	0	0	0	0	0	0	0	0	0	0	0	0	0	0	0	0	0	0	0	0	0	0	0	0	0	0	0	0	0	0	0	0	0	0	0	0	0	0	0	0	0	0	0	0	0	0	0	0	0	0	0	0	0	0	0	0	0	0	0	0	0	0	0	0	0	0	0	0	0	0	0	0	0	0	0	0	0	0	0	0	0	0	0	0	0	0	0	0	0	0	0	0	0	0	0	0	0	0	0	0	0	0	0	0	0	0	0	0	0	0	0	0	0	0	0	0	0	0	0	0	0	0	0	0	0	0	0	0	0	0	0	37	0	0	0	0	0	0	0	0	0	0	0	0	0	0	0	0	0	0	0	0	0	0	0	0	0	0	0	0	0	0	0	0	0
k__Bacteria;p__Proteobacteria;c__Gammaproteobacteria;o__Enterobacteriales;f__Enterobacteriaceae;g__Enterobacter-Kluyvera	0	0	0	0	0	0	0	0	0	0	0	0	0	0	0	0	0	0	0	0	0	0	0	0	0	0	0	0	0	0	0	0	0	0	0	0	0	0	0	0	0	0	0	0	0	0	0	0	0	0	0	0	0	0	0	0	0	0	0	0	0	0	0	0	0	0	0	0	0	0	0	0	0	0	0	0	0	0	0	0	0	0	0	0	0	0	0	0	0	0	0	0	0	0	0	0	0	0	0	0	0	0	0	0	0	0	0	0	0	0	0	0	0	0	0	0	0	0	0	0	0	0	0	0	0	0	0	0	0	0	0	0	0	0	0	0	0	0	0	0	0	0	0	0	0	0	0	0	0	0	0	0	0	0	441	0	145	505	349	0	0	0	0	0	0	0	0	0	0	0	0	0	0	0	0	0	0	0	0	0	0	0	0	0	0	0	0	0	0	0	0	0	0	0	0	0	0	0	0	0	0	0	0	0	0	0	0	0	0	0	0	0	0	0	0	0	0	0	0	0	0	0	0	0	0	0	0	0	0	0	0	0	0	0	0	0	0	0	0	0	0	0	0	0	0	0	0	0	0	0	0	0	0	0	0	0	0	0	0	0	0	0	0	33	0	0	0	0	0	0	0	0	0	0	0	0	0	0	0	0	0	0	0	0	0	0	0	0	0	0	0	0	0	0	0	0	0
k__Bacteria;p__Proteobacteria;c__Gammaproteobacteria;o__Enterobacteriales;f__Enterobacteriaceae;g__Escherichia	15831	16409	4277	10457	4829	20193	131	513	0	22	0	0	0	0	19	0	5951	20	0	10738	52	0	36	63	519	10361	5555	14913	6375	6095	5748	398	2160	3140	8348	11068	16003	9544	6097	11683	1204	4658	1782	5875	5547	705	967	8745	9010	13267	1309	8823	698	13826	2153	0	286	0	0	7605	5850	5415	4733	18355	0	155	1960	0	14	3799	3562	6012	6889	4764	187	39047	13724	53410	82	7973	8285	10072	4484	5603	20984	11369	23201	20888	10081	13082	25640	13878	11654	12847	0	17983	17191	14569	14003	16418	29389	40944	27969	34223	16613	3278	737	2348	1372	1460	93	82	77	100	72	360	268	153	447	418	64	282	156	970	4459	2920	6505	4810	4884	179	64	163	18	204	366	23	256	24	376	1249	13682	2259	14436	1234	1327	24430	1576	36037	78	16002	13769	18306	12743	21077	5164	154	3361	5075	9233	0	0	0	0	0	24	26	19	23	28	0	0	0	0	0	77	81	59	65	67	0	0	0	0	0	0	0	0	0	0	0	0	18	25	22	26	27	0	15	0	0	0	20517	19577	21223	21359	20847	0	0	0	0	0	0	0	0	0	0	0	0	0	0	0	0	0	0	0	0	89	65	80	72	127	0	0	0	0	0	0	0	0	0	11	0	60	21	77	38	0	0	0	0	0	0	0	0	0	0	0	0	0	0	0	0	0	6607	0	0	14	21	0	0	26	0	0	0	0	0	0	0	0	0	0	0	11	0	318	0	0	0	0	0	0	0	0	0	0	13	0
k__Bacteria;p__Proteobacteria;c__Gammaproteobacteria;o__Enterobacteriales;f__Enterobacteriaceae;g__Hafnia	0	0	0	0	0	0	0	0	0	0	0	0	0	0	0	0	0	0	0	56	0	0	0	0	0	0	0	0	0	0	0	0	0	0	0	0	0	0	0	0	0	0	0	0	0	0	0	0	0	0	0	0	0	0	0	0	0	0	0	0	0	0	0	0	0	0	0	0	0	0	0	0	0	0	0	0	0	0	0	0	0	0	0	0	0	0	0	0	0	0	0	0	0	0	0	0	0	0	0	0	0	0	0	0	0	0	0	0	0	0	0	0	0	0	0	0	0	0	0	0	0	0	0	0	0	0	0	0	0	0	0	0	0	0	0	0	0	0	0	0	0	0	0	0	0	0	0	0	0	0	0	0	0	0	0	0	0	0	0	0	0	0	0	0	0	0	0	0	0	0	0	0	0	0	0	0	0	0	0	0	0	0	0	0	0	0	0	0	0	0	0	0	0	0	0	0	0	0	0	0	0	0	0	0	0	0	0	0	0	0	0	0	0	0	0	0	0	0	0	0	0	0	0	0	0	0	0	0	0	0	0	0	0	0	0	0	0	0	0	0	0	0	0	0	0	0	0	0	0	0	0	0	0	0	0	0	0	0	0	0	0	0	0	0	0	0	0	0	0	0	0	0	0	0	0	0	0	0	0	0	0	0	0	0	0	0	0	0	0	0	0	0	0	0	0	0	0
k__Bacteria;p__Proteobacteria;c__Gammaproteobacteria;o__Enterobacteriales;f__Enterobacteriaceae;g__Klebsiella	0	0	0	0	0	0	0	0	0	0	0	0	0	0	0	0	0	0	0	0	0	0	0	0	103	0	0	0	0	0	0	0	0	0	0	0	0	0	0	0	0	0	0	0	0	0	0	0	0	0	0	0	0	0	0	0	0	0	0	0	0	0	0	0	0	0	0	0	0	0	0	0	0	0	0	0	0	0	0	0	0	0	0	0	0	0	0	0	0	0	0	0	0	0	0	0	0	0	0	0	0	0	0	0	0	0	0	0	0	0	0	0	0	0	0	0	0	0	0	0	0	0	0	0	0	0	0	0	0	0	0	0	0	0	0	0	0	0	0	0	0	0	0	0	0	0	0	0	0	0	0	0	0	0	0	0	0	0	0	0	0	0	0	0	0	0	0	0	0	0	0	0	0	0	0	0	0	0	0	0	0	0	0	0	0	0	0	0	0	0	0	0	0	0	0	0	0	0	0	0	0	0	0	0	0	0	0	0	0	0	0	0	0	0	0	0	0	0	0	0	0	0	0	0	0	0	0	0	0	0	0	0	0	0	0	0	0	0	0	0	0	0	0	0	0	0	0	0	0	0	0	0	0	0	0	0	0	0	0	0	0	0	0	479	0	0	0	0	0	0	0	0	0	0	0	0	0	0	0	0	0	0	0	0	0	0	0	0	0	0	0	0	0	0	0	0	0
k__Bacteria;p__Proteobacteria;c__Gammaproteobacteria;o__Enterobacteriales;f__Enterobacteriaceae;g__Kluyvera	0	0	0	0	0	0	0	0	0	0	0	0	0	0	0	0	0	0	0	0	0	0	0	0	0	0	0	0	0	0	0	0	0	0	0	0	0	0	0	0	0	0	0	0	0	0	0	0	0	0	0	0	0	0	0	0	0	0	0	0	0	0	0	0	0	0	0	0	0	0	0	0	0	0	0	0	0	0	0	0	0	0	0	0	0	0	0	0	0	0	0	0	0	0	0	0	0	0	0	0	0	0	0	0	0	0	0	0	0	0	0	0	0	0	0	0	0	0	0	0	0	0	0	0	0	0	0	0	0	0	0	0	0	0	0	0	0	0	0	0	0	0	0	0	0	0	0	0	0	0	0	0	0	0	88	0	33	97	19	0	0	0	0	0	0	0	0	0	0	0	0	0	0	0	0	0	0	0	0	0	0	0	0	0	0	0	0	0	0	0	0	0	0	0	0	0	0	0	0	0	0	0	0	0	0	0	0	0	0	0	0	0	0	0	0	0	0	0	0	0	0	0	0	0	0	0	0	0	0	0	0	0	0	0	0	0	0	0	0	0	0	0	0	0	0	0	0	0	0	0	0	0	0	0	0	0	0	0	0	0	0	0	0	0	0	0	0	0	0	0	0	0	0	0	0	0	0	0	0	0	0	0	0	0	0	0	0	0	0	0	0	0	0	0	0	0	0
k__Bacteria;p__Proteobacteria;c__Gammaproteobacteria;o__Enterobacteriales;f__Enterobacteriaceae;g__NA	0	0	0	0	0	0	0	0	0	0	0	0	0	0	0	0	0	0	0	0	0	0	0	0	0	0	0	0	0	0	0	0	0	0	0	0	0	0	0	0	0	0	0	0	0	0	0	0	0	0	0	0	0	0	0	0	0	0	0	0	0	0	0	0	0	0	0	0	0	0	0	0	0	0	0	0	0	0	0	0	0	0	0	0	0	0	0	0	0	0	0	0	0	0	0	0	0	0	0	0	0	0	0	0	0	0	0	0	0	0	0	0	0	0	0	0	0	0	0	0	0	0	0	0	0	0	0	0	0	0	0	0	0	0	0	0	0	0	0	0	0	0	0	0	0	0	0	0	0	0	0	0	0	0	212	21	62	145	95	0	0	0	0	0	0	0	0	0	0	0	0	0	0	0	0	0	0	0	0	0	0	0	0	0	0	0	0	0	0	0	0	0	0	0	0	0	0	0	0	0	0	0	0	0	0	0	0	0	0	0	0	0	0	0	0	0	0	0	0	0	0	0	0	0	0	0	0	0	0	0	0	0	0	0	0	0	0	0	0	0	0	0	0	0	0	0	0	0	0	0	0	0	0	0	0	0	0	0	0	0	0	0	0	0	0	0	0	0	0	0	0	0	0	0	0	0	0	0	0	0	0	0	0	0	0	0	0	0	0	0	0	0	0	0	0	0	0
k__Bacteria;p__Proteobacteria;c__Gammaproteobacteria;o__Enterobacteriales;f__Enterobacteriaceae;g__Pantoea	0	0	0	0	0	0	0	0	0	0	0	0	0	0	0	0	0	0	0	0	0	0	0	0	1106	0	0	0	0	0	0	0	0	0	0	0	0	0	0	0	0	0	0	0	0	0	0	0	0	0	0	0	0	0	0	0	0	0	0	0	0	0	0	0	0	0	0	0	0	0	0	0	0	0	0	0	0	0	0	0	0	0	0	0	0	0	0	0	0	0	0	0	0	0	0	0	0	0	0	0	0	0	0	0	0	0	0	0	0	0	0	0	0	0	0	0	0	0	0	0	0	0	0	0	0	0	0	0	0	0	0	0	0	0	0	0	0	0	0	0	0	0	0	0	0	0	0	0	0	0	0	0	0	0	0	0	0	0	135	0	0	0	0	0	0	0	0	0	0	0	0	0	0	0	0	0	0	0	0	0	0	0	0	0	0	0	0	0	0	0	0	0	0	0	0	0	0	0	0	0	0	0	0	0	0	0	0	0	0	0	0	0	0	0	0	0	0	0	0	0	0	0	0	0	0	0	0	0	0	0	0	0	0	0	0	0	0	0	0	0	0	0	0	0	0	0	0	0	0	0	0	0	0	0	0	0	0	0	0	0	0	0	0	7892	0	0	0	0	0	0	0	0	0	0	0	0	0	0	0	0	0	0	0	0	0	0	0	0	0	0	0	0	0	0	0	0	0
k__Bacteria;p__Proteobacteria;c__Gammaproteobacteria;o__Pseudomonadales;f__Moraxellaceae;g__Acinetobacter	0	0	0	0	0	0	0	0	0	0	0	0	0	0	0	0	0	0	0	0	0	0	0	0	0	0	0	0	0	0	0	0	0	0	0	0	0	0	0	0	0	0	0	0	0	0	0	0	0	0	0	0	0	0	0	0	0	0	0	0	0	0	0	0	0	0	0	0	0	0	0	0	0	0	0	0	0	0	0	0	0	0	0	0	0	0	0	0	0	0	0	0	0	0	0	0	0	0	0	0	0	0	0	0	0	0	0	0	0	0	0	0	0	0	0	0	0	0	0	0	0	0	0	0	0	0	0	0	0	0	0	0	0	0	0	0	0	0	0	0	0	0	0	0	0	0	0	0	0	0	0	0	0	0	0	0	0	0	0	0	0	0	0	0	0	0	0	0	0	0	0	0	0	0	0	0	0	0	0	0	0	0	0	0	0	0	0	0	0	0	0	0	0	0	0	0	0	0	0	0	0	8718	8846	11872	9748	9081	0	0	0	0	0	0	0	0	0	0	0	0	0	0	0	0	0	0	0	0	0	0	0	0	0	0	0	0	0	0	0	0	0	0	0	0	0	0	0	0	0	0	0	0	0	0	0	0	0	0	0	0	0	0	0	0	0	0	0	0	0	0	0	0	0	0	0	0	0	0	0	0	0	0	0	0	0	0	0	0	0	0	0	0	0	0	0	0	0	0	0
k__Bacteria;p__Proteobacteria;c__Gammaproteobacteria;o__Pseudomonadales;f__Pseudomonadaceae;g__Pseudomonas	0	0	0	0	0	0	0	0	0	0	0	0	0	0	0	0	0	0	0	0	0	0	0	0	0	0	0	0	0	0	0	0	0	0	0	0	0	0	0	0	0	0	0	0	0	0	0	0	0	0	0	0	0	0	0	0	0	0	0	0	0	0	0	0	0	0	0	0	0	0	0	0	0	0	0	0	0	0	0	0	0	0	0	0	0	0	0	0	0	0	0	0	0	0	0	0	0	0	0	0	0	0	0	0	0	0	0	0	0	0	0	0	0	0	0	0	0	0	0	0	0	0	0	0	0	0	0	0	0	0	0	0	0	0	0	0	0	0	0	0	0	0	0	0	0	0	0	0	0	0	0	0	0	0	0	0	0	0	0	0	0	0	0	0	0	0	0	0	0	0	0	0	0	0	0	0	0	0	0	0	0	0	0	0	0	0	0	0	0	0	0	0	0	0	0	0	0	0	0	0	0	0	12	28	0	16	0	0	0	0	0	0	0	0	0	0	0	0	0	0	0	0	0	0	0	0	15	16	0	12	23	0	0	0	0	0	0	0	11	12	0	0	0	0	0	0	0	16	0	11	0	77	0	0	101	0	0	0	0	0	0	0	0	104	0	0	0	0	0	0	0	0	0	0	0	0	15	0	0	0	0	0	0	0	0	0	0	0	0	0	0	0	0	0	0	0	0
k__Bacteria;p__Tenericutes;c__Mollicutes;o__NA;f__NA;g__NA	0	0	0	0	0	0	0	0	0	0	0	0	0	0	0	0	0	0	0	0	0	0	0	0	0	0	0	0	0	0	0	0	0	0	0	0	0	0	0	0	0	0	0	0	0	0	0	0	0	0	0	0	0	0	0	0	0	0	0	0	0	0	0	0	0	0	0	0	0	0	0	0	0	0	0	0	0	0	0	0	0	0	0	0	0	0	0	0	0	0	0	0	0	0	0	0	0	0	0	0	0	0	0	0	0	0	0	0	0	0	0	0	0	0	0	0	0	0	0	0	0	0	0	0	0	0	0	0	0	0	0	0	0	0	0	0	0	0	0	0	0	0	0	0	0	0	0	0	0	0	0	0	0	0	0	0	0	0	0	0	0	0	0	0	0	0	0	0	0	0	0	0	0	13	0	0	0	0	0	0	0	0	0	0	0	0	0	0	0	0	0	0	0	0	0	0	0	0	0	0	0	0	0	0	0	0	0	0	0	0	0	0	0	0	0	0	0	0	0	0	0	32	32	27	24	42	0	0	0	0	0	0	0	0	0	0	12	0	0	0	0	0	0	0	0	0	0	0	0	0	0	41	0	20	53	25	0	0	0	0	0	0	0	0	0	0	0	0	0	0	0	0	0	0	0	0	0	0	0	0	0	0	0	0	0	0	0	0	0	0	0	0	0	0	0	0	0
k__Bacteria;p__Verrucomicrobia;c__Verrucomicrobiae;o__Verrucomicrobiales;f__Verrucomicrobiaceae;g__Akkermansia	289	970	986	0	665	0	0	0	0	0	4057	0	4357	0	332	0	0	0	0	1133	22	0	0	53	837	1103	0	2362	0	693	787	111	218	418	915	2413	3581	3106	2708	323	101	1118	47	571	1645	184	173	2685	380	22	19	14	33	18	63	0	24	0	0	4549	16	2361	0	6445	9717	936	10142	0	10990	688	49	1520	54	516	628	84	389	170	673	6952	189	2265	170	4865	874	57	246	28	772	305	0	0	0	0	0	0	0	0	0	0	824	53	1047	79	3605	608	21	546	156	711	551	184	195	25	299	507	1140	91	1591	709	58	438	23	862	903	31	537	757	300	558	119	924	36	881	594	34	1053	64	380	5724	0	419	0	562	460	0	121	0	661	55	176	0	0	331	0	0	0	0	360	520	641	544	474	455	0	0	0	0	0	89	118	149	87	126	202	235	171	201	204	72	55	102	96	70	0	0	0	0	0	14	0	0	0	0	0	0	0	0	16	0	13	0	0	0	0	0	0	0	0	0	0	0	0	0	0	0	87	88	80	92	74	671	787	818	651	991	16	0	14	0	16	23	24	61	41	19	146	121	164	79	92	0	142	63	199	122	12	13	12	0	0	942	334	569	1067	659	14	25	33	37	32	0	0	426	15	33	0	0	0	0	0	525	298	263	293	428	12	14	0	0	0	0	0	0	0	0	0	0	0	330	413	481	335	299	397	633	431
