#taxa	84B.R1.48H	84B.R2.48H	73B.R1.48H	73B.R2.48H	66A.R1.48H	66A.R2.48H	67A.R2.48H	92A.R1.48H	92A.R2.48H	92B.R1.48H	92B.R2.48H	66B.R1.48H	66B.R2.48H	276B.R1.48H	276B.R2.48H	116A.R1.48H	116A.R2.48H	176A.R1.48H	176A.R2.48H	276A.R1.48H	276A.R2.48H	84A.R1.48H	84A.R2.48H	73A.R1.48H	73A.R2.48H	67B.R1.48H	67B.R2.48H	176B.R1.48H	176B.R2.48H	84B.S1.48H	84B.S2.48H	73B.S1.48H	73B.S2.48H	66A.S1.48H	66A.S2.48H	67A.S1.48H	67A.S2.48H	92A.S1.48H	92A.S2.48H	92B.S1.48H	92B.S2.48H	66B.S1.48H	66B.S2.48H	276B.S1.48H	276B.S2.48H	116A.S1.48H	116A.S2.48H	176A.S1.48H	176A.S2.48H	276A.S1.48H	276A.S2.48H	84A.S1.48H	84A.S2.48H	73A.S1.48H	73A.S2.48H	67B.S1.48H	67B.S2.48H	176B.S1.48H	176B.S2.48H
k__Archaea;p__Euryarchaeota;c__Methanobacteria;o__Methanobacteriales;f__Methanobacteriaceae;g__Methanobrevibacter;s__smithii	0	0	0	0	0	0	20	0	0	0	0	0	0	0	0	0	0	0	0	0	0	0	0	0	0	0	0	0	0	0	0	0	0	0	0	120	144	0	0	0	0	0	0	0	0	0	0	0	0	0	0	0	0	14	0	0	0	0	0
k__Bacteria;p__Actinobacteria;c__Actinobacteria;o__Actinomycetales;f__Actinomycetaceae;g__Actinomyces;s__meyeri-odontolyticus	0	0	0	0	0	0	0	0	0	0	0	0	0	0	0	0	0	0	0	0	0	0	0	0	0	0	0	22	0	0	0	0	0	0	0	0	0	0	0	0	0	0	0	0	0	0	0	0	0	0	0	0	0	0	0	0	0	0	0
k__Bacteria;p__Actinobacteria;c__Actinobacteria;o__Actinomycetales;f__Actinomycetaceae;g__Actinomyces;s__odontolyticus	0	0	22	17	13	0	0	11	12	0	14	24	12	27	0	0	0	0	0	0	0	0	0	12	15	0	0	0	0	0	0	13	12	0	0	0	0	0	0	0	0	19	14	21	0	0	0	0	0	0	0	0	0	15	0	0	0	0	0
k__Bacteria;p__Actinobacteria;c__Actinobacteria;o__Actinomycetales;f__Actinomycetaceae;g__Actinomyces;s__oris	0	0	14	0	0	0	0	0	0	0	0	0	0	0	0	0	0	0	0	0	0	0	0	0	0	0	0	0	0	0	0	0	0	0	0	0	0	0	0	0	0	0	0	0	0	0	0	0	0	0	0	0	0	0	0	0	0	0	0
k__Bacteria;p__Actinobacteria;c__Actinobacteria;o__Actinomycetales;f__Actinomycetaceae;g__Actinomyces;s__oris-viscosus	0	0	0	0	0	0	0	0	0	0	0	0	0	0	0	0	0	0	0	0	0	0	0	0	0	0	0	22	0	0	0	0	0	0	0	0	0	0	0	0	0	0	0	0	0	0	0	0	0	0	0	0	0	0	0	0	0	11	0
k__Bacteria;p__Actinobacteria;c__Actinobacteria;o__Actinomycetales;f__Actinomycetaceae;g__Actinomyces;s__turicensis	0	23	0	0	0	0	0	0	0	0	0	0	0	0	0	0	0	0	0	0	0	0	0	0	0	0	0	0	0	32	0	0	0	0	0	0	0	0	0	0	0	0	0	0	0	0	0	0	0	0	0	0	0	0	0	0	0	0	0
k__Bacteria;p__Actinobacteria;c__Actinobacteria;o__Actinomycetales;f__Actinomycetaceae;g__Varibaculum;s__cambriense	0	49	0	0	0	0	0	0	0	0	0	0	0	0	0	0	0	0	0	0	0	23	0	0	0	0	0	0	0	49	0	0	0	0	0	0	0	0	0	0	0	0	0	0	0	0	0	0	0	0	0	0	0	0	0	0	0	0	0
k__Bacteria;p__Actinobacteria;c__Actinobacteria;o__Bifidobacteriales;f__Bifidobacteriaceae;g__Bifidobacterium;s__adolescentis-faecale	1066	1407	21	369	1026	19840	5343	5658	8944	6527	9991	25222	29936	0	0	874	5176	298	5883	0	2528	1020	711	644	395	6092	14665	632	6780	1396	721	0	3019	7650	1793	3191	1117	8476	23235	26876	9001	760	35551	0	37	2202	6089	4060	11108	0	2387	759	503	502	86	16630	12993	662	2047
k__Bacteria;p__Actinobacteria;c__Actinobacteria;o__Bifidobacteriales;f__Bifidobacteriaceae;g__Bifidobacterium;s__adolescentis-faecale-ruminantium	0	0	0	0	0	107	0	0	0	0	0	410	598	0	0	0	0	0	0	0	0	0	0	0	0	0	89	0	0	0	0	0	0	0	0	0	0	0	1255	1066	0	0	188	0	0	0	0	0	0	0	0	0	0	0	0	57	66	0	0
k__Bacteria;p__Actinobacteria;c__Actinobacteria;o__Bifidobacteriales;f__Bifidobacteriaceae;g__Bifidobacterium;s__angulatum	0	0	0	0	0	0	3153	0	0	0	0	0	0	0	0	1254	1332	12	0	0	0	0	0	0	0	1806	3808	0	0	0	0	0	0	0	0	2655	3905	0	0	0	0	0	0	0	0	817	1713	0	0	0	23	0	0	0	0	1988	1926	0	0
k__Bacteria;p__Actinobacteria;c__Actinobacteria;o__Bifidobacteriales;f__Bifidobacteriaceae;g__Bifidobacterium;s__animalis	0	0	0	0	0	0	0	0	0	0	0	0	0	0	0	0	0	1075	12785	0	0	0	0	0	0	0	0	9983	12995	0	0	0	0	0	0	0	0	0	0	0	0	0	0	0	78	0	0	3005	6218	0	0	0	0	0	0	0	0	8412	4928
k__Bacteria;p__Actinobacteria;c__Actinobacteria;o__Bifidobacteriales;f__Bifidobacteriaceae;g__Bifidobacterium;s__biavatii	0	0	0	0	0	0	0	0	0	0	0	0	0	0	0	0	0	0	0	0	0	0	0	0	0	0	0	0	0	11	0	0	0	0	0	0	0	0	0	0	0	0	0	0	0	0	0	0	0	0	0	0	0	0	0	0	0	0	0
k__Bacteria;p__Actinobacteria;c__Actinobacteria;o__Bifidobacteriales;f__Bifidobacteriaceae;g__Bifidobacterium;s__bifidum	197	689	88	29	71	150	0	309	335	904	390	121	77	0	0	0	0	0	0	0	0	418	629	159	145	4472	1638	0	0	868	252	63	41	65	34	0	0	111	94	385	840	169	113	0	0	0	0	0	0	0	0	173	24	191	21	1188	1721	0	0
k__Bacteria;p__Actinobacteria;c__Actinobacteria;o__Bifidobacteriales;f__Bifidobacteriaceae;g__Bifidobacterium;s__breve	0	0	0	0	0	0	0	0	0	0	0	0	0	0	0	0	0	0	0	0	0	0	0	0	13	0	610	0	0	0	0	0	0	0	0	0	0	0	0	0	0	0	0	0	0	0	0	0	0	0	0	0	0	0	0	0	0	0	0
k__Bacteria;p__Actinobacteria;c__Actinobacteria;o__Bifidobacteriales;f__Bifidobacteriaceae;g__Bifidobacterium;s__breve-longum-saguini	0	0	0	0	0	0	0	0	0	0	0	38	0	0	0	0	0	0	0	0	0	0	0	0	0	0	0	0	0	0	0	0	0	0	0	0	0	0	0	0	0	0	0	0	0	0	0	0	0	0	0	0	0	0	0	0	0	0	0
k__Bacteria;p__Actinobacteria;c__Actinobacteria;o__Bifidobacteriales;f__Bifidobacteriaceae;g__Bifidobacterium;s__catenulatum-kashiwanohense-pseudocatenulatum	137	48	0	0	443	2586	191	3730	5683	1772	14264	1650	1545	0	0	2080	3631	0	44	0	84	65	338	89	865	298	957	0	0	51	73	0	0	1135	417	142	128	3433	3872	3331	1552	372	654	0	0	2154	5251	0	0	0	74	35	25	853	384	387	399	0	31
k__Bacteria;p__Actinobacteria;c__Actinobacteria;o__Bifidobacteriales;f__Bifidobacteriaceae;g__Bifidobacterium;s__kashiwanohense	0	0	0	0	0	561	0	0	0	0	0	488	668	0	0	0	0	0	0	0	0	0	0	0	0	0	0	0	0	0	0	0	0	0	0	0	0	0	1228	1071	0	0	280	0	0	0	0	0	0	0	0	0	0	0	0	89	92	0	0
k__Bacteria;p__Actinobacteria;c__Actinobacteria;o__Bifidobacteriales;f__Bifidobacteriaceae;g__Bifidobacterium;s__longum	330	478	997	12877	449	3546	597	6627	7146	3610	7381	2891	2371	1028	12917	592	1068	132	892	464	1915	315	245	540	5604	1277	2068	433	184	489	177	1324	8897	1265	274	275	431	5048	6288	7139	3178	1556	2903	361	1352	371	939	258	638	535	3205	202	85	1409	1101	1445	1408	272	132
k__Bacteria;p__Actinobacteria;c__Actinobacteria;o__Bifidobacteriales;f__Bifidobacteriaceae;g__Bifidobacterium;s__longum-saguini	0	0	0	0	0	0	0	0	0	0	0	0	0	0	0	0	0	0	0	0	0	0	0	0	0	0	0	0	0	0	0	0	0	0	0	0	0	0	0	0	0	0	0	0	0	0	11	0	0	0	0	0	0	0	0	0	0	0	0
k__Bacteria;p__Actinobacteria;c__Actinobacteria;o__Bifidobacteriales;f__Bifidobacteriaceae;g__Bifidobacterium;s__saguini	0	0	0	0	0	0	0	0	0	0	0	25	0	0	0	0	0	0	0	0	0	13	0	0	0	0	0	0	0	0	0	0	0	0	0	0	0	0	0	0	0	0	0	0	0	0	0	0	0	0	0	0	0	0	0	0	0	0	0
k__Bacteria;p__Actinobacteria;c__Actinobacteria;o__Corynebacteriales;f__Corynebacteriaceae;g__NA;s__sp5276	12	27	0	0	0	0	0	0	0	0	0	0	0	0	0	0	0	0	0	0	0	0	0	0	0	0	0	0	0	29	0	0	0	0	0	0	0	0	0	0	0	0	0	0	0	0	0	0	0	0	0	0	0	0	0	0	0	0	0
k__Bacteria;p__Actinobacteria;c__Coriobacteriia;o__Coriobacteriales;f__Coriobacteriaceae;g__Adlercreutzia-Asaccharobacter;s__celatus-equolifaciens	0	24	66	0	23	0	0	120	12	20	24	0	0	0	0	56	25	0	0	0	0	12	0	22	16	14	0	61	0	42	0	33	0	0	15	0	0	42	0	16	30	0	0	0	0	28	17	0	0	0	0	12	0	39	26	12	17	12	0
k__Bacteria;p__Actinobacteria;c__Coriobacteriia;o__Coriobacteriales;f__Coriobacteriaceae;g__Adlercreutzia;s__equolifaciens	0	0	13	0	0	0	0	0	0	0	0	0	0	0	0	0	0	0	0	0	0	0	0	0	0	0	0	0	0	0	0	0	0	0	0	0	0	0	0	0	0	0	0	0	0	0	0	0	0	0	0	0	0	24	0	0	0	0	0
k__Bacteria;p__Actinobacteria;c__Coriobacteriia;o__Coriobacteriales;f__Coriobacteriaceae;g__Atopobium;s__minutum	0	26	0	0	0	0	0	0	0	0	0	0	0	0	0	0	0	0	0	0	0	0	0	0	0	0	0	0	0	24	0	0	0	0	0	0	0	0	0	0	0	0	0	0	0	0	0	0	0	0	0	0	0	0	0	0	0	0	0
k__Bacteria;p__Actinobacteria;c__Coriobacteriia;o__Coriobacteriales;f__Coriobacteriaceae;g__Atopobium;s__sp10381	0	0	0	0	0	0	0	0	0	0	0	0	0	0	0	0	0	0	0	0	0	11	0	0	0	0	0	0	0	14	0	0	0	0	0	0	0	0	0	0	0	0	0	0	0	0	0	0	0	0	0	0	0	0	0	0	0	0	0
k__Bacteria;p__Actinobacteria;c__Coriobacteriia;o__Coriobacteriales;f__Coriobacteriaceae;g__Atopobium;s__vaginae	0	12	0	0	0	0	0	0	0	0	0	0	0	0	0	0	0	0	0	0	0	0	0	0	0	0	0	0	0	0	0	0	0	0	0	0	0	0	0	0	0	0	0	0	0	0	0	0	0	0	0	0	0	0	0	0	0	0	0
k__Bacteria;p__Actinobacteria;c__Coriobacteriia;o__Coriobacteriales;f__Coriobacteriaceae;g__Collinsella-Olsenella;s__intestinalis-sp10464-sp10466	0	0	0	0	0	0	24	0	0	0	0	0	0	0	0	0	0	0	0	0	0	0	0	0	0	0	0	0	0	0	0	0	0	0	0	0	39	0	0	0	0	0	0	0	0	0	0	0	0	0	0	0	0	0	0	0	0	0	0
k__Bacteria;p__Actinobacteria;c__Coriobacteriia;o__Coriobacteriales;f__Coriobacteriaceae;g__Collinsella;s__aerofaciens	2152	443	1206	961	2905	3698	1769	132	404	0	0	4418	2870	2941	340	4933	1173	1561	1251	890	1178	374	1697	78	328	4145	1711	2476	228	392	1068	52	0	4714	2645	1542	1687	64	666	0	0	9122	3142	1258	2655	3894	6098	1990	2196	908	3585	184	85	222	18	1448	1988	1878	628
k__Bacteria;p__Actinobacteria;c__Coriobacteriia;o__Coriobacteriales;f__Coriobacteriaceae;g__Collinsella;s__intestinalis	0	0	0	0	0	0	0	0	0	0	0	0	0	0	0	0	0	0	0	0	0	0	0	0	0	0	0	0	0	0	0	0	0	0	0	42	0	0	0	0	0	0	0	0	0	0	0	0	0	0	0	0	0	0	0	0	0	0	0
k__Bacteria;p__Actinobacteria;c__Coriobacteriia;o__Coriobacteriales;f__Coriobacteriaceae;g__Collinsella;s__intestinalis-stercoris	0	0	0	0	0	0	0	0	0	0	0	0	0	0	0	0	0	21	0	0	0	0	0	0	0	61	0	183	0	0	0	0	0	0	0	0	0	0	0	0	0	0	0	0	0	0	0	13	0	0	0	0	0	0	0	11	24	46	0
k__Bacteria;p__Actinobacteria;c__Coriobacteriia;o__Coriobacteriales;f__Coriobacteriaceae;g__Collinsella;s__sp10410	0	0	0	0	0	0	18	0	0	0	0	0	0	0	0	0	0	55	22	0	24	0	0	0	0	0	0	250	0	0	0	0	0	0	0	37	63	0	0	0	0	0	0	0	0	0	0	32	28	0	15	0	0	0	0	0	0	105	12
k__Bacteria;p__Actinobacteria;c__Coriobacteriia;o__Coriobacteriales;f__Coriobacteriaceae;g__Eggerthella;s__lenta	372	1902	582	110	169	0	0	713	19	104	0	56	0	1012	14	88	75	43	0	456	31	908	570	129	131	127	65	471	0	1867	208	443	80	12	99	106	259	370	0	18	153	172	0	1010	58	31	15	29	0	430	81	632	366	201	111	29	78	155	0
k__Bacteria;p__Actinobacteria;c__Coriobacteriia;o__Coriobacteriales;f__Coriobacteriaceae;g__Enterorhabdus;s__caecimuris	0	0	0	0	0	0	0	0	0	0	0	0	0	0	0	0	0	0	0	0	0	0	0	0	0	0	0	0	0	0	0	0	0	0	0	18	25	0	0	0	0	0	0	0	0	0	0	0	0	0	0	0	0	0	0	0	0	0	0
k__Bacteria;p__Actinobacteria;c__Coriobacteriia;o__Coriobacteriales;f__Coriobacteriaceae;g__Gordonibacter;s__faecihominis	0	25	0	0	12	0	0	0	0	0	0	0	0	0	0	0	0	0	0	0	0	0	0	0	0	0	0	0	0	19	0	0	0	0	0	0	0	0	0	0	0	0	0	0	0	0	0	0	0	0	0	0	0	0	0	0	0	0	0
k__Bacteria;p__Actinobacteria;c__Coriobacteriia;o__Coriobacteriales;f__Coriobacteriaceae;g__Gordonibacter;s__pamelaeae	0	0	28	18	0	0	0	39	13	39	19	0	0	16	0	0	0	0	0	0	0	0	0	19	20	0	0	75	0	16	0	27	12	0	0	0	0	25	0	16	64	0	0	0	0	0	0	22	0	0	0	0	0	21	16	0	0	29	0
k__Bacteria;p__Actinobacteria;c__Coriobacteriia;o__Coriobacteriales;f__Coriobacteriaceae;g__Gordonibacter;s__urolithinfaciens	0	0	0	0	0	0	0	0	0	0	0	0	0	0	0	24	0	0	0	0	0	0	0	0	0	0	0	0	0	0	0	0	0	0	0	0	0	0	0	0	0	0	0	0	0	19	0	0	0	0	0	0	0	0	0	0	0	0	0
k__Bacteria;p__Actinobacteria;c__Coriobacteriia;o__Coriobacteriales;f__Coriobacteriaceae;g__NA;s__sp10426	0	0	0	0	0	0	0	0	0	0	0	0	0	0	0	0	0	0	0	0	0	0	0	0	0	0	0	0	0	0	0	0	0	0	0	0	0	0	0	0	0	0	0	0	0	0	0	0	0	0	95	0	0	0	0	0	0	0	0
k__Bacteria;p__Actinobacteria;c__Coriobacteriia;o__Coriobacteriales;f__Coriobacteriaceae;g__NA;s__sp10494	0	0	0	0	0	0	179	0	0	0	0	0	0	0	0	0	0	67	192	0	28	0	0	0	0	0	0	106	0	0	0	0	0	0	0	161	150	0	0	0	0	0	0	0	0	0	0	140	192	0	443	0	0	0	0	0	0	168	22
k__Bacteria;p__Actinobacteria;c__Coriobacteriia;o__Coriobacteriales;f__Coriobacteriaceae;g__NA;s__sp10524	0	0	0	0	0	0	104	0	0	0	0	0	0	0	0	0	0	0	0	0	0	0	0	0	0	0	0	0	0	0	0	0	0	0	0	180	154	0	0	0	0	0	0	0	0	0	0	0	0	0	0	0	0	0	0	0	0	0	0
k__Bacteria;p__Actinobacteria;c__Coriobacteriia;o__Coriobacteriales;f__Coriobacteriaceae;g__NA;s__sp10534	0	0	0	0	0	0	0	0	0	12	0	0	0	0	0	12	0	0	0	0	0	0	0	0	0	0	0	0	0	0	0	0	0	0	0	0	0	0	0	0	0	0	0	0	0	0	0	0	0	0	0	0	0	0	0	0	0	0	0
k__Bacteria;p__Actinobacteria;c__Coriobacteriia;o__Coriobacteriales;f__Coriobacteriaceae;g__NA;s__sp10540	0	0	0	0	0	0	0	0	0	0	0	0	0	0	0	0	0	0	0	0	0	0	0	0	0	0	0	15	0	0	0	0	0	0	0	0	0	0	0	0	0	0	0	0	0	0	0	0	0	0	0	0	0	0	0	0	0	0	0
k__Bacteria;p__Actinobacteria;c__Coriobacteriia;o__Coriobacteriales;f__Coriobacteriaceae;g__NA;s__sp10542	0	0	0	0	0	0	0	0	0	0	0	0	0	16	0	0	0	0	0	0	0	0	0	0	0	0	0	0	0	0	0	0	0	0	0	0	0	0	0	0	0	0	0	0	0	0	0	0	0	0	0	0	0	0	0	0	0	0	0
k__Bacteria;p__Actinobacteria;c__Coriobacteriia;o__Coriobacteriales;f__Coriobacteriaceae;g__NA;s__sp10543	0	0	0	0	0	0	0	0	0	0	0	0	0	60	0	0	0	0	0	0	0	0	0	0	0	0	0	0	0	0	0	0	0	0	0	0	0	0	0	0	0	0	0	18	0	0	0	0	0	0	0	0	0	0	0	0	0	0	0
k__Bacteria;p__Actinobacteria;c__Coriobacteriia;o__Coriobacteriales;f__Coriobacteriaceae;g__Senegalimassilia;s__anaerobia	0	0	0	0	314	65	11	0	0	0	0	54	12	0	0	0	0	318	189	0	40	0	0	0	0	0	98	306	0	0	0	0	0	110	191	13	29	0	0	0	0	225	0	0	0	0	0	219	145	0	22	0	0	0	0	0	0	149	17
k__Bacteria;p__Actinobacteria;c__Coriobacteriia;o__Coriobacteriales;f__Coriobacteriaceae;g__Slackia;s__isoflavoniconvertens	0	0	0	0	0	0	200	529	140	498	50	0	0	0	0	0	0	74	50	0	0	0	0	0	0	0	0	2489	0	0	0	0	0	0	11	317	156	185	80	40	505	0	0	0	0	0	0	76	79	0	44	0	0	0	0	0	0	509	24
k__Bacteria;p__Bacteroidetes;c__Bacteroidia;o__Bacteroidales;f__Bacteroidaceae;g__Bacteroides;s__acidifaciens	0	0	0	0	0	0	58	0	0	0	0	0	0	0	0	0	0	40	58	0	0	0	0	0	0	0	0	26	15	0	0	0	0	0	22	251	90	0	0	0	0	0	0	0	0	0	0	97	68	0	0	0	0	0	0	0	0	112	125
k__Bacteria;p__Bacteroidetes;c__Bacteroidia;o__Bacteroidales;f__Bacteroidaceae;g__Bacteroides;s__caccae	0	0	1817	0	1280	0	2407	982	0	657	35	261	0	727	1689	7302	340	1582	479	6722	829	36	21	521	184	1134	11	2859	882	0	0	0	0	172	905	1846	1189	704	0	15	889	1477	0	2567	3185	3727	839	1293	392	8783	596	30	20	628	179	1505	1191	2295	2838
k__Bacteria;p__Bacteroidetes;c__Bacteroidia;o__Bacteroidales;f__Bacteroidaceae;g__Bacteroides;s__caccae-xylanisolvens	0	0	0	0	0	0	0	0	0	0	0	0	0	0	0	0	0	0	0	0	0	0	0	0	0	0	0	0	0	0	0	0	0	0	0	0	0	0	0	0	0	0	0	0	0	0	0	0	0	13	0	0	0	0	0	0	0	0	0
k__Bacteria;p__Bacteroidetes;c__Bacteroidia;o__Bacteroidales;f__Bacteroidaceae;g__Bacteroides;s__cellulosilyticus	27	45	0	0	0	0	14	0	0	0	0	0	0	0	0	0	0	0	0	0	0	54	13	18	18	0	0	0	0	27	54	0	0	0	0	25	14	0	0	0	0	0	0	0	0	0	0	0	0	0	0	43	143	48	22	0	0	0	0
k__Bacteria;p__Bacteroidetes;c__Bacteroidia;o__Bacteroidales;f__Bacteroidaceae;g__Bacteroides;s__cellulosilyticus-intestinalis	0	0	0	0	0	0	0	0	0	0	0	0	0	0	0	0	0	0	0	0	0	12	0	0	0	0	0	0	0	0	0	0	0	0	0	0	0	0	0	0	0	0	0	0	0	0	0	0	0	0	0	0	0	0	0	0	0	0	0
k__Bacteria;p__Bacteroidetes;c__Bacteroidia;o__Bacteroidales;f__Bacteroidaceae;g__Bacteroides;s__dorei	0	0	0	0	0	0	0	197	0	296	0	0	0	0	0	0	0	23	17	0	0	0	0	14	23	0	0	32	50	0	0	0	0	0	0	0	0	45	0	0	179	0	0	0	0	0	0	40	37	0	0	0	0	13	22	0	0	32	117
k__Bacteria;p__Bacteroidetes;c__Bacteroidia;o__Bacteroidales;f__Bacteroidaceae;g__Bacteroides;s__eggerthii	0	0	0	0	0	0	0	0	0	0	0	0	0	0	0	0	0	0	0	0	0	0	0	0	18	0	0	0	0	0	0	0	0	0	0	0	0	0	0	0	0	0	0	0	0	0	0	0	0	0	0	0	0	19	0	0	0	0	0
k__Bacteria;p__Bacteroidetes;c__Bacteroidia;o__Bacteroidales;f__Bacteroidaceae;g__Bacteroides;s__faecichinchillae	0	0	0	0	0	0	0	0	0	0	0	0	0	0	0	0	0	31	0	0	0	0	0	0	0	0	0	0	0	0	0	0	0	0	0	0	0	0	0	0	0	0	0	0	0	0	0	12	0	0	0	0	0	0	0	0	0	0	0
k__Bacteria;p__Bacteroidetes;c__Bacteroidia;o__Bacteroidales;f__Bacteroidaceae;g__Bacteroides;s__faecis	0	0	0	0	0	0	0	0	0	0	0	0	0	0	0	0	0	0	0	1123	0	0	0	66	158	395	0	0	0	0	0	246	0	0	0	0	13	0	0	0	0	0	0	55	14	0	0	0	0	965	0	0	0	553	108	320	363	0	0
k__Bacteria;p__Bacteroidetes;c__Bacteroidia;o__Bacteroidales;f__Bacteroidaceae;g__Bacteroides;s__finegoldii	0	0	0	0	50	0	0	59	0	51	0	0	0	42	0	0	0	0	0	22	0	189	36	235	140	0	0	0	0	0	0	0	0	0	11	0	0	34	0	0	88	0	0	0	0	0	0	0	0	23	0	118	19	530	49	75	17	0	0
k__Bacteria;p__Bacteroidetes;c__Bacteroidia;o__Bacteroidales;f__Bacteroidaceae;g__Bacteroides;s__fragilis	1497	3090	4434	0	94	0	2384	0	0	0	0	59	0	159	0	1481	1205	8845	5184	227	24	2065	2441	208	104	0	0	2178	2019	1577	399	0	0	0	42	2914	3129	0	0	0	0	149	0	160	59	1028	864	5437	5715	225	0	1841	956	185	0	0	0	751	2767
k__Bacteria;p__Bacteroidetes;c__Bacteroidia;o__Bacteroidales;f__Bacteroidaceae;g__Bacteroides;s__fragilis-ovatus	0	0	0	0	207	0	0	30	0	19	0	0	0	19	0	106	24	31	0	12	21	48	35	88	92	112	12	31	14	0	0	0	0	24	80	0	0	21	0	0	38	36	0	20	0	66	69	21	0	0	0	22	0	84	65	104	98	49	21
k__Bacteria;p__Bacteroidetes;c__Bacteroidia;o__Bacteroidales;f__Bacteroidaceae;g__Bacteroides;s__intestinalis	0	0	0	0	251	0	0	0	0	0	0	18	0	54	0	0	0	0	0	0	0	0	30	0	0	0	0	0	0	0	0	0	0	17	110	0	0	0	0	0	0	84	0	65	0	0	0	0	0	0	0	0	0	0	0	0	0	0	0
k__Bacteria;p__Bacteroidetes;c__Bacteroidia;o__Bacteroidales;f__Bacteroidaceae;g__Bacteroides;s__intestinalis-stercorirosoris	0	0	0	0	0	0	0	0	0	0	0	0	0	0	0	0	0	28	26	0	0	0	0	0	0	0	0	43	0	0	0	0	0	0	0	0	0	0	0	0	0	0	0	0	0	0	0	0	22	0	0	0	0	0	0	0	0	0	53
k__Bacteria;p__Bacteroidetes;c__Bacteroidia;o__Bacteroidales;f__Bacteroidaceae;g__Bacteroides;s__massiliensis	0	0	0	0	0	0	70	269	0	278	0	0	0	167	0	0	0	0	0	215	19	0	0	23	60	74	0	0	0	0	0	0	0	0	0	11	0	206	0	0	216	0	0	76	37	0	0	0	0	88	14	0	0	105	21	21	115	0	0
k__Bacteria;p__Bacteroidetes;c__Bacteroidia;o__Bacteroidales;f__Bacteroidaceae;g__Bacteroides;s__nordii	0	0	0	0	0	0	0	0	0	0	0	0	0	0	0	15	12	0	0	0	0	0	0	0	0	0	0	0	0	0	0	0	0	0	0	30	19	0	0	0	0	0	0	0	0	28	21	0	0	0	0	0	0	0	0	0	0	0	0
k__Bacteria;p__Bacteroidetes;c__Bacteroidia;o__Bacteroidales;f__Bacteroidaceae;g__Bacteroides;s__oleiciplenus	0	0	0	0	0	0	0	0	0	0	0	0	0	23	0	0	0	0	0	0	0	0	0	0	0	0	0	0	0	0	0	0	0	0	0	0	0	0	0	0	0	0	0	12	0	0	0	0	0	0	0	0	0	0	0	0	0	0	0
k__Bacteria;p__Bacteroidetes;c__Bacteroidia;o__Bacteroidales;f__Bacteroidaceae;g__Bacteroides;s__ovatus	0	20	0	0	546	0	0	26	0	67	0	17	0	0	0	116	0	0	0	0	0	191	128	82	36	0	0	0	0	0	0	0	0	12	375	0	0	76	0	0	77	0	0	0	0	76	103	0	0	0	0	136	30	40	19	0	0	0	0
k__Bacteria;p__Bacteroidetes;c__Bacteroidia;o__Bacteroidales;f__Bacteroidaceae;g__Bacteroides;s__sp12288-thetaiotaomicron	685	1446	154	0	1628	13	173	0	0	11	0	235	22	0	0	0	0	454	73	103	12	1880	691	247	62	274	0	36	143	833	149	0	0	504	726	157	39	0	0	0	0	582	41	0	0	0	0	625	79	61	0	1928	607	347	68	267	262	31	837
k__Bacteria;p__Bacteroidetes;c__Bacteroidia;o__Bacteroidales;f__Bacteroidaceae;g__Bacteroides;s__sp12293-thetaiotaomicron	0	0	0	0	0	0	0	0	0	0	0	0	0	0	0	0	0	167	0	0	0	0	0	0	0	0	0	0	35	0	0	0	0	0	0	0	0	0	0	0	0	0	0	0	0	0	0	193	0	0	0	0	0	0	0	0	0	0	298
k__Bacteria;p__Bacteroidetes;c__Bacteroidia;o__Bacteroidales;f__Bacteroidaceae;g__Bacteroides;s__stercorirosoris	0	0	0	0	0	0	0	0	0	26	0	0	0	0	0	0	0	0	0	0	0	0	0	0	0	0	0	48	27	0	0	0	0	0	0	0	0	0	0	0	0	0	0	0	0	0	0	30	0	0	0	0	0	0	0	0	0	25	51
k__Bacteria;p__Bacteroidetes;c__Bacteroidia;o__Bacteroidales;f__Bacteroidaceae;g__Bacteroides;s__stercoris	0	0	0	0	0	0	0	0	0	0	0	11	0	230	0	0	0	0	0	66	0	0	0	25	153	0	0	0	0	0	0	0	0	0	0	0	0	0	0	0	0	0	0	60	0	0	0	0	0	43	0	0	0	95	71	0	0	0	0
k__Bacteria;p__Bacteroidetes;c__Bacteroidia;o__Bacteroidales;f__Bacteroidaceae;g__Bacteroides;s__thetaiotaomicron	176	373	0	0	0	0	0	0	0	0	0	0	0	0	0	0	0	191	37	0	0	486	156	0	0	0	0	36	48	225	60	408	0	0	0	0	0	0	0	0	0	0	0	0	0	0	0	238	44	0	0	485	157	358	17	0	0	11	327
k__Bacteria;p__Bacteroidetes;c__Bacteroidia;o__Bacteroidales;f__Bacteroidaceae;g__Bacteroides;s__uniformis	373	363	906	0	116	0	231	203	0	813	40	586	15	469	0	991	1670	131	39	85	0	582	433	274	218	146	16	1538	121	108	412	323	0	129	51	477	135	212	13	29	918	110	47	127	16	1231	778	137	30	87	0	480	631	372	114	183	231	340	921
k__Bacteria;p__Bacteroidetes;c__Bacteroidia;o__Bacteroidales;f__Bacteroidaceae;g__Bacteroides;s__vulgatus	175	122	2354	0	420	0	1615	324	11	354	20	320	21	166	277	1408	379	485	382	2599	1061	451	325	2339	591	2243	228	993	993	72	34	4017	0	155	264	834	599	167	14	32	359	288	42	337	559	529	763	438	327	1741	880	148	85	1382	338	1481	1612	523	555
k__Bacteria;p__Bacteroidetes;c__Bacteroidia;o__Bacteroidales;f__Bacteroidaceae;g__Bacteroides;s__xylanisolvens	254	459	341	0	486	0	321	0	0	0	0	14	0	18	0	0	0	18	0	47	0	563	776	231	304	0	0	33	23	279	249	0	0	478	442	71	59	0	0	0	0	30	0	22	0	0	0	38	0	55	0	433	508	1009	387	0	0	43	202
k__Bacteria;p__Bacteroidetes;c__Bacteroidia;o__Bacteroidales;f__NA;g__NA;s__sp12662	0	0	0	0	0	0	0	0	0	0	0	33	0	0	0	0	0	0	0	0	0	0	0	0	0	33	0	0	0	0	0	0	0	0	0	0	0	0	0	0	0	0	0	0	0	0	0	0	0	0	0	0	0	0	0	154	114	0	0
k__Bacteria;p__Bacteroidetes;c__Bacteroidia;o__Bacteroidales;f__Porphyromonadaceae;g__Barnesiella;s__intestinihominis	0	0	11	0	0	0	0	368	0	379	0	0	0	0	0	0	0	0	0	0	0	0	0	0	0	0	0	0	0	0	0	0	0	0	0	14	12	84	0	0	288	0	0	0	0	0	0	0	0	0	0	0	0	0	0	0	0	0	0
k__Bacteria;p__Bacteroidetes;c__Bacteroidia;o__Bacteroidales;f__Porphyromonadaceae;g__Barnesiella;s__sp13054	77	261	483	0	93	0	0	0	0	0	0	27	0	0	0	0	51	33	0	0	0	290	119	309	54	0	0	113	0	98	15	616	0	0	49	0	0	0	0	0	0	101	0	0	0	0	0	24	0	0	0	270	84	351	0	0	0	77	0
k__Bacteria;p__Bacteroidetes;c__Bacteroidia;o__Bacteroidales;f__Porphyromonadaceae;g__Barnesiella;s__sp13054-sp13055	0	0	0	0	29	0	0	0	0	0	0	0	0	0	0	0	0	0	0	0	0	0	0	0	0	0	0	0	0	0	0	0	0	0	13	0	0	0	0	0	0	18	0	0	0	0	0	0	0	0	0	0	0	0	0	0	0	0	0
k__Bacteria;p__Bacteroidetes;c__Bacteroidia;o__Bacteroidales;f__Porphyromonadaceae;g__Barnesiella;s__sp13055	0	0	0	0	0	0	0	0	0	0	0	0	0	54	0	0	0	0	0	13	0	0	0	0	0	0	0	0	0	0	0	0	0	0	0	0	0	0	0	0	0	0	0	47	0	0	0	0	0	11	0	0	0	0	0	0	0	0	0
k__Bacteria;p__Bacteroidetes;c__Bacteroidia;o__Bacteroidales;f__Porphyromonadaceae;g__Butyricimonas;s__paravirosa	0	0	0	0	0	0	0	0	0	0	0	0	0	0	0	0	39	14	0	0	0	0	0	0	0	0	0	47	0	0	0	0	0	0	0	0	0	0	0	0	0	0	0	0	0	11	0	13	0	0	0	0	0	13	0	0	0	46	0
k__Bacteria;p__Bacteroidetes;c__Bacteroidia;o__Bacteroidales;f__Porphyromonadaceae;g__Butyricimonas;s__sp13062	0	0	0	0	0	0	0	0	0	0	0	0	0	0	0	0	38	0	0	0	0	0	0	0	0	0	0	24	0	0	0	0	0	0	0	0	0	0	0	0	0	0	0	0	0	17	0	0	0	0	0	0	0	0	0	0	0	0	0
k__Bacteria;p__Bacteroidetes;c__Bacteroidia;o__Bacteroidales;f__Porphyromonadaceae;g__Butyricimonas;s__virosa	0	0	0	0	0	0	0	66	0	70	0	0	0	0	0	0	0	0	0	0	0	0	0	25	0	0	0	17	0	0	0	0	0	0	0	42	76	45	0	0	71	0	0	0	0	0	0	0	0	0	0	0	0	27	0	0	0	16	0
k__Bacteria;p__Bacteroidetes;c__Bacteroidia;o__Bacteroidales;f__Porphyromonadaceae;g__Odoribacter;s__sp13171	0	45	13	0	124	0	0	49	0	25	0	60	0	21	0	0	0	0	0	0	0	38	12	52	0	0	0	12	0	14	0	0	0	0	83	0	0	12	0	0	25	64	0	35	0	0	0	0	0	12	0	19	0	117	0	0	0	15	0
k__Bacteria;p__Bacteroidetes;c__Bacteroidia;o__Bacteroidales;f__Porphyromonadaceae;g__Parabacteroides;s__distasonis	930	2347	3863	0	2717	0	94	1042	0	1651	17	224	0	127	0	709	1565	281	14	796	30	1063	955	476	336	91	0	352	19	1303	2388	10975	0	746	3042	955	169	2013	0	0	2678	1039	15	409	52	3336	177	1266	15	3495	34	3127	5648	2048	430	199	175	317	1874
k__Bacteria;p__Bacteroidetes;c__Bacteroidia;o__Bacteroidales;f__Porphyromonadaceae;g__Parabacteroides;s__goldsteinii	573	255	0	0	199	0	73	0	0	0	0	0	0	0	0	0	0	0	0	0	0	2086	738	69	37	0	0	0	0	211	335	0	0	23	156	125	96	36	0	0	0	0	0	0	0	0	0	0	0	0	0	2153	1662	110	0	0	0	0	0
k__Bacteria;p__Bacteroidetes;c__Bacteroidia;o__Bacteroidales;f__Porphyromonadaceae;g__Parabacteroides;s__merdae	37	49	327	0	1689	0	678	681	0	656	0	138	0	1054	25	1158	371	307	38	628	37	92	118	310	588	211	20	189	45	0	0	1316	0	17	871	581	146	455	0	0	812	488	0	539	96	1166	170	426	66	787	47	19	0	1251	348	216	117	141	859
k__Bacteria;p__Bacteroidetes;c__Bacteroidia;o__Bacteroidales;f__Prevotellaceae;g__Alloprevotella;s__sp13519	0	0	0	0	0	0	494	0	0	0	0	0	0	0	0	0	0	0	0	0	0	0	0	0	0	0	0	0	0	0	0	0	0	0	0	0	0	0	0	0	0	0	0	0	0	0	0	0	0	0	0	0	0	0	0	0	0	0	0
k__Bacteria;p__Bacteroidetes;c__Bacteroidia;o__Bacteroidales;f__Prevotellaceae;g__NA;s__sp13885	13	0	0	0	0	0	0	0	0	0	0	16	0	0	0	0	0	0	0	0	0	0	0	0	0	0	0	0	0	0	23	0	0	0	0	0	0	0	0	0	0	0	0	0	0	0	0	0	0	0	0	0	0	16	0	0	0	0	0
k__Bacteria;p__Bacteroidetes;c__Bacteroidia;o__Bacteroidales;f__Prevotellaceae;g__NA;s__sp13896-sp13916	0	0	0	0	0	0	0	0	0	0	0	0	0	0	0	0	0	0	0	0	0	0	19	0	0	0	0	0	0	0	0	0	0	26	0	0	0	0	0	0	0	0	0	0	0	0	0	0	0	0	0	0	0	0	53	0	0	0	0
k__Bacteria;p__Bacteroidetes;c__Bacteroidia;o__Bacteroidales;f__Prevotellaceae;g__NA;s__sp13927	0	0	0	0	0	0	0	0	0	0	0	0	0	0	0	0	0	0	0	0	0	0	0	0	0	0	0	0	0	0	0	0	0	0	0	0	0	0	0	0	0	0	0	0	0	0	0	22	36	0	0	0	0	0	0	0	0	0	0
k__Bacteria;p__Bacteroidetes;c__Bacteroidia;o__Bacteroidales;f__Prevotellaceae;g__NA;s__sp13940	0	0	0	0	0	0	0	0	0	0	0	0	0	0	0	0	0	0	0	0	0	0	0	0	0	0	0	0	0	0	0	0	0	0	0	0	0	0	0	0	0	0	0	0	0	0	0	0	0	0	0	0	0	0	13	0	0	0	0
k__Bacteria;p__Bacteroidetes;c__Bacteroidia;o__Bacteroidales;f__Prevotellaceae;g__NA;s__sp13942	0	0	0	0	0	0	0	0	0	0	0	0	0	0	0	0	0	0	0	0	0	0	0	0	0	37	0	0	0	0	0	0	0	0	0	0	0	0	0	0	0	0	0	0	0	0	0	54	145	0	0	0	0	0	0	121	64	0	0
k__Bacteria;p__Bacteroidetes;c__Bacteroidia;o__Bacteroidales;f__Prevotellaceae;g__Prevotella;s__copri	0	0	0	0	0	0	0	0	0	0	0	0	0	0	0	0	0	0	0	0	0	0	0	0	0	14	0	0	0	0	0	0	0	0	0	0	0	0	0	0	0	0	0	0	0	0	0	0	41	0	0	0	0	0	0	62	40	0	0
k__Bacteria;p__Bacteroidetes;c__Bacteroidia;o__Bacteroidales;f__Prevotellaceae;g__Prevotella;s__copri-sp13942	0	0	0	0	0	0	0	0	0	0	0	0	0	0	0	0	0	0	0	0	0	0	0	0	0	15	0	0	0	0	0	0	0	0	0	0	0	0	0	0	0	0	0	0	0	0	0	14	34	0	0	0	0	0	0	45	35	0	0
k__Bacteria;p__Bacteroidetes;c__Bacteroidia;o__Bacteroidales;f__Rikenellaceae;g__Alistipes;s__finegoldii	16	57	329	0	136	0	0	42	0	70	0	60	0	0	0	11	0	16	0	0	0	29	0	78	12	0	0	65	0	36	0	332	0	0	68	12	11	22	0	0	56	114	0	0	0	0	0	23	0	0	0	16	0	92	0	0	0	79	19
k__Bacteria;p__Bacteroidetes;c__Bacteroidia;o__Bacteroidales;f__Rikenellaceae;g__Alistipes;s__indistinctus	0	0	0	0	11	0	0	0	0	0	0	0	0	27	0	0	0	12	0	0	0	0	0	0	0	0	0	49	0	0	0	0	0	0	11	0	0	0	0	0	0	0	0	11	0	0	0	0	0	0	0	0	0	0	0	0	0	55	0
k__Bacteria;p__Bacteroidetes;c__Bacteroidia;o__Bacteroidales;f__Rikenellaceae;g__Alistipes;s__onderdonkii	64	194	308	0	54	0	0	239	0	275	0	51	0	54	0	0	20	0	0	21	0	103	60	46	12	51	0	20	0	66	51	272	0	0	23	0	14	149	0	0	192	51	0	32	0	0	0	0	0	20	0	86	56	31	0	65	37	0	0
k__Bacteria;p__Bacteroidetes;c__Bacteroidia;o__Bacteroidales;f__Rikenellaceae;g__Alistipes;s__putredinis	15	31	0	0	52	0	0	0	0	0	0	0	0	0	0	0	0	0	0	0	0	20	0	12	0	68	0	0	0	28	0	0	0	0	22	0	0	0	0	0	0	0	0	0	0	0	0	0	0	0	0	0	0	30	0	62	47	0	0
k__Bacteria;p__Bacteroidetes;c__Bacteroidia;o__Bacteroidales;f__Rikenellaceae;g__Alistipes;s__senegalensis	0	0	12	0	0	0	0	0	0	0	0	0	0	0	0	0	0	0	0	0	0	0	0	0	0	0	0	41	0	0	0	444	0	0	0	0	0	0	0	0	0	0	0	0	0	0	0	0	0	0	0	0	0	15	0	0	0	0	0
k__Bacteria;p__Bacteroidetes;c__Bacteroidia;o__Bacteroidales;f__Rikenellaceae;g__Alistipes;s__shahii	0	0	0	0	209	0	12	36	0	54	0	31	0	0	0	61	35	30	0	19	0	0	16	62	29	107	0	30	0	0	0	34	0	0	92	21	26	40	0	0	55	96	0	0	0	93	20	55	14	19	0	0	0	119	0	118	100	40	36
k__Bacteria;p__Bacteroidetes;c__Bacteroidia;o__Bacteroidales;f__Rikenellaceae;g__Alistipes;s__sp14363	0	0	32	0	133	0	0	0	0	0	0	38	0	0	0	0	0	0	0	0	0	0	0	0	0	0	0	0	0	0	0	0	0	0	58	0	0	0	0	0	0	89	0	0	0	0	0	0	0	0	0	0	0	0	0	0	0	0	0
k__Bacteria;p__Bacteroidetes;c__Bacteroidia;o__Bacteroidales;f__Rikenellaceae;g__Alistipes;s__sp14388	0	0	0	0	0	0	0	0	0	0	0	0	0	12	0	0	84	0	0	0	0	0	0	14	0	0	0	0	0	0	0	0	0	0	0	0	0	0	0	0	0	0	0	12	0	0	0	0	0	0	0	0	0	0	0	0	0	0	0
k__Bacteria;p__Bacteroidetes;c__Bacteroidia;o__Bacteroidales;f__Rikenellaceae;g__NA;s__sp14461	0	0	0	0	0	0	0	0	0	0	0	0	0	0	0	0	0	0	0	0	0	0	0	0	15	0	0	0	0	0	0	0	0	0	0	0	0	0	0	0	0	0	0	0	0	0	0	0	0	0	0	0	0	16	0	0	0	0	0
k__Bacteria;p__Firmicutes;c__Bacilli;o__Bacillales;f__Bacillaceae;g__Bacillus;s__NA	0	0	0	11	0	0	0	0	0	0	0	0	0	0	0	37	30	0	0	0	0	0	0	0	0	0	0	0	0	0	0	0	0	0	0	0	0	0	0	0	0	0	0	0	0	28	76	0	0	0	0	0	0	0	0	0	0	0	0
k__Bacteria;p__Firmicutes;c__Bacilli;o__Bacillales;f__Paenibacillaceae;g__Paenibacillus;s__borealis	0	69	0	0	0	0	0	0	0	30	51	25	22	0	0	0	0	0	0	0	0	0	0	0	0	0	0	0	0	344	0	0	0	0	0	0	0	0	0	36	34	27	38	0	0	0	0	0	0	0	0	0	0	0	0	0	0	0	0
k__Bacteria;p__Firmicutes;c__Bacilli;o__Lactobacillales;f__Carnobacteriaceae;g__Carnobacterium;s__mobile	2318	13917	0	0	0	0	0	0	0	4450	1296	1678	1680	0	0	0	0	0	0	0	0	0	0	0	0	0	0	0	0	10311	1548	0	0	0	0	0	0	0	0	1325	5764	7450	2121	0	0	0	0	0	0	0	0	0	0	0	0	0	0	0	0
k__Bacteria;p__Firmicutes;c__Bacilli;o__Lactobacillales;f__Enterococcaceae;g__Enterococcus;s__NA	11	0	0	0	86	23	0	0	0	0	0	244	139	0	0	0	0	0	0	0	0	0	0	0	0	172	30	0	0	0	0	0	0	133	58	0	0	0	0	0	0	117	183	0	0	0	0	0	0	0	0	0	0	0	0	83	82	0	0
k__Bacteria;p__Firmicutes;c__Bacilli;o__Lactobacillales;f__Lactobacillaceae;g__Lactobacillus;s__NA	0	0	0	0	0	0	0	0	0	0	0	0	0	0	0	0	0	0	0	0	27	0	0	0	0	0	0	0	0	0	0	0	0	0	0	0	0	0	0	0	0	0	0	0	0	0	0	0	0	0	0	0	0	0	0	0	0	0	0
k__Bacteria;p__Firmicutes;c__Bacilli;o__Lactobacillales;f__Lactobacillaceae;g__Lactobacillus;s__fermentum	0	0	0	0	0	0	0	0	0	0	0	0	0	0	0	0	0	0	0	0	0	0	0	0	0	0	684	0	0	0	0	0	0	0	0	0	0	0	0	0	0	0	0	0	0	0	0	0	0	0	0	0	0	0	0	19	15	0	0
k__Bacteria;p__Firmicutes;c__Bacilli;o__Lactobacillales;f__Lactobacillaceae;g__Lactobacillus;s__gasseri	0	0	0	478	0	0	0	0	0	0	0	0	0	0	0	0	0	0	0	0	0	0	0	0	13	33	1269	0	0	0	0	0	14	0	0	0	0	0	0	0	0	0	0	0	0	0	0	0	0	0	0	0	0	0	0	1195	804	0	0
k__Bacteria;p__Firmicutes;c__Bacilli;o__Lactobacillales;f__Lactobacillaceae;g__Lactobacillus;s__rhamnosus	0	0	0	0	0	0	0	0	2517	0	0	0	0	0	0	0	0	0	0	0	0	0	0	0	0	0	50	0	0	0	0	0	0	0	0	0	0	0	0	0	0	0	0	0	0	0	0	0	0	0	0	0	0	0	0	0	0	0	0
k__Bacteria;p__Firmicutes;c__Bacilli;o__Lactobacillales;f__Lactobacillaceae;g__Lactobacillus;s__ruminis	0	0	0	0	0	0	0	0	0	0	0	0	0	0	0	0	0	0	0	0	7163	0	0	0	0	1131	903	0	0	0	0	0	0	0	0	0	0	0	0	0	0	0	0	0	0	0	0	22	0	0	0	0	0	0	0	2172	3696	0	0
k__Bacteria;p__Firmicutes;c__Bacilli;o__Lactobacillales;f__Leuconostocaceae;g__Weissella;s__cibaria-confusa	0	0	0	0	0	0	0	0	0	0	0	0	0	0	0	0	0	0	0	0	0	0	0	0	0	36	14	0	0	0	0	0	0	0	0	0	0	0	0	0	0	0	0	0	0	0	0	0	0	0	0	0	0	0	0	0	12	0	0
k__Bacteria;p__Firmicutes;c__Bacilli;o__Lactobacillales;f__Streptococcaceae;g__Lactococcus;s__lactis	0	15	0	0	0	0	0	12	0	0	0	22	12	0	0	0	0	0	0	0	0	0	0	0	0	0	0	127	0	0	0	0	0	0	0	0	0	0	0	11	0	17	0	0	0	0	0	0	13	0	0	0	0	0	0	0	0	57	0
k__Bacteria;p__Firmicutes;c__Bacilli;o__Lactobacillales;f__Streptococcaceae;g__Streptococcus;s__NA	0	0	0	0	0	0	0	0	0	0	0	0	0	0	0	0	0	0	0	0	0	0	0	0	0	0	0	13	0	0	0	0	0	0	0	0	0	0	0	0	0	0	0	0	0	0	0	0	0	0	0	0	0	0	0	0	0	0	0
k__Bacteria;p__Firmicutes;c__Bacilli;o__Lactobacillales;f__Streptococcaceae;g__Streptococcus;s__anginosus	0	18	0	0	0	0	0	0	0	0	0	0	0	0	0	0	0	0	0	0	0	0	0	0	0	0	0	0	0	12	0	0	0	0	0	0	0	0	0	0	0	0	0	0	0	0	0	0	0	0	0	0	0	0	0	0	0	0	0
k__Bacteria;p__Firmicutes;c__Bacilli;o__Lactobacillales;f__Streptococcaceae;g__Streptococcus;s__australis-rubneri	0	0	0	0	0	0	0	0	0	0	0	0	0	18	0	0	0	0	0	0	0	0	0	0	0	0	0	0	0	0	0	0	0	0	0	0	0	0	0	0	0	0	0	0	0	0	0	0	0	0	0	0	0	0	0	0	0	0	0
k__Bacteria;p__Firmicutes;c__Bacilli;o__Lactobacillales;f__Streptococcaceae;g__Streptococcus;s__equinus-infantarius-lutetiensis	0	0	0	0	86	0	0	0	0	0	0	0	0	0	0	0	0	0	0	0	0	134	37	22	0	0	0	0	0	0	0	0	0	87	175	0	0	0	0	0	0	0	396	0	0	0	0	0	0	0	0	38	17	0	0	0	0	0	0
k__Bacteria;p__Firmicutes;c__Bacilli;o__Lactobacillales;f__Streptococcaceae;g__Streptococcus;s__infantis-sanguinis	0	0	0	0	0	0	0	0	0	0	0	0	0	26	0	0	0	0	0	0	0	0	0	0	0	0	0	0	0	0	0	0	0	0	0	0	0	0	0	0	0	0	0	21	0	0	0	0	0	0	0	0	0	0	0	0	0	0	0
k__Bacteria;p__Firmicutes;c__Bacilli;o__Lactobacillales;f__Streptococcaceae;g__Streptococcus;s__oralis-parasanguinis	0	0	0	0	0	0	0	15	12	0	16	0	0	0	0	0	0	0	0	0	0	0	0	0	0	0	0	0	0	0	0	0	0	0	0	0	0	0	0	0	0	0	0	0	0	0	0	0	0	0	0	0	0	0	0	0	0	11	0
k__Bacteria;p__Firmicutes;c__Bacilli;o__Lactobacillales;f__Streptococcaceae;g__Streptococcus;s__parasanguinis	0	0	0	0	0	0	0	43	24	26	27	21	24	19	0	0	0	0	0	15	0	0	0	0	0	0	0	34	0	0	0	0	0	0	0	0	0	18	13	22	23	0	0	12	0	0	0	0	0	0	0	0	0	0	0	0	0	19	0
k__Bacteria;p__Firmicutes;c__Bacilli;o__Lactobacillales;f__Streptococcaceae;g__Streptococcus;s__salivarius-thermophilus	0	0	438	483	0	0	0	179	69	47	0	0	0	0	0	17	0	73	41	0	0	0	0	222	119	0	0	903	22	0	0	422	178	0	0	0	0	63	0	0	54	0	0	0	0	15	12	78	65	0	0	0	0	173	0	0	0	552	44
k__Bacteria;p__Firmicutes;c__Bacilli;o__Lactobacillales;f__Streptococcaceae;g__Streptococcus;s__salivarius-vestibularis	0	16	90	49	65	16	0	1086	391	400	356	76	37	209	27	0	0	0	0	60	38	0	0	30	40	54	24	143	0	0	0	77	34	21	35	0	0	512	141	299	418	73	69	113	36	0	0	0	0	60	39	0	0	41	29	32	33	95	0
k__Bacteria;p__Firmicutes;c__Clostridia;o__Clostridiales;f__Christensenellaceae;g__Catabacter;s__hongkongensis	0	19	0	0	15	0	0	0	0	0	0	0	0	12	0	0	0	0	0	0	0	11	0	0	0	0	0	0	0	19	0	0	0	0	0	0	0	0	0	0	0	27	0	12	0	0	0	0	0	0	0	0	0	0	0	0	0	0	0
k__Bacteria;p__Firmicutes;c__Clostridia;o__Clostridiales;f__Christensenellaceae;g__Christensenella;s__minuta	0	0	0	0	28	0	0	0	0	0	0	0	0	69	0	0	0	0	0	0	0	0	0	0	0	0	0	35	0	0	0	0	0	0	11	0	0	0	0	0	0	29	0	0	0	0	0	0	0	0	0	0	0	0	0	0	0	11	0
k__Bacteria;p__Firmicutes;c__Clostridia;o__Clostridiales;f__Christensenellaceae;g__NA;s__sp30156	13	47	0	0	0	0	0	0	0	0	0	0	0	0	0	0	0	0	0	0	0	14	12	0	0	0	0	0	0	46	0	0	0	0	0	0	0	0	0	0	0	0	0	0	0	0	0	0	0	0	0	13	0	0	0	0	0	0	0
k__Bacteria;p__Firmicutes;c__Clostridia;o__Clostridiales;f__Christensenellaceae;g__NA;s__sp30164	11	116	25	0	0	0	0	67	0	165	0	0	0	27	0	15	35	11	0	0	0	24	0	0	0	0	0	0	0	76	0	0	0	0	0	0	14	16	0	0	92	0	0	22	0	0	0	0	0	11	0	27	0	0	0	0	0	0	0
k__Bacteria;p__Firmicutes;c__Clostridia;o__Clostridiales;f__Christensenellaceae;g__NA;s__sp30180-sp30264-sp30301	0	0	0	0	0	0	0	0	0	0	0	0	0	0	0	0	0	0	0	0	0	0	0	0	0	0	0	12	0	0	0	0	0	0	0	0	0	0	0	0	0	0	0	0	0	0	0	0	0	0	0	0	0	0	0	0	0	0	0
k__Bacteria;p__Firmicutes;c__Clostridia;o__Clostridiales;f__Christensenellaceae;g__NA;s__sp30221	0	11	0	0	0	0	0	0	0	0	0	0	0	0	0	13	0	0	0	0	0	0	0	0	0	0	0	0	0	0	0	0	0	0	14	0	0	0	0	0	0	0	0	0	0	0	0	0	0	0	0	0	0	0	0	0	0	0	0
k__Bacteria;p__Firmicutes;c__Clostridia;o__Clostridiales;f__Christensenellaceae;g__NA;s__sp30266	0	0	0	0	15	0	0	0	0	0	0	0	0	0	0	0	0	0	0	0	0	0	0	0	0	0	0	0	0	0	0	0	0	0	0	0	0	0	0	0	0	0	0	0	0	0	0	0	0	0	0	0	0	0	0	0	0	0	0
k__Bacteria;p__Firmicutes;c__Clostridia;o__Clostridiales;f__Christensenellaceae;g__NA;s__sp30299	0	0	0	0	0	0	0	11	0	0	0	0	0	0	0	0	0	0	0	0	0	26	0	0	0	0	0	0	0	48	0	0	0	0	0	0	0	0	0	0	0	0	0	0	0	0	0	0	0	0	0	13	0	0	0	0	0	0	0
k__Bacteria;p__Firmicutes;c__Clostridia;o__Clostridiales;f__Christensenellaceae;g__NA;s__sp30326	0	0	16	0	57	0	0	28	0	35	0	11	0	0	0	0	0	0	0	0	0	12	0	0	0	0	0	0	0	0	0	0	0	0	22	0	0	0	0	0	0	0	0	0	0	0	0	0	0	0	0	0	0	0	0	0	0	0	0
k__Bacteria;p__Firmicutes;c__Clostridia;o__Clostridiales;f__Christensenellaceae;g__NA;s__sp30384	0	0	11	0	52	0	0	60	0	95	0	18	0	0	0	0	0	0	0	0	0	0	0	0	0	0	0	0	0	0	0	0	0	0	11	0	0	13	0	0	12	22	0	0	0	0	0	0	0	0	0	0	0	0	0	0	0	0	0
k__Bacteria;p__Firmicutes;c__Clostridia;o__Clostridiales;f__Christensenellaceae;g__NA;s__sp30398	13	0	27	26	50	0	0	46	13	70	13	32	0	20	0	154	84	16	0	0	0	12	0	37	26	94	0	18	0	18	0	0	0	0	46	0	20	19	0	0	81	77	0	11	0	91	39	0	0	0	0	0	0	103	0	17	31	0	0
k__Bacteria;p__Firmicutes;c__Clostridia;o__Clostridiales;f__Christensenellaceae;g__NA;s__sp30399	0	0	0	0	77	0	0	0	0	0	0	11	0	0	0	37	15	14	0	0	0	0	0	0	0	0	0	0	0	0	0	0	0	0	42	0	0	0	0	0	12	64	0	0	0	27	11	27	0	0	0	0	0	0	0	0	0	0	0
k__Bacteria;p__Firmicutes;c__Clostridia;o__Clostridiales;f__Christensenellaceae;g__NA;s__sp30418	0	0	0	0	0	0	0	0	0	0	0	0	0	0	0	22	0	0	0	0	0	0	0	0	0	0	0	0	0	0	0	0	0	0	0	0	0	0	0	0	0	0	0	0	0	0	0	0	0	0	0	0	0	0	0	0	0	0	0
k__Bacteria;p__Firmicutes;c__Clostridia;o__Clostridiales;f__Christensenellaceae;g__NA;s__sp30424	0	0	0	0	14	0	0	62	0	37	0	0	0	0	0	35	21	14	0	0	0	0	0	0	0	0	0	16	0	0	0	0	0	0	35	13	11	20	0	0	48	0	0	0	0	21	0	0	0	0	0	0	0	12	16	0	0	0	0
k__Bacteria;p__Firmicutes;c__Clostridia;o__Clostridiales;f__Christensenellaceae;g__NA;s__sp30425	0	0	0	0	0	0	0	0	0	0	0	0	0	17	0	0	0	0	0	0	0	0	0	0	0	0	0	0	0	0	0	0	0	0	0	0	0	0	0	0	0	0	0	0	0	0	0	0	0	0	0	0	0	0	0	0	0	0	0
k__Bacteria;p__Firmicutes;c__Clostridia;o__Clostridiales;f__Christensenellaceae;g__NA;s__sp30430	13	35	0	0	0	0	0	0	0	0	0	0	0	0	0	0	0	0	0	0	0	11	0	0	0	0	0	0	0	45	0	0	0	0	0	0	0	0	0	0	0	0	0	0	0	0	0	0	0	0	0	12	0	0	0	0	0	0	0
k__Bacteria;p__Firmicutes;c__Clostridia;o__Clostridiales;f__Christensenellaceae;g__NA;s__sp30441	0	0	0	0	0	0	0	0	0	0	0	0	0	11	0	22	0	0	0	0	0	0	0	11	0	0	0	0	0	0	0	0	0	0	0	0	0	0	0	0	0	82	0	0	0	14	0	0	0	0	0	0	0	19	0	0	0	0	0
k__Bacteria;p__Firmicutes;c__Clostridia;o__Clostridiales;f__Christensenellaceae;g__NA;s__sp30444	0	0	0	0	0	0	0	0	0	0	0	0	0	42	0	0	0	0	0	0	0	0	0	0	0	0	0	0	0	0	0	0	0	0	0	0	0	0	0	0	0	0	0	0	0	0	0	0	0	0	0	0	0	0	0	0	0	0	0
k__Bacteria;p__Firmicutes;c__Clostridia;o__Clostridiales;f__Clostridiaceae;g__Clostridium;s__baratii	0	0	0	0	0	0	0	0	0	0	0	0	0	0	0	0	0	0	0	0	0	0	0	0	37	0	0	0	0	0	0	0	0	0	0	0	0	0	0	0	0	0	0	0	0	0	0	0	0	0	0	0	0	0	0	0	0	0	0
k__Bacteria;p__Firmicutes;c__Clostridia;o__Clostridiales;f__Clostridiaceae;g__Clostridium;s__butyricum	569	0	0	0	0	0	451	2458	173	0	0	0	0	0	0	0	0	0	0	1775	181	289	1613	0	0	0	0	0	0	129	1309	0	0	0	13	207	41	0	0	0	13	0	0	583	3972	0	0	0	0	1673	1603	103	1614	0	0	0	0	0	0
k__Bacteria;p__Firmicutes;c__Clostridia;o__Clostridiales;f__Clostridiaceae;g__Clostridium;s__celatum	265	1237	10880	11163	1031	3935	1326	538	465	4051	1741	5657	4410	809	96	0	0	0	0	129	192	446	1022	149	263	0	0	12	12	356	214	10064	2967	3547	612	3665	4821	277	376	2088	3103	2606	5573	256	144	0	0	0	0	172	113	747	379	62	421	0	0	42	0
k__Bacteria;p__Firmicutes;c__Clostridia;o__Clostridiales;f__Clostridiaceae;g__Clostridium;s__celatum-quinii	0	0	0	0	0	0	0	0	0	0	0	0	0	0	0	0	0	0	0	0	0	0	0	0	0	0	0	0	0	0	0	0	0	0	0	0	0	0	0	0	0	0	0	0	0	0	0	0	0	0	0	166	0	0	0	0	0	0	0
k__Bacteria;p__Firmicutes;c__Clostridia;o__Clostridiales;f__Clostridiaceae;g__Clostridium;s__celatum-sp30555	0	0	88	0	504	0	0	0	0	0	0	0	0	87	0	0	0	0	0	0	0	221	109	390	232	0	0	0	0	67	0	56	0	0	258	69	63	0	0	0	0	115	0	0	0	0	0	0	0	0	0	238	67	323	124	0	0	0	0
k__Bacteria;p__Firmicutes;c__Clostridia;o__Clostridiales;f__Clostridiaceae;g__Clostridium;s__paraputrificum	175	3804	0	0	166	0	29	242	0	799	0	83	0	4458	0	0	0	35	0	56	0	515	113	244	570	15	0	147	36	4721	282	0	0	32	72	637	1988	36	0	277	3134	1054	0	1303	158	0	0	0	0	62	0	471	358	471	323	0	0	24	0
k__Bacteria;p__Firmicutes;c__Clostridia;o__Clostridiales;f__Clostridiaceae;g__Clostridium;s__perfringens	11133	3897	289	27943	32	0	2124	0	80	0	0	219	253	0	0	222	307	0	0	0	0	2242	9306	648	5136	0	0	0	0	1288	11813	2135	12133	12	46	349	75	0	0	0	0	0	179	0	0	631	779	0	0	0	0	1907	6274	817	8999	0	0	0	0
k__Bacteria;p__Firmicutes;c__Clostridia;o__Clostridiales;f__Clostridiaceae;g__Clostridium;s__sartagoforme	0	0	0	0	14	0	0	0	0	0	0	0	0	0	0	0	0	0	0	0	0	0	0	0	0	0	0	0	0	0	0	0	0	0	0	0	0	0	0	0	0	0	0	0	0	0	0	0	0	0	0	0	0	0	0	0	0	0	0
k__Bacteria;p__Firmicutes;c__Clostridia;o__Clostridiales;f__Clostridiaceae;g__Clostridium;s__sartagoforme-tertium	0	0	17	0	0	0	0	0	0	0	0	0	0	0	0	0	0	0	0	0	0	0	0	0	0	0	0	0	0	0	0	0	0	0	0	0	0	0	0	0	0	0	0	0	0	0	0	0	0	0	0	0	0	0	0	0	0	0	0
k__Bacteria;p__Firmicutes;c__Clostridia;o__Clostridiales;f__Clostridiaceae;g__Clostridium;s__subterminale-sulfidigenes-thiosulfatireducens	0	0	0	0	13	0	0	0	0	0	0	0	0	0	0	0	0	0	0	0	0	23	0	93	0	0	0	0	0	0	0	0	0	0	0	0	0	0	0	0	0	0	0	0	0	0	0	0	0	0	0	12	0	66	0	0	0	0	0
k__Bacteria;p__Firmicutes;c__Clostridia;o__Clostridiales;f__Clostridiaceae;g__Clostridium;s__tertium	0	1801	2024	0	14421	6717	40	243	0	517	151	0	0	0	0	937	17	30	0	0	0	11909	4095	7479	6256	25	0	0	0	5317	0	981	41	6064	7117	990	3927	105	0	89	379	28	0	0	0	202	76	0	0	0	0	10759	4685	7602	3611	0	0	0	0
k__Bacteria;p__Firmicutes;c__Clostridia;o__Clostridiales;f__Defluviitaleaceae;g__NA;s__sp31142	0	13	0	0	0	0	0	0	0	0	0	0	0	0	0	13	12	0	0	0	0	0	0	0	0	0	0	0	0	13	0	0	0	0	0	0	0	0	0	0	0	0	0	0	0	11	12	0	0	0	0	0	0	0	0	0	0	0	0
k__Bacteria;p__Firmicutes;c__Clostridia;o__Clostridiales;f__Eubacteriaceae;g__Anaerofustis;s__stercorihominis	0	0	0	0	0	0	0	0	0	15	0	0	0	15	0	0	0	0	0	0	0	0	0	0	0	0	0	0	0	0	0	0	0	0	0	0	0	0	0	0	0	0	0	0	0	0	0	0	0	0	0	0	0	11	0	0	0	0	0
k__Bacteria;p__Firmicutes;c__Clostridia;o__Clostridiales;f__Eubacteriaceae;g__Eubacterium;s__callanderi-limosum	17	246	0	0	13	0	0	0	0	0	0	0	0	0	0	0	0	0	0	0	0	371	90	17	29	0	0	0	0	120	0	0	0	16	14	0	0	0	0	0	0	0	0	0	0	0	0	0	0	0	0	256	66	73	13	0	0	0	0
k__Bacteria;p__Firmicutes;c__Clostridia;o__Clostridiales;f__Family XI;g__Anaerococcus;s__NA	0	32	0	0	0	0	0	0	0	0	0	0	0	0	0	0	0	0	0	0	0	0	0	0	0	0	0	0	0	19	0	0	0	0	0	0	0	0	0	0	0	0	0	0	0	0	0	0	0	0	0	0	0	0	0	0	0	0	0
k__Bacteria;p__Firmicutes;c__Clostridia;o__Clostridiales;f__Family XI;g__Anaerococcus;s__lactolyticus	0	18	0	0	0	0	0	0	0	0	0	0	0	0	0	0	0	0	0	0	0	27	0	0	0	0	0	0	0	31	0	0	0	0	0	0	0	0	0	0	0	0	0	0	0	0	0	0	0	0	0	11	0	0	0	0	0	0	0
k__Bacteria;p__Firmicutes;c__Clostridia;o__Clostridiales;f__Family XI;g__Anaerococcus;s__prevotii-tetradius	0	61	0	0	0	0	0	0	0	0	0	0	0	13	0	0	0	0	0	0	0	33	0	0	0	0	0	0	0	18	0	0	0	0	0	0	0	0	0	0	0	0	0	0	0	0	0	0	0	0	0	22	0	0	0	0	0	0	0
k__Bacteria;p__Firmicutes;c__Clostridia;o__Clostridiales;f__Family XI;g__Anaerococcus;s__sp31224	0	0	0	0	0	0	0	0	0	0	0	0	0	0	0	0	0	0	0	0	0	0	0	17	0	0	0	0	0	0	0	0	0	0	0	0	0	0	0	0	0	0	0	0	0	0	0	0	0	0	0	0	0	0	0	0	0	0	0
k__Bacteria;p__Firmicutes;c__Clostridia;o__Clostridiales;f__Family XI;g__Anaerococcus;s__sp31228	0	11	0	0	0	0	0	0	0	0	0	0	0	0	0	0	0	0	0	0	0	0	0	0	0	0	0	0	0	12	0	0	0	0	0	0	0	0	0	0	0	0	0	0	0	0	0	0	0	0	0	0	0	0	0	0	0	0	0
k__Bacteria;p__Firmicutes;c__Clostridia;o__Clostridiales;f__Family XI;g__Anaerococcus;s__vaginalis	18	300	15	0	0	0	0	0	0	38	0	0	0	73	0	0	0	0	0	0	0	90	0	40	0	0	0	16	0	164	0	0	0	0	0	0	0	0	0	0	15	0	0	0	0	0	0	0	0	0	0	37	26	65	14	0	0	0	0
k__Bacteria;p__Firmicutes;c__Clostridia;o__Clostridiales;f__Family XI;g__Ezakiella;s__sp31234	0	17	0	0	0	0	0	0	0	0	0	0	0	0	0	0	0	0	0	0	0	0	0	0	0	0	0	0	0	15	0	0	0	0	0	0	0	0	0	0	0	0	0	0	0	0	0	0	0	0	0	0	0	0	0	0	0	0	0
k__Bacteria;p__Firmicutes;c__Clostridia;o__Clostridiales;f__Family XI;g__Finegoldia;s__magna	20	348	0	0	0	0	0	0	0	53	0	0	0	18	0	0	0	0	0	0	0	31	15	0	0	0	0	0	0	154	0	0	0	0	0	0	11	0	0	0	47	0	0	0	0	0	0	0	0	0	0	16	16	0	0	0	0	0	0
k__Bacteria;p__Firmicutes;c__Clostridia;o__Clostridiales;f__Family XI;g__Gallicola;s__sp31243	0	48	0	0	0	0	0	0	0	0	0	0	0	16	0	0	0	0	0	0	0	0	0	0	0	0	0	0	0	89	0	0	0	0	0	0	0	0	0	0	0	0	0	0	0	0	0	0	0	0	0	0	0	0	0	0	0	0	0
k__Bacteria;p__Firmicutes;c__Clostridia;o__Clostridiales;f__Family XI;g__Murdochiella;s__sp31269	0	23	0	0	0	0	0	0	0	0	0	0	0	0	0	0	0	0	0	0	0	12	0	0	0	0	0	0	0	84	0	0	0	0	0	0	0	0	0	0	0	0	0	0	0	0	0	0	0	0	0	0	0	0	0	0	0	0	0
k__Bacteria;p__Firmicutes;c__Clostridia;o__Clostridiales;f__Family XI;g__Murdochiella;s__sp31271	0	111	0	0	0	0	0	0	0	0	0	0	0	0	0	0	0	0	0	0	0	39	0	0	0	0	0	0	0	233	0	0	0	0	0	0	0	0	0	0	0	0	0	0	0	0	0	0	0	0	0	31	0	0	0	0	0	0	0
k__Bacteria;p__Firmicutes;c__Clostridia;o__Clostridiales;f__Family XI;g__NA;s__sp31397	0	12	0	0	0	0	0	0	0	0	0	0	0	0	0	0	0	0	0	0	0	0	0	0	0	0	0	0	0	29	0	0	0	0	0	0	0	0	0	0	0	0	0	0	0	0	0	0	0	0	0	0	0	0	0	0	0	0	0
k__Bacteria;p__Firmicutes;c__Clostridia;o__Clostridiales;f__Family XI;g__Parvimonas-Tissierella;s__praeacuta-sp31283	0	79	0	0	0	0	0	0	0	0	0	0	0	0	0	0	0	0	0	0	0	0	0	0	0	0	0	0	0	64	0	0	0	0	0	0	0	0	0	0	0	0	0	0	0	0	0	0	0	0	0	0	0	0	0	0	0	0	0
k__Bacteria;p__Firmicutes;c__Clostridia;o__Clostridiales;f__Family XI;g__Parvimonas;s__sp31282	0	28	0	0	0	0	0	0	0	0	0	0	0	0	0	0	0	0	0	0	0	0	0	0	0	0	0	0	0	29	0	0	0	0	0	0	0	0	0	0	0	0	0	0	0	0	0	0	0	0	0	0	0	0	0	0	0	0	0
k__Bacteria;p__Firmicutes;c__Clostridia;o__Clostridiales;f__Family XI;g__Peptoniphilus;s__duerdenii	0	68	0	0	0	0	0	0	0	0	0	0	0	0	0	0	0	0	0	0	0	94	0	0	0	0	0	0	0	94	0	0	0	0	0	0	0	0	0	0	0	0	0	0	0	0	0	0	0	0	0	47	0	0	0	0	0	0	0
k__Bacteria;p__Firmicutes;c__Clostridia;o__Clostridiales;f__Family XI;g__Peptoniphilus;s__gorbachii-rhinitidis	0	0	30	0	0	0	0	30	0	55	0	0	0	43	0	0	0	0	0	0	0	0	0	14	0	0	0	0	0	0	0	0	0	0	0	0	0	0	0	0	38	0	0	0	0	0	0	0	0	0	0	0	0	12	0	0	0	0	0
k__Bacteria;p__Firmicutes;c__Clostridia;o__Clostridiales;f__Family XI;g__Peptoniphilus;s__grossensis	0	313	0	0	0	0	0	0	0	0	0	0	0	0	0	0	0	0	0	0	0	190	0	0	0	41	0	0	0	361	0	0	0	0	0	0	16	0	0	0	0	0	0	0	0	0	0	0	0	0	0	159	42	0	0	17	29	0	0
k__Bacteria;p__Firmicutes;c__Clostridia;o__Clostridiales;f__Family XI;g__Peptoniphilus;s__harei	0	0	16	0	0	0	0	0	0	0	0	0	0	0	0	0	0	0	0	0	0	0	0	49	0	0	0	0	0	0	0	0	0	0	0	0	0	0	0	0	0	0	0	0	0	0	0	0	0	0	0	0	0	13	0	0	0	0	0
k__Bacteria;p__Firmicutes;c__Clostridia;o__Clostridiales;f__Family XI;g__Peptoniphilus;s__koenoeneniae	0	0	0	0	0	0	0	0	0	0	0	0	0	0	0	0	0	0	0	0	0	0	0	0	0	0	0	0	0	21	0	0	0	0	0	0	0	0	0	0	0	0	0	0	0	0	0	0	0	0	0	0	0	0	0	0	0	0	0
k__Bacteria;p__Firmicutes;c__Clostridia;o__Clostridiales;f__Family XI;g__Peptoniphilus;s__lacrimalis	0	30	0	0	0	0	0	0	0	0	0	0	0	0	0	0	0	0	0	0	0	0	0	0	0	0	0	0	0	31	0	0	0	0	0	0	0	0	0	0	0	0	0	0	0	0	0	0	0	0	0	0	0	0	0	0	0	0	0
k__Bacteria;p__Firmicutes;c__Clostridia;o__Clostridiales;f__Family XI;g__Peptoniphilus;s__obesi	0	55	0	0	0	0	0	0	0	0	0	0	0	0	0	0	0	0	0	0	0	243	0	22	0	0	0	0	0	212	0	0	0	0	0	0	0	0	0	0	0	0	0	0	0	0	0	0	0	0	0	303	0	0	0	0	0	0	0
k__Bacteria;p__Firmicutes;c__Clostridia;o__Clostridiales;f__Family XI;g__Peptoniphilus;s__sp31310-sp31313	0	0	0	0	0	0	0	0	0	0	0	0	0	151	0	0	0	0	0	0	0	0	0	0	0	0	0	0	0	0	0	0	0	0	0	0	0	0	0	0	0	0	0	0	0	0	0	0	0	0	0	0	0	0	0	0	0	0	0
k__Bacteria;p__Firmicutes;c__Clostridia;o__Clostridiales;f__Family XI;g__Peptoniphilus;s__sp31311	0	14	0	0	0	0	0	0	0	13	0	0	0	17	0	0	0	0	0	0	0	24	0	20	0	0	0	0	0	85	0	0	0	0	0	0	0	0	0	0	0	0	0	0	0	0	0	0	0	0	0	19	0	12	0	0	0	0	0
k__Bacteria;p__Firmicutes;c__Clostridia;o__Clostridiales;f__Family XI;g__Peptoniphilus;s__sp31312	0	24	0	0	0	0	0	0	0	0	0	0	0	0	0	0	0	0	0	0	0	0	0	0	0	0	0	0	0	17	0	0	0	0	0	0	0	0	0	0	0	0	0	0	0	0	0	0	0	0	0	0	0	0	0	0	0	0	0
k__Bacteria;p__Firmicutes;c__Clostridia;o__Clostridiales;f__Family XIII;g__Mogibacterium;s__sp31608	0	0	0	0	14	0	0	0	0	0	0	0	0	0	0	0	0	18	0	61	0	18	0	0	0	0	0	0	0	0	0	0	0	0	0	0	0	0	0	0	0	32	0	0	0	0	0	0	0	55	0	0	0	0	0	0	0	0	0
k__Bacteria;p__Firmicutes;c__Clostridia;o__Clostridiales;f__Family XIII;g__NA;s__sp31520	0	0	0	0	0	0	0	0	0	0	0	0	0	0	0	0	0	0	0	0	0	0	0	0	0	0	0	21	0	0	0	0	0	0	0	0	12	0	0	0	0	0	0	0	0	0	0	0	0	0	0	0	0	0	0	0	0	0	0
k__Bacteria;p__Firmicutes;c__Clostridia;o__Clostridiales;f__Family XIII;g__NA;s__sp31533	12	108	0	0	12	0	11	0	0	0	0	0	0	379	0	14	39	74	0	36	0	178	16	0	0	319	0	335	0	196	11	0	0	0	0	54	112	0	0	0	0	0	0	141	16	0	0	30	0	42	12	17	0	0	0	33	137	241	0
k__Bacteria;p__Firmicutes;c__Clostridia;o__Clostridiales;f__Family XIII;g__NA;s__sp31533-sp31552	0	12	0	0	0	0	0	0	0	0	0	0	0	65	0	0	0	0	0	12	0	0	0	0	0	93	0	0	0	32	0	0	0	0	0	0	0	0	0	0	0	0	0	17	0	0	0	0	0	0	0	11	0	0	0	42	58	0	0
k__Bacteria;p__Firmicutes;c__Clostridia;o__Clostridiales;f__Family XIII;g__NA;s__sp31542	0	12	0	0	0	0	0	0	0	0	0	0	0	0	0	0	0	0	0	0	0	0	0	0	0	0	0	0	0	0	0	0	0	0	0	0	0	0	0	0	0	0	0	0	0	0	0	0	0	0	0	0	0	0	0	0	0	0	0
k__Bacteria;p__Firmicutes;c__Clostridia;o__Clostridiales;f__Family XIII;g__NA;s__sp31552	0	0	0	0	0	0	37	82	11	0	13	0	0	0	0	24	0	0	0	0	0	0	0	0	0	0	0	51	0	0	0	0	0	0	0	29	118	12	0	11	14	0	0	0	0	0	14	0	0	0	0	0	0	0	0	0	0	19	0
k__Bacteria;p__Firmicutes;c__Clostridia;o__Clostridiales;f__Family XIII;g__NA;s__sp31629	0	0	0	0	0	0	0	0	0	0	0	0	0	252	0	0	0	0	0	0	0	0	0	0	0	0	0	0	0	0	0	0	0	0	0	0	0	0	0	0	0	0	0	21	0	0	0	0	0	0	0	0	0	0	0	0	0	0	0
k__Bacteria;p__Firmicutes;c__Clostridia;o__Clostridiales;f__Family XIII;g__NA;s__sp31685	0	35	0	0	0	0	0	0	0	0	0	0	0	0	0	0	0	0	0	0	0	53	0	0	0	0	0	0	0	104	0	0	0	0	0	0	0	0	0	0	0	0	0	0	0	0	0	0	0	0	0	30	0	0	0	0	0	0	0
k__Bacteria;p__Firmicutes;c__Clostridia;o__Clostridiales;f__Lachnospiraceae;g__Anaerostipes;s__caccae	0	0	0	0	0	0	0	0	0	0	0	0	0	0	0	0	0	0	0	0	0	0	0	91	0	0	0	0	0	0	0	0	0	0	0	0	0	0	0	0	0	0	0	0	0	0	0	0	0	0	0	0	0	48	20	0	0	0	0
k__Bacteria;p__Firmicutes;c__Clostridia;o__Clostridiales;f__Lachnospiraceae;g__Anaerostipes;s__hadrus	0	59	0	0	332	207	217	836	13	546	117	0	0	156	0	69	109	177	2274	33	0	88	45	42	1544	0	19	786	0	239	0	68	355	146	158	155	78	241	1187	73	730	17	0	106	36	31	23	1164	2715	30	62	28	0	612	224	26	60	346	1499
k__Bacteria;p__Firmicutes;c__Clostridia;o__Clostridiales;f__Lachnospiraceae;g__Blautia-Lachnoclostridium;s__sp32052-sp32410	30	45	0	0	17	0	15	43	11	11	0	14	0	114	0	30	22	18	0	18	0	20	22	0	0	48	0	50	0	34	28	0	0	36	11	132	11	90	0	0	59	0	0	125	0	19	0	14	0	0	0	100	108	0	0	20	17	27	0
k__Bacteria;p__Firmicutes;c__Clostridia;o__Clostridiales;f__Lachnospiraceae;g__Blautia;s__coccoides-producta	0	537	0	0	29	0	0	0	0	0	0	0	0	0	0	0	0	0	0	0	0	1046	25	22	0	0	0	0	0	115	0	0	0	0	41	0	0	0	0	0	0	0	0	0	0	0	0	0	0	0	0	102	29	37	0	0	0	0	0
k__Bacteria;p__Firmicutes;c__Clostridia;o__Clostridiales;f__Lachnospiraceae;g__Blautia;s__hansenii-producta	0	0	0	0	0	0	0	0	0	0	0	0	0	3403	0	0	0	0	0	39	0	0	0	424	68	0	0	0	0	0	0	218	0	0	0	0	0	0	0	0	0	0	0	2308	0	0	0	0	0	382	0	0	0	779	88	0	0	0	0
k__Bacteria;p__Firmicutes;c__Clostridia;o__Clostridiales;f__Lachnospiraceae;g__Blautia;s__hydrogenotrophica	0	329	0	0	41	0	0	0	0	0	0	0	0	102	0	0	62	0	0	0	0	228	13	49	29	0	0	0	0	221	0	0	0	0	118	0	0	0	0	0	0	0	0	42	0	0	0	0	0	12	0	262	19	78	11	0	0	0	0
k__Bacteria;p__Firmicutes;c__Clostridia;o__Clostridiales;f__Lachnospiraceae;g__Blautia;s__luti	0	0	0	0	0	0	0	0	0	0	0	0	0	0	0	0	0	0	0	0	0	0	0	0	0	0	0	54	0	0	0	0	0	0	0	0	0	0	0	0	0	0	0	0	0	0	0	0	0	0	0	0	0	0	0	0	0	0	0
k__Bacteria;p__Firmicutes;c__Clostridia;o__Clostridiales;f__Lachnospiraceae;g__Blautia;s__sp31989	0	13	3158	0	46	0	0	0	0	0	0	0	0	0	0	0	0	0	0	0	0	0	0	240	41	0	0	0	0	0	0	1550	0	0	0	0	0	0	0	0	0	0	0	0	0	0	0	0	0	0	0	0	0	188	25	0	0	0	0
k__Bacteria;p__Firmicutes;c__Clostridia;o__Clostridiales;f__Lachnospiraceae;g__Blautia;s__sp32002	29	123	0	0	44	0	0	416	95	232	194	83	70	607	65	204	175	64	0	167	45	80	63	0	40	180	0	323	0	129	0	0	0	30	167	0	0	359	24	141	197	89	48	518	178	184	44	22	0	129	16	31	0	29	11	70	111	72	0
k__Bacteria;p__Firmicutes;c__Clostridia;o__Clostridiales;f__Lachnospiraceae;g__Blautia;s__sp32009	161	41	1769	150	312	157	420	43	62	0	126	105	44	112	63	333	302	498	144	102	29	48	148	1660	2547	452	284	1007	72	45	407	2184	794	280	410	54	78	42	23	106	0	318	15	94	57	482	547	350	502	122	0	99	289	3950	2907	234	135	474	175
k__Bacteria;p__Firmicutes;c__Clostridia;o__Clostridiales;f__Lachnospiraceae;g__Blautia;s__sp32020	84	0	0	0	50	22	61	0	0	0	0	23	0	49	0	0	0	0	0	64	0	0	39	0	0	112	23	0	0	0	123	0	0	34	70	0	0	0	0	0	0	73	0	59	20	0	0	0	25	84	0	16	0	0	0	40	31	0	30
k__Bacteria;p__Firmicutes;c__Clostridia;o__Clostridiales;f__Lachnospiraceae;g__Blautia;s__sp32032	0	0	0	19	0	0	0	0	0	0	0	0	0	0	0	0	0	0	0	0	0	0	0	0	0	0	0	0	0	0	0	0	0	0	0	0	0	0	0	0	0	0	0	0	0	0	0	0	0	0	0	0	0	0	0	0	0	0	0
k__Bacteria;p__Firmicutes;c__Clostridia;o__Clostridiales;f__Lachnospiraceae;g__Blautia;s__sp32048	370	529	312	0	57	0	611	433	31	76	75	0	0	347	0	83	294	4197	65	49	13	311	452	314	302	474	0	5123	0	307	340	856	62	105	140	766	347	450	0	58	199	0	0	1202	16	175	0	2000	184	263	0	489	785	630	360	450	424	4147	208
k__Bacteria;p__Firmicutes;c__Clostridia;o__Clostridiales;f__Lachnospiraceae;g__Blautia;s__sp32048-sp32049	0	0	0	0	0	0	0	0	0	0	0	0	0	0	0	0	44	0	0	0	0	0	0	0	0	0	0	0	0	0	0	0	0	0	0	0	0	0	0	0	0	0	0	0	0	0	0	0	0	0	0	0	0	0	0	0	0	0	0
k__Bacteria;p__Firmicutes;c__Clostridia;o__Clostridiales;f__Lachnospiraceae;g__Blautia;s__sp32054-wexlerae	0	112	0	0	0	0	165	154	62	79	164	33	33	265	0	242	134	148	0	37	0	53	61	0	0	322	0	428	0	143	0	0	0	0	0	169	629	94	36	139	69	0	0	166	37	133	75	157	70	46	0	0	48	0	0	143	197	579	349
k__Bacteria;p__Firmicutes;c__Clostridia;o__Clostridiales;f__Lachnospiraceae;g__Blautia;s__sp32056	375	887	199	196	689	0	183	1432	200	544	313	57	48	2449	260	530	300	178	0	715	182	587	425	394	497	205	0	445	11	719	89	162	51	265	429	35	65	778	68	285	440	301	45	2112	768	342	145	130	11	802	91	270	199	506	398	94	110	201	0
k__Bacteria;p__Firmicutes;c__Clostridia;o__Clostridiales;f__Lachnospiraceae;g__Blautia;s__wexlerae	2377	2016	187	515	3579	141	2166	2189	1900	1549	1513	425	302	2660	335	427	537	588	69	644	251	262	1807	421	1333	4484	703	1284	59	640	1801	1859	1592	2828	2435	3622	431	2212	1258	1283	2639	396	193	2878	973	529	512	1402	222	738	177	334	830	1355	872	2912	2884	1783	773
k__Bacteria;p__Firmicutes;c__Clostridia;o__Clostridiales;f__Lachnospiraceae;g__Coprococcus;s__comes-sp32193	238	630	244	0	35	0	0	119	78	77	80	75	0	0	0	2359	297	224	176	0	0	314	539	15	94	235	92	635	12	0	23	181	0	52	62	150	166	55	29	66	95	471	0	0	0	903	55	259	374	0	22	232	122	42	26	109	120	189	105
k__Bacteria;p__Firmicutes;c__Clostridia;o__Clostridiales;f__Lachnospiraceae;g__Coprococcus;s__eutactus	0	0	0	0	0	0	0	0	0	0	0	0	0	254	0	0	0	0	0	0	0	0	0	0	0	0	0	18	0	0	0	0	0	0	0	0	0	0	0	0	0	0	0	90	12	0	0	0	0	13	0	0	0	0	0	0	0	12	0
k__Bacteria;p__Firmicutes;c__Clostridia;o__Clostridiales;f__Lachnospiraceae;g__Dorea;s__formicigenerans	493	574	0	0	102	11	319	73	0	1003	24	172	0	269	14	87	0	51	142	1492	0	16	151	0	120	14	111	363	0	28	197	0	0	385	52	106	109	145	0	13	321	351	0	313	37	102	0	82	156	726	0	97	34	0	0	0	0	245	119
k__Bacteria;p__Firmicutes;c__Clostridia;o__Clostridiales;f__Lachnospiraceae;g__Dorea;s__longicatena	41	0	0	320	555	160	882	352	821	1460	136	253	0	33	0	177	246	75	364	0	0	77	1071	150	1068	255	1806	395	0	0	0	543	573	735	411	67	35	209	693	73	1473	447	0	117	89	187	112	196	427	0	0	79	388	119	520	228	134	162	101
k__Bacteria;p__Firmicutes;c__Clostridia;o__Clostridiales;f__Lachnospiraceae;g__Eisenbergiella;s__sp32221	35	289	0	0	32	0	0	0	0	0	0	0	0	17	0	0	0	0	0	16	0	127	13	17	0	0	0	0	0	115	12	0	0	0	0	0	0	0	0	0	0	0	0	19	0	0	0	0	0	13	0	98	50	0	0	0	0	0	0
k__Bacteria;p__Firmicutes;c__Clostridia;o__Clostridiales;f__Lachnospiraceae;g__Epulopiscium;s__sp32230	0	0	0	0	427	0	0	0	0	0	0	33	0	0	0	0	0	0	0	0	0	0	0	0	0	0	0	0	0	0	0	0	0	0	111	0	0	0	0	0	0	72	0	0	0	0	0	0	0	0	0	0	0	0	0	0	0	0	0
k__Bacteria;p__Firmicutes;c__Clostridia;o__Clostridiales;f__Lachnospiraceae;g__Eubacterium;s__hallii	26	139	295	58	313	21	547	744	231	379	46	0	0	1126	20	271	135	75	0	321	0	133	92	34	581	110	34	101	0	216	0	32	16	148	109	173	195	514	14	27	931	0	0	693	113	204	22	39	118	321	0	64	0	309	99	79	66	77	34
k__Bacteria;p__Firmicutes;c__Clostridia;o__Clostridiales;f__Lachnospiraceae;g__Eubacterium;s__rectale	216	0	0	74	45	0	157	33	24	0	30	0	0	71	0	11	0	0	0	374	0	377	1111	0	318	151	81	0	0	75	927	133	2120	214	27	13	31	13	18	20	0	24	0	35	19	31	63	35	91	183	228	533	871	58	239	59	127	0	0
k__Bacteria;p__Firmicutes;c__Clostridia;o__Clostridiales;f__Lachnospiraceae;g__Fusicatenibacter;s__saccharivorans	82	28	71	47	0	17	185	52	61	46	76	26	0	0	0	323	466	0	0	0	0	17	22	15	95	47	34	42	0	92	1072	1759	2359	5401	349	366	93	1488	289	63	313	31	0	0	0	297	286	176	77	0	0	95	624	687	2753	523	260	26	880
k__Bacteria;p__Firmicutes;c__Clostridia;o__Clostridiales;f__Lachnospiraceae;g__Hungatella;s__effluvii	0	0	0	0	0	0	0	0	0	0	0	0	0	27	0	0	0	0	0	18	0	0	0	0	27	0	0	0	0	0	0	0	0	0	0	0	0	0	0	0	0	0	0	13	0	0	0	0	0	24	0	0	0	65	0	0	0	0	0
k__Bacteria;p__Firmicutes;c__Clostridia;o__Clostridiales;f__Lachnospiraceae;g__Hungatella;s__effluvii-sp32252	0	0	0	0	0	0	0	0	0	0	0	0	0	0	0	0	0	0	0	18	0	0	0	0	0	0	0	0	0	0	0	0	0	0	0	0	0	0	0	0	0	0	0	0	0	0	0	0	0	15	0	0	0	0	0	0	0	0	0
k__Bacteria;p__Firmicutes;c__Clostridia;o__Clostridiales;f__Lachnospiraceae;g__Hungatella;s__sp32252	31	1582	0	0	0	0	0	32	0	15	0	0	0	175	0	0	0	230	0	0	0	684	386	0	0	0	0	595	0	1459	0	0	0	0	0	0	0	0	0	0	29	0	0	62	0	0	0	90	0	0	0	543	410	0	0	0	0	268	0
k__Bacteria;p__Firmicutes;c__Clostridia;o__Clostridiales;f__Lachnospiraceae;g__Lachnoclostridium-Roseburia;s__sp32368-sp33144	0	0	0	0	0	0	0	0	0	0	0	0	0	0	0	0	0	103	0	0	0	0	0	0	0	0	0	0	0	0	0	0	0	0	0	0	0	0	0	0	0	0	0	0	0	0	0	0	0	0	0	0	0	0	0	0	0	0	0
k__Bacteria;p__Firmicutes;c__Clostridia;o__Clostridiales;f__Lachnospiraceae;g__Lachnoclostridium;s__bolteae-sp32422-sp32431	0	0	971	0	0	0	15	0	0	0	0	0	0	0	0	0	0	37	0	0	0	0	0	29	24	0	0	76	0	0	0	797	0	0	0	0	13	0	0	0	0	0	0	0	0	0	0	0	0	0	0	0	0	51	34	12	0	79	0
k__Bacteria;p__Firmicutes;c__Clostridia;o__Clostridiales;f__Lachnospiraceae;g__Lachnoclostridium;s__bolteae-sp32431	153	680	0	0	553	0	0	0	0	0	0	0	0	82	0	0	0	0	0	330	0	640	362	779	330	0	0	0	0	327	0	471	0	0	13	0	0	125	0	0	0	0	0	477	0	0	0	0	0	1133	0	309	97	744	445	0	0	0	0
k__Bacteria;p__Firmicutes;c__Clostridia;o__Clostridiales;f__Lachnospiraceae;g__Lachnoclostridium;s__sp32336	0	0	0	0	0	0	0	0	0	0	0	0	0	0	0	0	11	0	0	0	0	0	0	0	0	0	0	0	0	0	0	0	0	0	0	0	0	0	0	0	0	0	0	0	0	0	0	0	0	0	0	0	0	0	0	0	0	0	0
k__Bacteria;p__Firmicutes;c__Clostridia;o__Clostridiales;f__Lachnospiraceae;g__Lachnoclostridium;s__sp32341-sp32430	71	471	0	0	28	0	0	0	0	0	0	0	0	19	0	0	0	0	0	114	0	903	1599	79	72	0	0	0	0	311	0	0	0	0	57	0	0	0	0	0	0	36	0	16	0	0	0	0	0	109	0	884	177	186	359	0	0	0	0
k__Bacteria;p__Firmicutes;c__Clostridia;o__Clostridiales;f__Lachnospiraceae;g__Lachnoclostridium;s__sp32343-sp32393-sp32423	52	17	195	0	0	0	0	0	0	0	0	0	0	0	0	0	0	0	0	0	0	0	131	0	0	0	0	0	0	27	72	76	0	91	0	0	0	0	0	0	0	0	0	0	0	0	0	0	0	0	0	0	50	0	0	0	0	0	0
k__Bacteria;p__Firmicutes;c__Clostridia;o__Clostridiales;f__Lachnospiraceae;g__Lachnoclostridium;s__sp32345	0	0	0	0	0	0	0	0	0	0	0	0	0	0	0	0	0	0	0	0	0	0	0	94	71	0	0	0	0	0	0	96	0	0	0	0	0	0	0	0	0	0	0	0	0	0	0	0	0	0	0	0	0	174	52	0	0	0	0
k__Bacteria;p__Firmicutes;c__Clostridia;o__Clostridiales;f__Lachnospiraceae;g__Lachnoclostridium;s__sp32353-sp32360	11	0	74	0	0	0	0	0	0	0	0	0	0	0	0	0	0	0	0	0	0	0	18	0	50	0	0	0	0	0	0	21	0	11	0	0	0	0	0	0	0	0	0	0	0	0	0	0	0	0	0	0	0	0	0	0	0	0	0
k__Bacteria;p__Firmicutes;c__Clostridia;o__Clostridiales;f__Lachnospiraceae;g__Lachnoclostridium;s__sp32367	0	0	0	0	0	0	0	0	0	0	0	0	0	0	0	0	0	0	0	0	0	0	0	0	0	0	0	0	0	0	0	0	0	0	0	0	0	0	0	0	0	0	0	0	0	0	0	0	0	0	0	0	0	0	0	0	0	39	0
k__Bacteria;p__Firmicutes;c__Clostridia;o__Clostridiales;f__Lachnospiraceae;g__Lachnoclostridium;s__sp32380-sp32437	260	590	0	0	671	0	476	460	186	463	278	258	20	861	24	2681	1079	279	0	453	16	100	27	21	37	2553	39	136	0	185	115	0	0	58	546	162	259	209	152	228	508	1477	29	578	179	1193	378	205	72	165	38	46	41	29	0	436	389	44	63
k__Bacteria;p__Firmicutes;c__Clostridia;o__Clostridiales;f__Lachnospiraceae;g__Lachnoclostridium;s__sp32400	0	0	0	0	0	0	0	0	0	0	0	0	0	0	0	0	0	281	0	0	0	0	0	0	20	0	0	0	0	0	0	0	0	0	0	0	0	102	0	0	0	0	0	0	0	0	0	94	0	0	0	0	0	0	15	0	0	0	0
k__Bacteria;p__Firmicutes;c__Clostridia;o__Clostridiales;f__Lachnospiraceae;g__Lachnoclostridium;s__sp32408	0	0	0	0	124	0	0	0	0	0	0	109	0	0	0	38	23	0	0	0	0	0	0	0	0	302	0	1095	0	0	0	0	0	0	283	0	0	0	0	0	0	925	0	0	0	31	12	12	0	0	0	0	0	0	0	93	108	15	0
k__Bacteria;p__Firmicutes;c__Clostridia;o__Clostridiales;f__Lachnospiraceae;g__Lachnoclostridium;s__sp32417	0	0	484	0	0	0	0	106	0	0	0	0	0	0	0	0	0	0	0	60	0	0	13	52	59	0	0	0	0	0	0	135	0	0	0	0	0	48	0	0	0	0	0	0	0	0	0	0	0	0	0	0	0	161	22	0	0	0	0
k__Bacteria;p__Firmicutes;c__Clostridia;o__Clostridiales;f__Lachnospiraceae;g__Lachnoclostridium;s__sp32419	0	123	0	0	0	0	0	0	0	0	0	0	0	0	0	0	0	0	0	0	0	29	0	0	0	0	0	0	0	99	0	0	0	0	0	0	0	0	0	0	0	0	0	0	0	0	0	0	0	0	0	39	0	0	0	0	0	0	0
k__Bacteria;p__Firmicutes;c__Clostridia;o__Clostridiales;f__Lachnospiraceae;g__Lachnoclostridium;s__sp32424	0	0	958	0	0	0	0	0	0	0	0	0	0	0	0	0	0	0	0	0	0	0	0	121	34	0	0	0	0	0	0	949	0	0	0	0	0	0	0	0	0	0	0	0	0	0	0	0	0	0	0	0	0	84	0	0	0	0	0
k__Bacteria;p__Firmicutes;c__Clostridia;o__Clostridiales;f__Lachnospiraceae;g__Lachnoclostridium;s__sp32425-sp32440	0	47	35	0	0	0	0	0	0	0	0	0	0	0	0	0	0	0	0	0	0	0	19	0	0	0	0	0	0	0	0	0	0	0	0	0	0	0	0	0	0	0	0	0	0	0	0	0	0	0	0	0	0	22	0	0	0	0	0
k__Bacteria;p__Firmicutes;c__Clostridia;o__Clostridiales;f__Lachnospiraceae;g__Lachnoclostridium;s__sp32428	0	0	21	0	0	0	0	0	0	0	0	0	0	0	0	0	0	383	0	0	0	0	0	19	0	0	0	25	0	0	0	20	0	0	0	0	0	0	0	0	0	0	0	0	0	0	0	258	0	0	0	0	0	111	15	0	0	0	0
k__Bacteria;p__Firmicutes;c__Clostridia;o__Clostridiales;f__Lachnospiraceae;g__Lachnoclostridium;s__sp32433	22	856	1630	0	979	0	0	0	0	0	0	0	0	3101	0	0	63	11	0	792	0	1047	395	834	181	0	0	0	0	540	0	0	0	0	391	0	0	0	0	0	0	0	0	1482	0	0	0	0	0	1243	0	830	282	946	137	0	0	0	0
k__Bacteria;p__Firmicutes;c__Clostridia;o__Clostridiales;f__Lachnospiraceae;g__Lachnoclostridium;s__sp32435	0	0	1520	0	0	0	0	98	0	425	0	24	0	111	0	0	0	0	0	0	0	0	0	0	0	0	0	29	0	0	0	67	0	0	0	0	0	69	0	0	352	106	0	44	0	0	0	0	0	0	0	0	0	25	0	0	0	0	0
k__Bacteria;p__Firmicutes;c__Clostridia;o__Clostridiales;f__Lachnospiraceae;g__Lachnoclostridium;s__sp32436	0	0	0	0	0	0	0	0	0	0	0	98	0	255	0	0	0	0	0	412	0	15	54	0	0	0	0	0	0	0	0	0	0	0	70	14	0	17	0	0	0	0	0	179	0	0	0	0	0	427	0	0	0	0	0	0	0	0	0
k__Bacteria;p__Firmicutes;c__Clostridia;o__Clostridiales;f__Lachnospiraceae;g__Lachnoclostridium;s__sp32440	0	149	65	0	61	0	0	0	0	0	0	0	0	0	0	0	0	32	0	0	0	82	60	28	13	0	0	186	0	294	0	43	0	0	43	0	20	0	0	0	30	22	0	0	0	0	0	11	0	0	0	63	33	47	0	0	0	58	0
k__Bacteria;p__Firmicutes;c__Clostridia;o__Clostridiales;f__Lachnospiraceae;g__Lachnoclostridium;s__sp32441	0	40	81	0	0	0	11	55	0	11	0	20	0	0	0	0	0	16	0	0	0	22	50	31	12	0	0	100	0	11	0	92	0	0	0	0	51	33	0	0	21	89	0	0	0	0	0	0	0	0	0	27	0	50	27	0	0	24	0
k__Bacteria;p__Firmicutes;c__Clostridia;o__Clostridiales;f__Lachnospiraceae;g__Lachnoclostridium;s__sp32442	0	0	0	0	0	0	0	0	0	0	0	0	0	0	0	0	0	0	0	0	0	0	0	0	0	0	0	0	0	0	0	0	0	0	0	0	0	0	0	0	0	0	0	0	0	0	0	0	0	0	0	0	0	14	17	0	0	0	0
k__Bacteria;p__Firmicutes;c__Clostridia;o__Clostridiales;f__Lachnospiraceae;g__Lachnoclostridium;s__sp32444	11	180	209	0	380	0	0	0	0	22	0	23	0	179	0	11	20	29	0	54	0	15	70	267	112	0	0	375	0	59	0	247	0	0	188	0	0	0	0	0	0	88	0	375	0	0	0	18	0	78	0	34	0	311	133	0	0	177	0
k__Bacteria;p__Firmicutes;c__Clostridia;o__Clostridiales;f__Lachnospiraceae;g__Lachnoclostridium;s__sp32445	0	0	66	0	0	0	0	0	0	0	0	0	0	183	0	133	0	16	0	12	13	0	0	0	0	386	0	0	0	14	0	105	0	0	0	0	0	0	0	0	0	0	0	11	0	57	0	40	0	17	0	0	0	16	0	59	133	0	0
k__Bacteria;p__Firmicutes;c__Clostridia;o__Clostridiales;f__Lachnospiraceae;g__Lachnospira;s__sp32450	0	11	0	0	0	0	0	0	0	0	0	0	0	0	0	0	0	0	0	0	0	0	13	0	0	0	0	0	0	0	0	0	0	0	0	0	0	0	0	0	0	0	0	0	0	0	0	0	0	0	0	0	0	0	0	0	0	0	0
k__Bacteria;p__Firmicutes;c__Clostridia;o__Clostridiales;f__Lachnospiraceae;g__Lactonifactor;s__longoviformis	0	13	0	0	0	0	0	0	0	0	0	0	0	0	0	0	0	0	0	0	0	27	22	0	0	0	0	0	0	0	0	0	0	0	0	0	0	0	0	0	0	0	0	0	0	0	0	0	0	0	0	0	0	0	0	0	0	17	0
k__Bacteria;p__Firmicutes;c__Clostridia;o__Clostridiales;f__Lachnospiraceae;g__Lactonifactor;s__sp32959	0	40	0	0	0	0	0	0	0	0	0	0	0	16	0	0	0	0	0	0	0	12	0	0	0	0	0	0	0	54	0	0	0	0	0	0	0	0	0	0	0	0	0	0	0	0	0	0	0	0	0	0	0	0	0	0	0	0	0
k__Bacteria;p__Firmicutes;c__Clostridia;o__Clostridiales;f__Lachnospiraceae;g__Marvinbryantia;s__sp32965	0	0	0	0	0	0	0	0	0	0	0	0	0	0	0	0	0	0	0	0	0	0	0	0	0	0	0	22	0	0	0	0	0	0	0	0	0	0	0	0	0	0	0	0	0	0	0	0	0	0	0	0	0	0	0	0	0	0	0
k__Bacteria;p__Firmicutes;c__Clostridia;o__Clostridiales;f__Lachnospiraceae;g__Marvinbryantia;s__sp32992	0	0	0	0	0	0	0	0	0	0	0	0	0	38	0	0	0	82	0	0	0	0	0	0	0	17	0	119	0	0	0	0	0	0	12	0	13	0	0	0	0	0	0	0	0	0	0	54	0	0	0	0	42	0	0	15	12	40	0
k__Bacteria;p__Firmicutes;c__Clostridia;o__Clostridiales;f__Lachnospiraceae;g__Marvinbryantia;s__sp32993	0	0	0	0	0	0	19	0	0	0	0	0	0	0	0	0	12	11	0	0	0	0	0	0	0	0	0	0	0	0	0	0	0	0	0	19	0	0	0	0	0	0	0	0	0	0	0	0	0	0	0	0	0	0	0	0	0	15	0
k__Bacteria;p__Firmicutes;c__Clostridia;o__Clostridiales;f__Lachnospiraceae;g__NA;s__sp30728	0	0	0	0	0	0	0	21	0	0	0	0	0	0	0	0	0	0	0	0	0	0	32	13	154	0	0	0	0	0	0	0	0	0	0	0	0	23	0	0	0	0	0	0	0	24	0	0	0	0	0	0	0	18	40	0	0	0	0
k__Bacteria;p__Firmicutes;c__Clostridia;o__Clostridiales;f__Lachnospiraceae;g__NA;s__sp32158	0	0	0	0	82	0	0	0	0	0	0	0	0	0	0	0	0	0	0	0	0	0	0	0	0	0	0	0	0	0	0	0	0	0	12	0	0	0	0	0	0	445	0	0	0	0	0	0	0	0	0	0	0	0	0	0	0	0	0
k__Bacteria;p__Firmicutes;c__Clostridia;o__Clostridiales;f__Lachnospiraceae;g__NA;s__sp32163-sp32172	0	43	0	0	0	0	0	0	0	0	0	0	0	0	0	0	0	0	0	0	0	52	0	0	0	0	0	0	0	31	0	0	0	0	0	0	0	0	0	0	0	0	0	0	0	0	0	0	0	0	0	27	0	0	0	0	0	0	0
k__Bacteria;p__Firmicutes;c__Clostridia;o__Clostridiales;f__Lachnospiraceae;g__NA;s__sp32166	0	412	0	0	175	0	0	0	0	0	0	0	0	0	0	0	0	0	0	0	0	392	79	0	0	0	0	0	0	551	0	0	0	0	35	0	0	0	0	0	0	0	0	0	0	0	0	0	0	0	0	381	22	0	0	0	0	0	0
k__Bacteria;p__Firmicutes;c__Clostridia;o__Clostridiales;f__Lachnospiraceae;g__NA;s__sp32167	0	0	0	0	36	0	175	210	33	715	12	223	0	138	0	15	85	65	0	0	0	0	27	0	0	68	0	474	0	12	0	0	0	17	97	47	0	132	0	0	207	60	0	97	16	0	0	34	0	0	0	0	0	0	20	12	44	48	0
k__Bacteria;p__Firmicutes;c__Clostridia;o__Clostridiales;f__Lachnospiraceae;g__NA;s__sp32265	0	0	0	0	0	0	0	0	0	0	0	0	0	0	0	0	0	0	0	0	0	0	0	0	0	0	0	0	0	0	0	15	0	0	0	0	0	0	0	0	0	0	0	0	0	0	0	0	0	0	0	0	0	12	0	0	0	0	0
k__Bacteria;p__Firmicutes;c__Clostridia;o__Clostridiales;f__Lachnospiraceae;g__NA;s__sp32277	0	0	25	0	0	0	0	0	0	0	0	0	0	0	0	0	0	0	0	0	0	0	0	0	0	100	33	0	0	0	0	0	0	0	0	0	0	0	0	0	0	0	0	0	0	0	0	0	0	0	18	0	0	0	0	35	53	0	0
k__Bacteria;p__Firmicutes;c__Clostridia;o__Clostridiales;f__Lachnospiraceae;g__NA;s__sp32486	35	34	0	0	0	0	12	33	0	44	0	0	0	0	0	11	0	0	0	0	0	0	24	0	0	0	0	0	0	29	0	0	0	0	0	0	23	28	0	0	46	25	0	0	0	0	0	0	0	0	0	0	0	0	0	0	0	0	0
k__Bacteria;p__Firmicutes;c__Clostridia;o__Clostridiales;f__Lachnospiraceae;g__NA;s__sp32490	0	0	0	0	0	0	0	94	18	32	0	0	0	0	0	0	0	11	0	0	0	0	208	0	0	43	68	0	0	0	0	28	0	22	0	0	0	33	0	0	44	30	0	0	0	0	0	0	0	0	0	0	32	0	0	26	13	0	0
k__Bacteria;p__Firmicutes;c__Clostridia;o__Clostridiales;f__Lachnospiraceae;g__NA;s__sp32498	0	0	0	0	0	0	0	0	0	0	0	0	0	0	0	0	0	0	0	0	0	0	0	0	0	0	0	0	0	18	0	0	0	0	0	0	0	0	0	0	0	0	0	0	0	0	0	0	0	0	0	0	0	0	0	0	0	0	0
k__Bacteria;p__Firmicutes;c__Clostridia;o__Clostridiales;f__Lachnospiraceae;g__NA;s__sp32519	0	0	233	0	0	0	38	146	0	0	0	0	0	0	0	0	0	0	0	0	0	0	0	195	92	22	0	0	0	0	0	299	22	0	0	48	68	97	0	0	45	0	0	0	0	0	0	0	0	0	0	0	0	480	217	20	15	0	0
k__Bacteria;p__Firmicutes;c__Clostridia;o__Clostridiales;f__Lachnospiraceae;g__NA;s__sp32598-sp32693-sp32722	0	0	21	0	0	0	0	0	0	0	0	0	0	0	0	0	0	0	0	0	0	0	0	0	0	0	0	0	0	0	0	33	0	0	0	0	0	0	0	0	0	0	0	0	0	0	0	0	0	0	0	0	0	0	0	0	0	0	0
k__Bacteria;p__Firmicutes;c__Clostridia;o__Clostridiales;f__Lachnospiraceae;g__NA;s__sp32615-sp32802	0	0	0	0	137	0	0	12	0	15	0	0	0	0	0	0	0	0	0	0	0	0	0	26	0	81	0	13	0	0	0	0	0	0	78	0	0	80	0	0	36	0	0	0	0	0	0	0	0	0	0	0	0	29	32	94	85	0	0
k__Bacteria;p__Firmicutes;c__Clostridia;o__Clostridiales;f__Lachnospiraceae;g__NA;s__sp32640	0	12	22	0	0	0	15	0	0	0	0	0	0	0	0	20	16	0	0	0	0	0	0	59	0	0	0	0	0	0	0	34	0	0	0	0	0	0	0	0	0	0	0	0	0	35	0	0	0	11	0	29	13	43	0	0	0	0	0
k__Bacteria;p__Firmicutes;c__Clostridia;o__Clostridiales;f__Lachnospiraceae;g__NA;s__sp32738	0	0	0	0	0	0	0	0	0	0	0	0	0	0	0	0	0	0	0	0	0	0	0	0	0	0	0	0	0	0	0	0	0	0	0	0	0	0	0	0	0	11	0	0	0	0	0	0	0	0	0	0	0	0	0	0	0	0	0
k__Bacteria;p__Firmicutes;c__Clostridia;o__Clostridiales;f__Lachnospiraceae;g__NA;s__sp32802	0	0	0	0	0	0	0	0	0	0	0	0	0	0	0	0	0	0	0	0	0	0	0	36	0	35	0	0	0	0	0	0	0	0	0	0	0	41	0	0	24	0	0	0	0	0	0	0	0	0	0	0	0	39	0	35	40	0	0
k__Bacteria;p__Firmicutes;c__Clostridia;o__Clostridiales;f__Lachnospiraceae;g__NA;s__sp32822	0	0	0	0	0	0	0	0	0	0	0	0	0	0	0	0	0	0	0	0	0	0	0	0	0	0	0	0	0	0	0	19	0	0	0	0	0	0	0	0	0	0	0	0	0	0	0	0	0	0	0	0	0	0	0	0	0	0	0
k__Bacteria;p__Firmicutes;c__Clostridia;o__Clostridiales;f__Lachnospiraceae;g__NA;s__sp32840	0	0	0	0	0	0	0	0	0	0	0	0	0	0	0	0	0	0	0	0	0	0	39	0	21	192	0	0	0	0	0	0	0	0	0	0	0	0	0	0	16	0	0	0	0	0	0	0	0	0	0	0	0	0	59	85	247	0	0
k__Bacteria;p__Firmicutes;c__Clostridia;o__Clostridiales;f__Lachnospiraceae;g__NA;s__sp32859	0	0	0	0	0	0	0	0	0	0	0	0	0	0	0	0	0	33	0	0	0	0	0	0	0	0	0	31	0	0	0	0	0	0	0	0	0	0	0	0	0	0	0	0	0	0	0	24	0	0	0	0	0	0	0	0	0	0	0
k__Bacteria;p__Firmicutes;c__Clostridia;o__Clostridiales;f__Lachnospiraceae;g__NA;s__sp32907	0	0	21	0	0	0	0	20	0	17	0	0	0	0	0	0	0	0	0	0	0	0	0	0	0	0	0	0	0	0	0	16	0	0	0	0	0	0	0	0	22	0	0	0	0	0	0	0	0	0	0	0	0	0	0	0	0	0	0
k__Bacteria;p__Firmicutes;c__Clostridia;o__Clostridiales;f__Lachnospiraceae;g__NA;s__sp33275	109	679	0	0	0	0	0	0	0	0	0	0	0	0	0	0	0	0	0	0	0	176	80	39	0	0	0	0	0	365	0	0	0	0	0	0	0	0	0	0	0	0	0	0	0	0	0	0	0	0	0	364	189	41	0	0	0	0	0
k__Bacteria;p__Firmicutes;c__Clostridia;o__Clostridiales;f__Lachnospiraceae;g__NA;s__sp33333	0	0	451	92	498	13	327	272	40	153	14	0	0	250	0	28	18	44	0	53	0	0	55	67	565	116	0	115	0	0	0	48	25	123	123	116	130	162	0	0	275	0	0	159	25	27	0	24	38	49	0	0	0	393	169	78	73	51	16
k__Bacteria;p__Firmicutes;c__Clostridia;o__Clostridiales;f__Lachnospiraceae;g__NA;s__sp33371-sp33375	0	0	0	0	0	0	154	0	0	0	0	0	0	0	0	56	18	12	0	0	0	0	0	0	29	20	0	25	0	0	0	0	0	0	0	0	16	0	0	0	0	0	0	0	0	36	20	0	0	0	0	0	0	14	0	0	0	0	0
k__Bacteria;p__Firmicutes;c__Clostridia;o__Clostridiales;f__Lachnospiraceae;g__NA;s__sp33375	0	0	0	0	0	0	0	0	0	0	0	0	0	55	0	0	0	0	0	0	0	0	0	0	0	0	0	0	0	0	0	0	0	0	0	0	0	0	0	0	0	0	0	13	0	0	0	0	0	0	0	0	0	0	0	0	0	0	0
k__Bacteria;p__Firmicutes;c__Clostridia;o__Clostridiales;f__Lachnospiraceae;g__NA;s__sp33381	0	0	18	0	0	0	0	0	0	0	0	0	0	0	0	0	0	0	0	0	0	0	0	42	0	0	0	0	0	0	0	26	0	0	0	0	0	0	0	0	0	0	0	0	0	0	0	0	0	0	0	0	0	14	0	0	0	0	0
k__Bacteria;p__Firmicutes;c__Clostridia;o__Clostridiales;f__Lachnospiraceae;g__NA;s__sp33395	656	583	221	63	0	0	0	30	36	42	51	0	0	12	0	0	165	1462	69	0	0	207	1676	174	294	58	16	754	79	335	2328	791	22	2809	95	0	0	19	12	30	66	0	0	0	0	67	59	6965	2444	0	0	1424	7891	289	2731	354	137	16459	2024
k__Bacteria;p__Firmicutes;c__Clostridia;o__Clostridiales;f__Lachnospiraceae;g__NA;s__sp33422	0	253	0	0	0	0	0	0	0	0	0	85	0	0	0	0	0	0	0	0	0	0	0	18	22	0	0	0	0	0	0	0	0	0	0	0	0	0	0	0	0	0	0	0	0	0	0	0	0	0	0	0	0	113	51	0	0	0	0
k__Bacteria;p__Firmicutes;c__Clostridia;o__Clostridiales;f__Lachnospiraceae;g__NA;s__sp33439	0	0	0	0	0	0	18	0	0	0	0	0	0	0	0	0	0	0	0	18	0	0	0	0	0	0	0	0	0	0	0	147	0	0	0	0	0	0	0	0	0	0	0	0	0	0	0	0	0	0	0	0	0	0	42	0	0	0	0
k__Bacteria;p__Firmicutes;c__Clostridia;o__Clostridiales;f__Lachnospiraceae;g__NA;s__sp33454	0	0	0	0	0	0	11	50	0	11	0	0	0	0	0	0	0	0	0	19	0	0	0	0	0	0	0	0	0	0	0	0	0	0	0	46	25	15	0	0	0	0	0	0	0	0	0	0	0	0	0	0	0	0	0	0	0	0	0
k__Bacteria;p__Firmicutes;c__Clostridia;o__Clostridiales;f__Lachnospiraceae;g__NA;s__sp33470	344	1252	0	0	282	0	245	19	0	21	0	218	0	67	0	0	0	97	0	92	0	523	209	0	0	207	0	43	0	498	96	0	0	131	89	243	308	0	0	0	19	363	0	166	11	0	0	109	0	222	0	359	124	0	0	36	103	28	0
k__Bacteria;p__Firmicutes;c__Clostridia;o__Clostridiales;f__Lachnospiraceae;g__NA;s__sp33473	0	576	0	0	74	0	0	0	0	0	0	0	0	0	0	0	0	0	0	0	0	79	0	0	0	0	0	0	0	116	0	0	0	0	18	0	0	0	0	0	0	0	0	0	0	0	0	0	0	0	0	64	0	0	0	0	0	0	0
k__Bacteria;p__Firmicutes;c__Clostridia;o__Clostridiales;f__Lachnospiraceae;g__NA;s__sp33473-sp33677	0	0	0	0	23	0	0	0	0	0	0	0	0	0	0	0	25	0	0	0	0	0	0	0	0	0	0	0	0	0	0	0	0	0	39	0	0	0	0	0	0	0	0	0	0	0	0	0	0	0	0	0	0	0	0	0	0	0	0
k__Bacteria;p__Firmicutes;c__Clostridia;o__Clostridiales;f__Lachnospiraceae;g__NA;s__sp33517	0	0	0	0	721	0	0	0	0	0	0	0	0	0	0	111	233	0	0	0	0	659	14	421	17	279	0	11	0	0	0	0	0	0	155	0	0	0	0	0	534	0	0	0	0	24	0	371	0	0	0	100	0	638	0	0	0	0	0
k__Bacteria;p__Firmicutes;c__Clostridia;o__Clostridiales;f__Lachnospiraceae;g__NA;s__sp33553	0	0	0	0	0	0	0	0	0	0	0	0	0	0	0	0	0	0	0	0	0	0	0	0	14	41	0	17	0	0	0	0	0	0	0	0	0	0	0	0	0	0	0	0	0	0	0	0	0	0	0	0	0	11	0	0	0	0	0
k__Bacteria;p__Firmicutes;c__Clostridia;o__Clostridiales;f__Lachnospiraceae;g__NA;s__sp33573	0	0	0	0	0	0	0	0	0	0	0	0	0	279	0	0	0	0	0	66	0	0	0	0	0	0	0	0	0	0	0	0	0	0	0	0	0	0	0	0	0	0	0	350	0	0	0	0	0	92	0	0	0	0	0	0	0	165	0
k__Bacteria;p__Firmicutes;c__Clostridia;o__Clostridiales;f__Lachnospiraceae;g__NA;s__sp33610	14	13	0	0	0	0	0	88	0	0	0	0	0	0	0	0	12	16	0	0	0	0	14	0	0	0	0	19	0	0	0	0	0	0	0	0	0	27	0	0	0	0	0	0	0	0	0	0	0	0	0	0	0	0	0	0	0	16	0
k__Bacteria;p__Firmicutes;c__Clostridia;o__Clostridiales;f__Lachnospiraceae;g__NA;s__sp33656	0	0	0	0	0	0	0	0	0	0	0	0	0	0	0	0	0	0	0	0	0	0	61	0	44	106	0	0	0	0	0	0	0	0	0	0	0	0	0	0	0	0	0	0	0	0	0	0	0	0	0	22	0	93	0	0	0	0	0
k__Bacteria;p__Firmicutes;c__Clostridia;o__Clostridiales;f__Lachnospiraceae;g__NA;s__sp33657	18	24	0	0	0	0	0	0	0	0	0	0	0	11	0	0	0	0	0	0	0	0	0	0	0	0	0	0	0	22	11	0	0	0	0	0	0	0	0	0	0	0	0	11	0	0	0	0	0	0	0	0	0	0	0	0	0	0	0
k__Bacteria;p__Firmicutes;c__Clostridia;o__Clostridiales;f__Lachnospiraceae;g__NA;s__sp33686	0	21	0	0	0	0	0	12	0	23	0	0	0	0	0	0	0	0	0	0	0	0	0	0	0	0	0	29	0	0	0	0	0	0	0	0	0	0	0	0	21	12	0	24	0	0	0	0	0	14	0	0	0	0	0	0	0	18	0
k__Bacteria;p__Firmicutes;c__Clostridia;o__Clostridiales;f__Lachnospiraceae;g__NA;s__sp33692	1006	518	0	0	0	0	0	0	0	0	0	12	0	0	0	83	63	20	0	0	0	12	20	0	0	32	0	167	0	98	309	0	0	14	0	36	0	0	0	0	0	36	0	0	0	19	0	18	0	0	0	0	0	0	0	11	26	107	0
k__Bacteria;p__Firmicutes;c__Clostridia;o__Clostridiales;f__Lachnospiraceae;g__NA;s__sp33741	0	36	0	0	0	0	0	0	0	0	0	0	0	0	0	0	0	0	0	0	0	0	0	0	0	0	0	0	0	22	0	0	0	0	0	0	0	0	0	0	0	0	0	0	0	0	0	0	0	0	0	0	0	0	0	0	0	0	0
k__Bacteria;p__Firmicutes;c__Clostridia;o__Clostridiales;f__Lachnospiraceae;g__NA;s__sp33748	0	0	621	0	0	0	0	0	0	0	0	0	0	67	0	0	0	0	0	0	0	0	0	0	0	0	0	0	0	0	0	0	0	0	0	0	0	0	0	0	0	0	0	28	0	0	0	0	0	0	0	0	0	0	0	0	0	0	0
k__Bacteria;p__Firmicutes;c__Clostridia;o__Clostridiales;f__Lachnospiraceae;g__NA;s__sp33761	0	0	0	0	0	0	0	0	0	0	0	0	0	12	0	0	0	0	0	0	0	0	0	0	0	11	0	23	0	0	0	0	0	0	0	0	0	0	0	0	0	16	0	0	0	0	0	0	0	0	0	0	0	0	0	0	0	0	0
k__Bacteria;p__Firmicutes;c__Clostridia;o__Clostridiales;f__Lachnospiraceae;g__NA;s__sp33781	0	0	0	0	0	0	0	0	0	0	0	0	0	0	0	0	0	0	0	0	0	0	0	16	0	0	0	0	0	0	0	0	0	0	0	0	0	0	0	0	0	0	0	0	0	0	0	0	0	0	0	0	0	0	0	0	0	0	0
k__Bacteria;p__Firmicutes;c__Clostridia;o__Clostridiales;f__Lachnospiraceae;g__Oribacterium;s__sp33049-sp33686	0	0	0	0	0	0	0	0	0	0	0	0	0	0	0	0	0	0	0	0	0	0	0	0	0	34	0	0	0	0	0	0	0	0	0	0	0	0	0	0	0	0	0	0	0	0	0	0	0	0	0	0	0	0	0	13	21	0	0
k__Bacteria;p__Firmicutes;c__Clostridia;o__Clostridiales;f__Lachnospiraceae;g__Robinsoniella;s__peoriensis	0	0	0	0	420	0	0	0	0	0	0	0	0	0	0	0	0	0	0	0	0	330	17	206	46	0	0	0	0	0	0	0	0	0	313	0	0	0	0	0	0	0	0	0	0	0	0	0	0	0	0	388	13	332	12	0	0	0	0
k__Bacteria;p__Firmicutes;c__Clostridia;o__Clostridiales;f__Lachnospiraceae;g__Roseburia;s__faecis-sp33781	0	0	44	16	0	0	0	59	11	0	13	0	0	0	0	0	0	0	0	0	0	0	0	0	38	0	0	0	0	0	0	79	31	0	0	0	0	29	0	21	18	0	0	0	0	0	0	0	0	0	0	0	0	55	82	0	0	0	0
k__Bacteria;p__Firmicutes;c__Clostridia;o__Clostridiales;f__Lachnospiraceae;g__Roseburia;s__hominis	0	0	0	0	0	0	0	0	0	0	0	0	0	0	0	0	0	0	0	63	0	0	0	52	51	0	0	0	0	0	0	0	0	0	0	0	0	0	0	0	0	0	0	19	0	0	0	0	0	54	0	0	0	65	30	0	0	0	0
k__Bacteria;p__Firmicutes;c__Clostridia;o__Clostridiales;f__Lachnospiraceae;g__Roseburia;s__intestinalis	0	0	0	0	0	0	0	0	0	0	0	0	0	0	0	0	0	0	0	0	0	23	0	39	0	0	0	0	0	0	0	19	0	0	0	0	0	0	0	0	0	0	0	0	0	0	0	0	0	0	0	0	0	64	11	0	0	0	0
k__Bacteria;p__Firmicutes;c__Clostridia;o__Clostridiales;f__Lachnospiraceae;g__Roseburia;s__inulinivorans	318	38	0	0	0	0	482	0	0	0	0	16	0	0	0	14	0	68	0	0	0	47	58	0	0	11	0	26	0	29	170	20	0	0	0	18	0	0	0	0	13	14	0	0	0	0	0	19	0	0	0	21	35	17	44	0	0	17	0
k__Bacteria;p__Firmicutes;c__Clostridia;o__Clostridiales;f__Lachnospiraceae;g__Roseburia;s__sp33151	0	0	0	0	0	0	0	0	0	0	0	0	0	0	0	0	0	0	0	0	0	0	0	0	0	0	0	22	0	0	0	0	0	0	0	0	0	0	0	0	0	0	0	0	0	0	0	0	0	0	0	0	0	0	0	0	0	0	0
k__Bacteria;p__Firmicutes;c__Clostridia;o__Clostridiales;f__Lachnospiraceae;g__Roseburia;s__sp33161-sp33189-sp33275	0	0	0	0	0	0	0	0	0	0	0	0	0	0	0	0	0	0	0	0	0	0	0	13	0	0	0	0	0	0	0	61	0	0	0	0	0	0	0	0	0	0	0	0	0	0	0	0	0	0	0	0	0	18	0	0	0	0	0
k__Bacteria;p__Firmicutes;c__Clostridia;o__Clostridiales;f__Lachnospiraceae;g__Roseburia;s__sp33193	0	0	0	0	0	0	0	32	0	35	0	0	0	0	0	0	0	44	0	0	0	0	0	0	0	0	0	90	0	0	0	0	0	0	0	0	0	0	0	0	17	0	0	0	0	0	0	31	0	0	0	0	0	0	0	0	0	74	0
k__Bacteria;p__Firmicutes;c__Clostridia;o__Clostridiales;f__Lachnospiraceae;g__Tyzzerella;s__sp33281	0	0	0	0	0	0	0	0	0	0	0	0	0	0	0	0	0	0	0	0	0	17	0	0	0	0	0	0	0	0	0	0	0	0	0	0	0	0	0	0	0	0	0	0	0	0	0	0	0	0	0	0	0	0	0	0	0	0	0
k__Bacteria;p__Firmicutes;c__Clostridia;o__Clostridiales;f__Lachnospiraceae;g__Tyzzerella;s__sp33289	0	0	0	0	0	0	0	0	0	0	0	0	0	17	0	0	0	0	0	0	0	0	0	0	0	0	0	0	0	0	0	0	0	0	0	0	0	0	0	0	0	0	0	83	0	0	0	0	0	16	0	0	0	0	0	0	0	0	0
k__Bacteria;p__Firmicutes;c__Clostridia;o__Clostridiales;f__NA;g__NA;s__NA	0	0	0	0	0	0	0	0	0	0	0	0	0	0	0	0	0	0	0	0	0	0	0	0	0	0	0	13	0	0	0	0	0	0	0	0	0	0	0	0	0	0	0	0	0	0	0	0	0	0	0	0	0	0	0	0	0	0	0
k__Bacteria;p__Firmicutes;c__Clostridia;o__Clostridiales;f__NA;g__NA;s__sp30526	0	752	0	0	11	0	0	0	0	0	0	0	0	0	0	0	0	0	0	0	0	811	0	0	0	0	0	0	0	751	0	0	0	0	0	0	0	0	0	0	0	0	0	0	0	0	0	0	0	0	0	588	0	0	0	0	0	0	0
k__Bacteria;p__Firmicutes;c__Clostridia;o__Clostridiales;f__NA;g__NA;s__sp30555	0	0	0	0	16	14	351	0	0	0	0	25	30	21	0	69	83	0	0	11	18	0	11	0	0	13	14	0	0	0	0	0	0	13	0	530	561	0	0	0	0	19	23	0	12	46	46	0	0	0	0	0	0	0	0	27	29	0	0
k__Bacteria;p__Firmicutes;c__Clostridia;o__Clostridiales;f__NA;g__NA;s__sp31117	0	59	0	0	0	0	0	0	0	0	0	0	0	0	0	0	0	0	0	0	0	14	0	0	0	0	0	0	0	58	0	0	0	0	0	0	0	0	0	0	0	0	0	0	0	0	0	0	0	0	0	15	0	0	0	0	0	0	0
k__Bacteria;p__Firmicutes;c__Clostridia;o__Clostridiales;f__NA;g__Sarcina;s__sp30952	0	0	0	19	0	0	0	0	0	0	0	0	0	0	0	0	0	0	0	0	0	0	0	0	0	0	0	0	0	0	0	0	0	0	0	0	0	0	0	0	0	0	0	0	0	0	0	0	0	0	0	0	0	0	0	0	0	0	0
k__Bacteria;p__Firmicutes;c__Clostridia;o__Clostridiales;f__NA;g__Sarcina;s__ventriculi	0	0	0	0	0	0	33	0	0	0	0	0	0	0	0	0	0	0	0	0	0	0	0	0	0	0	0	0	0	0	0	0	0	0	0	72	98	0	0	0	0	0	0	0	0	0	0	0	0	0	0	0	0	0	0	0	0	0	0
k__Bacteria;p__Firmicutes;c__Clostridia;o__Clostridiales;f__Peptococcaceae;g__NA;s__sp34232	0	13	0	0	0	0	0	0	0	0	0	0	0	0	0	0	0	0	0	0	0	17	0	0	0	0	0	0	0	11	0	0	0	0	0	0	0	0	0	0	0	0	0	0	0	0	0	0	0	0	0	16	0	0	0	0	0	0	0
k__Bacteria;p__Firmicutes;c__Clostridia;o__Clostridiales;f__Peptococcaceae;g__Peptococcus;s__niger	0	0	0	0	0	0	0	0	0	0	0	0	0	0	0	0	0	0	0	0	0	33	0	0	0	0	0	0	0	0	0	0	0	0	0	0	0	0	0	0	0	0	0	0	0	0	0	0	0	0	0	24	0	0	0	0	0	0	0
k__Bacteria;p__Firmicutes;c__Clostridia;o__Clostridiales;f__Peptococcaceae;g__Peptococcus;s__sp34121	0	0	0	0	0	0	0	0	0	0	0	0	0	0	0	0	0	0	0	0	0	0	0	0	0	0	0	0	0	0	0	0	0	0	0	0	0	0	0	0	0	0	0	0	0	0	0	0	0	0	0	0	0	41	0	0	0	0	0
k__Bacteria;p__Firmicutes;c__Clostridia;o__Clostridiales;f__Peptostreptococcaceae;g__Asaccharospora;s__sp34265	0	0	0	0	0	0	0	987	0	0	0	0	0	0	0	0	0	0	0	0	0	0	0	0	0	0	0	0	0	0	0	0	0	0	0	0	0	740	0	0	0	0	0	0	0	0	0	0	0	0	0	0	0	0	0	0	0	0	0
k__Bacteria;p__Firmicutes;c__Clostridia;o__Clostridiales;f__Peptostreptococcaceae;g__Intestinibacter;s__bartlettii	126	5245	480	139	29	22	1361	3504	281	3829	126	1176	27	282	100	314	32	0	0	165	218	39	78	82	1086	542	0	1128	0	2209	28	849	132	0	17	2041	2218	1217	128	110	3660	1789	41	238	177	59	11	0	0	191	152	21	0	75	1198	11	168	818	0
k__Bacteria;p__Firmicutes;c__Clostridia;o__Clostridiales;f__Peptostreptococcaceae;g__Paeniclostridium;s__sordellii	0	0	32	0	0	0	0	0	0	0	0	0	0	0	0	0	0	0	0	0	0	0	0	0	0	0	0	0	0	1129	0	0	0	0	0	53	1166	0	0	0	0	593	0	0	0	0	0	0	0	0	0	0	0	0	0	0	0	0	0
k__Bacteria;p__Firmicutes;c__Clostridia;o__Clostridiales;f__Peptostreptococcaceae;g__Paraclostridium-Peptoclostridium;s__bifermentans-difficile	0	28	14	0	24965	13457	30	0	0	0	0	0	0	4479	0	0	0	0	0	0	0	14782	7846	24604	21041	0	0	1889	0	0	0	0	0	14241	16917	177	0	0	0	0	0	14	0	450	13	0	0	0	0	0	0	11233	4890	22464	8398	0	0	330	0
k__Bacteria;p__Firmicutes;c__Clostridia;o__Clostridiales;f__Peptostreptococcaceae;g__Peptoclostridium;s__difficile	0	0	0	0	0	0	0	0	0	0	0	0	0	0	0	0	0	42	0	0	0	0	0	114	0	0	0	0	0	0	0	0	0	0	0	0	0	0	0	0	11	0	0	0	0	0	0	0	0	0	0	0	0	81	0	0	0	0	0
k__Bacteria;p__Firmicutes;c__Clostridia;o__Clostridiales;f__Peptostreptococcaceae;g__Peptoclostridium;s__sp34340	0	0	0	0	0	0	0	0	0	0	0	0	0	0	0	0	0	0	0	0	0	0	0	0	0	0	0	0	0	0	0	0	0	0	0	0	173	0	0	0	0	0	0	0	0	0	0	0	0	0	0	0	0	0	0	0	0	0	0
k__Bacteria;p__Firmicutes;c__Clostridia;o__Clostridiales;f__Peptostreptococcaceae;g__Peptostreptococcus;s__anaerobius	0	0	0	0	0	0	0	0	0	0	0	0	0	0	0	0	0	0	0	0	0	113	0	0	0	0	0	0	0	38	0	0	0	0	0	0	0	0	0	0	0	0	0	0	0	0	0	0	0	0	0	120	0	0	0	0	0	0	0
k__Bacteria;p__Firmicutes;c__Clostridia;o__Clostridiales;f__Peptostreptococcaceae;g__Peptostreptococcus;s__anaerobius-stomatis	14	0	0	0	0	0	0	0	0	0	0	0	0	0	0	0	0	0	0	0	0	332	0	0	0	0	0	0	0	0	0	0	0	0	0	0	0	0	0	0	0	0	0	0	0	0	0	0	0	0	0	161	0	0	0	0	0	0	0
k__Bacteria;p__Firmicutes;c__Clostridia;o__Clostridiales;f__Peptostreptococcaceae;g__Romboutsia;s__ilealis	542	1411	471	493	1424	905	809	2232	2454	1307	1826	1558	1076	707	279	895	1299	87	75	332	515	1091	824	327	352	0	0	685	74	1152	314	374	333	688	794	1675	1533	1272	1026	1811	1133	1486	1616	502	354	631	726	105	73	415	296	659	386	348	154	0	18	351	74
k__Bacteria;p__Firmicutes;c__Clostridia;o__Clostridiales;f__Peptostreptococcaceae;g__Romboutsia;s__lituseburensis	16	40	0	0	0	0	0	0	0	0	0	0	0	0	0	0	0	0	0	0	0	27	21	0	0	0	0	0	0	42	0	0	0	0	0	0	0	0	0	0	0	0	0	0	0	0	0	0	0	0	0	14	0	0	0	0	0	0	0
k__Bacteria;p__Firmicutes;c__Clostridia;o__Clostridiales;f__Peptostreptococcaceae;g__Terrisporobacter;s__sp34390	0	923	0	0	0	0	0	0	0	0	0	0	0	0	0	0	0	0	0	0	0	0	0	0	0	0	0	0	0	1726	0	0	0	0	0	0	0	0	0	0	0	0	0	0	0	0	0	0	0	0	0	0	0	0	0	0	0	0	0
k__Bacteria;p__Firmicutes;c__Clostridia;o__Clostridiales;f__Peptostreptococcaceae;g__Terrisporobacter;s__sp34390-sp34393	0	0	0	0	0	0	0	0	0	0	0	0	0	0	0	0	0	109	0	0	0	0	0	0	0	0	0	0	0	0	0	0	0	0	0	0	0	0	0	0	0	0	0	0	0	0	0	24	0	0	0	0	0	0	0	0	0	0	0
k__Bacteria;p__Firmicutes;c__Clostridia;o__Clostridiales;f__Peptostreptococcaceae;g__Terrisporobacter;s__sp34393	24	62	35	53	17	12	92	101	55	113	104	19	12	202	97	0	0	0	0	108	116	64	29	37	46	0	0	0	0	61	18	24	46	0	0	129	328	28	23	91	84	21	34	190	131	0	0	0	0	141	106	21	22	26	0	0	0	0	0
k__Bacteria;p__Firmicutes;c__Clostridia;o__Clostridiales;f__Ruminococcaceae;g__*Soleaferrea;s__sp34492	0	19	0	0	40	0	0	11	0	0	0	0	0	18	0	0	0	0	0	0	0	0	12	0	0	17	0	86	0	13	0	0	0	0	19	0	0	13	0	0	0	29	0	14	0	0	0	0	0	0	0	0	0	0	0	0	0	14	0
k__Bacteria;p__Firmicutes;c__Clostridia;o__Clostridiales;f__Ruminococcaceae;g__*Soleaferrea;s__sp34499	0	0	0	0	0	0	0	0	0	0	0	0	0	0	0	0	0	0	0	0	0	0	0	0	0	0	0	40	0	0	0	0	0	0	0	0	0	0	0	0	0	0	0	0	0	0	0	0	0	0	0	0	0	0	0	0	0	14	0
k__Bacteria;p__Firmicutes;c__Clostridia;o__Clostridiales;f__Ruminococcaceae;g__*Soleaferrea;s__sp34501	0	91	135	0	18	0	0	0	0	0	0	0	0	0	0	0	0	0	0	0	0	19	0	56	20	0	0	0	0	81	0	111	0	0	13	0	0	0	0	0	0	0	0	0	0	0	0	0	0	0	0	13	0	82	36	0	0	0	0
k__Bacteria;p__Firmicutes;c__Clostridia;o__Clostridiales;f__Ruminococcaceae;g__*Soleaferrea;s__sp34506	0	0	0	0	0	0	0	0	0	0	0	0	0	18	0	0	0	0	0	0	0	0	0	0	0	11	0	0	0	0	0	0	0	0	0	0	14	0	0	0	0	0	0	11	0	0	0	0	0	0	0	0	0	31	0	0	0	0	0
k__Bacteria;p__Firmicutes;c__Clostridia;o__Clostridiales;f__Ruminococcaceae;g__Acetanaerobacterium;s__sp34408	0	26	0	0	0	0	0	0	0	11	0	0	0	0	0	0	0	0	0	11	0	13	0	0	0	0	0	48	0	11	0	0	0	0	0	39	0	0	0	0	0	0	0	20	0	0	0	0	0	0	0	11	0	14	0	0	0	17	0
k__Bacteria;p__Firmicutes;c__Clostridia;o__Clostridiales;f__Ruminococcaceae;g__Anaerofilum;s__sp34429	0	19	43	0	16	0	0	0	0	13	0	0	0	0	0	0	0	0	0	0	0	0	0	16	0	0	0	44	0	23	0	26	0	0	0	15	21	0	0	0	0	58	0	0	0	0	0	0	0	0	0	0	0	0	0	0	0	18	0
k__Bacteria;p__Firmicutes;c__Clostridia;o__Clostridiales;f__Ruminococcaceae;g__Anaerotruncus;s__colihominis	0	21	426	0	0	0	0	28	0	15	0	0	0	83	0	0	0	0	0	0	0	29	0	75	0	0	0	24	0	14	0	260	0	0	0	0	0	11	0	0	0	46	0	37	0	0	0	0	0	0	0	24	0	48	0	0	0	0	0
k__Bacteria;p__Firmicutes;c__Clostridia;o__Clostridiales;f__Ruminococcaceae;g__Anaerotruncus;s__sp34434	0	18	0	0	0	0	0	18	0	0	0	0	0	96	0	0	0	0	0	0	0	0	0	0	0	0	0	0	0	0	0	0	0	0	0	0	13	13	0	0	0	0	0	20	0	0	0	0	0	0	0	0	0	0	0	0	0	0	0
k__Bacteria;p__Firmicutes;c__Clostridia;o__Clostridiales;f__Ruminococcaceae;g__Anaerotruncus;s__sp34435	0	0	21	0	0	0	0	0	0	0	0	0	0	0	0	0	0	0	0	0	0	0	0	0	0	0	0	0	0	0	0	27	0	0	0	0	0	0	0	0	0	0	0	0	0	0	0	0	0	0	0	0	0	0	0	0	0	0	0
k__Bacteria;p__Firmicutes;c__Clostridia;o__Clostridiales;f__Ruminococcaceae;g__Anaerotruncus;s__sp34437	0	0	0	0	44	0	0	17	0	0	0	0	0	0	0	0	0	0	0	0	0	0	0	0	0	0	0	0	0	0	0	0	0	0	27	0	13	0	0	0	0	17	0	0	0	0	0	0	0	0	0	0	0	0	0	0	0	0	0
k__Bacteria;p__Firmicutes;c__Clostridia;o__Clostridiales;f__Ruminococcaceae;g__Anaerotruncus;s__sp34439	0	0	0	0	899	0	0	0	0	17	0	0	0	0	0	66	78	0	0	0	0	63	0	0	0	0	0	0	0	0	0	0	0	0	934	21	325	0	0	0	0	919	0	0	0	25	48	0	0	0	0	18	0	0	0	0	0	0	0
k__Bacteria;p__Firmicutes;c__Clostridia;o__Clostridiales;f__Ruminococcaceae;g__Anaerotruncus;s__sp34451	0	0	0	0	0	0	0	0	0	0	0	0	0	21	0	0	0	0	0	0	0	0	0	0	0	0	0	0	0	0	0	0	0	0	0	0	0	0	0	0	0	0	0	0	0	0	0	0	0	0	0	0	0	0	0	0	0	0	0
k__Bacteria;p__Firmicutes;c__Clostridia;o__Clostridiales;f__Ruminococcaceae;g__Anaerotruncus;s__sp34453	0	40	0	0	0	0	0	25	0	0	0	0	0	0	0	0	0	0	0	0	0	17	0	0	0	0	0	0	0	14	0	0	0	0	0	0	32	11	0	0	11	0	0	0	0	0	0	0	0	0	0	0	0	0	0	0	0	0	0
k__Bacteria;p__Firmicutes;c__Clostridia;o__Clostridiales;f__Ruminococcaceae;g__Anaerotruncus;s__sp34464	40	313	0	0	27	0	0	0	0	0	0	0	0	0	0	0	0	0	0	0	0	47	12	0	0	0	0	0	0	242	0	0	0	0	0	0	0	0	0	0	0	0	0	0	0	0	0	0	0	0	0	30	0	0	0	0	0	0	0
k__Bacteria;p__Firmicutes;c__Clostridia;o__Clostridiales;f__Ruminococcaceae;g__Anaerotruncus;s__sp34478	0	27	100	0	13	0	0	0	0	0	0	0	0	0	0	26	16	0	0	14	0	0	0	0	0	0	0	0	0	28	0	93	0	0	19	0	0	16	0	0	43	91	0	38	0	0	0	0	0	46	0	0	0	0	0	0	0	0	0
k__Bacteria;p__Firmicutes;c__Clostridia;o__Clostridiales;f__Ruminococcaceae;g__Faecalibacterium;s__prausnitzii	636	64	1442	691	329	50	459	798	1406	1331	37	389	26	0	0	2664	1139	710	205	295	0	41	743	162	1378	3822	3127	86	53	0	135	3537	2523	1910	233	111	34	470	1460	26	1113	941	79	11	132	2862	3445	1001	1207	186	20	26	59	495	1397	2676	2564	47	618
k__Bacteria;p__Firmicutes;c__Clostridia;o__Clostridiales;f__Ruminococcaceae;g__Faecalibacterium;s__sp34544	0	0	0	0	0	0	0	117	0	393	0	0	0	0	0	2588	356	0	0	0	0	0	0	0	0	56	99	0	0	0	0	0	0	0	0	0	0	181	20	0	353	0	0	0	0	1936	3309	0	0	0	0	0	0	0	0	41	55	0	0
k__Bacteria;p__Firmicutes;c__Clostridia;o__Clostridiales;f__Ruminococcaceae;g__Faecalibacterium;s__sp34558	0	0	0	0	0	0	0	0	0	461	0	0	0	0	0	219	149	0	0	29	0	0	0	0	0	254	485	24	0	0	0	0	0	0	0	0	0	161	0	0	211	0	0	0	0	156	116	0	0	22	0	0	0	0	0	411	264	46	37
k__Bacteria;p__Firmicutes;c__Clostridia;o__Clostridiales;f__Ruminococcaceae;g__Fastidiosipila;s__sp34566	0	98	0	0	0	0	0	0	0	0	0	0	0	0	0	0	0	0	0	0	0	24	0	0	0	0	0	0	0	128	0	0	0	0	0	0	0	0	0	0	0	0	0	0	0	0	0	0	0	0	0	26	0	0	0	0	0	0	0
k__Bacteria;p__Firmicutes;c__Clostridia;o__Clostridiales;f__Ruminococcaceae;g__Flavonifractor;s__plautii	90	748	336	0	77	0	21	254	0	286	0	55	0	1773	0	123	93	83	0	422	0	283	191	0	42	174	0	1427	0	318	11	310	0	0	53	269	343	151	0	0	282	522	0	1786	0	52	0	75	0	351	0	196	120	46	24	88	95	401	0
k__Bacteria;p__Firmicutes;c__Clostridia;o__Clostridiales;f__Ruminococcaceae;g__Hydrogenoanaerobacterium;s__sp34616	0	217	0	0	0	0	0	0	0	0	0	0	0	233	0	14	89	0	0	0	0	85	12	0	0	0	0	0	0	165	0	0	0	0	0	0	0	0	0	0	0	0	0	411	0	0	0	0	0	0	0	69	17	0	0	0	0	149	0
k__Bacteria;p__Firmicutes;c__Clostridia;o__Clostridiales;f__Ruminococcaceae;g__Intestinimonas;s__butyriciproducens	0	0	119	0	0	0	0	38	0	198	0	0	0	20	0	0	0	0	0	0	0	0	0	168	217	0	0	0	0	0	0	112	0	0	0	0	0	32	0	0	22	0	0	0	0	0	0	0	0	0	0	0	0	259	119	0	0	0	0
k__Bacteria;p__Firmicutes;c__Clostridia;o__Clostridiales;f__Ruminococcaceae;g__Intestinimonas;s__sp34627	0	21	0	0	0	0	0	19	0	54	0	0	0	0	0	0	0	0	0	0	0	0	0	0	0	0	0	0	0	32	0	0	0	0	0	0	0	0	0	0	48	0	0	0	0	0	0	0	0	0	0	0	0	0	0	0	0	0	0
k__Bacteria;p__Firmicutes;c__Clostridia;o__Clostridiales;f__Ruminococcaceae;g__Intestinimonas;s__sp34627-sp34863	0	42	0	0	0	0	0	0	0	0	0	0	0	132	0	0	0	0	0	16	0	0	0	0	0	0	0	0	0	28	0	0	0	0	0	0	0	0	0	0	0	0	0	230	0	0	0	0	0	19	0	0	0	0	0	0	0	0	0
k__Bacteria;p__Firmicutes;c__Clostridia;o__Clostridiales;f__Ruminococcaceae;g__NA;s__sp33136	0	0	0	0	42	0	0	0	0	0	0	0	0	0	0	0	0	0	0	0	0	0	0	0	0	0	0	464	0	0	0	0	0	0	49	0	0	0	0	0	0	0	0	0	0	0	0	0	0	0	0	0	0	0	0	13	0	0	0
k__Bacteria;p__Firmicutes;c__Clostridia;o__Clostridiales;f__Ruminococcaceae;g__NA;s__sp33138-sp35147-sp35148	0	0	0	0	0	0	0	0	0	0	0	0	0	0	0	0	0	0	0	0	0	0	0	0	0	0	0	56	0	0	0	0	0	0	0	0	0	0	0	0	0	0	0	0	0	0	0	0	0	0	0	0	0	0	0	0	0	0	0
k__Bacteria;p__Firmicutes;c__Clostridia;o__Clostridiales;f__Ruminococcaceae;g__NA;s__sp34736	0	0	0	0	0	0	0	0	0	0	0	0	0	0	0	0	0	0	0	0	0	0	0	0	0	0	0	0	0	0	0	0	0	0	0	0	0	0	0	0	0	11	0	0	0	0	0	0	0	0	0	0	0	0	0	0	0	0	0
k__Bacteria;p__Firmicutes;c__Clostridia;o__Clostridiales;f__Ruminococcaceae;g__NA;s__sp34750	0	18	0	0	0	0	0	13	0	0	0	0	0	0	0	0	0	0	0	0	0	0	0	0	0	0	0	0	0	17	0	0	0	0	0	0	0	0	0	0	0	0	0	0	0	0	0	0	0	0	0	0	0	0	0	0	0	0	0
k__Bacteria;p__Firmicutes;c__Clostridia;o__Clostridiales;f__Ruminococcaceae;g__NA;s__sp34765	0	0	20	0	20	0	0	0	0	0	0	0	0	0	0	0	0	14	0	0	0	0	0	11	0	0	0	69	0	0	0	13	0	0	14	0	0	0	0	0	0	13	0	0	0	0	0	0	0	0	0	0	0	0	0	0	14	32	0
k__Bacteria;p__Firmicutes;c__Clostridia;o__Clostridiales;f__Ruminococcaceae;g__NA;s__sp34773-sp34790	0	69	0	0	0	0	0	0	0	0	0	0	0	0	0	0	0	0	0	0	0	34	0	0	0	0	0	12	0	21	0	0	0	0	0	0	0	0	0	0	0	11	0	0	0	0	0	0	0	0	0	17	0	13	0	0	0	0	0
k__Bacteria;p__Firmicutes;c__Clostridia;o__Clostridiales;f__Ruminococcaceae;g__NA;s__sp34790	0	0	0	0	0	0	0	0	0	0	0	0	0	0	0	0	0	0	0	0	0	0	0	0	0	0	0	16	0	0	0	0	0	0	0	0	0	0	0	0	0	0	0	0	0	0	0	0	0	0	0	0	0	0	0	0	0	0	0
k__Bacteria;p__Firmicutes;c__Clostridia;o__Clostridiales;f__Ruminococcaceae;g__NA;s__sp34795	0	18	130	14	697	0	11	260	107	297	114	190	20	733	20	0	52	65	0	22	0	16	22	125	62	227	95	776	17	15	25	160	19	647	1186	330	36	1018	45	143	854	519	15	692	34	26	0	421	15	33	0	58	93	577	220	383	433	1564	43
k__Bacteria;p__Firmicutes;c__Clostridia;o__Clostridiales;f__Ruminococcaceae;g__NA;s__sp34799	0	11	0	0	0	0	0	104	0	0	0	0	0	0	0	0	0	0	0	0	0	12	0	0	0	0	0	0	0	0	0	0	0	0	0	0	0	0	0	0	0	0	0	0	0	0	0	0	0	0	0	0	0	0	0	0	0	0	0
k__Bacteria;p__Firmicutes;c__Clostridia;o__Clostridiales;f__Ruminococcaceae;g__NA;s__sp34820	0	0	0	0	0	0	0	12	0	35	0	0	0	0	0	0	22	43	0	0	0	0	0	0	0	0	0	334	0	0	0	0	0	0	0	58	0	99	0	0	136	0	0	358	0	0	0	79	0	0	0	36	40	24	0	0	0	463	0
k__Bacteria;p__Firmicutes;c__Clostridia;o__Clostridiales;f__Ruminococcaceae;g__NA;s__sp34850	0	22	0	0	56	0	0	0	0	0	0	0	0	0	0	0	0	0	0	0	0	0	0	239	43	0	0	0	0	14	0	0	0	0	0	0	0	0	0	0	0	0	0	0	0	0	0	0	0	0	0	16	0	54	0	0	0	0	0
k__Bacteria;p__Firmicutes;c__Clostridia;o__Clostridiales;f__Ruminococcaceae;g__NA;s__sp34851	0	0	0	0	0	0	67	0	0	27	0	0	0	0	0	264	116	0	0	0	0	0	0	0	0	22	0	0	0	0	0	0	0	0	32	16	28	12	0	0	66	0	0	0	0	118	0	0	0	0	0	0	0	0	0	0	14	150	0
k__Bacteria;p__Firmicutes;c__Clostridia;o__Clostridiales;f__Ruminococcaceae;g__NA;s__sp34857	0	31	116	0	0	0	0	0	0	0	0	0	0	36	0	0	0	0	0	0	0	18	0	15	0	0	0	0	0	27	0	53	0	0	0	0	14	0	0	0	0	0	0	0	0	0	0	0	0	0	0	0	0	0	0	0	0	0	0
k__Bacteria;p__Firmicutes;c__Clostridia;o__Clostridiales;f__Ruminococcaceae;g__NA;s__sp34859	0	0	0	0	0	0	0	0	0	0	0	0	0	0	0	0	0	0	0	0	0	0	0	0	0	0	0	0	0	0	0	0	0	0	0	0	30	0	0	0	0	0	0	0	0	0	0	0	0	0	0	0	0	0	0	0	0	0	0
k__Bacteria;p__Firmicutes;c__Clostridia;o__Clostridiales;f__Ruminococcaceae;g__NA;s__sp34980	0	0	13	0	139	0	13	724	0	194	0	0	0	0	0	18	191	51	0	0	0	0	0	29	50	230	0	523	0	0	0	0	0	0	158	28	39	123	0	0	60	27	0	0	0	16	0	46	0	0	0	0	0	111	24	82	52	241	0
k__Bacteria;p__Firmicutes;c__Clostridia;o__Clostridiales;f__Ruminococcaceae;g__NA;s__sp35036	0	0	0	0	0	0	0	90	0	0	0	0	0	0	0	0	0	23	0	0	0	0	0	0	0	0	0	30	0	0	0	0	0	0	0	0	0	48	0	0	0	0	0	0	0	0	0	0	0	0	0	0	0	0	0	0	0	12	0
k__Bacteria;p__Firmicutes;c__Clostridia;o__Clostridiales;f__Ruminococcaceae;g__NA;s__sp35037	0	12	0	0	62	0	0	126	0	105	0	0	0	0	0	203	301	53	0	0	0	0	0	0	0	0	0	22	0	0	0	0	0	0	185	0	20	16	0	0	56	71	0	0	0	52	25	21	0	0	0	0	0	12	0	0	0	0	0
k__Bacteria;p__Firmicutes;c__Clostridia;o__Clostridiales;f__Ruminococcaceae;g__NA;s__sp35038	0	0	0	0	0	0	0	0	0	0	0	0	0	0	0	15	0	0	0	0	0	0	0	0	0	0	0	0	0	0	0	0	0	0	0	0	0	0	0	0	0	0	0	0	0	0	15	0	0	0	0	0	0	0	0	0	0	0	0
k__Bacteria;p__Firmicutes;c__Clostridia;o__Clostridiales;f__Ruminococcaceae;g__NA;s__sp35046	25	984	0	0	22	0	0	18	0	20	0	0	0	16	0	0	0	78	0	0	0	111	20	0	0	0	0	0	0	378	0	0	0	0	18	0	0	0	0	0	0	116	0	14	0	0	0	0	0	0	0	61	20	0	0	0	0	0	0
k__Bacteria;p__Firmicutes;c__Clostridia;o__Clostridiales;f__Ruminococcaceae;g__NA;s__sp35056	0	11	158	0	36	0	22	102	0	65	0	23	0	55	0	0	59	44	0	0	0	39	27	0	24	153	0	471	0	0	0	0	0	0	42	27	22	43	0	0	57	118	0	39	0	0	0	12	0	0	0	0	0	34	13	102	65	235	0
k__Bacteria;p__Firmicutes;c__Clostridia;o__Clostridiales;f__Ruminococcaceae;g__NA;s__sp35059	0	220	0	0	0	0	0	602	0	18	0	0	0	584	0	0	0	0	0	0	0	271	0	0	0	12	0	0	0	297	0	0	0	0	0	0	29	12	0	0	0	0	0	40	0	0	0	0	0	0	0	120	0	0	0	33	0	0	0
k__Bacteria;p__Firmicutes;c__Clostridia;o__Clostridiales;f__Ruminococcaceae;g__NA;s__sp35067	0	0	0	0	0	0	0	0	0	0	0	0	0	0	0	0	0	0	0	0	0	0	0	0	0	0	0	11	0	0	0	0	0	0	0	0	0	0	0	0	0	0	0	0	0	0	0	0	0	0	0	0	0	0	0	0	0	0	0
k__Bacteria;p__Firmicutes;c__Clostridia;o__Clostridiales;f__Ruminococcaceae;g__NA;s__sp35083	0	57	0	0	32	0	0	35	0	0	0	0	0	113	0	0	0	0	0	0	0	45	16	0	0	0	0	0	0	27	0	0	0	0	25	16	29	11	0	0	0	0	0	88	0	0	0	0	0	0	0	26	0	38	0	0	0	0	0
k__Bacteria;p__Firmicutes;c__Clostridia;o__Clostridiales;f__Ruminococcaceae;g__NA;s__sp35094	0	0	0	0	0	0	0	56	0	0	0	0	0	0	0	0	0	0	0	0	0	0	0	0	0	0	0	0	0	0	0	0	0	0	0	0	0	12	0	0	0	0	0	0	0	0	0	0	0	0	0	0	0	0	0	0	0	0	0
k__Bacteria;p__Firmicutes;c__Clostridia;o__Clostridiales;f__Ruminococcaceae;g__NA;s__sp35100	0	0	0	0	0	0	0	0	0	0	0	0	0	0	0	0	0	0	0	0	0	0	0	0	0	0	0	0	0	0	0	0	0	0	0	0	20	0	0	0	0	0	0	0	0	0	0	0	0	0	0	0	0	0	0	0	0	0	0
k__Bacteria;p__Firmicutes;c__Clostridia;o__Clostridiales;f__Ruminococcaceae;g__NA;s__sp35125	0	0	0	0	0	0	0	0	0	0	0	0	0	0	0	0	29	0	0	0	0	0	0	0	0	0	0	0	0	0	0	0	0	0	0	0	0	0	0	0	0	0	0	0	0	0	0	0	0	0	0	0	0	0	0	0	0	0	0
k__Bacteria;p__Firmicutes;c__Clostridia;o__Clostridiales;f__Ruminococcaceae;g__NA;s__sp35127	0	0	0	0	0	0	0	20	0	0	0	0	0	0	0	0	0	0	0	0	0	0	0	0	0	0	0	0	0	0	0	0	0	0	0	0	0	0	0	0	0	0	0	0	0	0	0	0	0	0	0	0	0	0	0	0	0	0	0
k__Bacteria;p__Firmicutes;c__Clostridia;o__Clostridiales;f__Ruminococcaceae;g__NA;s__sp35147-sp35148	0	0	0	0	0	0	0	0	0	0	0	0	0	70	0	0	0	0	0	0	0	0	0	0	0	0	0	101	0	0	0	0	0	0	0	0	0	0	0	0	0	0	0	0	0	0	0	0	0	0	0	0	0	0	0	0	0	0	0
k__Bacteria;p__Firmicutes;c__Clostridia;o__Clostridiales;f__Ruminococcaceae;g__NA;s__sp35181	0	0	0	0	0	0	0	0	0	0	0	0	0	0	0	0	0	0	0	0	0	0	0	0	0	0	0	0	0	17	0	0	0	0	0	0	0	0	0	0	0	0	0	0	0	0	0	0	0	0	0	0	0	0	0	0	0	0	0
k__Bacteria;p__Firmicutes;c__Clostridia;o__Clostridiales;f__Ruminococcaceae;g__NA;s__sp35199-sp35257	0	25	0	0	0	0	0	0	0	0	0	0	0	11	0	0	0	0	0	0	0	14	0	0	0	0	0	0	0	13	0	0	0	0	0	0	0	0	0	0	0	0	0	0	0	0	0	0	0	0	0	0	0	0	0	0	0	0	0
k__Bacteria;p__Firmicutes;c__Clostridia;o__Clostridiales;f__Ruminococcaceae;g__NA;s__sp35287-sp35305	15	73	0	0	0	0	0	0	0	0	0	0	0	19	0	0	12	0	0	0	0	36	20	0	0	0	0	0	0	60	0	0	0	0	0	0	0	0	0	0	0	0	0	0	0	0	0	0	0	21	0	23	11	0	0	0	0	0	0
k__Bacteria;p__Firmicutes;c__Clostridia;o__Clostridiales;f__Ruminococcaceae;g__NA;s__sp35288	0	0	0	0	0	0	0	0	0	0	0	0	0	0	0	0	0	0	0	0	0	20	0	0	0	0	0	0	0	0	0	0	0	0	0	0	0	0	0	0	0	0	0	0	0	0	0	0	0	0	0	13	0	0	0	0	0	0	0
k__Bacteria;p__Firmicutes;c__Clostridia;o__Clostridiales;f__Ruminococcaceae;g__NA;s__sp35297	0	0	0	0	0	0	0	17	0	0	0	0	0	0	0	35	24	0	0	0	0	0	0	0	0	24	17	0	0	0	0	0	0	0	0	0	0	0	0	0	0	0	0	0	0	14	0	0	0	0	0	0	0	0	0	16	26	0	0
k__Bacteria;p__Firmicutes;c__Clostridia;o__Clostridiales;f__Ruminococcaceae;g__NA;s__sp35306	0	11	0	0	0	0	0	0	0	0	0	0	0	17	0	0	0	0	0	0	0	0	0	0	0	0	0	16	0	0	0	0	0	0	0	0	0	0	0	0	0	0	0	0	0	0	0	0	0	0	0	0	0	0	0	0	0	0	0
k__Bacteria;p__Firmicutes;c__Clostridia;o__Clostridiales;f__Ruminococcaceae;g__NA;s__sp35328	0	0	0	0	0	0	0	0	0	0	0	0	0	0	0	11	0	0	0	0	0	0	0	0	0	0	0	0	0	0	0	0	0	0	0	0	0	0	0	0	0	0	0	0	0	0	0	0	0	0	0	0	0	0	0	0	0	0	0
k__Bacteria;p__Firmicutes;c__Clostridia;o__Clostridiales;f__Ruminococcaceae;g__NA;s__sp35363	0	0	0	0	0	0	0	0	0	0	0	0	0	0	0	12	11	0	0	0	0	0	0	0	0	0	0	0	0	0	0	0	0	0	0	0	0	0	0	0	0	0	0	0	0	0	0	0	0	0	0	0	0	0	0	0	0	0	0
k__Bacteria;p__Firmicutes;c__Clostridia;o__Clostridiales;f__Ruminococcaceae;g__NA;s__sp35472	0	0	0	0	0	0	0	0	0	0	0	0	0	58	0	0	0	0	0	0	0	0	0	31	21	0	0	0	0	0	0	0	0	0	0	0	0	0	0	0	0	0	0	16	0	0	0	0	0	0	0	0	0	48	0	0	0	0	0
k__Bacteria;p__Firmicutes;c__Clostridia;o__Clostridiales;f__Ruminococcaceae;g__NA;s__sp35487	0	0	52	0	0	0	0	0	0	0	0	0	0	19	0	0	0	0	0	0	0	0	0	160	18	0	0	0	0	0	0	67	0	0	0	0	0	0	0	0	0	0	0	17	0	0	0	0	0	12	0	0	0	218	28	0	0	0	0
k__Bacteria;p__Firmicutes;c__Clostridia;o__Clostridiales;f__Ruminococcaceae;g__NA;s__sp35604	0	0	0	0	0	0	0	0	0	0	0	0	0	0	0	11	0	0	0	0	0	0	0	0	0	0	0	650	0	0	0	0	0	0	0	0	0	0	0	0	0	0	0	0	0	0	0	0	0	0	0	0	0	0	0	0	0	74	0
k__Bacteria;p__Firmicutes;c__Clostridia;o__Clostridiales;f__Ruminococcaceae;g__NA;s__sp35646	0	0	0	0	0	0	0	0	0	0	0	0	0	180	0	0	0	0	0	14	25	0	0	0	0	0	0	0	0	20	0	0	0	0	0	0	0	0	0	0	0	0	0	56	11	0	0	0	0	18	11	0	0	0	0	0	0	0	0
k__Bacteria;p__Firmicutes;c__Clostridia;o__Clostridiales;f__Ruminococcaceae;g__NA;s__sp35665	0	30	0	0	0	0	0	0	0	0	0	0	0	0	0	0	0	0	0	0	0	0	0	0	0	0	0	26	0	22	0	0	0	0	0	0	0	0	0	0	0	0	0	0	0	0	0	0	0	0	0	0	0	0	0	0	0	13	0
k__Bacteria;p__Firmicutes;c__Clostridia;o__Clostridiales;f__Ruminococcaceae;g__NA;s__sp35667	0	0	0	0	0	0	0	0	0	0	0	0	0	0	0	0	0	0	0	0	0	0	0	0	22	0	0	0	0	0	0	0	0	0	0	0	0	0	0	0	0	0	0	0	0	0	0	0	0	0	0	0	0	14	0	0	0	0	0
k__Bacteria;p__Firmicutes;c__Clostridia;o__Clostridiales;f__Ruminococcaceae;g__NA;s__sp35669	0	0	0	0	15	0	0	0	0	0	0	17	0	0	0	0	0	0	0	0	0	0	0	0	0	0	0	0	0	0	0	0	0	0	20	0	0	0	0	0	0	35	0	0	0	0	0	0	0	0	0	0	0	0	0	0	0	0	0
k__Bacteria;p__Firmicutes;c__Clostridia;o__Clostridiales;f__Ruminococcaceae;g__NA;s__sp35690	32	256	413	0	0	0	0	35	0	0	0	0	0	312	0	0	31	0	0	47	0	63	0	61	0	0	0	60	0	128	0	301	0	0	0	0	0	14	0	0	0	0	0	323	0	0	0	0	0	59	0	40	21	69	0	0	0	42	0
k__Bacteria;p__Firmicutes;c__Clostridia;o__Clostridiales;f__Ruminococcaceae;g__NA;s__sp35703	0	100	110	0	0	0	0	0	0	0	0	0	0	0	0	0	0	0	0	0	0	18	0	273	12	0	0	0	0	43	0	123	0	0	0	0	0	0	0	0	0	0	0	0	0	0	0	0	0	0	0	20	0	250	0	0	0	0	0
k__Bacteria;p__Firmicutes;c__Clostridia;o__Clostridiales;f__Ruminococcaceae;g__NA;s__sp35744	0	0	0	0	0	0	11	0	0	0	0	0	0	0	0	0	0	0	0	0	0	0	0	0	0	0	0	0	0	0	0	0	0	0	0	33	35	0	0	0	0	0	0	0	0	0	0	0	0	0	0	0	0	0	0	0	0	0	0
k__Bacteria;p__Firmicutes;c__Clostridia;o__Clostridiales;f__Ruminococcaceae;g__NA;s__sp35758	0	703	65	0	0	0	0	308	0	11	0	0	0	209	0	0	0	0	0	0	0	82	0	14	0	0	0	100	0	399	0	20	0	0	0	0	0	23	0	0	0	0	0	0	0	0	0	0	0	0	0	94	0	20	0	0	0	22	0
k__Bacteria;p__Firmicutes;c__Clostridia;o__Clostridiales;f__Ruminococcaceae;g__NA;s__sp35759	0	0	0	0	0	0	0	175	0	56	0	0	0	21	0	0	0	0	0	0	0	22	0	0	0	0	0	143	0	0	0	0	0	0	0	0	39	58	0	0	27	0	0	0	0	0	0	0	0	0	0	0	0	0	0	0	0	36	0
k__Bacteria;p__Firmicutes;c__Clostridia;o__Clostridiales;f__Ruminococcaceae;g__NA;s__sp35765	0	123	0	0	0	0	0	0	0	0	0	0	0	0	0	20	18	0	0	0	0	94	0	0	0	0	0	0	0	216	0	0	0	0	0	0	94	0	0	0	0	0	0	0	0	0	0	0	0	0	0	58	0	0	0	0	0	0	0
k__Bacteria;p__Firmicutes;c__Clostridia;o__Clostridiales;f__Ruminococcaceae;g__NA;s__sp35770	0	11	0	0	0	0	0	143	0	87	0	0	0	0	0	50	15	145	0	0	0	0	0	0	0	0	0	1514	0	0	0	0	0	0	0	0	18	50	0	0	111	22	0	0	0	0	0	18	0	0	0	0	0	0	0	0	0	1035	0
k__Bacteria;p__Firmicutes;c__Clostridia;o__Clostridiales;f__Ruminococcaceae;g__NA;s__sp35784	15	13	16	0	0	0	0	23	0	0	0	0	0	0	0	0	0	0	0	0	0	0	31	0	0	0	0	0	0	12	0	12	0	0	0	0	0	19	0	0	0	0	0	14	0	0	0	0	0	0	0	0	0	0	0	0	0	0	0
k__Bacteria;p__Firmicutes;c__Clostridia;o__Clostridiales;f__Ruminococcaceae;g__NA;s__sp35796	0	21	0	0	0	0	0	16	0	0	0	0	0	157	0	0	0	0	0	0	0	0	0	0	0	0	0	200	0	12	0	0	0	0	0	0	0	0	0	0	0	0	0	12	0	0	0	0	0	0	0	0	0	0	0	0	0	46	0
k__Bacteria;p__Firmicutes;c__Clostridia;o__Clostridiales;f__Ruminococcaceae;g__NA;s__sp35799	0	0	0	0	0	0	0	0	0	46	0	0	0	0	0	15	0	0	0	0	0	0	0	0	0	0	0	0	0	0	0	0	0	0	0	0	0	0	0	0	0	0	0	0	0	0	0	0	0	0	0	0	0	0	0	0	0	0	0
k__Bacteria;p__Firmicutes;c__Clostridia;o__Clostridiales;f__Ruminococcaceae;g__NA;s__sp35829	0	60	0	0	14	0	0	0	0	0	0	0	0	0	0	0	19	0	0	0	0	40	0	18	0	70	0	0	0	33	0	0	0	0	29	0	0	0	0	0	0	0	0	0	0	0	0	0	0	0	0	27	11	29	0	22	17	0	0
k__Bacteria;p__Firmicutes;c__Clostridia;o__Clostridiales;f__Ruminococcaceae;g__NA;s__sp35830	0	0	0	0	0	0	23	0	0	0	0	0	0	0	0	0	0	0	0	0	0	0	0	0	0	0	0	0	0	0	0	0	0	0	0	30	0	0	0	0	0	0	0	0	0	0	0	0	0	0	0	0	0	0	0	0	0	0	0
k__Bacteria;p__Firmicutes;c__Clostridia;o__Clostridiales;f__Ruminococcaceae;g__NA;s__sp35834	0	379	144	0	57	0	0	0	0	0	0	0	0	106	0	0	13	0	0	0	0	88	42	31	0	0	0	296	0	129	0	127	0	0	46	42	63	0	0	0	38	56	0	0	0	0	0	0	0	0	0	72	19	49	0	0	0	96	0
k__Bacteria;p__Firmicutes;c__Clostridia;o__Clostridiales;f__Ruminococcaceae;g__NA;s__sp35860	0	0	0	0	0	0	0	0	0	0	0	0	0	0	0	0	0	0	0	0	0	0	0	0	0	0	0	17	0	0	0	0	0	0	0	0	0	0	0	0	0	0	0	0	0	0	0	0	0	0	0	0	0	0	0	0	0	0	0
k__Bacteria;p__Firmicutes;c__Clostridia;o__Clostridiales;f__Ruminococcaceae;g__NA;s__sp35866	0	0	15	0	0	0	0	0	0	0	0	0	0	0	0	0	0	0	0	0	0	0	0	0	0	0	0	0	0	0	0	0	0	0	0	0	0	0	0	0	0	0	0	0	0	0	0	0	0	0	0	0	0	0	0	0	0	0	0
k__Bacteria;p__Firmicutes;c__Clostridia;o__Clostridiales;f__Ruminococcaceae;g__NA;s__sp35896	0	0	0	0	18	0	0	0	0	0	0	0	0	0	0	0	0	0	0	0	0	0	0	0	0	0	0	0	0	0	0	0	0	0	0	0	11	0	0	0	0	0	0	0	0	0	0	0	0	0	0	0	0	0	0	0	0	0	0
k__Bacteria;p__Firmicutes;c__Clostridia;o__Clostridiales;f__Ruminococcaceae;g__Ruminiclostridium;s__sp34900	0	0	0	0	0	0	24	0	0	0	0	0	0	0	0	0	0	0	0	0	0	0	0	0	0	0	0	0	0	0	0	0	0	0	0	0	0	0	0	0	0	0	0	0	0	0	0	0	0	0	0	0	0	0	0	0	0	0	0
k__Bacteria;p__Firmicutes;c__Clostridia;o__Clostridiales;f__Ruminococcaceae;g__Ruminiclostridium;s__sp34903	0	0	0	0	0	0	0	0	0	0	0	0	0	0	0	0	0	0	0	0	0	0	0	0	0	0	0	13	0	0	0	0	0	0	0	0	0	0	0	0	0	0	0	0	0	0	0	17	0	0	0	0	0	0	0	0	0	0	0
k__Bacteria;p__Firmicutes;c__Clostridia;o__Clostridiales;f__Ruminococcaceae;g__Ruminiclostridium;s__sp34903-sp34912-sp34921	0	0	0	0	0	0	0	0	0	0	0	0	0	0	0	0	0	0	0	0	0	0	0	0	0	0	0	0	0	0	0	0	0	0	16	0	0	0	0	0	0	0	0	0	0	0	0	0	0	0	0	0	0	31	0	0	0	0	0
k__Bacteria;p__Firmicutes;c__Clostridia;o__Clostridiales;f__Ruminococcaceae;g__Ruminiclostridium;s__sp34903-sp34921	0	0	0	0	0	0	0	0	0	0	0	0	0	0	0	0	0	0	0	0	0	0	0	0	12	0	0	0	0	0	0	0	0	0	0	0	0	0	0	0	0	0	0	0	0	0	0	0	0	0	0	0	0	16	0	0	0	0	0
k__Bacteria;p__Firmicutes;c__Clostridia;o__Clostridiales;f__Ruminococcaceae;g__Ruminiclostridium;s__sp34909	23	11	0	0	286	0	0	0	12	0	0	26	0	0	0	424	79	117	0	0	0	0	107	42	433	181	222	0	0	0	0	0	0	111	219	158	598	112	0	0	15	176	0	0	0	260	0	61	0	0	0	0	0	187	150	66	123	0	0
k__Bacteria;p__Firmicutes;c__Clostridia;o__Clostridiales;f__Ruminococcaceae;g__Ruminiclostridium;s__sp34921	0	14	0	0	0	0	0	14	0	0	0	0	0	73	0	14	0	0	0	0	0	0	0	0	0	0	0	24	0	0	0	0	0	0	0	0	0	0	0	0	11	14	0	31	0	0	0	0	0	0	0	0	0	0	0	0	0	15	0
k__Bacteria;p__Firmicutes;c__Clostridia;o__Clostridiales;f__Ruminococcaceae;g__Ruminiclostridium;s__sp34921-sp34937	0	16	0	0	0	0	0	0	0	0	0	0	0	0	0	0	0	0	0	0	0	86	47	0	0	0	0	0	0	17	0	0	0	0	0	0	0	0	0	0	0	0	0	0	0	0	0	0	0	0	0	69	38	0	0	0	0	0	0
k__Bacteria;p__Firmicutes;c__Clostridia;o__Clostridiales;f__Ruminococcaceae;g__Ruminiclostridium;s__sp34934	0	0	0	0	0	0	0	0	0	0	0	0	0	0	0	0	0	0	0	0	0	0	0	0	0	0	0	38	0	0	0	0	0	0	0	0	0	0	0	0	0	0	0	0	0	0	0	0	0	0	0	0	0	0	0	0	0	13	0
k__Bacteria;p__Firmicutes;c__Clostridia;o__Clostridiales;f__Ruminococcaceae;g__Ruminiclostridium;s__sp34937	0	0	0	0	0	0	0	0	0	0	0	0	0	0	0	0	0	0	0	0	0	0	0	0	0	0	0	0	0	0	0	0	0	0	0	0	0	0	0	0	0	0	0	0	0	0	0	0	0	0	0	0	0	0	0	0	0	11	0
k__Bacteria;p__Firmicutes;c__Clostridia;o__Clostridiales;f__Ruminococcaceae;g__Ruminiclostridium;s__sp34949	0	14	0	0	129	0	0	14	0	0	12	31	0	12	0	0	14	26	0	0	0	0	0	0	0	0	0	51	0	0	0	0	0	0	80	0	0	21	0	11	31	62	0	68	0	11	0	44	0	13	0	11	14	12	0	0	0	96	0
k__Bacteria;p__Firmicutes;c__Clostridia;o__Clostridiales;f__Ruminococcaceae;g__Ruminiclostridium;s__sp34950	0	0	0	0	0	0	0	0	0	0	0	0	0	0	0	0	0	0	0	0	0	0	0	0	61	0	0	0	0	0	0	0	0	0	0	0	0	0	0	0	0	0	0	0	0	0	0	0	0	0	0	0	0	54	35	0	0	0	0
k__Bacteria;p__Firmicutes;c__Clostridia;o__Clostridiales;f__Ruminococcaceae;g__Ruminococcus;s__bromii	0	23	16	0	46	0	0	463	289	545	303	97	47	2538	22	331	104	0	0	36	14	16	0	44	19	0	0	37	0	27	0	13	0	86	39	0	0	1175	89	216	689	46	29	1448	61	156	129	0	0	37	11	0	0	37	0	0	0	16	0
k__Bacteria;p__Firmicutes;c__Clostridia;o__Clostridiales;f__Ruminococcaceae;g__Ruminococcus;s__flavefaciens	0	0	0	0	0	0	0	0	0	0	0	0	0	0	0	0	0	0	0	0	0	0	0	0	0	0	0	0	0	0	0	0	0	0	0	0	0	0	0	0	0	0	0	0	0	0	0	0	0	0	0	0	0	11	0	0	0	0	0
k__Bacteria;p__Firmicutes;c__Clostridia;o__Clostridiales;f__Ruminococcaceae;g__Subdoligranulum;s__sp35580-sp35585	30	0	37	75	418	153	360	3138	814	393	459	510	208	21	0	2296	1049	145	37	21	0	32	129	48	159	187	197	386	35	0	0	21	118	282	542	64	28	4010	901	415	487	888	271	11	26	1525	769	118	45	0	0	15	0	157	131	81	96	353	57
k__Bacteria;p__Firmicutes;c__Clostridia;o__Clostridiales;f__Ruminococcaceae;g__Subdoligranulum;s__sp35580-sp35585-variabile	0	0	0	0	200	0	0	26	14	30	0	0	0	0	0	74	30	137	12	0	0	0	0	0	17	106	230	152	0	0	0	0	0	0	139	63	0	73	0	0	43	0	0	0	0	49	44	90	0	0	0	0	0	21	0	55	55	104	15
k__Bacteria;p__Firmicutes;c__Clostridia;o__Clostridiales;f__Ruminococcaceae;g__Subdoligranulum;s__sp35582	17	0	0	0	1281	167	457	977	1243	1140	828	573	286	210	24	869	600	217	74	38	28	23	143	32	169	229	213	286	11	0	0	0	0	502	650	69	36	870	501	975	1274	800	372	131	71	713	510	223	191	25	14	13	19	111	39	90	127	222	31
k__Bacteria;p__Firmicutes;c__Clostridia;o__Clostridiales;f__Ruminococcaceae;g__Subdoligranulum;s__sp35590	16	156	1031	0	262	0	12	66	0	38	0	42	0	38	0	50	13	52	0	17	0	68	30	401	51	25	0	228	0	130	0	1045	0	0	151	22	44	69	0	0	72	389	0	34	0	21	0	28	0	16	0	34	17	689	120	0	16	73	0
k__Bacteria;p__Firmicutes;c__Clostridia;o__Clostridiales;f__Ruminococcaceae;g__Subdoligranulum;s__sp35591	0	0	0	0	0	0	0	0	0	0	0	0	0	0	0	0	0	0	0	0	0	0	0	0	0	0	0	0	0	0	0	0	0	0	0	0	0	0	0	0	0	0	0	0	0	0	0	0	0	0	0	11	40	0	0	0	0	0	0
k__Bacteria;p__Firmicutes;c__Erysipelotrichia;o__Erysipelotrichales;f__Erysipelotrichaceae;g__*Stoquefichus;s__sp36595	14	13	0	0	0	0	0	0	0	0	0	0	0	24	0	0	0	0	0	12	0	16	19	0	0	0	0	0	0	26	0	0	0	0	0	0	0	0	0	0	0	0	0	49	0	0	0	0	0	12	0	38	128	0	0	0	0	0	0
k__Bacteria;p__Firmicutes;c__Erysipelotrichia;o__Erysipelotrichales;f__Erysipelotrichaceae;g__Catenibacterium;s__mitsuokai	0	0	77	0	0	0	98	0	0	0	0	0	0	0	0	0	0	132	0	47	0	0	0	0	0	0	0	0	0	0	0	0	783	22	0	0	0	0	0	0	0	0	0	0	0	0	0	142	0	0	542	0	0	0	0	0	0	0	0
k__Bacteria;p__Firmicutes;c__Erysipelotrichia;o__Erysipelotrichales;f__Erysipelotrichaceae;g__Coprobacillus;s__cateniformis	26	418	0	0	0	0	0	0	0	0	0	0	0	0	0	0	0	0	0	0	0	151	35	0	0	0	0	0	0	425	0	0	0	0	0	0	0	0	0	0	0	0	0	0	0	0	0	0	0	0	0	193	36	39	0	0	0	0	0
k__Bacteria;p__Firmicutes;c__Erysipelotrichia;o__Erysipelotrichales;f__Erysipelotrichaceae;g__Dielma;s__sp36605	48	646	60	0	0	0	0	15	0	37	0	0	0	560	0	31	0	0	0	70	0	53	14	0	0	0	0	89	0	733	51	72	0	0	0	0	0	0	0	0	61	17	0	294	11	15	0	0	0	81	0	46	39	0	0	0	0	31	0
k__Bacteria;p__Firmicutes;c__Erysipelotrichia;o__Erysipelotrichales;f__Erysipelotrichaceae;g__Erysipelatoclostridium;s__ramosum	0	0	0	0	0	0	46	0	0	0	0	0	0	90	0	37	0	0	0	0	0	0	0	37	20	145	0	0	0	0	0	0	0	0	0	35	25	0	0	0	0	0	0	47	0	31	0	0	0	0	0	0	0	63	0	31	43	0	0
k__Bacteria;p__Firmicutes;c__Erysipelotrichia;o__Erysipelotrichales;f__Erysipelotrichaceae;g__Faecalitalea;s__cylindroides	61	152	0	0	0	0	0	0	0	0	0	0	0	11	0	0	0	0	0	0	0	30	0	0	0	0	0	0	0	146	15	0	0	0	0	0	0	0	0	0	0	0	0	0	0	0	0	0	0	0	0	0	0	0	0	0	0	0	0
k__Bacteria;p__Firmicutes;c__Erysipelotrichia;o__Erysipelotrichales;f__Erysipelotrichaceae;g__Faecalitalea;s__sp36732	0	0	0	0	0	0	0	0	0	0	0	0	0	0	0	0	0	0	0	0	0	0	0	0	0	0	0	0	0	0	0	32	0	0	0	0	0	0	0	0	0	0	0	0	0	0	0	0	0	0	0	0	0	0	0	0	0	0	0
k__Bacteria;p__Firmicutes;c__Erysipelotrichia;o__Erysipelotrichales;f__Erysipelotrichaceae;g__Holdemanella;s__biformis	0	0	0	0	0	0	0	0	0	0	0	0	0	0	0	0	0	0	0	0	0	0	0	0	0	0	0	0	0	0	0	0	0	0	0	0	0	0	0	0	0	0	0	0	0	0	0	0	0	0	216	0	0	0	0	0	0	0	0
k__Bacteria;p__Firmicutes;c__Erysipelotrichia;o__Erysipelotrichales;f__Erysipelotrichaceae;g__Holdemanella;s__sp36738	35	294	0	0	26	0	2547	0	0	0	0	160	29	0	0	0	0	4129	196	0	0	0	19	41	331	0	0	2439	61	0	0	0	0	382	19	685	349	0	0	0	0	309	30	0	0	0	0	2750	1705	0	0	0	0	117	26	0	0	1119	151
k__Bacteria;p__Firmicutes;c__Erysipelotrichia;o__Erysipelotrichales;f__Erysipelotrichaceae;g__Holdemania;s__massiliensis	90	334	60	0	66	0	0	0	0	22	0	0	0	20	0	33	24	0	0	0	0	52	22	32	0	20	0	81	0	180	34	128	0	0	30	0	0	0	0	0	14	42	0	0	0	16	0	0	0	0	0	18	15	42	11	0	14	34	0
k__Bacteria;p__Firmicutes;c__Erysipelotrichia;o__Erysipelotrichales;f__Erysipelotrichaceae;g__NA;s__sp36686-sp36689	194	458	0	0	0	0	0	316	96	81	120	19	14	0	0	204	49	0	0	0	0	260	122	0	0	0	0	638	33	384	80	0	0	0	0	0	0	140	30	91	97	0	0	0	0	111	84	0	0	0	0	137	59	0	0	0	0	375	44
k__Bacteria;p__Firmicutes;c__Erysipelotrichia;o__Erysipelotrichales;f__Erysipelotrichaceae;g__NA;s__sp36741	0	125	26	0	28	0	0	32	0	200	0	0	0	107	0	65	12	17	0	18	0	49	24	0	0	30	0	46	0	101	0	0	0	18	16	233	211	16	0	0	245	0	0	92	0	13	0	0	0	51	0	28	31	0	0	0	12	49	0
k__Bacteria;p__Firmicutes;c__Erysipelotrichia;o__Erysipelotrichales;f__Erysipelotrichaceae;g__Solobacterium;s__sp36754	120	0	0	0	4253	2273	0	0	0	0	0	11588	9127	0	0	0	0	0	0	0	0	24	49	0	34	0	0	0	0	0	0	0	0	7722	4078	0	0	0	0	0	0	13669	12059	0	0	0	0	0	0	0	89	40	0	0	0	0	0	0	0
k__Bacteria;p__Firmicutes;c__Erysipelotrichia;o__Erysipelotrichales;f__Erysipelotrichaceae;g__Turicibacter;s__sanguinis	187	560	236	252	297	200	245	224	182	198	281	348	261	240	67	0	0	0	0	128	151	527	337	113	157	0	0	0	0	418	146	175	153	156	146	402	466	79	76	222	154	274	405	186	151	0	0	0	0	153	128	291	189	102	62	0	0	0	0
k__Bacteria;p__Firmicutes;c__Negativicutes;o__Selenomonadales;f__Acidaminococcaceae;g__Acidaminococcus;s__intestini	127	0	0	0	0	0	0	0	0	0	0	0	0	0	0	0	0	0	0	0	0	0	200	0	0	0	0	0	0	11	71	0	0	0	0	0	0	0	0	0	0	0	0	0	0	0	0	0	0	0	0	0	0	0	0	0	0	0	0
k__Bacteria;p__Firmicutes;c__Negativicutes;o__Selenomonadales;f__Acidaminococcaceae;g__Phascolarctobacterium;s__sp36826-sp36829	0	0	0	0	0	0	0	0	0	0	0	0	0	0	0	0	0	0	0	0	0	0	0	0	0	493	46	0	0	0	0	0	0	0	0	0	0	0	0	0	0	0	0	0	0	0	0	0	0	0	0	0	0	0	0	175	317	0	0
k__Bacteria;p__Firmicutes;c__Negativicutes;o__Selenomonadales;f__Acidaminococcaceae;g__Phascolarctobacterium;s__succinatutens	0	0	0	0	321	0	399	0	0	0	0	0	0	0	0	0	0	97	0	0	0	31	24	73	189	0	0	0	0	0	0	0	0	167	158	173	151	0	0	0	0	19	0	0	0	0	0	0	0	0	0	0	0	196	175	0	0	0	0
k__Bacteria;p__Firmicutes;c__Negativicutes;o__Selenomonadales;f__Acidaminococcaceae;g__Succiniclasticum;s__sp36859	106	265	0	0	26	0	0	0	0	0	0	0	0	0	0	0	0	0	0	0	0	157	70	0	0	0	0	0	0	229	47	0	0	23	17	0	0	0	0	0	0	0	0	0	0	0	0	0	0	0	0	206	116	0	0	0	0	0	0
k__Bacteria;p__Firmicutes;c__Negativicutes;o__Selenomonadales;f__Veillonellaceae;g__Dialister;s__invisus	0	0	0	0	0	0	0	0	0	0	0	0	0	0	0	0	36	0	0	52	0	0	0	0	0	0	0	0	0	0	0	0	0	0	0	0	0	0	0	0	0	0	0	0	0	0	0	0	0	118	0	0	0	0	0	0	0	0	0
k__Bacteria;p__Firmicutes;c__Negativicutes;o__Selenomonadales;f__Veillonellaceae;g__Dialister;s__propionicifaciens	250	695	0	0	0	0	0	0	0	0	0	0	0	0	0	0	63	0	0	167	0	67	330	0	0	0	0	0	0	532	193	0	0	35	0	0	0	0	0	0	0	0	0	0	0	0	0	13	0	284	0	72	120	0	0	0	0	0	0
k__Bacteria;p__Firmicutes;c__Negativicutes;o__Selenomonadales;f__Veillonellaceae;g__Megasphaera;s__sp36950	446	18	0	0	0	0	0	0	0	0	0	0	0	0	0	0	0	0	0	0	0	109	634	0	14	0	0	0	0	17	185	0	0	281	41	0	0	0	0	0	0	0	0	0	0	0	0	0	0	0	0	83	351	0	11	0	0	0	0
k__Bacteria;p__Firmicutes;c__Negativicutes;o__Selenomonadales;f__Veillonellaceae;g__Megasphaera;s__sp36950-sp36952	0	0	0	0	0	0	0	0	0	0	0	0	0	0	0	0	0	0	0	0	0	0	0	0	0	31	14129	0	0	0	0	0	0	0	0	0	0	0	0	0	0	0	0	0	0	0	0	0	0	0	0	0	0	0	0	483	136	0	0
k__Bacteria;p__Firmicutes;c__Negativicutes;o__Selenomonadales;f__Veillonellaceae;g__Megasphaera;s__sp36952	2557	85	0	0	37	0	0	0	0	0	0	0	0	0	0	0	0	0	0	0	0	658	4063	0	49	0	2245	0	0	75	1198	0	0	1815	190	0	0	0	0	0	0	0	0	0	0	0	0	0	0	0	0	533	1817	17	0	76	0	0	0
k__Bacteria;p__Firmicutes;c__Negativicutes;o__Selenomonadales;f__Veillonellaceae;g__Negativicoccus;s__succinicivorans	0	0	0	0	0	0	0	808	0	0	0	0	0	528	0	0	20	0	0	300	0	0	93	0	50	0	0	0	0	0	0	0	0	0	0	53	20	32	0	0	0	0	0	2139	0	0	0	0	0	440	0	0	11	0	16	0	0	0	0
k__Bacteria;p__Fusobacteria;c__Fusobacteriia;o__Fusobacteriales;f__Fusobacteriaceae;g__Fusobacterium;s__gonidiaformans	0	15	0	0	46	0	0	0	0	0	0	0	0	0	0	0	0	0	0	0	0	58	23	0	0	0	0	0	0	0	0	0	0	0	0	0	0	0	0	0	0	0	0	0	0	0	0	0	0	0	0	45	0	0	0	0	0	0	0
k__Bacteria;p__Proteobacteria;c__Betaproteobacteria;o__Burkholderiales;f__Alcaligenaceae;g__Parasutterella;s__excrementihominis	108	195	0	0	440	0	0	48	0	203	0	159	0	406	0	84	94	0	0	39	0	282	204	87	220	0	0	0	0	160	25	0	0	0	145	51	0	78	0	0	157	566	0	246	0	75	0	0	0	46	0	104	70	204	103	0	0	0	0
k__Bacteria;p__Proteobacteria;c__Betaproteobacteria;o__Burkholderiales;f__Alcaligenaceae;g__Sutterella;s__sp48257	0	0	0	0	0	0	0	0	0	0	0	0	0	0	0	0	0	0	0	0	0	0	0	0	0	0	0	0	0	0	0	0	0	0	0	0	0	0	0	0	0	0	0	0	0	0	0	0	0	0	0	0	0	0	0	40	0	0	0
k__Bacteria;p__Proteobacteria;c__Betaproteobacteria;o__Burkholderiales;f__Alcaligenaceae;g__Sutterella;s__sp48257-sp48270	0	0	0	0	0	0	0	0	0	0	0	0	0	0	0	0	0	0	0	0	0	0	0	0	0	0	0	0	0	0	0	0	0	0	0	0	0	0	0	0	0	0	0	0	0	0	0	0	0	0	0	0	0	0	0	76	23	0	0
k__Bacteria;p__Proteobacteria;c__Betaproteobacteria;o__Burkholderiales;f__Alcaligenaceae;g__Sutterella;s__wadsworthensis	0	0	0	0	32	0	506	0	0	0	0	0	0	0	0	0	0	523	0	0	0	0	12	0	45	0	0	1059	11	0	0	0	0	0	81	165	225	0	0	0	0	0	0	0	0	0	0	402	0	0	0	0	0	21	79	55	0	711	64
k__Bacteria;p__Proteobacteria;c__Betaproteobacteria;o__Burkholderiales;f__Oxalobacteraceae;g__Oxalobacter;s__formigenes	0	0	0	0	0	0	0	0	0	0	0	0	0	0	0	0	0	0	0	0	0	0	0	0	0	0	0	24	0	0	0	0	0	0	0	0	0	0	0	0	0	0	0	0	0	0	0	0	0	0	0	0	0	0	0	0	0	0	0
k__Bacteria;p__Proteobacteria;c__Deltaproteobacteria;o__Desulfovibrionales;f__Desulfovibrionaceae;g__Bilophila;s__wadsworthia	0	0	0	0	287	0	0	0	0	0	0	0	0	92	0	0	13	0	0	0	0	116	13	231	0	71	0	127	0	0	0	0	0	0	509	0	0	0	0	0	0	0	0	63	0	0	0	0	0	0	0	37	0	19	0	12	23	70	0
k__Bacteria;p__Proteobacteria;c__Deltaproteobacteria;o__Desulfovibrionales;f__Desulfovibrionaceae;g__Desulfovibrio;s__desulfuricans	0	13	0	0	0	0	0	0	0	0	0	0	0	0	0	0	0	0	0	0	0	0	0	0	0	0	0	0	0	0	0	0	0	0	0	0	0	0	0	0	0	0	0	0	0	0	0	0	0	0	0	0	0	0	0	0	0	0	0
k__Bacteria;p__Proteobacteria;c__Gammaproteobacteria;o__Enterobacteriales;f__Enterobacteriaceae;g__Buttiauxella-Kluyvera;s__agrestis-intermedia-noackiae	0	0	0	0	0	0	0	0	0	0	0	0	0	0	0	0	0	0	0	0	0	0	0	0	0	104	0	0	0	0	0	0	0	0	0	0	0	0	0	0	0	0	0	0	0	0	0	0	0	0	0	0	0	0	0	33	94	0	0
k__Bacteria;p__Proteobacteria;c__Gammaproteobacteria;o__Enterobacteriales;f__Enterobacteriaceae;g__Citrobacter;s__braakii-freundii	0	0	0	0	0	0	0	0	0	0	0	0	0	0	0	0	0	0	0	0	0	0	0	0	0	816	35	0	0	0	0	0	0	0	0	0	0	0	0	0	0	0	0	0	0	0	0	0	0	0	0	0	0	0	0	203	511	0	0
k__Bacteria;p__Proteobacteria;c__Gammaproteobacteria;o__Enterobacteriales;f__Enterobacteriaceae;g__Citrobacter;s__freundii	0	0	0	0	0	0	0	0	0	0	0	0	0	0	0	0	0	0	0	0	0	0	0	0	0	402	0	0	0	0	0	0	0	0	0	0	0	0	0	0	0	0	0	0	0	0	0	0	0	0	0	0	0	0	0	92	286	0	0
k__Bacteria;p__Proteobacteria;c__Gammaproteobacteria;o__Enterobacteriales;f__Enterobacteriaceae;g__Citrobacter;s__murliniae	0	0	0	0	0	0	0	0	0	0	0	0	0	0	0	0	0	0	0	0	0	0	0	0	0	229	0	0	0	0	0	0	0	0	0	0	0	0	0	0	0	0	0	0	0	0	0	0	0	0	0	0	0	0	0	57	129	0	0
k__Bacteria;p__Proteobacteria;c__Gammaproteobacteria;o__Enterobacteriales;f__Enterobacteriaceae;g__Enterobacter-Kluyvera;s__asburiae-ascorbata-cryocrescens	0	0	0	0	0	0	0	0	0	0	0	0	0	0	0	0	0	0	0	0	0	0	0	0	0	441	0	0	0	0	0	0	0	0	0	0	0	0	0	0	0	0	0	0	0	0	0	0	0	0	0	0	0	0	0	145	505	0	0
k__Bacteria;p__Proteobacteria;c__Gammaproteobacteria;o__Enterobacteriales;f__Enterobacteriaceae;g__Enterobacter;s__NA	0	0	3464	143	0	0	0	391	671	2296	339	0	0	0	0	0	0	0	0	0	0	0	0	0	0	0	0	0	0	0	0	3092	250	0	0	0	0	2886	1437	383	1556	0	0	0	0	0	0	0	0	0	0	0	0	0	0	0	0	0	0
k__Bacteria;p__Proteobacteria;c__Gammaproteobacteria;o__Enterobacteriales;f__Enterobacteriaceae;g__Escherichia;s__coli	15831	16409	0	0	52	0	11068	11683	1204	5547	705	2153	0	187	39047	20984	11369	15511	14962	29389	40944	3278	737	179	64	5164	154	1144	21266	4277	10457	0	0	36	63	16003	9544	4658	1782	967	8745	232	0	13713	53363	23201	20888	12615	12268	27969	34223	2348	1372	163	18	3361	5075	1374	31248
k__Bacteria;p__Proteobacteria;c__Gammaproteobacteria;o__Enterobacteriales;f__Enterobacteriaceae;g__Escherichia;s__coli-fergusonii	0	0	0	0	0	0	0	0	0	0	0	0	0	0	0	0	0	0	0	0	0	0	0	0	0	0	0	0	0	0	0	0	0	0	0	0	0	0	0	0	0	54	0	0	0	0	0	0	0	0	0	0	0	0	0	0	0	0	0
k__Bacteria;p__Proteobacteria;c__Gammaproteobacteria;o__Enterobacteriales;f__Enterobacteriaceae;g__Escherichia;s__coli-fergusonii-vulneris	0	0	0	0	0	0	0	0	0	0	0	0	0	0	0	0	0	2472	2229	0	0	0	0	0	0	0	0	183	3164	0	0	0	0	0	0	0	0	0	0	0	0	0	0	11	47	0	0	1954	1735	0	0	0	0	0	0	0	0	202	4789
k__Bacteria;p__Proteobacteria;c__Gammaproteobacteria;o__Enterobacteriales;f__Enterobacteriaceae;g__Kluyvera;s__georgiana	0	0	0	0	0	0	0	0	0	0	0	0	0	0	0	0	0	0	0	0	0	0	0	0	0	88	0	0	0	0	0	0	0	0	0	0	0	0	0	0	0	0	0	0	0	0	0	0	0	0	0	0	0	0	0	33	97	0	0
k__Bacteria;p__Proteobacteria;c__Gammaproteobacteria;o__Enterobacteriales;f__Enterobacteriaceae;g__NA;s__NA	0	0	0	0	0	0	0	0	0	0	0	0	0	0	0	0	0	0	0	0	0	0	0	0	0	212	21	0	0	0	0	0	0	0	0	0	0	0	0	0	0	0	0	0	0	0	0	0	0	0	0	0	0	0	0	62	145	0	0
k__Bacteria;p__Verrucomicrobia;c__Verrucomicrobiae;o__Verrucomicrobiales;f__Verrucomicrobiaceae;g__Akkermansia;s__muciniphila	289	970	4057	0	22	0	2413	323	101	1645	184	63	0	628	84	874	57	0	0	824	53	608	21	558	119	0	0	460	0	986	0	4357	0	0	53	3581	3106	1118	47	173	2685	24	0	389	170	246	28	0	0	1047	79	546	156	924	36	0	0	121	0
