k__Bacteria.p__Firmicutes.c__Clostridia.o__Clostridiales.f__Christensenellaceae.g__Catabacter	1.72954637662			0.00105565935241	
k__Bacteria.p__Firmicutes.c__Clostridia.o__Clostridiales.f__Christensenellaceae.g__NA.s__sp30156	2.58059713531	Obese0H	2.33575806117	0.000312222605232	1.pdf
k__Bacteria.p__Firmicutes.c__Clostridia.o__Clostridiales.f__Lachnospiraceae.g__Blautia.s__hydrogenotrophica	3.44240257235			-	
k__Bacteria.p__Firmicutes.c__Clostridia.o__Clostridiales.f__Lachnospiraceae.g__Blautia.s__coccoides_producta	2.96096286115	Obese48H	2.66199234424	0.00105565935241	2.pdf
k__Bacteria.p__Firmicutes.c__Clostridia.o__Clostridiales.f__Lachnospiraceae.g__Lachnoclostridium.s__sp32380_sp32437	4.51185406172	Obese0H	3.89034458418	0.000424688696734	3.pdf
k__Bacteria.p__Actinobacteria.c__Actinobacteria.o__Corynebacteriales.f__Nocardiaceae.g__Rhodococcus	1.23459690785			-	
k__Bacteria.p__Firmicutes.c__Clostridia.o__Clostridiales.f__Lachnospiraceae.g__Lachnoclostridium.s__sp32417	2.10120420229			0.00365479115135	
k__Bacteria.p__Firmicutes.c__Clostridia.o__Clostridiales.f__Christensenellaceae	3.64605109761	Obese0H	2.88393049972	0.000901018389247	4.pdf
k__Bacteria.p__Firmicutes.c__Erysipelotrichia.o__Erysipelotrichales.f__Erysipelotrichaceae.g__Erysipelatoclostridium.s__sp36616	2.53063226007	Obese0H	2.28042922701	1.50341569415e-10	5.pdf
k__Bacteria.p__Firmicutes.c__Clostridia.o__Clostridiales.f__Ruminococcaceae.g__Soleaferrea	2.49298446229	Obese48H	2.23748851693	8.2570813993e-09	6.pdf
k__Bacteria.p__Proteobacteria.c__Gammaproteobacteria.o__Enterobacteriales.f__Enterobacteriaceae.g__Citrobacter.s__braakii_freundii	3.52188132424	Obese48H	3.2015717354	0.0231467121564	7.pdf
k__Bacteria.p__Bacteroidetes.c__Bacteroidia.o__Bacteroidales.f__Porphyromonadaceae.g__Odoribacter.s__sp13171	2.36157424672	Obese48H	2.0991931217	0.0001034395001	8.pdf
k__Bacteria.p__Firmicutes.c__Clostridia.o__Clostridiales.f__Lachnospiraceae.g__Lachnoclostridium.s__sp32419	1.37637635525			0.0430359759234	
k__Bacteria.p__Firmicutes.c__Clostridia.o__Clostridiales.f__Ruminococcaceae.g__NA.s__sp35840	0.596475657501			-	
k__Bacteria.p__Firmicutes.c__Erysipelotrichia.o__Erysipelotrichales.f__Erysipelotrichaceae.g__NA.s__sp36682	3.4668086597			-	
k__Bacteria.p__Firmicutes.c__Erysipelotrichia.o__Erysipelotrichales.f__Erysipelotrichaceae.g__NA.s__sp36685	0.561787056759			-	
k__Bacteria.p__Firmicutes.c__Bacilli.o__Lactobacillales.f__Carnobacteriaceae.g__Granulicatella.s__adiacens	0.64370486907			-	
k__Bacteria.p__Bacteroidetes.c__Bacteroidia.o__Bacteroidales.f__Porphyromonadaceae.g__Parabacteroides	4.39677356303	Obese48H	4.10928646633	2.29240034632e-15	9.pdf
k__Bacteria.p__Firmicutes.c__Clostridia.o__Clostridiales.f__Clostridiaceae.g__Clostridium.s__perfringens	4.58444517128	Obese48H	4.31090994602	3.01023223208e-15	10.pdf
k__Bacteria.p__Proteobacteria.c__Betaproteobacteria.o__Burkholderiales	3.76706859619	Obese48H	3.4947227215	1.19425571982e-12	11.pdf
k__Bacteria.p__Bacteroidetes.c__Bacteroidia.o__Bacteroidales	5.04602496778	Obese48H	4.74740611473	6.0914763705e-16	12.pdf
k__Bacteria.p__Firmicutes.c__Clostridia.o__Clostridiales.f__Christensenellaceae.g__NA.s__sp30164_sp30431	0.602251912927			-	
k__Bacteria.p__Firmicutes.c__Clostridia.o__Clostridiales.f__Ruminococcaceae.g__NA.s__sp35287_sp35305	2.40425029173	Obese0H	2.24838855251	2.16007879364e-05	13.pdf
k__Bacteria.p__Actinobacteria.c__Coriobacteriia.o__Coriobacteriales.f__Coriobacteriaceae.g__Collinsella.s__intestinalis_stercoris	1.81888244247			-	
k__Bacteria.p__Bacteroidetes.c__Bacteroidia.o__Bacteroidales.f__Prevotellaceae.g__NA.s__sp13896	1.65755952059			-	
k__Bacteria.p__Firmicutes.c__Clostridia.o__Clostridiales.f__Lachnospiraceae.g__Blautia_Marvinbryantia.s__sp31989_sp32992	0.98762767697			-	
k__Bacteria.p__Firmicutes.c__Clostridia.o__Clostridiales.f__Ruminococcaceae.g__NA.s__sp35473	1.62359719636			0.00676576175149	
k__Bacteria.p__Firmicutes.c__Clostridia.o__Clostridiales.f__Ruminococcaceae.g__NA.s__sp35472	2.55573775877	Obese0H	2.31878206456	7.06028982593e-07	14.pdf
k__Bacteria.p__Actinobacteria.c__Coriobacteriia.o__Coriobacteriales.f__Coriobacteriaceae.g__Collinsella_Olsenella.s__intestinalis_sp10464_sp10466	1.26937708156			-	
k__Bacteria.p__Firmicutes.c__Bacilli.o__Lactobacillales.f__Streptococcaceae	4.63688092396	Obese48H	4.12381476161	1.39066026212e-05	15.pdf
k__Bacteria.p__Firmicutes.c__Clostridia.o__Clostridiales.f__Lachnospiraceae.g__Roseburia.s__faecis_sp33781	2.58101328621	Obese48H	2.33225703525	4.02801878114e-05	16.pdf
k__Bacteria.p__Actinobacteria.c__Actinobacteria.o__Corynebacteriales.f__Corynebacteriaceae	3.37499410922	Obese0H	3.03071965142	0.0231467121564	17.pdf
k__Bacteria.p__Bacteroidetes.c__Bacteroidia.o__Bacteroidales.f__Bacteroidaceae.g__Bacteroides.s__uniformis	3.87810510913	Obese48H	3.59310159381	2.61518408332e-12	18.pdf
k__Bacteria.p__Firmicutes.c__Clostridia.o__Clostridiales.f__Lachnospiraceae.g__Tyzzerella.s__sp33281	2.41749840941	Obese48H	2.12683606929	2.20671526317e-05	19.pdf
k__Bacteria.p__Proteobacteria.c__Deltaproteobacteria.o__Desulfovibrionales	2.9757316562	Obese48H	2.7643359332	6.50359735292e-05	20.pdf
k__Bacteria.p__Firmicutes.c__Clostridia.o__Clostridiales.f__Family_XI.g__Finegoldia.s__magna	3.0129580951	Obese48H	2.74866480416	3.90523607377e-07	21.pdf
k__Bacteria.p__Firmicutes.c__Bacilli.o__Lactobacillales.f__Lactobacillaceae.g__Lactobacillus	3.5009999172			-	
k__Bacteria.p__Firmicutes.c__Clostridia.o__Clostridiales.f__Ruminococcaceae.g__Subdoligranulum.s__sp35580_sp35585_variabile	3.46293976397			-	
k__Bacteria.p__Firmicutes.c__Clostridia.o__Clostridiales.f__Family_XI.g__Peptoniphilus.s__gorbachii_rhinitidis	3.23241159557	Obese48H	2.93841221597	0.000366675181756	22.pdf
k__Bacteria.p__Firmicutes.c__Bacilli.o__Lactobacillales.f__Streptococcaceae.g__Streptococcus.s__cristatus	1.43984382548	Obese0H	2.29231808995	0.00676576175149	23.pdf
k__Bacteria.p__Firmicutes.c__Negativicutes.o__Selenomonadales.f__Veillonellaceae.g__Megasphaera.s__sp36950_sp36952	0.575708572062			-	
k__Bacteria.p__Firmicutes.c__Clostridia.o__Clostridiales.f__Lachnospiraceae.g__Roseburia	3.30248623185			-	
k__Bacteria.p__Firmicutes.c__Clostridia.o__Clostridiales.f__Clostridiaceae.g__Clostridium.s__subterminale_sulfidigenes_thiosulfatireducens	2.53545591174	Obese48H	2.2443331657	0.000157466650629	24.pdf
k__Bacteria.p__Firmicutes.c__Clostridia.o__Clostridiales.f__Peptococcaceae.g__Peptococcus.s__sp34119_sp34121	0.810355310403			-	
k__Bacteria.p__Actinobacteria.c__Coriobacteriia.o__Coriobacteriales.f__Coriobacteriaceae.g__Gordonibacter.s__pamelaeae	2.04164103317			-	
k__Bacteria.p__Firmicutes.c__Clostridia.o__Clostridiales.f__Ruminococcaceae.g__NA.s__sp35181	0.60902075952			-	
k__Bacteria.p__Firmicutes.c__Clostridia.o__Clostridiales.f__Lachnospiraceae.g__Roseburia.s__sp33175	2.92703968901	Obese0H	2.59460052189	0.000890204053244	25.pdf
k__Bacteria.p__Tenericutes.c__Mollicutes.o__NA.f__NA.g__NA	1.88960991524			0.00196836737116	
k__Bacteria.p__Firmicutes.c__Clostridia.o__Clostridiales.f__Lachnospiraceae.g__NA.s__sp33761	2.18372936113	Obese0H	2.35089797865	3.44997620844e-07	26.pdf
k__Bacteria.p__Firmicutes.c__Clostridia.o__Clostridiales.f__Clostridiaceae.g__Clostridium.s__butyricum	3.55161678104	Obese48H	3.29576535001	0.0111173917502	27.pdf
k__Archaea.p__Euryarchaeota.c__Methanobacteria.o__Methanobacteriales.f__Methanobacteriaceae.g__Methanobacterium.s__formicicum	0.566080410108			-	
k__Bacteria.p__Firmicutes.c__Clostridia.o__Clostridiales.f__Lachnospiraceae.g__Blautia.s__sp33632_wexlerae	0.458836189222			-	
k__Bacteria.p__Firmicutes.c__Clostridia.o__Clostridiales.f__Ruminococcaceae.g__Ruminiclostridium.s__sp34950	1.60133020702			0.00365479115135	
k__Bacteria.p__Bacteroidetes.c__Bacteroidia.o__Bacteroidales.f__Rikenellaceae.g__NA	1.43212222409			0.0231467121564	
k__Bacteria.p__Actinobacteria.c__Actinobacteria.o__Corynebacteriales.f__Nocardiaceae	1.23459690785			-	
k__Bacteria.p__Bacteroidetes.c__Bacteroidia.o__Bacteroidales.f__Bacteroidaceae.g__Bacteroides.s__sp12288_thetaiotaomicron	3.57784063866	Obese48H	3.25613942835	7.97528156863e-13	28.pdf
k__Bacteria.p__Firmicutes.c__Clostridia.o__Clostridiales.f__Lachnospiraceae.g__Blautia.s__luti_sp32041	1.17262568545			-	
k__Bacteria.p__Firmicutes.c__Clostridia.o__Clostridiales.f__Lachnospiraceae.g__NA.s__sp32170	0.910429952721			-	
k__Bacteria.p__Firmicutes.c__Clostridia.o__Clostridiales.f__Lachnospiraceae.g__NA.s__sp32171	1.92533085955			0.00105565935241	
k__Bacteria.p__Bacteroidetes.c__Bacteroidia.o__Bacteroidales.f__Prevotellaceae.g__Paraprevotella	0.372899606013			-	
k__Bacteria.p__Bacteroidetes.c__Bacteroidia.o__Bacteroidales.f__Prevotellaceae.g__NA	2.58933229293	Obese48H	2.19713531872	0.0248554835962	29.pdf
k__Bacteria.p__Firmicutes.c__Erysipelotrichia.o__Erysipelotrichales.f__Erysipelotrichaceae.g__Holdemanella.s__sp36738	3.82160447155			-	
k__Bacteria.p__Actinobacteria.c__Actinobacteria.o__Actinomycetales.f__Actinomycetaceae.g__Actinomyces.s__graevenitzii	1.28868366762	Obese0H	2.34015796673	0.0231467121564	30.pdf
k__Bacteria.p__Cyanobacteria.c__Cyanobacteria	0.729446929527			-	
k__Bacteria.p__Firmicutes.c__Bacilli.o__Lactobacillales.f__Streptococcaceae.g__Streptococcus.s__NA	1.96955703175	Obese0H	2.04428752967	3.12301887878e-05	31.pdf
k__Bacteria.p__Actinobacteria.c__Actinobacteria.o__Bifidobacteriales.f__Bifidobacteriaceae.g__Bifidobacterium.s__angulatum	4.05165723937			-	
k__Bacteria.p__Firmicutes.c__Clostridia.o__Clostridiales.f__Lachnospiraceae.g__Dorea	4.45330661073	Obese0H	4.05523864367	4.62402949214e-17	32.pdf
k__Bacteria.p__Bacteroidetes.c__Bacteroidia.o__Bacteroidales.f__Rikenellaceae.g__Alistipes.s__onderdonkii	2.9023504576	Obese48H	2.6041806846	2.02747325104e-12	33.pdf
k__Bacteria.p__Actinobacteria.c__Actinobacteria.o__Actinomycetales.f__Actinomycetaceae.g__Varibaculum	2.261654596	Obese0H	2.05623848647	0.00676576175149	34.pdf
k__Bacteria.p__Firmicutes.c__Bacilli.o__Lactobacillales.f__Lactobacillaceae	3.5009999172			-	
k__Bacteria.p__Cyanobacteria.c__Cyanobacteria.o__NA	0.729446929527			-	
k__Bacteria.p__Firmicutes.c__Clostridia.o__Clostridiales.f__Family_XIII.g__NA.s__sp31533_sp31552	1.52000722532			-	
k__Bacteria.p__Firmicutes.c__Clostridia.o__Clostridiales.f__Ruminococcaceae.g__NA.s__sp35654	1.14424963196			-	
k__Bacteria.p__Firmicutes.c__Bacilli.o__Lactobacillales.f__Leuconostocaceae.g__Weissella.s__thailandensis	4.18603732991			-	
k__Bacteria.p__Firmicutes.c__Clostridia.o__Clostridiales.f__Ruminococcaceae.g__Soleaferrea.s__sp34492	2.10257241314			4.28118807993e-05	
k__Bacteria.p__Firmicutes.c__Clostridia.o__Clostridiales.f__Lachnospiraceae.g__NA.s__sp32277	2.5434837988	Obese0H	2.2166377312	0.00619133576196	35.pdf
k__Bacteria.p__Firmicutes.c__Clostridia.o__Clostridiales.f__Ruminococcaceae.g__NA.s__sp35799	1.34434414556			-	
k__Bacteria.p__Firmicutes.c__Erysipelotrichia.o__Erysipelotrichales.f__Erysipelotrichaceae.g__Erysipelatoclostridium.s__ramosum	2.41851553255			-	
k__Bacteria.p__Firmicutes.c__Bacilli.o__Lactobacillales.f__NA.g__NA	0.509051783164			-	
k__Bacteria.p__Firmicutes.c__Clostridia.o__Clostridiales.f__NA.g__NA.s__sp30555	3.71204813703			-	
k__Bacteria.p__Firmicutes.c__Clostridia.o__Clostridiales.f__Family_XIII.g__NA.s__sp31685	1.4985224123			0.0430359759234	
k__Bacteria.p__Firmicutes.c__Clostridia.o__Clostridiales.f__Ruminococcaceae.g__Anaerotruncus.s__sp34439	3.08191974247			-	
k__Bacteria.p__Firmicutes.c__Clostridia.o__Clostridiales.f__Christensenellaceae.g__NA.s__sp30384	1.40352997043			-	
k__Bacteria.p__Firmicutes.c__Clostridia.o__Clostridiales.f__Ruminococcaceae.g__NA.s__sp34980	2.98692979494			-	
k__Bacteria.p__Actinobacteria.c__Actinobacteria.o__Actinomycetales.f__Actinomycetaceae.g__NA.s__sp4816	0.627344554971			-	
k__Bacteria.p__Firmicutes.c__Clostridia.o__Clostridiales.f__Lachnospiraceae.g__NA.s__sp33357	2.45449990142	Obese0H	2.15062416383	0.0147661619964	36.pdf
k__Bacteria.p__Firmicutes.c__Clostridia.o__Clostridiales.f__Ruminococcaceae.g__NA.s__sp34820	2.00402622344			-	
k__Bacteria.p__Fusobacteria	1.39506221888			0.0430359759234	
k__Bacteria.p__Bacteroidetes.c__Bacteroidia.o__Bacteroidales.f__Rikenellaceae.g__Alistipes.s__putredinis	2.26490238535			0.00643476110907	
k__Bacteria.p__Firmicutes.c__Clostridia.o__Clostridiales.f__Family_XI.g__Peptoniphilus.s__sp31311	1.5881869234			0.00676576175149	
k__Bacteria.p__Firmicutes.c__Clostridia.o__Clostridiales.f__Lachnospiraceae.g__Coprococcus.s__eutactus	3.24596950488	Obese0H	2.98830939928	2.57926269307e-05	37.pdf
k__Bacteria.p__Firmicutes.c__Clostridia.o__Clostridiales.f__Clostridiaceae.g__Clostridium.s__tertium	4.57260785485	Obese48H	4.2820175536	5.64210114425e-13	38.pdf
k__Bacteria.p__Firmicutes.c__Erysipelotrichia.o__Erysipelotrichales.f__Erysipelotrichaceae.g__Catenibacterium	3.80117591742			-	
k__Bacteria.p__Firmicutes.c__Bacilli.o__Lactobacillales.f__Enterococcaceae.g__Enterococcus.s__faecium_lactis	2.08058808623	Obese48H	2.48979187209	0.0430359759234	39.pdf
k__Bacteria.p__Firmicutes.c__Clostridia.o__Clostridiales.f__Christensenellaceae.g__Christensenella	1.07186961035			-	
k__Bacteria.p__Bacteroidetes.c__Bacteroidia.o__Bacteroidales.f__Bacteroidaceae.g__Bacteroides.s__stercorirosoris	1.88973203285			0.0125078470287	
k__Archaea.p__Euryarchaeota.c__Methanobacteria.o__Methanobacteriales	3.69640812882			-	
k__Bacteria.p__Firmicutes.c__Clostridia.o__Clostridiales.f__Lachnospiraceae.g__Hungatella	2.71578887593	Obese48H	2.32426266607	0.00450485564821	40.pdf
k__Bacteria.p__Actinobacteria.c__Coriobacteriia.o__Coriobacteriales	5.14455811463	Obese48H	4.60351565869	0.000116632009053	41.pdf
k__Bacteria.p__Firmicutes.c__Clostridia.o__Clostridiales.f__Peptostreptococcaceae.g__Intestinibacter	3.88648501718			-	
k__Bacteria.p__Firmicutes.c__Erysipelotrichia.o__Erysipelotrichales.f__Erysipelotrichaceae.g__NA.s__sp36687	2.57061490106			-	
k__Bacteria.p__Actinobacteria.c__Coriobacteriia.o__Coriobacteriales.f__Coriobacteriaceae.g__Enterorhabdus	2.48799130681			-	
k__Bacteria.p__Bacteroidetes.c__Bacteroidia.o__Bacteroidales.f__Bacteroidaceae.g__Bacteroides.s__ovatus	3.57832246254	Obese48H	3.28841469032	2.21359609401e-11	42.pdf
k__Bacteria.p__Firmicutes.c__Clostridia.o__Clostridiales.f__Ruminococcaceae.g__Anaerofilum.s__sp34429	1.54972761106			0.00676576175149	
k__Bacteria.p__Firmicutes.c__Clostridia.o__Clostridiales.f__Lachnospiraceae.g__Howardella.s__ureilytica	1.73849154767			0.0231467121564	
k__Bacteria.p__Firmicutes.c__Clostridia.o__Clostridiales.f__Peptostreptococcaceae	4.91010008289			-	
k__Bacteria.p__Firmicutes.c__Clostridia.o__Clostridiales.f__Family_XI.g__Anaerococcus.s__NA	1.49886339187			0.0125078470287	
k__Bacteria.p__Actinobacteria.c__Coriobacteriia.o__Coriobacteriales.f__Coriobacteriaceae.g__NA.s__sp10534	2.13302684231	Obese0H	2.52652121016	8.2570813993e-09	43.pdf
k__Bacteria.p__Firmicutes.c__Clostridia.o__Clostridiales.f__NA	3.71439075746			-	
k__Bacteria.p__Actinobacteria.c__Actinobacteria.o__Bifidobacteriales.f__Bifidobacteriaceae.g__Bifidobacterium.s__breve	1.74761688422			-	
k__Bacteria.p__Firmicutes.c__Bacilli.o__Bacillales.f__Bacillaceae.g__Bacillus	2.6457955818			-	
k__Bacteria.p__Firmicutes.c__Clostridia.o__Clostridiales.f__Family_XIII.g__NA.s__sp31548_sp31552	1.58790324465			0.00365479115135	
k__Bacteria.p__Tenericutes.c__Mollicutes	1.88960991524			0.00196836737116	
k__Bacteria.p__Firmicutes.c__Clostridia.o__Clostridiales.f__Family_XI.g__Peptoniphilus.s__duerdenii	0.908140997288			-	
k__Bacteria.p__Firmicutes.c__Clostridia.o__Clostridiales.f__Ruminococcaceae.g__NA.s__sp35327	1.25033346371	Obese0H	2.26807080117	0.0430359759234	44.pdf
k__Bacteria.p__Actinobacteria.c__Coriobacteriia.o__Coriobacteriales.f__Coriobacteriaceae.g__Slackia.s__isoflavoniconvertens	2.63558328741			-	
k__Bacteria.p__Tenericutes.c__Mollicutes.o__NA.f__NA	1.88960991524			0.00196836737116	
k__Bacteria.p__Firmicutes.c__Clostridia.o__Clostridiales.f__Ruminococcaceae.g__NA.s__sp35323	2.50623831217	Obese0H	2.22299235537	0.0231467121564	45.pdf
k__Bacteria.p__Actinobacteria.c__Actinobacteria.o__Actinomycetales.f__Actinomycetaceae.g__Actinomyces.s__massiliensis	0.559097355154			-	
k__Bacteria.p__Firmicutes.c__Bacilli.o__Lactobacillales.f__Enterococcaceae.g__Enterococcus.s__NA	3.2237029537	Obese48H	2.90784283069	2.47185920177e-05	46.pdf
k__Bacteria.p__Firmicutes.c__Negativicutes.o__Selenomonadales.f__Veillonellaceae	3.60407317558	Obese48H	3.22423279776	0.00036049612749	47.pdf
k__Bacteria.p__Firmicutes.c__Clostridia.o__Clostridiales.f__Ruminococcaceae.g__NA.s__sp35328	1.67318279314			0.0125078470287	
k__Bacteria.p__Actinobacteria.c__Actinobacteria.o__Micrococcales	1.58835572896			-	
k__Bacteria.p__Firmicutes.c__Bacilli.o__Lactobacillales.f__Streptococcaceae.g__Streptococcus.s__salivarius_vestibularis	3.60829104825	Obese0H	3.22506601468	1.68573505759e-05	48.pdf
k__Bacteria.p__Bacteroidetes.c__Bacteroidia.o__Bacteroidales.f__Prevotellaceae	2.70629958798			-	
k__Bacteria.p__Proteobacteria.c__Deltaproteobacteria	2.9757316562	Obese48H	2.7499254967	6.50359735292e-05	49.pdf
k__Bacteria.p__Firmicutes.c__Bacilli.o__Lactobacillales.f__Streptococcaceae.g__Streptococcus.s__equinus	0.842507722112			-	
k__Bacteria.p__Proteobacteria.c__Gammaproteobacteria.o__Enterobacteriales.f__Enterobacteriaceae.g__Enterobacter_Kluyvera.s__asburiae_ascorbata_cryocrescens	0.850020860733			-	
k__Bacteria.p__Firmicutes.c__Negativicutes.o__Selenomonadales	3.6761591677	Obese48H	3.27748764552	8.77868832994e-05	50.pdf
k__Bacteria.p__Bacteroidetes.c__Bacteroidia.o__Bacteroidales.f__Bacteroidaceae.g__Bacteroides.s__eggerthii	1.3645261599			-	
k__Bacteria.p__Firmicutes.c__Clostridia.o__Clostridiales.f__Lachnospiraceae.g__Lachnoclostridium.s__sp32408	2.22094532397			-	
k__Bacteria.p__Firmicutes.c__Clostridia.o__Clostridiales.f__NA.g__Alkaliphilus.s__sp30985	0.614621656764			-	
k__Bacteria.p__Actinobacteria.c__Actinobacteria.o__Actinomycetales.f__Actinomycetaceae.g__Actinomyces.s__naeslundii	1.81171342282	Obese0H	2.28417331427	0.000563266341915	51.pdf
k__Bacteria.p__Firmicutes.c__Clostridia.o__Clostridiales.f__Defluviitaleaceae.g__NA.s__sp31146	1.26246677981			-	
k__Bacteria.p__Firmicutes.c__Clostridia.o__Clostridiales.f__Defluviitaleaceae.g__NA.s__sp31142	1.67851654926			0.00365479115135	
k__Bacteria.p__Bacteroidetes.c__Bacteroidia.o__Bacteroidales.f__Bacteroidaceae.g__Bacteroides.s__faecis	2.63542635124	Obese48H	2.32961754136	0.000727142729503	52.pdf
k__Bacteria.p__Firmicutes.c__Clostridia.o__Clostridiales.f__Ruminococcaceae.g__Ruminococcus.s__bromii	4.29987555636	Obese0H	4.00541771871	0.000152150464158	53.pdf
k__Bacteria.p__Firmicutes.c__Clostridia.o__Clostridiales.f__Clostridiaceae.g__Clostridium.s__sartagoforme	1.96733059835	Obese48H	2.02346933184	0.0125078470287	54.pdf
k__Bacteria.p__Bacteroidetes.c__Bacteroidia.o__Bacteroidales.f__Porphyromonadaceae.g__Barnesiella	2.2708613692	Obese48H	2.01042600547	0.000298783314724	55.pdf
k__Bacteria.p__Actinobacteria.c__Coriobacteriia.o__Coriobacteriales.f__Coriobacteriaceae.g__Collinsella.s__intestinalis	0.861030842423			-	
k__Bacteria.p__Actinobacteria.c__Actinobacteria.o__Bifidobacteriales.f__Bifidobacteriaceae.g__Bifidobacterium.s__kashiwanohense	1.42027893169			-	
k__Bacteria.p__Firmicutes.c__Bacilli.o__Lactobacillales.f__Streptococcaceae.g__Streptococcus.s__oralis_parasanguinis	2.07244423937	Obese0H	2.27680282219	0.0130058199752	56.pdf
k__Bacteria.p__Actinobacteria.c__Actinobacteria.o__Corynebacteriales.f__Corynebacteriaceae.g__NA	1.84761720726			0.0231467121564	
k__Bacteria.p__Firmicutes.c__Clostridia.o__Clostridiales.f__Family_XIII.g__Mogibacterium.s__sp31608	1.97066048936			0.00676576175149	
k__Bacteria.p__Verrucomicrobia.c__Verrucomicrobiae.o__Verrucomicrobiales	4.16991145746	Obese48H	3.73263883773	0.0305142951106	57.pdf
k__Bacteria.p__Firmicutes.c__Bacilli.o__Lactobacillales.f__Carnobacteriaceae.g__Carnobacterium	4.38456337619	Obese48H	4.09386233023	6.35651725887e-08	58.pdf
k__Bacteria.p__Proteobacteria.c__Betaproteobacteria.o__Neisseriales.f__Neisseriaceae	0.922571527882			-	
k__Bacteria.p__Firmicutes.c__Clostridia.o__Clostridiales.f__Christensenellaceae.g__NA	3.64489183367	Obese0H	2.89423853457	0.000578928185227	59.pdf
k__Bacteria.p__Bacteroidetes.c__Bacteroidia.o__Bacteroidales.f__Bacteroidaceae.g__Bacteroides.s__nordii	0.51357040674			-	
k__Bacteria.p__Firmicutes.c__Bacilli.o__Lactobacillales.f__Enterococcaceae.g__Enterococcus.s__avium	0.519557281739			-	
k__Bacteria.p__Firmicutes.c__Clostridia.o__Clostridiales.f__Family_XIII.g__NA.s__sp31533	3.23278616684	Obese0H	2.88442253611	3.35247913825e-13	60.pdf
k__Bacteria.p__Firmicutes.c__Clostridia.o__Clostridiales.f__NA.g__Alkaliphilus	0.614621656764			-	
k__Bacteria.p__Firmicutes.c__Clostridia.o__Clostridiales.f__Lachnospiraceae.g__NA.s__sp33692	2.94655733579	Obese0H	2.51130310021	8.75524426999e-06	61.pdf
k__Bacteria.p__Bacteroidetes	5.04602496778	Obese48H	4.74779218948	6.0914763705e-16	62.pdf
k__Bacteria.p__Firmicutes.c__Clostridia.o__Clostridiales.f__Clostridiaceae.g__Clostridium.s__vulturis	0.949405838941			-	
k__Bacteria.p__Firmicutes.c__Clostridia.o__Clostridiales.f__Ruminococcaceae.g__NA.s__sp35859	2.94207124444	Obese0H	2.66723007699	1.12818976533e-05	63.pdf
k__Bacteria.p__Firmicutes.c__Clostridia.o__Clostridiales.f__Lachnospiraceae.g__NA.s__sp33454	1.79933060452			0.0100281887782	
k__Bacteria.p__Actinobacteria.c__Coriobacteriia.o__Coriobacteriales.f__Coriobacteriaceae.g__Olsenella.s__scatoligenes_sp10465	2.19745897038			-	
k__Bacteria.p__Firmicutes.c__Clostridia.o__Clostridiales.f__Ruminococcaceae.g__NA.s__sp35424	1.83771414206			0.00410591895098	
k__Bacteria.p__Firmicutes.c__Clostridia.o__Clostridiales.f__NA.g__NA.s__sp30526	2.50884075474			-	
k__Bacteria.p__Firmicutes.c__Clostridia.o__Clostridiales.f__Lachnospiraceae.g__Ruminococcus.s__gauvreauii	0.566080410108			-	
k__Bacteria.p__Firmicutes.c__Negativicutes.o__Selenomonadales.f__Acidaminococcaceae.g__Succiniclasticum	2.17639187607	Obese0H	2.00525632913	0.0231467121564	64.pdf
k__Bacteria.p__Bacteroidetes.c__Bacteroidia.o__Bacteroidales.f__Porphyromonadaceae.g__Barnesiella.s__intestinihominis	0.350843109241			-	
k__Bacteria.p__Firmicutes.c__Clostridia.o__Clostridiales.f__Christensenellaceae.g__NA.s__sp30405	1.34193955651	Obese0H	2.01745813676	0.0430359759234	65.pdf
k__Bacteria.p__Firmicutes.c__Clostridia.o__Clostridiales.f__Christensenellaceae.g__NA.s__sp30402	0.962648635208			-	
k__Bacteria.p__Firmicutes.c__Clostridia.o__Clostridiales.f__Lachnospiraceae.g__NA.s__sp33517	3.42545530568	Obese48H	3.17299091726	0.0251080739866	66.pdf
k__Bacteria.p__Gemmatimonadetes.c__Gemmatimonadetes.o__Gemmatimonadales	0.507598179911			-	
k__Bacteria.p__Firmicutes.c__Clostridia.o__Clostridiales.f__Lachnospiraceae.g__Lachnoclostridium.s__sp32364	1.24834555073	Obese48H	3.30180935688	0.0430359759234	67.pdf
k__Bacteria.p__Firmicutes.c__Clostridia.o__Clostridiales.f__Lachnospiraceae.g__Lachnoclostridium.s__sp32367	2.16270388739			0.000563266341915	
k__Bacteria.p__Firmicutes.c__Clostridia.o__Clostridiales.f__Peptococcaceae.g__NA	0.717601257165			-	
k__Bacteria.p__Firmicutes.c__Bacilli.o__Lactobacillales.f__Streptococcaceae.g__Streptococcus.s__sanguinis	0.994612379014			-	
k__Bacteria.p__Firmicutes.c__Clostridia.o__Clostridiales.f__Lachnospiraceae.g__Blautia_Marvinbryantia.s__sp32002_sp32992	0.649015856314			-	
k__Bacteria.p__Firmicutes.c__Clostridia.o__Clostridiales.f__Christensenellaceae.g__NA.s__sp30326	1.14258825001			0.0430359759234	
k__Bacteria.p__Firmicutes.c__Bacilli.o__Bacillales.f__Bacillaceae.g__Bacillus.s__NA	2.56754006797			-	
k__Bacteria.p__Firmicutes.c__Clostridia.o__Clostridiales.f__Lachnospiraceae.g__NA.s__sp32265	1.27655589269	Obese0H	2.2510335314	0.0430359759234	68.pdf
k__Bacteria.p__Bacteroidetes.c__Bacteroidia.o__Bacteroidales.f__Prevotellaceae.g__Paraprevotella.s__clara	0.372899606013			-	
k__Bacteria.p__Firmicutes.c__Clostridia.o__Clostridiales.f__Christensenellaceae.g__Catabacter.s__hongkongensis	1.72954637662			0.00105565935241	
k__Bacteria.p__Firmicutes.c__Clostridia.o__Clostridiales.f__Clostridiaceae	4.99544599679	Obese48H	4.69318022765	5.57013704029e-12	69.pdf
k__Bacteria.p__Firmicutes.c__Clostridia.o__Clostridiales.f__Ruminococcaceae.g__NA.s__sp34815	1.29262839472			-	
k__Bacteria.p__Actinobacteria.c__Coriobacteriia.o__Coriobacteriales.f__Coriobacteriaceae.g__Adlercreutzia_Asaccharobacter	3.0537408624	Obese0H	2.79080382186	2.50163485659e-11	70.pdf
k__Bacteria.p__Firmicutes.c__Clostridia.o__Clostridiales.f__Clostridiaceae.g__Clostridium.s__celatum	3.90779311921			-	
k__Bacteria.p__Firmicutes.c__Clostridia.o__Clostridiales.f__Family_XI.g__Anaerococcus.s__vaginalis	2.68686257761	Obese48H	2.3649088993	0.000194031019979	71.pdf
k__Archaea.p__Euryarchaeota	3.69640812882			-	
k__Bacteria.p__Bacteroidetes.c__Bacteroidia.o__Bacteroidales.f__Porphyromonadaceae.g__Butyricimonas.s__paravirosa	1.74638136082			0.00365479115135	
k__Bacteria.p__Actinobacteria.c__Actinobacteria.o__Actinomycetales.f__Actinomycetaceae.g__Actinomyces.s__turicensis	1.80467317919			0.0430359759234	
k__Bacteria.p__Bacteroidetes.c__Bacteroidia.o__Bacteroidales.f__Bacteroidaceae.g__Bacteroides.s__xylanisolvens	3.51863968167	Obese48H	3.19493365113	1.82763847421e-12	72.pdf
k__Bacteria.p__Firmicutes.c__Clostridia.o__Clostridiales.f__Lachnospiraceae.g__NA.s__sp33422	3.24318931532			-	
k__Bacteria.p__Firmicutes.c__Clostridia.o__Clostridiales.f__NA.g__Sarcina	1.4287637171			-	
k__Bacteria.p__Firmicutes.c__Clostridia.o__Clostridiales.f__Ruminococcaceae.g__Anaerotruncus.s__sp34478	1.42927939764			-	
k__Bacteria.p__Firmicutes.c__Clostridia.o__Clostridiales.f__Lachnospiraceae.g__NA.s__sp32822	1.36792106602	Obese0H	2.1146590308	0.00676576175149	73.pdf
k__Bacteria.p__Firmicutes.c__Clostridia.o__Clostridiales.f__Lachnospiraceae.g__Lachnoclostridium.s__sp32441	2.27482106494	Obese48H	2.08860209481	1.12818976533e-05	74.pdf
k__Bacteria.p__Firmicutes.c__Clostridia.o__Clostridiales.f__Lachnospiraceae.g__Lachnoclostridium.s__sp32442	1.43170615333			0.0125078470287	
k__Bacteria.p__Firmicutes.c__Clostridia.o__Clostridiales.f__Lachnospiraceae.g__Lachnoclostridium.s__sp32444	3.23719725222	Obese48H	2.87028313165	0.000377524054082	75.pdf
k__Bacteria.p__Firmicutes.c__Clostridia.o__Clostridiales.f__Lachnospiraceae.g__Lachnoclostridium.s__sp32445	2.11992187651			-	
k__Bacteria.p__Actinobacteria.c__Actinobacteria.o__Corynebacteriales.f__Corynebacteriaceae.g__Corynebacterium.s__efficiens_glutamicum	1.30923052614			-	
k__Bacteria.p__Actinobacteria.c__Actinobacteria.o__Bifidobacteriales.f__Bifidobacteriaceae.g__Gardnerella.s__vaginalis	1.35681278612			-	
k__Bacteria.p__Firmicutes.c__Clostridia.o__Clostridiales.f__Lachnospiraceae.g__Blautia_Lachnoclostridium.s__sp31973_sp32345	0.621537435355			-	
k__Bacteria.p__Firmicutes.c__Clostridia.o__Clostridiales.f__Peptococcaceae.g__Peptococcus.s__niger	1.96560401481			0.0430359759234	
k__Bacteria.p__Actinobacteria.c__Actinobacteria.o__Micrococcales.f__Micrococcaceae.g__Micrococcus	1.24532077324			-	
k__Bacteria.p__Firmicutes.c__Clostridia.o__Clostridiales.f__Family_XIII	3.46259237455	Obese0H	3.1141433524	6.99486111649e-14	76.pdf
k__Bacteria.p__Firmicutes.c__Erysipelotrichia	4.52624207186	Obese0H	3.94331698597	9.3058279171e-10	77.pdf
k__Bacteria.p__Firmicutes.c__Clostridia.o__Clostridiales.f__Lachnospiraceae.g__Lachnospira.s__sp32454	1.91867988288			-	
k__Bacteria.p__Actinobacteria.c__Coriobacteriia.o__Coriobacteriales.f__Coriobacteriaceae.g__Denitrobacterium.s__detoxificans_sp10543	2.80833882304	Obese0H	2.50266319372	0.00717900241297	78.pdf
k__Bacteria.p__Firmicutes.c__Clostridia.o__Clostridiales.f__Lachnospiraceae.g__Lachnospira.s__sp32452	1.89422907972			0.000563266341915	
None.Other.Other.Other.Other.Other	2.18104706451			-	
k__Bacteria.p__Firmicutes.c__Clostridia.o__Clostridiales.f__Ruminococcaceae.g__Eubacterium	2.16083551845			0.00676576175149	
k__Bacteria.p__Firmicutes.c__Clostridia.o__Clostridiales.f__Peptostreptococcaceae.g__Peptoclostridium	0.60902075952			-	
k__Bacteria.p__Bacteroidetes.c__Bacteroidia.o__Bacteroidales.f__Prevotellaceae.g__Prevotella.s__copri	1.91885489767			-	
k__Bacteria.p__Firmicutes.c__Clostridia.o__Clostridiales.f__Lachnospiraceae.g__Blautia.s__sp31992	0.498747733229			-	
k__Bacteria.p__Firmicutes.c__Bacilli.o__Bacillales.f__Family_XI	1.14845307655			-	
k__Bacteria.p__Bacteroidetes.c__Bacteroidia.o__Bacteroidales.f__Porphyromonadaceae.g__Butyricimonas.s__virosa	2.22482211298			0.000298783314724	
k__Bacteria.p__Firmicutes.c__Clostridia.o__Clostridiales.f__Defluviitaleaceae.g__NA	1.67851654926			-	
k__Bacteria.p__Firmicutes.c__Clostridia.o__Clostridiales.f__Lachnospiraceae.g__Tyzzerella.s__sp33297	1.56545617413			0.0125078470287	
k__Bacteria.p__Firmicutes.c__Clostridia.o__Clostridiales.f__Family_XI.g__Finegoldia	3.0129580951	Obese48H	2.75719489729	3.90523607377e-07	79.pdf
k__Bacteria.p__Proteobacteria.c__Gammaproteobacteria.o__Enterobacteriales.f__Enterobacteriaceae.g__Escherichia.s__coli	4.92691349961	Obese48H	4.58940741345	1.98752733869e-16	80.pdf
k__Bacteria.p__Firmicutes.c__Bacilli.o__Lactobacillales.f__NA.g__NA.s__NA	0.509051783164			-	
None.Other.Other.Other	2.18104706451			-	
k__Bacteria.p__Firmicutes.c__Bacilli.o__Lactobacillales.f__Carnobacteriaceae.g__Granulicatella	0.64370486907			-	
k__Bacteria.p__Firmicutes.c__Clostridia.o__Clostridiales.f__Lachnospiraceae.g__Blautia.s__sp32054_wexlerae	3.81361521569	Obese0H	3.52123636295	6.45789251913e-12	81.pdf
k__Bacteria.p__Firmicutes.c__Bacilli.o__Lactobacillales.f__Streptococcaceae.g__Streptococcus.s__parasanguinis	2.70952945119	Obese0H	2.38093570471	1.97081004185e-08	82.pdf
k__Bacteria.p__Firmicutes.c__Bacilli.o__Bacillales.f__Bacillaceae.g__Bacillus.s__cereus	1.8629858379			-	
k__Bacteria.p__Actinobacteria.c__Actinobacteria.o__Bifidobacteriales.f__Bifidobacteriaceae.g__Bifidobacterium	5.0953557264	Obese0H	4.138031492	0.0320142733465	83.pdf
k__Bacteria.p__Actinobacteria.c__Coriobacteriia.o__Coriobacteriales.f__Coriobacteriaceae.g__Gordonibacter	2.29452605146			0.0123588791828	
k__Bacteria.p__Firmicutes.c__Clostridia.o__Clostridiales.f__Lachnospiraceae.g__NA.s__sp32486	1.90778553963			-	
k__Bacteria.p__Firmicutes.c__Bacilli.o__Lactobacillales.f__Leuconostocaceae.g__Weissella.s__cibaria_confusa	1.15073727381			-	
k__Bacteria.p__Actinobacteria.c__Actinobacteria.o__Actinomycetales.f__Actinomycetaceae.g__Mobiluncus	0.904091190248			-	
k__Bacteria.p__Verrucomicrobia.c__Verrucomicrobiae.o__Verrucomicrobiales.f__Verrucomicrobiaceae	4.16991145746	Obese48H	3.73263883773	0.0305142951106	84.pdf
k__Bacteria.p__Firmicutes.c__Clostridia.o__Clostridiales.f__Lachnospiraceae.g__Lachnoclostridium.s__sp32343_sp32393_sp32423	2.58788924512			-	
k__Bacteria.p__Verrucomicrobia.c__Verrucomicrobiae	4.16991145746	Obese48H	3.73263883773	0.0305142951106	85.pdf
k__Bacteria.p__Firmicutes.c__Bacilli.o__Bacillales.f__Paenibacillaceae	3.46113837173	Obese0H	3.14713303535	6.11864735828e-11	86.pdf
k__Bacteria.p__Firmicutes.c__Erysipelotrichia.o__Erysipelotrichales.f__Erysipelotrichaceae.g__Stoquefichus.s__sp36595	1.33524911032			-	
k__Bacteria.p__Firmicutes.c__Erysipelotrichia.o__Erysipelotrichales.f__Erysipelotrichaceae.g__Faecalitalea	3.03453588397	Obese0H	2.66799217724	0.000242006519503	87.pdf
k__Bacteria.p__Firmicutes.c__Clostridia.o__Clostridiales.f__Lachnospiraceae.g__Roseburia.s__inulinivorans	2.92197551866	Obese48H	2.58805567579	0.0246299031402	88.pdf
k__Bacteria.p__Firmicutes.c__Clostridia.o__Clostridiales.f__NA.g__NA	3.71439075746			-	
k__Bacteria.p__Firmicutes.c__Erysipelotrichia.o__Erysipelotrichales.f__Erysipelotrichaceae.g__Holdemanella	3.82658478317			-	
k__Bacteria.p__Gemmatimonadetes	0.507598179911			-	
k__Bacteria.p__Firmicutes.c__Clostridia.o__Clostridiales.f__Lachnospiraceae.g__NA.s__sp32265_sp32273	0.600124462114			-	
k__Bacteria.p__Proteobacteria.c__Gammaproteobacteria.o__Enterobacteriales.f__Enterobacteriaceae.g__Pantoea.s__vagans	2.65123741519			-	
k__Bacteria.p__Firmicutes.c__Clostridia.o__Clostridiales.f__Lachnospiraceae.g__Anaerostipes.s__hadrus	4.38088375285	Obese0H	3.98556122402	7.92689963118e-15	89.pdf
k__Bacteria.p__Firmicutes.c__Clostridia.o__Clostridiales.f__Ruminococcaceae.g__NA.s__sp35120_sp35138	1.24513055505			-	
k__Bacteria.p__Firmicutes.c__Clostridia.o__Clostridiales.f__Family_XI.g__Anaerococcus.s__octavius	0.874021841123			-	
k__Bacteria.p__Firmicutes.c__Clostridia.o__Clostridiales.f__Lachnospiraceae.g__Blautia.s__sp32048	4.30508327439	Obese0H	3.80769405872	7.83239895978e-07	90.pdf
k__Bacteria.p__Firmicutes.c__Clostridia.o__Clostridiales.f__Ruminococcaceae.g__NA.s__sp34762	0.810206852893			-	
k__Bacteria.p__Actinobacteria.c__Coriobacteriia	5.14455811463	Obese48H	4.60351565869	0.000116632009053	91.pdf
k__Bacteria.p__Bacteroidetes.c__Bacteroidia.o__Bacteroidales.f__Bacteroidaceae.g__Bacteroides.s__ovatus_sp12288_thetaiotaomicron	1.59889045528			-	
k__Bacteria.p__Firmicutes.c__Clostridia.o__Clostridiales.f__Ruminococcaceae.g__NA.s__sp34765	1.86198278008			0.00365479115135	
k__Bacteria.p__Actinobacteria.c__Actinobacteria.o__Bifidobacteriales.f__Bifidobacteriaceae.g__Bifidobacterium.s__NA	0.556909199438			-	
k__Bacteria.p__Actinobacteria.c__Coriobacteriia.o__Coriobacteriales.f__Coriobacteriaceae.g__NA.s__sp10494	2.84273044809			-	
k__Bacteria.p__Actinobacteria.c__Coriobacteriia.o__Coriobacteriales.f__Coriobacteriaceae.g__NA	3.10261446812	Obese0H	2.5626120674	0.0176383037126	92.pdf
k__Bacteria.p__Firmicutes.c__Clostridia.o__Clostridiales.f__Lachnospiraceae.g__Roseburia.s__sp33185	1.74990630454			-	
k__Bacteria.p__Firmicutes.c__Clostridia.o__Clostridiales.f__Ruminococcaceae.g__NA.s__sp35100	1.61025776545			-	
k__Bacteria.p__Firmicutes.c__Clostridia.o__Clostridiales.f__Lachnospiraceae.g__Blautia_Lachnoclostridium.s__sp32052_sp32410	3.0559404109	Obese0H	2.38983316276	0.000164035191102	93.pdf
k__Bacteria.p__Firmicutes.c__Clostridia.o__Clostridiales.f__Ruminococcaceae.g__NA.s__sp35669	2.44995143737			-	
k__Bacteria.p__Firmicutes.c__Clostridia.o__Clostridiales.f__Lachnospiraceae.g__Cellulosilyticum.s__ruminicola	0.518158832212			-	
k__Bacteria.p__Actinobacteria.c__Coriobacteriia.o__Coriobacteriales.f__Coriobacteriaceae.g__Enterorhabdus.s__caecimuris	2.48799130681			-	
k__Bacteria.p__Firmicutes.c__Clostridia.o__Clostridiales.f__Clostridiaceae.g__Clostridium_Sarcina.s__perfringens_sp30952	0.689255275061			-	
k__Bacteria.p__Proteobacteria.c__Betaproteobacteria.o__Burkholderiales.f__Alcaligenaceae	3.76706859619	Obese48H	3.49470358932	1.19425571982e-12	94.pdf
k__Bacteria.p__Firmicutes.c__Clostridia.o__Clostridiales.f__Lachnospiraceae.g__NA.s__sp33371_sp33375	2.256238031			-	
k__Bacteria.p__Firmicutes.c__Clostridia.o__Clostridiales.f__Ruminococcaceae.g__NA.s__sp35665	3.08983816245	Obese0H	2.7523356731	0.00788237143301	95.pdf
k__Bacteria.p__Firmicutes.c__Bacilli.o__Lactobacillales.f__Streptococcaceae.g__Streptococcus.s__anginosus_constellatus_intermedius	0.436848320151			-	
k__Bacteria.p__Firmicutes.c__Clostridia.o__Clostridiales.f__Ruminococcaceae.g__NA.s__sp35667	3.05662886599	Obese0H	2.76227293606	1.07455437375e-05	96.pdf
k__Bacteria.p__Firmicutes.c__Clostridia.o__Clostridiales.f__Family_XI.g__Parvimonas.s__sp31282	2.08881092307			0.0430359759234	
None.Other.Other	2.18104706451			-	
k__Bacteria.p__Firmicutes.c__Clostridia.o__Clostridiales.f__Ruminococcaceae.g__Faecalibacterium.s__sp34558	3.37671208538	Obese48H	2.8986987588	0.0170055482925	97.pdf
k__Bacteria.p__Firmicutes.c__Bacilli.o__Lactobacillales.f__Leuconostocaceae	4.19100298225	Obese0H	3.89683593861	0.00837399082418	98.pdf
k__Bacteria.p__Firmicutes.c__Bacilli.o__Lactobacillales.f__Lactobacillaceae.g__Pediococcus	2.36734069675			-	
k__Bacteria.p__Firmicutes.c__Clostridia.o__Clostridiales.f__Ruminococcaceae.g__NA.s__sp34859	2.21608600727	Obese0H	2.00273798875	5.11499027434e-06	99.pdf
k__Bacteria.p__Firmicutes.c__Bacilli.o__Bacillales.f__Staphylococcaceae.g__Staphylococcus	1.63470297828			-	
k__Bacteria.p__Firmicutes.c__Clostridia.o__Clostridiales.f__Christensenellaceae.g__NA.s__sp30441	2.21600533142	Obese0H	2.00115573848	0.00114889955568	100.pdf
k__Bacteria.p__Firmicutes.c__Clostridia.o__Clostridiales.f__Lachnospiraceae.g__Blautia.s__luti	3.34923363022	Obese0H	3.03051061127	0.000190515357637	101.pdf
k__Bacteria.p__Bacteroidetes.c__Bacteroidia.o__Bacteroidales.f__Bacteroidaceae.g__Bacteroides.s__finegoldii	2.72020907367	Obese48H	2.4308193055	0.000157466650629	102.pdf
k__Bacteria.p__Firmicutes.c__Clostridia.o__Clostridiales.f__Ruminococcaceae.g__NA.s__sp34850	1.80418106467			0.00676576175149	
k__Bacteria.p__Firmicutes.c__Clostridia.o__Clostridiales.f__Ruminococcaceae.g__NA.s__sp34851	1.97752545029			0.00231844888797	
k__Bacteria.p__Firmicutes.c__Clostridia.o__Clostridiales.f__Family_XI.g__Tissierella.s__praeacuta	1.24461060054			-	
k__Bacteria.p__Firmicutes.c__Clostridia.o__Clostridiales.f__Lachnospiraceae.g__Roseburia.s__hominis	2.33677156882	Obese48H	2.06561737515	0.00105565935241	103.pdf
k__Bacteria.p__Actinobacteria.c__Coriobacteriia.o__Coriobacteriales.f__Coriobacteriaceae.g__Collinsella.s__aerofaciens	5.11944610933	Obese48H	4.59986563933	8.36907993905e-05	104.pdf
k__Bacteria.p__Firmicutes.c__Clostridia.o__Clostridiales.f__Lachnospiraceae.g__NA.s__sp33553	1.14261688834			-	
k__Bacteria.p__Firmicutes.c__Clostridia.o__Clostridiales.f__Family_XI.g__Gallicola.s__sp31243	1.16401583356			-	
k__Bacteria.p__Firmicutes.c__Bacilli.o__Lactobacillales.f__Lactobacillaceae.g__Lactobacillus.s__sakei	1.68439363687	Obese0H	2.0181375436	0.0430359759234	105.pdf
k__Bacteria.p__Proteobacteria.c__Betaproteobacteria.o__Neisseriales.f__Neisseriaceae.g__NA.s__sp50014	0.922571527882			-	
k__Bacteria.p__Actinobacteria.c__Coriobacteriia.o__Coriobacteriales.f__Coriobacteriaceae.g__Collinsella_Olsenella	1.26937708156			-	
k__Bacteria.p__Firmicutes.c__Clostridia.o__Clostridiales.f__Lachnospiraceae.g__Hungatella.s__effluvii	2.67651367094	Obese48H	2.36725864161	0.000563266341915	106.pdf
k__Bacteria.p__Actinobacteria	5.39492791702			-	
k__Bacteria.p__Firmicutes.c__Clostridia.o__Clostridiales.f__Ruminococcaceae.g__Ruminiclostridium	3.5398040827	Obese0H	3.01658575662	0.00224967248739	107.pdf
k__Bacteria.p__Firmicutes.c__Erysipelotrichia.o__Erysipelotrichales.f__Erysipelotrichaceae.g__Erysipelatoclostridium	2.72035338763	Obese0H	2.18114635119	0.000195547648194	108.pdf
k__Bacteria.p__Firmicutes.c__Clostridia.o__Clostridiales.f__Lachnospiraceae.g__Blautia.s__wexlerae	5.17104320863	Obese0H	4.67581173859	5.61462750011e-12	109.pdf
k__Bacteria.p__Firmicutes.c__Clostridia.o__Clostridiales.f__Lachnospiraceae.g__Blautia_Roseburia	0.907687874402			-	
k__Bacteria.p__Firmicutes.c__Clostridia.o__Clostridiales.f__Lachnospiraceae.g__Lachnoclostridium.s__sp32336	2.46832758525	Obese48H	2.22094503009	0.00365479115135	110.pdf
k__Bacteria.p__Firmicutes.c__Clostridia.o__Clostridiales.f__Family_XI.g__Ezakiella	1.10984461665			-	
k__Bacteria.p__Proteobacteria.c__Betaproteobacteria.o__Neisseriales.f__Neisseriaceae.g__NA	0.922571527882			-	
k__Bacteria.p__Actinobacteria.c__Actinobacteria.o__Bifidobacteriales.f__Bifidobacteriaceae.g__Bifidobacterium.s__sp4971	1.45027756489			-	
k__Bacteria.p__Firmicutes.c__Clostridia.o__Clostridiales.f__NA.g__Sarcina.s__ventriculi	1.13552522678			-	
k__Bacteria.p__Actinobacteria.c__Actinobacteria.o__Bifidobacteriales.f__Bifidobacteriaceae.g__Bifidobacterium.s__saguini	0.632634759449			-	
k__Bacteria.p__Firmicutes.c__Clostridia.o__Clostridiales.f__Peptostreptococcaceae.g__Peptostreptococcus.s__anaerobius	1.64680939462			0.0430359759234	
k__Bacteria.p__Firmicutes.c__Erysipelotrichia.o__Erysipelotrichales.f__Erysipelotrichaceae.g__NA.s__sp36686_sp36689	3.99896011998	Obese0H	3.69912863135	6.13916894099e-10	111.pdf
k__Bacteria.p__Firmicutes.c__Erysipelotrichia.o__Erysipelotrichales.f__Erysipelotrichaceae.g__Dielma.s__sp36605	2.11031754566			0.000298783314724	
k__Bacteria.p__Actinobacteria.c__Coriobacteriia.o__Coriobacteriales.f__Coriobacteriaceae.g__NA.s__sp10524	2.5876629499			-	
k__Archaea.p__Euryarchaeota.c__Methanobacteria.o__Methanobacteriales.f__Methanobacteriaceae	3.69640812882			-	
k__Bacteria.p__Firmicutes.c__Clostridia.o__Clostridiales.f__Peptostreptococcaceae.g__Terrisporobacter.s__sp34393	3.09612401087	Obese0H	2.80172909814	7.08766510876e-06	112.pdf
k__Bacteria.p__Firmicutes.c__Clostridia.o__Clostridiales.f__Peptostreptococcaceae.g__Terrisporobacter.s__sp34390	0.875574965206			-	
k__Bacteria.p__Bacteroidetes.c__Bacteroidia.o__Bacteroidales.f__Porphyromonadaceae.g__Odoribacter	2.3677582997	Obese48H	2.10469394144	5.42928239369e-05	113.pdf
k__Bacteria.p__Actinobacteria.c__Actinobacteria.o__Propionibacteriales	4.19319693175			-	
None	2.18104706451			-	
k__Bacteria.p__Firmicutes.c__Clostridia.o__Clostridiales.f__Ruminococcaceae.g__Anaerotruncus.s__sp34437	0.530097021411			-	
k__Bacteria.p__Firmicutes.c__Clostridia.o__Clostridiales.f__Ruminococcaceae.g__Anaerotruncus.s__sp34434	1.03883463892			-	
k__Bacteria.p__Firmicutes.c__Clostridia.o__Clostridiales.f__Lachnospiraceae.g__Fusicatenibacter	4.43263840259	Obese0H	3.86550163719	1.84042582565e-07	114.pdf
k__Bacteria.p__Firmicutes.c__Bacilli.o__Bacillales.f__Staphylococcaceae.g__Staphylococcus.s__argenteus_aureus_simiae	0.82286861469			-	
k__Bacteria.p__Firmicutes.c__Clostridia.o__Clostridiales.f__Ruminococcaceae.g__Anaerotruncus.s__colihominis	1.42988163417			0.0125078470287	
k__Bacteria.p__Firmicutes.c__Clostridia.o__Clostridiales.f__Lachnospiraceae.g__NA.s__sp32907	1.39651587974			0.0231467121564	
k__Bacteria.p__Bacteroidetes.c__Bacteroidia.o__Bacteroidales.f__Porphyromonadaceae.g__Porphyromonas	1.17117092691			-	
k__Bacteria.p__Firmicutes.c__Clostridia.o__Clostridiales.f__Lachnospiraceae.g__Lachnoclostridium.s__sp32400	3.25781739993			-	
None.Other.Other.Other.Other.Other.Other	2.18104706451			-	
k__Bacteria.p__Firmicutes.c__Clostridia.o__Clostridiales.f__Lachnospiraceae.g__Lachnoclostridium_Roseburia.s__sp32368_sp33144	3.13095859118	Obese0H	2.7979334853	1.19014648024e-10	115.pdf
k__Bacteria.p__Firmicutes	5.8920532341	Obese0H	5.10586954714	2.59982131484e-10	116.pdf
k__Bacteria.p__Actinobacteria.c__Actinobacteria.o__Actinomycetales.f__Actinomycetaceae.g__Actinomyces.s__oris_viscosus	0.907223448589			-	
k__Bacteria.p__Firmicutes.c__Clostridia.o__Clostridiales.f__Ruminococcaceae.g__Pseudoflavonifractor.s__capillosus	1.20873137805			-	
k__Bacteria.p__Firmicutes.c__Clostridia.o__Clostridiales.f__Family_XI.g__Parvimonas_Tissierella	1.46489503881			0.0430359759234	
k__Bacteria.p__Actinobacteria.c__Actinobacteria	5.15678670282	Obese0H	4.35251152354	0.0102300912906	117.pdf
k__Bacteria	5.99971205308			-	
k__Bacteria.p__Actinobacteria.c__Actinobacteria.o__Bifidobacteriales.f__Bifidobacteriaceae.g__Bifidobacterium.s__catenulatum_kashiwanohense_pseudocatenulatum	4.3109849573			-	
k__Bacteria.p__Firmicutes.c__Clostridia.o__Clostridiales.f__Lachnospiraceae.g__Lachnoclostridium_Roseburia	3.13095859118	Obese0H	2.7976262832	1.19014648024e-10	118.pdf
k__Bacteria.p__Firmicutes.c__Clostridia.o__Clostridiales.f__Lachnospiraceae.g__Eisenbergiella	2.54585811085			-	
k__Archaea.p__Euryarchaeota.c__Methanobacteria.o__Methanobacteriales.f__Methanobacteriaceae.g__Methanobacterium	0.566080410108			-	
k__Bacteria.p__Proteobacteria.c__Gammaproteobacteria.o__Pseudomonadales.f__Pseudomonadaceae.g__Pseudomonas.s__NA	0.782702460595			-	
k__Bacteria.p__Firmicutes.c__Clostridia.o__Clostridiales.f__Ruminococcaceae.g__Eubacterium.s__sp35686	2.16083551845			0.00676576175149	
k__Bacteria.p__Firmicutes.c__Clostridia.o__Clostridiales.f__Peptostreptococcaceae.g__Intestinibacter.s__bartlettii	3.88648501718			-	
k__Bacteria.p__Firmicutes.c__Negativicutes	3.6761591677	Obese48H	3.27748764552	8.77868832994e-05	119.pdf
k__Bacteria.p__Bacteroidetes.c__Bacteroidia.o__Bacteroidales.f__Bacteroidaceae.g__Bacteroides.s__caccae	4.28288265595	Obese48H	3.9756603419	6.53583574214e-17	120.pdf
k__Bacteria.p__Bacteroidetes.c__Bacteroidia.o__Bacteroidales.f__Prevotellaceae.g__NA.s__sp13885	0.519557281739			-	
k__Bacteria.p__Firmicutes.c__Clostridia.o__Clostridiales.f__Family_XI.g__Peptoniphilus.s__harei	2.87896979202	Obese48H	2.55099104685	0.000298783314724	121.pdf
k__Bacteria.p__Firmicutes.c__Clostridia.o__Clostridiales.f__Ruminococcaceae.g__Subdoligranulum.s__sp35590	3.17518951224	Obese48H	2.87848578483	8.45603123706e-15	122.pdf
k__Bacteria.p__Firmicutes.c__Negativicutes.o__Selenomonadales.f__Acidaminococcaceae.g__Succiniclasticum.s__sp36859	2.17639187607			0.0231467121564	
k__Bacteria.p__Firmicutes.c__Clostridia.o__Clostridiales.f__Peptostreptococcaceae.g__Romboutsia	4.60907023129	Obese0H	4.13238771971	0.0020982991237	123.pdf
k__Bacteria.p__Tenericutes.c__Mollicutes.o__NA.f__NA.g__NA.s__sp67854	1.88960991524			0.00196836737116	
k__Bacteria.p__Firmicutes.c__Clostridia.o__Clostridiales.f__Lachnospiraceae.g__Lachnoclostridium.s__sp32440	2.46030162149	Obese48H	2.14309963329	7.11045403395e-05	124.pdf
k__Bacteria.p__Firmicutes.c__Clostridia.o__Clostridiales.f__Ruminococcaceae.g__NA.s__sp35038	1.90835465555			-	
k__Bacteria.p__Firmicutes.c__Clostridia.o__Clostridiales.f__Ruminococcaceae.g__NA.s__sp35037	2.80427859275			-	
k__Bacteria.p__Firmicutes.c__Clostridia.o__Clostridiales.f__Ruminococcaceae.g__NA.s__sp35036	0.492678895884			-	
k__Bacteria.p__Bacteroidetes.c__Bacteroidia.o__Bacteroidales.f__Porphyromonadaceae.g__Odoribacter.s__laneus	0.518158832212			-	
k__Bacteria.p__Firmicutes.c__Clostridia.o__Clostridiales.f__Lachnospiraceae.g__NA.s__sp33657	2.36661832301	Obese0H	2.14294847783	0.0430359759234	125.pdf
k__Bacteria.p__Firmicutes.c__Clostridia.o__Clostridiales.f__Family_XI.g__Peptoniphilus.s__grossensis	3.0158189936	Obese48H	2.73627172201	3.44997620844e-07	126.pdf
k__Bacteria.p__Actinobacteria.c__Coriobacteriia.o__Coriobacteriales.f__Coriobacteriaceae.g__Eggerthella.s__sinensis	2.7225543884			-	
k__Bacteria.p__Firmicutes.c__Clostridia.o__Clostridiales.f__Lachnospiraceae.g__Tyzzerella.s__sp33302	1.70622718269			-	
k__Bacteria.p__Firmicutes.c__Clostridia.o__Clostridiales.f__Lachnospiraceae.g__Lactonifactor.s__sp32959	1.17344084302			-	
k__Bacteria.p__Deinococcus_Thermus.c__Deinococci.o__Thermales.f__Thermaceae.g__Thermus	0.693234756873			-	
k__Bacteria.p__Actinobacteria.c__Actinobacteria.o__Bifidobacteriales.f__Bifidobacteriaceae.g__Bifidobacterium.s__animalis	3.20341600665	Obese0H	2.841478798	0.00196836737116	127.pdf
k__Bacteria.p__Firmicutes.c__Clostridia.o__Clostridiales.f__Ruminococcaceae.g__Pseudoflavonifractor	1.20873137805			-	
k__Bacteria.p__Firmicutes.c__Clostridia.o__Clostridiales.f__Family_XIII.g__NA.s__sp31542	2.2306144334	Obese0H	2.12052529071	2.87388274064e-06	128.pdf
k__Bacteria.p__Firmicutes.c__Clostridia.o__Clostridiales.f__Ruminococcaceae.g__Fastidiosipila	1.88155992441			0.0430359759234	
k__Bacteria.p__Proteobacteria.c__Gammaproteobacteria.o__Enterobacteriales.f__Enterobacteriaceae.g__Klebsiella.s__pneumoniae_quasipneumoniae	1.06390068068			-	
k__Bacteria.p__Actinobacteria.c__Actinobacteria.o__Actinomycetales.f__Actinomycetaceae.g__Actinomyces.s__gerencseriae	0.406343953276			-	
k__Bacteria.p__Firmicutes.c__Clostridia.o__Clostridiales.f__Family_XI.g__Peptoniphilus	3.56391261348	Obese48H	3.25109400944	6.10986233024e-08	129.pdf
k__Bacteria.p__Firmicutes.c__Bacilli.o__Lactobacillales.f__Lactobacillaceae.g__Pediococcus.s__acidilactici_lolii	2.36734069675			-	
k__Bacteria.p__Firmicutes.c__Clostridia.o__Clostridiales.f__Lachnospiraceae.g__NA.s__sp32163	0.640040473816			-	
k__Bacteria.p__Firmicutes.c__Clostridia.o__Clostridiales.f__Lachnospiraceae.g__Fusicatenibacter.s__saccharivorans	4.43263840259	Obese0H	3.86550163719	1.84042582565e-07	130.pdf
k__Bacteria.p__Firmicutes.c__Erysipelotrichia.o__Erysipelotrichales.f__Erysipelotrichaceae.g__Faecalitalea.s__sp36732	1.86783559625			0.0430359759234	
k__Bacteria.p__Bacteroidetes.c__Bacteroidia.o__Bacteroidales.f__Porphyromonadaceae.g__Butyricimonas	2.40502275244	Obese48H	2.10742942553	8.24116426377e-05	131.pdf
k__Bacteria.p__Bacteroidetes.c__Bacteroidia.o__Bacteroidales.f__Rikenellaceae.g__Alistipes.s__shahii	2.51049561149	Obese48H	2.24206854393	8.93064157718e-09	132.pdf
k__Bacteria.p__Actinobacteria.c__Coriobacteriia.o__Coriobacteriales.f__Coriobacteriaceae.g__Eggerthella_Gordonibacter.s__pamelaeae_sinensis	1.47741130922			0.0231467121564	
k__Bacteria.p__Firmicutes.c__Clostridia.o__Clostridiales.f__Lachnospiraceae.g__Marvinbryantia.s__sp32992	3.32401926479	Obese0H	2.97984369943	1.56679485294e-12	133.pdf
k__Bacteria.p__Firmicutes.c__Clostridia.o__Clostridiales.f__Lachnospiraceae.g__Marvinbryantia.s__sp32993	2.89319234984	Obese0H	2.52847247619	4.65509410418e-06	134.pdf
k__Bacteria.p__Firmicutes.c__Clostridia.o__Clostridiales.f__Ruminococcaceae.g__NA.s__sp35637	0.537778342397			-	
k__Bacteria.p__Firmicutes.c__Clostridia.o__Clostridiales.f__Lachnospiraceae.g__Blautia	5.49703570401	Obese0H	5.02886188271	9.49275894615e-15	135.pdf
k__Bacteria.p__Firmicutes.c__Clostridia.o__Clostridiales.f__Defluviitaleaceae	1.67851654926			-	
k__Bacteria.p__Firmicutes.c__Bacilli.o__Lactobacillales.f__Leuconostocaceae.g__Leuconostoc	2.21042114322			-	
k__Bacteria.p__Firmicutes.c__Clostridia.o__Clostridiales.f__Lachnospiraceae.g__NA.s__sp33473_sp33677	1.77630498679			0.00105565935241	
k__Bacteria.p__Firmicutes.c__Clostridia.o__Clostridiales.f__Lachnospiraceae.g__NA.s__sp32738	1.44510302302			0.0125078470287	
k__Bacteria.p__Firmicutes.c__Clostridia.o__Clostridiales.f__Christensenellaceae.g__NA.s__sp30287	0.912702253801			-	
k__Bacteria.p__Firmicutes.c__Clostridia.o__Clostridiales.f__Peptostreptococcaceae.g__Paraclostridium_Peptoclostridium	4.7452671943	Obese48H	4.45475855201	6.077344962e-06	136.pdf
k__Bacteria.p__Firmicutes.c__Clostridia.o__Clostridiales.f__Lachnospiraceae.g__Dorea.s__longicatena	4.34272656096	Obese0H	3.93668860642	1.75889152303e-16	137.pdf
k__Bacteria.p__Firmicutes.c__Clostridia.o__Clostridiales.f__Ruminococcaceae.g__NA.s__sp35703	0.853619534885			-	
k__Bacteria.p__Firmicutes.c__Clostridia.o__Clostridiales.f__Ruminococcaceae.g__NA.s__sp34790	1.20222896767			-	
k__Bacteria.p__Firmicutes.c__Clostridia.o__Clostridiales.f__Eubacteriaceae.g__Anaerofustis.s__stercorihominis	0.683033479157			-	
k__Bacteria.p__Firmicutes.c__Clostridia.o__Clostridiales.f__Ruminococcaceae.g__NA.s__sp34795	3.77931084587	Obese0H	3.23418994735	0.000554602947704	138.pdf
k__Bacteria.p__Firmicutes.c__Clostridia.o__Clostridiales.f__Ruminococcaceae.g__NA.s__sp34794	1.89790046658			4.28118807993e-05	
k__Bacteria.p__Firmicutes.c__Clostridia.o__Clostridiales.f__Lachnospiraceae.g__Blautia.s__sp32002	3.88201674918	Obese0H	3.44868576774	1.04653831483e-08	139.pdf
k__Bacteria.p__Bacteroidetes.c__Bacteroidia.o__Bacteroidales.f__Prevotellaceae.g__Prevotella.s__buccalis	0.640040473816			-	
k__Bacteria.p__Actinobacteria.c__Actinobacteria.o__Corynebacteriales.f__Corynebacteriaceae.g__Corynebacterium	3.36190422171			-	
k__Bacteria.p__Verrucomicrobia.c__Verrucomicrobiae.o__Verrucomicrobiales.f__Verrucomicrobiaceae.g__Akkermansia	4.16991145746	Obese48H	3.73263883773	0.0305142951106	140.pdf
k__Bacteria.p__Firmicutes.c__Negativicutes.o__Selenomonadales.f__Veillonellaceae.g__Negativicoccus	3.47254645537	Obese48H	3.17476984513	8.51699683147e-12	141.pdf
k__Bacteria.p__Cyanobacteria.c__Cyanobacteria.o__NA.f__NA.g__NA	0.729446929527			-	
k__Bacteria.p__Firmicutes.c__Clostridia.o__Clostridiales.f__Lachnospiraceae.g__NA.s__sp32163_sp32172	1.93736311144			-	
k__Bacteria.p__Firmicutes.c__Clostridia.o__Clostridiales.f__Lachnospiraceae.g__Blautia.s__sp32009	4.85902812718	Obese0H	4.41587208936	9.57163234299e-08	142.pdf
None.Other.Other.Other.Other	2.18104706451			-	
k__Bacteria.p__Cyanobacteria	0.729446929527			-	
k__Bacteria.p__Bacteroidetes.c__Bacteroidia.o__Bacteroidales.f__Prevotellaceae.g__NA.s__sp13896_sp13916	2.46466808413	Obese48H	2.09535577155	0.00681674923202	143.pdf
k__Bacteria.p__Firmicutes.c__Clostridia.o__Clostridiales.f__Ruminococcaceae.g__Subdoligranulum.s__sp35582	4.16825025617	Obese0H	3.69745930139	4.47333980852e-05	144.pdf
k__Bacteria.p__Firmicutes.c__Clostridia.o__Clostridiales.f__Lachnospiraceae.g__Lachnoclostridium.s__bolteae_sp32422_sp32431	2.55903325671	Obese48H	2.26399684125	0.00105565935241	145.pdf
k__Bacteria.p__Firmicutes.c__Clostridia.o__Clostridiales.f__Clostridiaceae.g__Clostridium	4.99542453804	Obese48H	4.6931526628	5.57013704029e-12	146.pdf
k__Bacteria.p__Firmicutes.c__Clostridia.o__Clostridiales.f__Lachnospiraceae.g__Lactonifactor	2.02616785354			0.00365479115135	
k__Archaea.p__Euryarchaeota.c__Methanobacteria.o__Methanobacteriales.f__Methanobacteriaceae.g__Methanobrevibacter.s__smithii	3.69608630551			-	
k__Bacteria.p__Firmicutes.c__Clostridia.o__Clostridiales.f__Ruminococcaceae.g__Butyricicoccus_Ruminiclostridium	1.88574387452			0.0125078470287	
k__Bacteria.p__Firmicutes.c__Clostridia.o__Clostridiales.f__Ruminococcaceae.g__NA.s__sp35829	1.83626826642			-	
k__Bacteria.p__Firmicutes.c__Bacilli.o__Lactobacillales.f__NA	0.509051783164			-	
k__Bacteria.p__Firmicutes.c__Clostridia.o__Clostridiales.f__Ruminococcaceae.g__NA.s__sp35083	1.96148459227			0.000157466650629	
k__Bacteria.p__Actinobacteria.c__Actinobacteria.o__Actinomycetales.f__Actinomycetaceae.g__Varibaculum.s__cambriense	2.261654596	Obese0H	2.05073349115	0.00676576175149	147.pdf
k__Archaea.p__Euryarchaeota.c__Methanobacteria.o__Methanobacteriales.f__Methanobacteriaceae.g__Methanobrevibacter	3.69608630551			-	
k__Bacteria.p__Firmicutes.c__Clostridia.o__Clostridiales.f__Ruminococcaceae.g__Soleaferrea.s__sp34501	0.96738239021			-	
k__Bacteria.p__Actinobacteria.c__Actinobacteria.o__Actinomycetales.f__Actinomycetaceae.g__Actinomyces.s__odontolyticus	2.66299293787	Obese0H	2.53631349764	4.23821060362e-14	148.pdf
k__Bacteria.p__Bacteroidetes.c__Bacteroidia.o__Bacteroidales.f__Porphyromonadaceae.g__Parabacteroides.s__merdae	3.44911336892	Obese48H	3.14317373257	1.6872697454e-06	149.pdf
k__Bacteria.p__Firmicutes.c__Clostridia.o__Clostridiales.f__NA.g__NA.s__sp31117	1.44513759035			-	
k__Bacteria.p__Firmicutes.c__Clostridia.o__Clostridiales.f__Lachnospiraceae.g__Blautia.s__sp31989	2.39129645562			-	
k__Bacteria.p__Actinobacteria.c__Actinobacteria.o__Corynebacteriales	3.37812609783	Obese0H	3.05312845668	0.0231467121564	150.pdf
k__Bacteria.p__Firmicutes.c__Clostridia.o__Clostridiales.f__Family_XI.g__Anaerococcus.s__lactolyticus	2.00283775947			0.0430359759234	
k__Bacteria.p__Proteobacteria.c__Betaproteobacteria.o__Burkholderiales.f__Alcaligenaceae.g__Sutterella.s__wadsworthensis	3.67238482839	Obese48H	3.39853743718	7.35809117801e-08	151.pdf
k__Bacteria.p__Gemmatimonadetes.c__Gemmatimonadetes.o__Gemmatimonadales.f__Gemmatimonadaceae.g__NA	0.507598179911			-	
k__Bacteria.p__Proteobacteria.c__Gammaproteobacteria.o__Enterobacteriales.f__Enterobacteriaceae.g__Escherichia.s__coli_fergusonii_vulneris	4.18547435249	Obese48H	3.84272060486	6.41037431307e-07	152.pdf
k__Bacteria.p__Firmicutes.c__Clostridia.o__Clostridiales.f__Clostridiaceae.g__Clostridium_Sarcina	0.689255275061			-	
k__Bacteria.p__Firmicutes.c__Clostridia.o__Clostridiales.f__Lachnospiraceae.g__NA.s__sp32519	2.59917353771	Obese48H	2.21745793728	0.000395221316586	153.pdf
k__Bacteria.p__Firmicutes.c__Clostridia.o__Clostridiales.f__Lachnospiraceae.g__NA.s__sp32167	3.32631142559	Obese0H	2.65726248006	4.4329454068e-05	154.pdf
k__Bacteria.p__Actinobacteria.c__Coriobacteriia.o__Coriobacteriales.f__Coriobacteriaceae.g__Adlercreutzia	2.46585964623	Obese0H	2.23919955177	4.28118807993e-05	155.pdf
k__Bacteria.p__Firmicutes.c__Clostridia.o__Clostridiales.f__Christensenellaceae.g__Christensenella.s__minuta	1.07186961035			-	
k__Bacteria.p__Firmicutes.c__Clostridia.o__Clostridiales.f__Lachnospiraceae.g__NA.s__sp32166	0.566590955547			-	
k__Bacteria.p__Firmicutes.c__Clostridia.o__Clostridiales.f__Lachnospiraceae.g__Blautia.s__sp32051_sp33395	2.59305132217	Obese0H	2.32793972121	0.00105565935241	156.pdf
k__Bacteria.p__Firmicutes.c__Erysipelotrichia.o__Erysipelotrichales.f__Erysipelotrichaceae.g__Coprobacillus	1.97009516385			-	
k__Bacteria.p__Firmicutes.c__Bacilli.o__Lactobacillales.f__Lactobacillaceae.g__Lactobacillus.s__rhamnosus	1.70356418098			-	
k__Bacteria.p__Firmicutes.c__Clostridia.o__Clostridiales.f__Ruminococcaceae.g__Soleaferrea.s__sp34499	0.88631537221			-	
k__Bacteria.p__Firmicutes.c__Clostridia.o__Clostridiales.f__Lachnospiraceae.g__Lachnoclostridium.s__sp32346_sp32399_sp32429	0.787866320987			-	
k__Bacteria.p__Actinobacteria.c__Actinobacteria.o__Propionibacteriales.f__Propionibacteriaceae.g__Propionibacterium.s__acnes	4.19319693175			-	
k__Bacteria.p__Firmicutes.c__Clostridia.o__Clostridiales.f__Lachnospiraceae.g__Shuttleworthia.s__sp33220_sp33232	0.603868970997			-	
k__Bacteria.p__Firmicutes.c__Erysipelotrichia.o__Erysipelotrichales.f__Erysipelotrichaceae.g__Turicibacter.s__sanguinis	3.66803470879	Obese0H	3.34957114238	0.00112891819842	157.pdf
k__Bacteria.p__Proteobacteria.c__Gammaproteobacteria.o__Enterobacteriales.f__Enterobacteriaceae.g__Hafnia	1.19785936963			-	
k__Bacteria.p__Cyanobacteria.c__Cyanobacteria.o__NA.f__NA.g__NA.s__NA	0.729446929527			-	
k__Bacteria.p__Cyanobacteria.c__Cyanobacteria.o__NA.f__NA	0.729446929527			-	
k__Bacteria.p__Firmicutes.c__Clostridia.o__Clostridiales.f__Ruminococcaceae.g__Faecalibacterium	4.60984975167	Obese0H	4.14833958195	0.00205684042639	158.pdf
k__Bacteria.p__Bacteroidetes.c__Bacteroidia.o__Bacteroidales.f__Porphyromonadaceae.g__Barnesiella.s__sp13054	2.26560858211			0.000563266341915	
k__Bacteria.p__Firmicutes.c__Clostridia.o__Clostridiales.f__Ruminococcaceae.g__NA.s__sp35896	1.87839329033			0.00224794780225	
k__Bacteria.p__Actinobacteria.c__Actinobacteria.o__Bifidobacteriales.f__Bifidobacteriaceae.g__Bifidobacterium.s__biavatii	0.907583749682			-	
k__Bacteria.p__Firmicutes.c__Clostridia.o__Clostridiales.f__Lachnospiraceae.g__NA.s__sp33748	3.11291093093			-	
k__Bacteria.p__Firmicutes.c__Clostridia.o__Clostridiales.f__Lachnospiraceae.g__Eubacterium.s__hallii	4.48360465462	Obese0H	4.08193159056	2.58560519626e-13	159.pdf
k__Bacteria.p__Firmicutes.c__Clostridia.o__Clostridiales.f__Ruminococcaceae.g__Flavonifractor	3.45739835092	Obese48H	3.16208212405	2.02747325104e-12	160.pdf
k__Bacteria.p__Actinobacteria.c__Actinobacteria.o__Actinomycetales.f__Actinomycetaceae.g__Mobiluncus.s__curtisii	0.904091190248			-	
k__Bacteria.p__Firmicutes.c__Clostridia.o__Clostridiales.f__Family_XIII.g__NA.s__sp31583	1.57209755117			0.0430359759234	
k__Bacteria.p__Firmicutes.c__Erysipelotrichia.o__Erysipelotrichales.f__Erysipelotrichaceae.g__Erysipelatoclostridium.s__sp36611	1.44328023497			0.0231467121564	
k__Bacteria.p__Firmicutes.c__Clostridia.o__Clostridiales	5.85205712552	Obese0H	5.13385852787	2.16883277125e-10	161.pdf
k__Bacteria.p__Bacteroidetes.c__Bacteroidia.o__Bacteroidales.f__Prevotellaceae.g__Alloprevotella	1.32273299655			-	
k__Bacteria.p__Firmicutes.c__Negativicutes.o__Selenomonadales.f__Veillonellaceae.g__Dialister.s__invisus	2.70271491606	Obese0H	2.44767699122	5.71916591857e-06	162.pdf
k__Bacteria.p__Actinobacteria.c__Actinobacteria.o__Actinomycetales.f__Actinomycetaceae	2.94072412757	Obese0H	2.65691530189	2.84844921559e-14	163.pdf
k__Bacteria.p__Firmicutes.c__Clostridia.o__Clostridiales.f__Ruminococcaceae.g__NA.s__sp35179	1.32476941591			0.0430359759234	
k__Bacteria.p__Firmicutes.c__Clostridia.o__Clostridiales.f__Lachnospiraceae.g__NA.s__sp32640	2.58883500941	Obese48H	2.20081377984	0.0163919800643	164.pdf
k__Bacteria.p__Firmicutes.c__Clostridia.o__Clostridiales.f__Ruminococcaceae.g__NA.s__sp35076	1.88255609341			0.000298783314724	
k__Bacteria.p__Firmicutes.c__Clostridia.o__Clostridiales.f__Family_XIII.g__Mogibacterium	1.97066048936			0.00676576175149	
k__Bacteria.p__Proteobacteria	5.04218255239	Obese48H	4.70055466001	8.95531608595e-18	165.pdf
k__Bacteria.p__Actinobacteria.c__Coriobacteriia.o__Coriobacteriales.f__Coriobacteriaceae.g__Eggerthella_Gordonibacter	1.47741130922			0.0231467121564	
k__Bacteria.p__Firmicutes.c__Bacilli.o__Lactobacillales.f__Lactobacillaceae.g__Lactobacillus.s__gasseri	1.84325937539			-	
k__Bacteria.p__Firmicutes.c__Clostridia.o__Clostridiales.f__Family_XI.g__Parvimonas.s__sp31279	1.21947543502			-	
k__Bacteria.p__Actinobacteria.c__Coriobacteriia.o__Coriobacteriales.f__Coriobacteriaceae.g__Olsenella	2.19745897038			-	
k__Bacteria.p__Actinobacteria.c__Actinobacteria.o__Actinomycetales.f__Actinomycetaceae.g__Actinomyces.s__viscosus	1.48979488156			0.0125078470287	
k__Bacteria.p__Gemmatimonadetes.c__Gemmatimonadetes.o__Gemmatimonadales.f__Gemmatimonadaceae	0.507598179911			-	
k__Bacteria.p__Actinobacteria.c__Coriobacteriia.o__Coriobacteriales.f__Coriobacteriaceae.g__Eggerthella.s__lenta	3.69942563792	Obese48H	3.27516907194	0.000187939889603	166.pdf
k__Bacteria.p__Deinococcus_Thermus.c__Deinococci.o__Thermales	0.693234756873			-	
k__Bacteria.p__Actinobacteria.c__Coriobacteriia.o__Coriobacteriales.f__Coriobacteriaceae.g__Denitrobacterium	2.80833882304	Obese0H	2.49888638195	0.00717900241297	167.pdf
k__Bacteria.p__Firmicutes.c__Clostridia.o__Clostridiales.f__Lachnospiraceae	5.7265945257	Obese0H	5.23560684937	3.73466133005e-17	168.pdf
k__Bacteria.p__Firmicutes.c__Bacilli.o__Bacillales.f__Staphylococcaceae	1.63470297828			-	
k__Bacteria.p__Actinobacteria.c__Actinobacteria.o__Micrococcales.f__Micrococcaceae.g__Rothia.s__mucilaginosa	0.773272888609			-	
k__Bacteria.p__Bacteroidetes.c__Bacteroidia.o__Bacteroidales.f__Rikenellaceae.g__Alistipes	3.24040644208	Obese48H	2.92791642571	9.79134460206e-13	169.pdf
k__Bacteria.p__Firmicutes.c__Clostridia.o__Clostridiales.f__Lachnospiraceae.g__Oribacterium	0.916343806832			-	
k__Bacteria.p__Firmicutes.c__Clostridia.o__Clostridiales.f__Lachnospiraceae.g__Blautia.s__sp32046	1.07145741738			-	
k__Bacteria.p__Firmicutes.c__Clostridia.o__Clostridiales.f__Lachnospiraceae.g__Lachnoclostridium.s__bolteae_sp32431	3.055242962	Obese48H	2.64472556636	2.03093874938e-05	170.pdf
k__Bacteria.p__Bacteroidetes.c__Bacteroidia	5.04602496778	Obese48H	4.74771101356	6.0914763705e-16	171.pdf
k__Bacteria.p__Firmicutes.c__Clostridia.o__Clostridiales.f__Peptococcaceae.g__NA.s__sp34232	0.717601257165			-	
k__Bacteria.p__Fusobacteria.c__Fusobacteriia.o__Fusobacteriales.f__Fusobacteriaceae.g__Fusobacterium.s__gonidiaformans	1.16883736772			-	
k__Bacteria.p__Firmicutes.c__Clostridia.o__Clostridiales.f__Ruminococcaceae.g__Fastidiosipila.s__sp34566	1.88155992441			0.0430359759234	
k__Bacteria.p__Firmicutes.c__Bacilli.o__Lactobacillales.f__Enterococcaceae.g__Enterococcus.s__faecalis	1.18276526957			-	
k__Bacteria.p__Firmicutes.c__Clostridia.o__Clostridiales.f__Lachnospiraceae.g__NA.s__sp33333	3.88687778304	Obese0H	3.49434967004	6.71259200338e-11	172.pdf
k__Bacteria.p__Firmicutes.c__Negativicutes.o__Selenomonadales.f__Veillonellaceae.g__Mitsuokella	0.693234756873			-	
k__Bacteria.p__Firmicutes.c__Clostridia.o__Clostridiales.f__Christensenellaceae.g__NA.s__sp30418	1.13064256538			-	
k__Bacteria.p__Firmicutes.c__Clostridia.o__Clostridiales.f__Ruminococcaceae.g__NA.s__sp35770	2.97970607182	Obese48H	2.65469052757	1.11189699522e-05	173.pdf
k__Bacteria.p__Firmicutes.c__Clostridia.o__Clostridiales.f__Clostridiaceae.g__Clostridium.s__celatum_quinii	0.456770332274			-	
k__Bacteria.p__Firmicutes.c__Clostridia.o__Clostridiales.f__Lachnospiraceae.g__NA.s__sp33686	2.01767791754			-	
k__Bacteria.p__Firmicutes.c__Clostridia.o__Clostridiales.f__Lachnospiraceae.g__Howardella	1.73849154767			0.0231467121564	
k__Bacteria.p__Firmicutes.c__Clostridia.o__Clostridiales.f__Ruminococcaceae.g__Subdoligranulum.s__variabile	0.611892004139			-	
k__Bacteria.p__Firmicutes.c__Erysipelotrichia.o__Erysipelotrichales.f__Erysipelotrichaceae.g__Holdemania.s__massiliensis	2.72587271625	Obese48H	2.41249914244	2.76489619015e-08	174.pdf
k__Bacteria.p__Firmicutes.c__Erysipelotrichia.o__Erysipelotrichales.f__Erysipelotrichaceae.g__NA	4.12873303203	Obese0H	3.74929653022	8.34121682195e-10	175.pdf
k__Bacteria.p__Firmicutes.c__Clostridia.o__Clostridiales.f__Lachnospiraceae.g__NA.s__sp32615_sp32802	3.02603560136	Obese48H	2.31958051871	0.00443958693725	176.pdf
k__Bacteria.p__Firmicutes.c__Clostridia.o__Clostridiales.f__Ruminococcaceae.g__Ruminiclostridium.s__sp34921	1.65885419461			0.00365479115135	
k__Bacteria.p__Bacteroidetes.c__Bacteroidia.o__Bacteroidales.f__Rikenellaceae.g__Alistipes.s__senegalensis	0.773002534768			-	
k__Bacteria.p__Firmicutes.c__Clostridia.o__Clostridiales.f__Family_XI	3.72643055358	Obese48H	3.391718853	2.30283148375e-08	177.pdf
k__Bacteria.p__Firmicutes.c__Clostridia.o__Clostridiales.f__Lachnospiraceae.g__Tyzzerella.s__sp33258_sp33301	0.632036187332			-	
k__Bacteria.p__Bacteroidetes.c__Bacteroidia.o__Bacteroidales.f__Bacteroidaceae.g__Bacteroides.s__fragilis_ovatus	3.71633121031	Obese48H	3.43143112491	5.11931243134e-14	178.pdf
k__Bacteria.p__Actinobacteria.c__Actinobacteria.o__Bifidobacteriales.f__Bifidobacteriaceae.g__Bifidobacterium.s__pullorum	0.922451143938			-	
k__Bacteria.p__Actinobacteria.c__Actinobacteria.o__Corynebacteriales.f__Corynebacteriaceae.g__Corynebacterium.s__glutamicum	3.32674712272			-	
k__Bacteria.p__Firmicutes.c__Clostridia.o__Clostridiales.f__NA.g__Sarcina.s__sp30952	1.11979987419			-	
k__Bacteria.p__Firmicutes.c__Clostridia.o__Clostridiales.f__Ruminococcaceae.g__Ruminococcus.s__bromii_sp35532	0.566572035749			-	
k__Bacteria.p__Firmicutes.c__Bacilli.o__Lactobacillales.f__Streptococcaceae.g__Streptococcus.s__suis	0.808628175575			-	
k__Bacteria.p__Firmicutes.c__Clostridia.o__Clostridiales.f__Ruminococcaceae.g__NA.s__sp34857	1.73251947027			0.0231467121564	
k__Bacteria.p__Firmicutes.c__Clostridia.o__Clostridiales.f__Christensenellaceae.g__NA.s__sp30398	3.33634756976	Obese0H	2.80197476195	4.62624220041e-07	179.pdf
k__Bacteria.p__Proteobacteria.c__Gammaproteobacteria.o__Enterobacteriales.f__Enterobacteriaceae.g__Hafnia.s__paralvei	0.528852588667			-	
k__Bacteria.p__Firmicutes.c__Clostridia.o__Clostridiales.f__Family_XI.g__Murdochiella	1.28706636637			-	
k__Bacteria.p__Firmicutes.c__Clostridia.o__Clostridiales.f__Lachnospiraceae.g__Lachnoclostridium.s__sp32433	3.24802629207	Obese48H	2.95317007995	3.10187922158e-05	180.pdf
k__Bacteria.p__Firmicutes.c__Clostridia.o__Clostridiales.f__Lachnospiraceae.g__Lachnoclostridium.s__sp32435	2.66778603954			-	
k__Bacteria.p__Firmicutes.c__Clostridia.o__Clostridiales.f__Lachnospiraceae.g__Epulopiscium	1.95321354365	Obese48H	2.54747128564	0.0430359759234	181.pdf
k__Bacteria.p__Firmicutes.c__Clostridia.o__Clostridiales.f__Lachnospiraceae.g__Lachnoclostridium.s__sp32436	2.4880805878	Obese48H	2.20776627586	0.000563266341915	182.pdf
k__Bacteria.p__Firmicutes.c__Erysipelotrichia.o__Erysipelotrichales.f__Erysipelotrichaceae.g__Stoquefichus	1.33524911032			-	
k__Bacteria.p__Actinobacteria.c__Coriobacteriia.o__Coriobacteriales.f__Coriobacteriaceae.g__Senegalimassilia	2.88912684063			-	
k__Bacteria.p__Firmicutes.c__Clostridia.o__Clostridiales.f__Peptostreptococcaceae.g__Peptoclostridium.s__sp34340	0.60902075952			-	
k__Bacteria.p__Actinobacteria.c__Actinobacteria.o__Corynebacteriales.f__Corynebacteriaceae.g__Corynebacterium.s__pseudogenitalium_tuberculostearicum	0.561955842233			-	
k__Bacteria.p__Bacteroidetes.c__Bacteroidia.o__Bacteroidales.f__Prevotellaceae.g__Prevotella.s__stercorea	1.98669700359			0.0231467121564	
k__Bacteria.p__Actinobacteria.c__Coriobacteriia.o__Coriobacteriales.f__Coriobacteriaceae.g__Atopobium.s__sp10381	0.941606719585			-	
k__Bacteria.p__Firmicutes.c__Erysipelotrichia.o__Erysipelotrichales.f__Erysipelotrichaceae.g__NA.s__sp36741	2.93890619682	Obese48H	2.52992099983	0.00201734560748	183.pdf
k__Bacteria.p__Firmicutes.c__Clostridia.o__Clostridiales.f__Ruminococcaceae.g__Anaerofilum	1.54972761106			0.00676576175149	
k__Bacteria.p__Firmicutes.c__Clostridia.o__Clostridiales.f__Ruminococcaceae.g__Faecalibacterium.s__prausnitzii	4.46619940573	Obese0H	3.98138542125	0.000192755220367	184.pdf
k__Bacteria.p__Bacteroidetes.c__Bacteroidia.o__Bacteroidales.f__Prevotellaceae.g__NA.s__sp13934	0.381959752055			-	
k__Bacteria.p__Firmicutes.c__Clostridia.o__Clostridiales.f__Ruminococcaceae.g__NA.s__sp35866	1.95859507766			0.029682840219	
k__Bacteria.p__Deinococcus_Thermus.c__Deinococci.o__Thermales.f__Thermaceae.g__Thermus.s__scotoductus	0.693234756873			-	
k__Bacteria.p__Firmicutes.c__Clostridia.o__Clostridiales.f__Ruminococcaceae.g__NA.s__sp35094	1.42222955718			0.0125078470287	
k__Bacteria.p__Firmicutes.c__Clostridia.o__Clostridiales.f__Ruminococcaceae.g__NA.s__sp35860	1.3159570994			0.0430359759234	
k__Bacteria.p__Actinobacteria.c__Actinobacteria.o__Micrococcales.f__Micrococcaceae.g__Kocuria	1.18276526957			-	
k__Bacteria.p__Firmicutes.c__Bacilli.o__Lactobacillales.f__Streptococcaceae.g__Lactococcus	2.77292327498	Obese0H	2.45390107952	5.4340753429e-07	185.pdf
k__Bacteria.p__Firmicutes.c__Clostridia.o__Clostridiales.f__Family_XI.g__Murdochiella.s__sp31271	1.28706636637			-	
k__Bacteria.p__Firmicutes.c__Clostridia.o__Clostridiales.f__Lachnospiraceae.g__Blautia.s__NA	1.49477679439			0.0231467121564	
k__Bacteria.p__Firmicutes.c__Clostridia.o__Clostridiales.f__Lachnospiraceae.g__Lactonifactor.s__longoviformis	1.96047963094	Obese48H	2.46797757116	0.0231467121564	186.pdf
k__Bacteria.p__Firmicutes.c__Clostridia.o__Clostridiales.f__Family_XI.g__Parvimonas	2.14384613733			0.0430359759234	
k__Bacteria.p__Proteobacteria.c__Gammaproteobacteria.o__Enterobacteriales	5.01454475524	Obese48H	4.6671202694	2.06860117785e-16	187.pdf
k__Bacteria.p__Proteobacteria.c__Gammaproteobacteria.o__Enterobacteriales.f__Enterobacteriaceae.g__Klebsiella	2.01184243427			-	
k__Bacteria.p__Actinobacteria.c__Actinobacteria.o__Actinomycetales.f__Actinomycetaceae.g__Actinomyces.s__oris	1.2985446068	Obese0H	2.82226123623	0.0430359759234	188.pdf
k__Bacteria.p__Firmicutes.c__Clostridia.o__Clostridiales.f__Family_XIII.g__NA	3.46259237455	Obese0H	3.12772700084	2.44948739049e-15	189.pdf
k__Bacteria.p__Firmicutes.c__Clostridia.o__Clostridiales.f__Lachnospiraceae.g__NA.s__sp32490	2.89012594497	Obese0H	2.24491005244	0.00558672118909	190.pdf
k__Bacteria.p__Firmicutes.c__Clostridia.o__Clostridiales.f__Lachnospiraceae.g__Dorea.s__formicigenerans	3.80274231396	Obese0H	3.4317991703	4.10920530952e-13	191.pdf
k__Bacteria.p__Firmicutes.c__Clostridia.o__Clostridiales.f__Lachnospiraceae.g__NA.s__sp33439	1.6425588341			0.0125078470287	
k__Bacteria.p__Actinobacteria.c__Actinobacteria.o__Bifidobacteriales.f__Bifidobacteriaceae.g__Bifidobacterium.s__bifidum	4.17558421109	Obese0H	3.86787146114	7.09750854009e-07	192.pdf
k__Bacteria.p__Firmicutes.c__Negativicutes.o__Selenomonadales.f__Veillonellaceae.g__Selenomonas.s__noxia	0.954756211253			-	
k__Bacteria.p__Firmicutes.c__Clostridia.o__Clostridiales.f__Ruminococcaceae.g__Butyricicoccus_Ruminiclostridium.s__pullicaecorum_sp34921	1.88574387452			0.0125078470287	
k__Bacteria.p__Bacteroidetes.c__Bacteroidia.o__Bacteroidales.f__NA	1.02484008027			-	
k__Bacteria.p__Firmicutes.c__Clostridia.o__Clostridiales.f__Lachnospiraceae.g__Lachnoclostridium.s__sp32419_sp33422_sp33657	1.85870133349			0.0125078470287	
k__Bacteria.p__Firmicutes.c__Clostridia.o__Clostridiales.f__Ruminococcaceae.g__Oscillibacter.s__ruminantium_valericigenes	0.599501945088			-	
k__Bacteria.p__Firmicutes.c__Clostridia.o__Clostridiales.f__Lachnospiraceae.g__Lachnoclostridium.s__sp32341_sp32430	3.17847935336			-	
k__Bacteria.p__Firmicutes.c__Clostridia.o__Clostridiales.f__Lachnospiraceae.g__Lachnoclostridium.s__sp32392	1.12865568459			-	
k__Bacteria.p__Firmicutes.c__Clostridia.o__Clostridiales.f__Ruminococcaceae.g__NA.s__sp35487	3.08997967671	Obese0H	2.73687039129	0.00906665315719	193.pdf
k__Bacteria.p__Verrucomicrobia.c__Verrucomicrobiae.o__Verrucomicrobiales.f__Verrucomicrobiaceae.g__Akkermansia.s__muciniphila	4.16991145746	Obese48H	3.73263883773	0.0305142951106	194.pdf
k__Bacteria.p__Firmicutes.c__Clostridia.o__Clostridiales.f__Lachnospiraceae.g__NA.s__sp32498	1.31326565905			0.0125078470287	
k__Bacteria.p__Firmicutes.c__Clostridia.o__Clostridiales.f__Lachnospiraceae.g__Roseburia.s__sp33151	2.18521551509	Obese0H	2.41308903626	3.44997620844e-07	195.pdf
k__Bacteria.p__Firmicutes.c__Bacilli.o__Bacillales.f__Staphylococcaceae.g__Staphylococcus.s__epidermidis_hominis	0.944290777575			-	
k__Bacteria.p__Firmicutes.c__Clostridia.o__Clostridiales.f__Lachnospiraceae.g__Blautia_Marvinbryantia	2.61445550821	Obese0H	2.29138647293	0.00231844888797	196.pdf
k__Bacteria.p__Firmicutes.c__Clostridia.o__Clostridiales.f__Family_XI.g__Peptoniphilus.s__grossensis_harei	0.633376953167			-	
k__Bacteria.p__Firmicutes.c__Clostridia.o__Clostridiales.f__Ruminococcaceae.g__Intestinimonas.s__butyriciproducens	1.64572242314			0.00365479115135	
k__Bacteria.p__Firmicutes.c__Clostridia.o__Clostridiales.f__Lachnospiraceae.g__Lachnoclostridium.s__sp32369_sp32445	0.463090833751			-	
k__Bacteria.p__Bacteroidetes.c__Bacteroidia.o__Bacteroidales.f__NA.g__NA.s__sp12662	1.02484008027			-	
k__Bacteria.p__Firmicutes.c__Clostridia.o__Clostridiales.f__Lachnospiraceae.g__NA.s__sp30728	2.55368851946	Obese48H	2.28043318715	0.000157466650629	197.pdf
k__Bacteria.p__Actinobacteria.c__Actinobacteria.o__Bifidobacteriales.f__Bifidobacteriaceae.g__Bifidobacterium.s__breve_longum_sp4971	0.952971339409			-	
k__Bacteria.p__Actinobacteria.c__Actinobacteria.o__Bifidobacteriales.f__Bifidobacteriaceae	5.09543501336	Obese0H	4.13821163228	0.0320142733465	198.pdf
k__Bacteria.p__Firmicutes.c__Clostridia.o__Clostridiales.f__Christensenellaceae.g__NA.s__sp30424	3.24485603552			-	
k__Bacteria.p__Firmicutes.c__Clostridia.o__Clostridiales.f__Christensenellaceae.g__NA.s__sp30425	1.69141615673			0.00676576175149	
k__Bacteria.p__Firmicutes.c__Clostridia.o__Clostridiales.f__Ruminococcaceae.g__NA.s__sp35604	2.39428737027	Obese0H	2.14082996618	1.07455437375e-05	199.pdf
k__Bacteria.p__Firmicutes.c__Clostridia.o__Clostridiales.f__Lachnospiraceae.g__Coprococcus	3.90403495149	Obese0H	3.35175852763	0.000365282407098	200.pdf
k__Bacteria.p__Firmicutes.c__Negativicutes.o__Selenomonadales.f__Veillonellaceae.g__Dialister.s__micraerophilus	1.50108870886	Obese48H	2.73276983674	0.0430359759234	201.pdf
k__Bacteria.p__Firmicutes.c__Bacilli.o__Lactobacillales.f__Streptococcaceae.g__Streptococcus.s__equinus_infantarius_lutetiensis	4.62272661843			-	
k__Bacteria.p__Firmicutes.c__Clostridia.o__Clostridiales.f__Lachnospiraceae.g__Blautia.s__sp32002_sp32056	0.897111426754			-	
k__Bacteria.p__Firmicutes.c__Clostridia.o__Clostridiales.f__Christensenellaceae.g__NA.s__sp30221	1.96786921528			0.00532285142272	
k__Bacteria.p__Firmicutes.c__Clostridia.o__Clostridiales.f__Lachnospiraceae.g__Robinsoniella.s__peoriensis	3.19775010678	Obese48H	2.91930580911	0.000157466650629	202.pdf
k__Bacteria.p__Actinobacteria.c__Actinobacteria.o__Bifidobacteriales.f__Bifidobacteriaceae.g__Bifidobacterium.s__adolescentis_faecale	4.73688588714			-	
k__Bacteria.p__Firmicutes.c__Bacilli.o__Lactobacillales.f__Carnobacteriaceae.g__Carnobacterium.s__NA	0.579590378559			-	
k__Bacteria.p__Firmicutes.c__Clostridia.o__Clostridiales.f__Ruminococcaceae.g__Hydrogenoanaerobacterium	2.27495059408			0.0231467121564	
k__Bacteria.p__Bacteroidetes.c__Bacteroidia.o__Bacteroidales.f__Prevotellaceae.g__Prevotella	2.19880993472			0.000527552315729	
k__Bacteria.p__Proteobacteria.c__Gammaproteobacteria.o__Enterobacteriales.f__Enterobacteriaceae.g__Citrobacter	3.52188132424	Obese48H	3.16001827367	0.0231467121564	203.pdf
k__Bacteria.p__Actinobacteria.c__Coriobacteriia.o__Coriobacteriales.f__Coriobacteriaceae.g__Eggerthella.s__lenta_sinensis	0.915283745719			-	
k__Bacteria.p__Firmicutes.c__Bacilli.o__Lactobacillales.f__Streptococcaceae.g__Streptococcus.s__mutans	1.66062797024	Obese0H	2.25057770054	0.00365479115135	204.pdf
k__Bacteria.p__Firmicutes.c__Clostridia.o__Clostridiales.f__Lachnospiraceae.g__Blautia.s__sp32032	2.33311633868	Obese0H	2.24809989011	0.00676576175149	205.pdf
k__Bacteria.p__Fusobacteria.c__Fusobacteriia.o__Fusobacteriales.f__Fusobacteriaceae.g__Fusobacterium.s__periodonticum	1.00360477879			-	
k__Bacteria.p__Bacteroidetes.c__Bacteroidia.o__Bacteroidales.f__Porphyromonadaceae.g__Parabacteroides.s__distasonis	4.32154295684	Obese48H	4.03675795567	4.3222946128e-17	206.pdf
k__Bacteria.p__Bacteroidetes.c__Bacteroidia.o__Bacteroidales.f__Bacteroidaceae.g__Bacteroides.s__salyersiae	2.23857347489			0.00365479115135	
k__Bacteria.p__Firmicutes.c__Clostridia.o__Clostridiales.f__Peptococcaceae.g__Peptococcus	2.84866001795			-	
k__Bacteria.p__Firmicutes.c__Clostridia.o__Clostridiales.f__Lachnospiraceae.g__NA.s__sp33374	2.25919584419	Obese0H	2.10733224466	2.08819649781e-05	207.pdf
k__Bacteria.p__Bacteroidetes.c__Bacteroidia.o__Bacteroidales.f__Bacteroidaceae.g__Bacteroides.s__stercoris	3.52700061097	Obese48H	3.23299790592	2.93254079707e-09	208.pdf
k__Bacteria.p__Firmicutes.c__Clostridia.o__Clostridiales.f__Lachnospiraceae.g__NA.s__sp33271	2.61419973024	Obese0H	2.36663676927	4.28118807993e-05	209.pdf
k__Bacteria.p__Actinobacteria.c__Actinobacteria.o__Actinomycetales.f__Actinomycetaceae.g__Actinomyces	2.83090550024	Obese0H	2.58254866788	2.84844921559e-14	210.pdf
k__Bacteria.p__Actinobacteria.c__Coriobacteriia.o__Coriobacteriales.f__Coriobacteriaceae.g__Collinsella.s__sp10410	2.40579750307			-	
k__Bacteria.p__Firmicutes.c__Clostridia.o__Clostridiales.f__Lachnospiraceae.g__NA.s__sp33275	3.36504835487			-	
k__Bacteria.p__Proteobacteria.c__Gammaproteobacteria.o__Pseudomonadales	1.90829544892			0.00676576175149	
k__Bacteria.p__Firmicutes.c__Clostridia.o__Clostridiales.f__Ruminococcaceae.g__Ruminococcus	4.29995580555	Obese0H	4.00568781335	0.000152150464158	211.pdf
k__Bacteria.p__Firmicutes.c__Clostridia.o__Clostridiales.f__Ruminococcaceae.g__NA	4.24886398482	Obese0H	3.65585864181	1.62586410863e-06	212.pdf
k__Bacteria.p__Bacteroidetes.c__Bacteroidia.o__Bacteroidales.f__Porphyromonadaceae.g__Porphyromonas.s__asaccharolytica	1.17117092691			-	
k__Bacteria.p__Firmicutes.c__Clostridia.o__Clostridiales.f__Ruminococcaceae.g__NA.s__sp35297	3.27559702486	Obese0H	2.97791859149	9.04177457677e-19	213.pdf
k__Bacteria.p__Firmicutes.c__Clostridia.o__Clostridiales.f__Ruminococcaceae.g__Anaerotruncus.s__sp34453	1.16916668139			0.0430359759234	
k__Bacteria.p__Firmicutes.c__Clostridia.o__Clostridiales.f__Ruminococcaceae.g__NA.s__sp34750	1.39687170876			-	
k__Bacteria.p__Firmicutes.c__Clostridia.o__Clostridiales.f__Ruminococcaceae.g__NA.s__sp35784	1.73525687229			0.00105565935241	
k__Bacteria.p__Firmicutes.c__Clostridia.o__Clostridiales.f__Lachnospiraceae.g__NA.s__sp32802	2.39795283602	Obese0H	2.15750926139	3.9897332472e-05	214.pdf
k__Bacteria.p__Tenericutes.c__Mollicutes.o__NA	1.88960991524			0.00196836737116	
k__Bacteria.p__Firmicutes.c__Clostridia.o__Clostridiales.f__Lachnospiraceae.g__Lachnoclostridium.s__sp32346	1.62101314386			-	
k__Bacteria.p__Firmicutes.c__Clostridia.o__Clostridiales.f__Lachnospiraceae.g__Lachnoclostridium.s__sp32345	2.50362841068			-	
k__Bacteria.p__Firmicutes.c__Negativicutes.o__Selenomonadales.f__Acidaminococcaceae.g__Phascolarctobacterium.s__succinatutens	2.86068117305	Obese48H	2.50561228232	0.0234169352535	215.pdf
k__Bacteria.p__Fusobacteria.c__Fusobacteriia	1.39506221888			0.0430359759234	
k__Bacteria.p__Firmicutes.c__Clostridia.o__Clostridiales.f__Lachnospiraceae.g__Blautia.s__sp31973	0.687212189851			-	
k__Bacteria.p__Firmicutes.c__Clostridia.o__Clostridiales.f__Ruminococcaceae.g__Subdoligranulum.s__sp35585	1.67570101086			0.00676576175149	
k__Bacteria.p__Firmicutes.c__Clostridia.o__Clostridiales.f__Lachnospiraceae.g__Marvinbryantia.s__NA	1.5334412705	Obese0H	2.40397351419	0.0430359759234	216.pdf
k__Bacteria.p__Bacteroidetes.c__Bacteroidia.o__Bacteroidales.f__Bacteroidaceae.g__Bacteroides.s__sp12293_thetaiotaomicron	2.80617311062	Obese48H	2.73484843639	0.0430359759234	217.pdf
k__Bacteria.p__Firmicutes.c__Clostridia.o__Clostridiales.f__Eubacteriaceae.g__Eubacterium	2.83153273949			-	
k__Bacteria.p__Actinobacteria.c__Actinobacteria.o__Micrococcales.f__Micrococcaceae.g__Kocuria.s__rhizophila	1.18276526957			-	
k__Bacteria.p__Firmicutes.c__Clostridia.o__Clostridiales.f__Ruminococcaceae.g__NA.s__sp34773_sp34790	0.957824438505			-	
k__Bacteria.p__Actinobacteria.c__Actinobacteria.o__Micrococcales.f__Micrococcaceae	1.58835572896			-	
k__Bacteria.p__Firmicutes.c__Erysipelotrichia.o__Erysipelotrichales.f__Erysipelotrichaceae.g__Solobacterium	3.61614279302			-	
k__Bacteria.p__Proteobacteria.c__Betaproteobacteria.o__Neisseriales	0.922571527882			-	
k__Bacteria.p__Actinobacteria.c__Coriobacteriia.o__Coriobacteriales.f__Coriobacteriaceae.g__Slackia	2.82649648468			-	
k__Bacteria.p__Actinobacteria.c__Actinobacteria.o__Bifidobacteriales.f__Bifidobacteriaceae.g__Bifidobacterium.s__angulatum_merycicum	0.63253691652			-	
k__Bacteria.p__Actinobacteria.c__Actinobacteria.o__Corynebacteriales.f__Corynebacteriaceae.g__Corynebacterium.s__pilbarense	2.05578279046			-	
k__Bacteria.p__Firmicutes.c__Negativicutes.o__Selenomonadales.f__Veillonellaceae.g__Megasphaera.s__sp36945	0.933566912183			-	
k__Bacteria.p__Firmicutes.c__Clostridia.o__Clostridiales.f__Peptostreptococcaceae.g__Paraclostridium_Peptoclostridium.s__bifermentans_difficile	4.7452671943	Obese48H	4.46033025192	6.077344962e-06	218.pdf
k__Bacteria.p__Firmicutes.c__Bacilli.o__Lactobacillales.f__Enterococcaceae	3.25860777359	Obese48H	2.9363732495	4.04040502756e-07	219.pdf
k__Bacteria.p__Firmicutes.c__Bacilli.o__Lactobacillales.f__Streptococcaceae.g__Streptococcus.s__salivarius_thermophilus	3.70631229516	Obese0H	3.35912314566	1.92940138455e-05	220.pdf
k__Bacteria.p__Firmicutes.c__Clostridia.o__Clostridiales.f__Lachnospiraceae.g__Roseburia.s__faecis_sp33190_sp33781	0.612484412596			-	
k__Bacteria.p__Firmicutes.c__Clostridia.o__Clostridiales.f__Eubacteriaceae	2.83460704478			-	
k__Bacteria.p__Actinobacteria.c__Coriobacteriia.o__Coriobacteriales.f__Coriobacteriaceae.g__Adlercreutzia.s__equolifaciens	2.46585964623	Obese0H	2.24323482372	4.28118807993e-05	221.pdf
k__Bacteria.p__Deinococcus_Thermus.c__Deinococci	0.693234756873			-	
k__Bacteria.p__Bacteroidetes.c__Bacteroidia.o__Bacteroidales.f__Bacteroidaceae.g__Bacteroides.s__acidifaciens_caccae	0.694465921315			-	
k__Bacteria.p__Proteobacteria.c__Gammaproteobacteria	5.01454475524	Obese48H	4.66605314246	8.28274918156e-16	222.pdf
k__Bacteria.p__Firmicutes.c__Clostridia.o__Clostridiales.f__Family_XI.g__Ezakiella.s__sp31234	1.10984461665			-	
k__Bacteria.p__Proteobacteria.c__Gammaproteobacteria.o__Pseudomonadales.f__Pseudomonadaceae.g__Pseudomonas.s__brenneri_fluorescens_proteolytica	0.868331172489			-	
k__Bacteria.p__Firmicutes.c__Clostridia.o__Clostridiales.f__Ruminococcaceae.g__Acetanaerobacterium.s__sp34408	1.648370812			0.000563266341915	
k__Bacteria.p__Firmicutes.c__Erysipelotrichia.o__Erysipelotrichales.f__Erysipelotrichaceae.g__Holdemanella.s__biformis	2.45842221698			-	
k__Bacteria.p__Firmicutes.c__Bacilli.o__Lactobacillales.f__Carnobacteriaceae	4.38456337619	Obese48H	4.08801819184	1.92312406167e-07	223.pdf
k__Bacteria.p__Bacteroidetes.c__Bacteroidia.o__Bacteroidales.f__Bacteroidaceae.g__Bacteroides.s__intestinalis	1.69051617137			-	
k__Bacteria.p__Firmicutes.c__Clostridia.o__Clostridiales.f__Lachnospiraceae.g__Shuttleworthia	0.603868970997			-	
k__Bacteria.p__Firmicutes.c__Bacilli.o__Lactobacillales.f__Streptococcaceae.g__Lactococcus.s__lactis	2.77292327498	Obese0H	2.45218467939	5.4340753429e-07	224.pdf
k__Bacteria.p__Bacteroidetes.c__Bacteroidia.o__Bacteroidales.f__Bacteroidaceae	4.92057795629	Obese48H	4.62110137069	7.70253838374e-17	225.pdf
k__Bacteria.p__Firmicutes.c__Clostridia.o__Clostridiales.f__Ruminococcaceae.g__Subdoligranulum.s__sp35588	1.37390001743			0.0125078470287	
k__Bacteria.p__Bacteroidetes.c__Bacteroidia.o__Bacteroidales.f__Bacteroidaceae.g__Bacteroides	4.92057795629	Obese48H	4.62087457583	7.70253838374e-17	226.pdf
k__Bacteria.p__Firmicutes.c__Clostridia.o__Clostridiales.f__Lachnospiraceae.g__Anaerostipes.s__caccae	2.35736770495	Obese48H	2.10543613286	2.20671526317e-05	227.pdf
k__Bacteria.p__Firmicutes.c__Clostridia.o__Clostridiales.f__Lachnospiraceae.g__NA.s__sp33756	2.6261830638	Obese0H	2.45703542502	5.59033911128e-11	228.pdf
k__Bacteria.p__Firmicutes.c__Bacilli.o__Bacillales.f__Paenibacillaceae.g__Paenibacillus.s__borealis	3.46057359611	Obese0H	3.14686471262	6.11864735828e-11	229.pdf
k__Bacteria.p__Proteobacteria.c__Gammaproteobacteria.o__Enterobacteriales.f__Enterobacteriaceae.g__Escherichia.s__coli_fergusonii	2.3041688344			-	
k__Bacteria.p__Firmicutes.c__Clostridia.o__Clostridiales.f__Peptococcaceae	2.85185983142			-	
k__Bacteria.p__Firmicutes.c__Clostridia.o__Clostridiales.f__Ruminococcaceae.g__Subdoligranulum	4.49210715068	Obese0H	3.51825099538	0.0371866612673	230.pdf
k__Bacteria.p__Firmicutes.c__Clostridia.o__Clostridiales.f__Ruminococcaceae.g__NA.s__sp35127	1.21164916463			-	
k__Bacteria.p__Firmicutes.c__Clostridia.o__Clostridiales.f__Ruminococcaceae.g__NA.s__sp35125	1.8215090506			-	
k__Bacteria.p__Firmicutes.c__Clostridia.o__Clostridiales.f__Ruminococcaceae.g__NA.s__sp35124	0.858113530647			-	
k__Bacteria.p__Firmicutes.c__Clostridia.o__Clostridiales.f__Ruminococcaceae.g__NA.s__sp35690	2.38167399876	Obese48H	2.02455291388	8.24116426377e-05	231.pdf
k__Bacteria.p__Firmicutes.c__Clostridia.o__Clostridiales.f__Ruminococcaceae.g__Flavonifractor.s__plautii	3.45739835092	Obese48H	3.16208188938	2.02747325104e-12	232.pdf
k__Bacteria.p__Firmicutes.c__Negativicutes.o__Selenomonadales.f__Veillonellaceae.g__Selenomonas	0.954756211253			-	
k__Bacteria.p__Actinobacteria.c__Actinobacteria.o__Bifidobacteriales.f__Bifidobacteriaceae.g__Bifidobacterium.s__longum_saguini	0.881658422657			-	
k__Bacteria.p__Firmicutes.c__Negativicutes.o__Selenomonadales.f__Veillonellaceae.g__Dialister	2.80056293508	Obese48H	2.2177204942	0.00908681113057	233.pdf
k__Bacteria.p__Firmicutes.c__Clostridia.o__Clostridiales.f__Peptostreptococcaceae.g__Paeniclostridium.s__sordellii	3.22182834234	Obese48H	2.83382298582	0.00815944518054	234.pdf
k__Bacteria.p__Firmicutes.c__Clostridia.o__Clostridiales.f__Ruminococcaceae.g__NA.s__sp34793	1.26542780478			-	
k__Bacteria.p__Actinobacteria.c__Actinobacteria.o__Corynebacteriales.f__Corynebacteriaceae.g__Corynebacterium.s__striatum	0.850020860733			-	
k__Bacteria.p__Firmicutes.c__Erysipelotrichia.o__Erysipelotrichales.f__Erysipelotrichaceae.g__Holdemania	2.72587271625	Obese48H	2.42661875904	2.76489619015e-08	235.pdf
k__Bacteria.p__Firmicutes.c__Clostridia.o__Clostridiales.f__Lachnospiraceae.g__NA.s__sp32618	1.2506284325			-	
k__Bacteria.p__Actinobacteria.c__Actinobacteria.o__Micrococcales.f__Micrococcaceae.g__Rothia	0.773272888609			-	
k__Bacteria.p__Actinobacteria.c__Coriobacteriia.o__Coriobacteriales.f__Coriobacteriaceae.g__Eggerthella	3.74297258055	Obese48H	3.3192722014	0.000171087716067	236.pdf
k__Bacteria.p__Firmicutes.c__Clostridia.o__Clostridiales.f__Ruminococcaceae.g__Ruminiclostridium.s__sp34945	1.3136985401			0.0430359759234	
k__Bacteria.p__Firmicutes.c__Clostridia.o__Clostridiales.f__Ruminococcaceae.g__NA.s__sp35046	2.45736509618			-	
k__Bacteria.p__Actinobacteria.c__Coriobacteriia.o__Coriobacteriales.f__Coriobacteriaceae.g__Atopobium	1.84783197723			0.0430359759234	
k__Bacteria.p__Actinobacteria.c__Actinobacteria.o__Propionibacteriales.f__Propionibacteriaceae.g__Propionibacterium	4.19319693175			-	
k__Bacteria.p__Firmicutes.c__Negativicutes.o__Selenomonadales.f__Veillonellaceae.g__Dialister.s__propionicifaciens	2.77820450318			-	
k__Bacteria.p__Firmicutes.c__Negativicutes.o__Selenomonadales.f__Veillonellaceae.g__Mitsuokella.s__multacida	0.693234756873			-	
k__Bacteria.p__Firmicutes.c__Clostridia.o__Clostridiales.f__Family_XI.g__Gallicola	1.16401583356			-	
k__Bacteria.p__Firmicutes.c__Erysipelotrichia.o__Erysipelotrichales.f__Erysipelotrichaceae.g__Turicibacter	3.66803470879	Obese0H	3.34957114238	0.00112891819842	237.pdf
k__Bacteria.p__Firmicutes.c__Clostridia.o__Clostridiales.f__Lachnospiraceae.g__NA.s__sp33395	4.05524185987	Obese0H	3.62722902502	1.33296555447e-09	238.pdf
k__Bacteria.p__Firmicutes.c__Bacilli.o__Bacillales.f__Bacillaceae	2.6457955818			-	
k__Bacteria.p__Proteobacteria.c__Gammaproteobacteria.o__Enterobacteriales.f__Enterobacteriaceae.g__Enterobacter_Kluyvera	0.850020860733			-	
k__Bacteria.p__Bacteroidetes.c__Bacteroidia.o__Bacteroidales.f__Bacteroidaceae.g__Bacteroides.s__cellulosilyticus	2.45424640207	Obese48H	2.16629393795	4.28118807993e-05	239.pdf
k__Bacteria.p__Firmicutes.c__Clostridia.o__Clostridiales.f__Lachnospiraceae.g__Dorea.s__sp32214	1.53520861562	Obese0H	2.07959963729	0.0264858684496	240.pdf
k__Bacteria.p__Firmicutes.c__Clostridia.o__Clostridiales.f__Ruminococcaceae.g__Subdoligranulum.s__sp35580_sp35585	4.2001198642	Obese48H	3.26643361384	0.0115030445423	241.pdf
k__Bacteria.p__Firmicutes.c__Clostridia.o__Clostridiales.f__Family_XIII.g__NA.s__sp31552	2.85405649488	Obese0H	2.55382648209	8.94262185099e-12	242.pdf
k__Bacteria.p__Firmicutes.c__Clostridia.o__Clostridiales.f__Ruminococcaceae.g__Soleaferrea.s__sp34506	2.22413589496			4.28118807993e-05	
k__Bacteria.p__Firmicutes.c__Clostridia.o__Clostridiales.f__Lachnospiraceae.g__Cellulosilyticum	1.05418901458			-	
k__Bacteria.p__Firmicutes.c__Clostridia.o__Clostridiales.f__Lachnospiraceae.g__NA.s__sp33473	0.571473221488			-	
k__Bacteria.p__Firmicutes.c__Clostridia.o__Clostridiales.f__Lachnospiraceae.g__NA.s__sp33470	3.08372196747			-	
k__Bacteria.p__Firmicutes.c__Clostridia.o__Clostridiales.f__Peptococcaceae.g__Peptococcus.s__sp34121	2.84466539878			-	
k__Bacteria.p__Firmicutes.c__Clostridia.o__Clostridiales.f__Ruminococcaceae.g__NA.s__sp35199_sp35257	2.16621986536			0.0430359759234	
k__Bacteria.p__Bacteroidetes.c__Bacteroidia.o__Bacteroidales.f__Rikenellaceae.g__Alistipes.s__sp14388	1.59871348884			0.0125078470287	
k__Bacteria.p__Firmicutes.c__Clostridia.o__Clostridiales.f__Peptostreptococcaceae.g__Terrisporobacter	3.10080556475	Obese0H	2.80687435274	7.08766510876e-06	243.pdf
k__Bacteria.p__Firmicutes.c__Clostridia.o__Clostridiales.f__Lachnospiraceae.g__NA.s__sp33479	2.48507688566	Obese0H	2.1749082259	0.000601238240732	244.pdf
k__Bacteria.p__Firmicutes.c__Clostridia.o__Clostridiales.f__Lachnospiraceae.g__Coprococcus.s__comes_sp32193	3.79626713202	Obese0H	3.11369377934	0.00356025277179	245.pdf
k__Bacteria.p__Firmicutes.c__Clostridia.o__Clostridiales.f__Lachnospiraceae.g__NA.s__sp32154	1.58802649119			-	
k__Bacteria.p__Firmicutes.c__Clostridia.o__Clostridiales.f__Peptostreptococcaceae.g__Asaccharospora	2.79512392524	Obese48H	2.54952928969	0.00676576175149	246.pdf
k__Bacteria.p__Firmicutes.c__Erysipelotrichia.o__Erysipelotrichales.f__Erysipelotrichaceae.g__Faecalitalea.s__cylindroides	3.03453588397	Obese0H	2.71023539994	6.77152242528e-06	247.pdf
k__Bacteria.p__Bacteroidetes.c__Bacteroidia.o__Bacteroidales.f__Bacteroidaceae.g__Bacteroides.s__vulgatus	4.38814531683	Obese48H	4.08509562668	3.64504009221e-17	248.pdf
k__Bacteria.p__Firmicutes.c__Clostridia.o__Clostridiales.f__Christensenellaceae.g__NA.s__sp30399	2.68375969639	Obese0H	2.25969116803	0.0436988505981	249.pdf
k__Bacteria.p__Firmicutes.c__Clostridia.o__Clostridiales.f__Lachnospiraceae.g__NA.s__sp33573	2.76680271459	Obese48H	2.46552496623	0.00105565935241	250.pdf
k__Bacteria.p__Proteobacteria.c__Deltaproteobacteria.o__Desulfovibrionales.f__Desulfovibrionaceae.g__Desulfovibrio	1.02067547917			-	
k__Bacteria.p__Firmicutes.c__Clostridia.o__Clostridiales.f__Lachnospiraceae.g__NA.s__sp33575	1.00422382359			-	
k__Bacteria.p__Bacteroidetes.c__Bacteroidia.o__Bacteroidales.f__Porphyromonadaceae.g__Parabacteroides.s__sp13286	0.464707031018			-	
k__Bacteria.p__Firmicutes.c__Clostridia.o__Clostridiales.f__Family_XI.g__Anaerococcus	2.78878455983	Obese48H	2.37239073138	1.19851588598e-05	251.pdf
k__Bacteria.p__Gemmatimonadetes.c__Gemmatimonadetes.o__Gemmatimonadales.f__Gemmatimonadaceae.g__NA.s__sp38006	0.507598179911			-	
k__Bacteria.p__Firmicutes.c__Clostridia.o__Clostridiales.f__Peptostreptococcaceae.g__Terrisporobacter.s__sp34390_sp34393	0.77917134008			-	
k__Bacteria.p__Firmicutes.c__Erysipelotrichia.o__Erysipelotrichales.f__Erysipelotrichaceae	4.52624207186	Obese0H	3.94331698597	9.3058279171e-10	252.pdf
k__Bacteria.p__Firmicutes.c__Clostridia.o__Clostridiales.f__Ruminococcaceae.g__Ruminiclostridium.s__sp34934	0.611775061931			-	
k__Bacteria.p__Firmicutes.c__Clostridia.o__Clostridiales.f__Ruminococcaceae.g__Ruminiclostridium.s__sp34935	2.02730708795			0.0231467121564	
k__Bacteria.p__Firmicutes.c__Clostridia.o__Clostridiales.f__Ruminococcaceae	5.05417831389	Obese0H	4.47959897877	7.34586089169e-07	253.pdf
k__Bacteria.p__Actinobacteria.c__Actinobacteria.o__Bifidobacteriales.f__Bifidobacteriaceae.g__Bifidobacterium.s__longum_saguini_sp4971	0.560000846758			-	
k__Bacteria.p__Actinobacteria.c__Coriobacteriia.o__Coriobacteriales.f__Coriobacteriaceae.g__NA.s__sp10543	1.43187746597			-	
k__Bacteria.p__Bacteroidetes.c__Bacteroidia.o__Bacteroidales.f__Rikenellaceae.g__Alistipes.s__finegoldii	2.36528727974	Obese48H	2.09825010521	1.77888173824e-08	254.pdf
k__Bacteria.p__Firmicutes.c__Clostridia.o__Clostridiales.f__Lachnospiraceae.g__NA.s__sp32476_sp32745	0.875895647736			-	
k__Bacteria.p__Actinobacteria.c__Coriobacteriia.o__Coriobacteriales.f__Coriobacteriaceae.g__Senegalimassilia.s__anaerobia	2.88912684063			-	
k__Bacteria.p__Proteobacteria.c__Betaproteobacteria.o__Burkholderiales.f__Alcaligenaceae.g__Sutterella	3.67238482839	Obese48H	3.40123349477	7.35809117801e-08	255.pdf
k__Bacteria.p__Proteobacteria.c__Gammaproteobacteria.o__Pseudomonadales.f__Pseudomonadaceae.g__Pseudomonas.s__azotoformans_fluorescens_synxantha	1.59485952981			0.0125078470287	
k__Bacteria.p__Firmicutes.c__Clostridia.o__Clostridiales.f__Lachnospiraceae.g__NA	4.50053638044	Obese0H	3.84412822806	3.66592090368e-08	256.pdf
k__Bacteria.p__Firmicutes.c__Negativicutes.o__Selenomonadales.f__Acidaminococcaceae.g__Phascolarctobacterium	2.86068117305	Obese48H	2.48920339205	0.0234169352535	257.pdf
k__Bacteria.p__Firmicutes.c__Clostridia.o__Clostridiales.f__Ruminococcaceae.g__NA.s__sp35834	2.68949363351	Obese48H	2.39407726348	1.59006871519e-08	258.pdf
k__Bacteria.p__Actinobacteria.c__Coriobacteriia.o__Coriobacteriales.f__Coriobacteriaceae.g__Slackia.s__piriformis	2.61544622697			-	
k__Bacteria.p__Firmicutes.c__Clostridia.o__Clostridiales.f__Ruminococcaceae.g__Oscillibacter	0.599501945088			-	
k__Bacteria.p__Firmicutes.c__Clostridia.o__Clostridiales.f__Lachnospiraceae.g__NA.s__sp32840	3.0915073112	Obese48H	2.77699185765	2.87388274064e-06	259.pdf
k__Bacteria.p__Firmicutes.c__Clostridia.o__Clostridiales.f__Peptostreptococcaceae.g__Peptostreptococcus.s__anaerobius_stomatis	1.90957348243			0.0430359759234	
k__Bacteria.p__Firmicutes.c__Clostridia.o__Clostridiales.f__Lachnospiraceae.g__NA.s__sp32158	0.448442994227			-	
k__Bacteria.p__Firmicutes.c__Clostridia.o__Clostridiales.f__Eubacteriaceae.g__Anaerofustis	0.683033479157			-	
k__Bacteria.p__Firmicutes.c__Clostridia.o__Clostridiales.f__Ruminococcaceae.g__Anaerotruncus	3.11074344321			-	
k__Bacteria.p__Firmicutes.c__Bacilli.o__Lactobacillales.f__Leuconostocaceae.g__Leuconostoc.s__carnosum	2.21042114322			-	
k__Bacteria.p__Actinobacteria.c__Actinobacteria.o__Bifidobacteriales.f__Bifidobacteriaceae.g__Bifidobacterium.s__longum	4.5385769787			-	
k__Bacteria.p__Firmicutes.c__Clostridia.o__Clostridiales.f__Ruminococcaceae.g__NA.s__sp35363	1.70379160854			0.0125078470287	
k__Bacteria.p__Actinobacteria.c__Coriobacteriia.o__Coriobacteriales.f__Coriobacteriaceae.g__Gordonibacter.s__faecihominis	1.79386054688			0.0300822834792	
k__Bacteria.p__Bacteroidetes.c__Bacteroidia.o__Bacteroidales.f__Bacteroidaceae.g__Bacteroides.s__dorei	2.85950367584	Obese48H	2.61540392459	0.00254227727596	260.pdf
k__Bacteria.p__Firmicutes.c__Clostridia.o__Clostridiales.f__Ruminococcaceae.g__NA.s__sp35830	1.74617560307			0.00676576175149	
k__Bacteria.p__Firmicutes.c__Clostridia.o__Clostridiales.f__Lachnospiraceae.g__Blautia.s__hansenii_producta	3.36398018477	Obese0H	2.89439208533	4.18526322856e-05	261.pdf
k__Bacteria.p__Bacteroidetes.c__Bacteroidia.o__Bacteroidales.f__Porphyromonadaceae.g__Butyricimonas.s__sp13062	1.48474681997			0.0125078470287	
k__Bacteria.p__Firmicutes.c__Clostridia.o__Clostridiales.f__Christensenellaceae.g__NA.s__sp30299	1.0412159315			-	
k__Bacteria.p__Proteobacteria.c__Gammaproteobacteria.o__Enterobacteriales.f__Enterobacteriaceae	5.01454475524	Obese48H	4.66730150428	2.06860117785e-16	262.pdf
k__Bacteria.p__Proteobacteria.c__Deltaproteobacteria.o__Desulfovibrionales.f__Desulfovibrionaceae.g__Bilophila.s__wadsworthia	2.9757316562	Obese48H	2.721120522	5.8719748366e-06	263.pdf
k__Bacteria.p__Firmicutes.c__Clostridia.o__Clostridiales.f__Lachnospiraceae.g__NA.s__sp32476	2.36713810815	Obese0H	2.13348160132	0.000284288468614	264.pdf
k__Bacteria.p__Firmicutes.c__Bacilli.o__Lactobacillales	4.85423041534			-	
k__Bacteria.p__Actinobacteria.c__Actinobacteria.o__Corynebacteriales.f__Corynebacteriaceae.g__NA.s__sp5276	1.84761720726			0.0231467121564	
k__Bacteria.p__Firmicutes.c__Bacilli.o__Lactobacillales.f__Lactobacillaceae.g__Lactobacillus.s__ruminis	3.49286174309			-	
k__Bacteria.p__Firmicutes.c__Clostridia	5.85205712552	Obese0H	5.13385852787	2.16883277125e-10	265.pdf
k__Bacteria.p__Firmicutes.c__Bacilli.o__Bacillales.f__Family_XI.g__Gemella	1.14845307655			-	
k__Bacteria.p__Firmicutes.c__Clostridia.o__Clostridiales.f__Lachnospiraceae.g__Blautia.s__hansenii_producta_sp32048	0.90519332347			-	
k__Bacteria.p__Firmicutes.c__Clostridia.o__Clostridiales.f__Christensenellaceae.g__NA.s__sp30367	0.54150999811			-	
k__Bacteria.p__Firmicutes.c__Clostridia.o__Clostridiales.f__Peptostreptococcaceae.g__Peptostreptococcus	2.09879825397			0.0430359759234	
k__Bacteria.p__Actinobacteria.c__Actinobacteria.o__Bifidobacteriales.f__Bifidobacteriaceae.g__Bifidobacterium.s__adolescentis_faecale_ruminantium	0.574751164292			-	
k__Bacteria.p__Firmicutes.c__Clostridia.o__Clostridiales.f__Lachnospiraceae.g__Ruminococcus	0.566080410108			-	
k__Bacteria.p__Verrucomicrobia	4.16991145746	Obese48H	3.73263883773	0.0305142951106	266.pdf
k__Bacteria.p__Firmicutes.c__Erysipelotrichia.o__Erysipelotrichales.f__Erysipelotrichaceae.g__Dielma	2.11031754566			0.000298783314724	
k__Bacteria.p__Proteobacteria.c__Gammaproteobacteria.o__Enterobacteriales.f__Enterobacteriaceae.g__Klebsiella.s__pneumoniae	1.60101986507			-	
k__Bacteria.p__Firmicutes.c__Clostridia.o__Clostridiales.f__Ruminococcaceae.g__Ruminiclostridium.s__sp34903_sp34912_sp34921	0.678209769339			-	
k__Bacteria.p__Firmicutes.c__Clostridia.o__Clostridiales.f__Lachnospiraceae.g__Roseburia.s__sp33161_sp33189_sp33275	1.82798768393	Obese0H	2.1533583884	0.00365479115135	267.pdf
k__Bacteria.p__Firmicutes.c__Clostridia.o__Clostridiales.f__Ruminococcaceae.g__NA.s__sp35388	1.89105634182	Obese0H	2.47967824027	0.00365479115135	268.pdf
k__Bacteria.p__Tenericutes	1.88960991524			0.00196836737116	
k__Bacteria.p__Actinobacteria.c__Actinobacteria.o__Actinomycetales.f__Actinomycetaceae.g__NA	0.627344554971			-	
k__Bacteria.p__Proteobacteria.c__Deltaproteobacteria.o__Desulfovibrionales.f__Desulfovibrionaceae	2.9757316562	Obese48H	2.7390908064	6.50359735292e-05	269.pdf
k__Bacteria.p__Firmicutes.c__Bacilli.o__Lactobacillales.f__Lactobacillaceae.g__Lactobacillus.s__casei_paracasei_zeae	0.566572035749			-	
k__Bacteria.p__Firmicutes.c__Bacilli.o__Lactobacillales.f__Leuconostocaceae.g__Weissella	4.18643753641			-	
k__Bacteria.p__Firmicutes.c__Clostridia.o__Clostridiales.f__Ruminococcaceae.g__NA.s__sp34734	1.17770996073			-	
k__Bacteria.p__Firmicutes.c__Clostridia.o__Clostridiales.f__Lachnospiraceae.g__Robinsoniella	3.19775010678	Obese48H	2.92807966945	0.000157466650629	270.pdf
k__Bacteria.p__Firmicutes.c__Negativicutes.o__Selenomonadales.f__Acidaminococcaceae	2.86068117305			-	
k__Bacteria.p__Firmicutes.c__Clostridia.o__Clostridiales.f__Family_XI.g__Anaerococcus.s__prevotii_tetradius	1.95228990699			4.28118807993e-05	
k__Bacteria.p__Proteobacteria.c__Gammaproteobacteria.o__Enterobacteriales.f__Enterobacteriaceae.g__Hafnia.s__alvei	1.09312401911			-	
k__Bacteria.p__Actinobacteria.c__Actinobacteria.o__Corynebacteriales.f__Corynebacteriaceae.g__Corynebacterium.s__imitans	1.27598959301			-	
k__Bacteria.p__Firmicutes.c__Clostridia.o__Clostridiales.f__Lachnospiraceae.g__Blautia_Lachnoclostridium.s__producta_sp32052_sp32410	1.42381759132			-	
k__Bacteria.p__Proteobacteria.c__Gammaproteobacteria.o__Enterobacteriales.f__Enterobacteriaceae.g__Enterobacter.s__NA	1.38381879326			-	
k__Bacteria.p__Firmicutes.c__Clostridia.o__Clostridiales.f__Lachnospiraceae.g__NA.s__sp33656	2.35905062799	Obese48H	2.17841234997	0.000563266341915	271.pdf
k__Bacteria.p__Bacteroidetes.c__Bacteroidia.o__Bacteroidales.f__Rikenellaceae	3.24710752886	Obese48H	2.9340451327	7.48777494818e-13	272.pdf
k__Bacteria.p__Firmicutes.c__Erysipelotrichia.o__Erysipelotrichales	4.52624207186	Obese0H	3.94331698597	9.3058279171e-10	273.pdf
k__Bacteria.p__Firmicutes.c__Clostridia.o__Clostridiales.f__Ruminococcaceae.g__Acetanaerobacterium	1.648370812			0.000563266341915	
k__Bacteria.p__Bacteroidetes.c__Bacteroidia.o__Bacteroidales.f__NA.g__NA	1.02484008027			-	
k__Bacteria.p__Firmicutes.c__Clostridia.o__Clostridiales.f__Ruminococcaceae.g__Ruminiclostridium.s__sp34940	0.578298128637			-	
k__Bacteria.p__Actinobacteria.c__Actinobacteria.o__Propionibacteriales.f__Propionibacteriaceae	4.19319693175			-	
k__Bacteria.p__Firmicutes.c__Clostridia.o__Clostridiales.f__Lachnospiraceae.g__Tyzzerella	2.54298150766	Obese48H	2.26433342327	6.077344962e-06	274.pdf
k__Bacteria.p__Firmicutes.c__Clostridia.o__Clostridiales.f__Ruminococcaceae.g__NA.s__sp35796	0.982259204128			-	
k__Bacteria.p__Firmicutes.c__Clostridia.o__Clostridiales.f__Clostridiaceae.g__Clostridium.s__botulinum	0.891968362948			-	
k__Bacteria.p__Firmicutes.c__Clostridia.o__Clostridiales.f__Ruminococcaceae.g__NA.s__sp35738_sp35830	0.893289896963			-	
k__Bacteria.p__Firmicutes.c__Clostridia.o__Clostridiales.f__Ruminococcaceae.g__Ruminiclostridium.s__sp34949	2.84376449433	Obese0H	2.50298699557	0.000400525247128	275.pdf
k__Bacteria.p__Actinobacteria.c__Actinobacteria.o__Bifidobacteriales	5.09543501336	Obese0H	4.13821163228	0.0320142733465	276.pdf
k__Bacteria.p__Firmicutes.c__Clostridia.o__Clostridiales.f__Clostridiaceae.g__Clostridium.s__septicum	0.578684053189			-	
k__Archaea.p__Euryarchaeota.c__Methanobacteria	3.69640812882			-	
k__Bacteria.p__Firmicutes.c__Clostridia.o__Clostridiales.f__Christensenellaceae.g__NA.s__sp30266	1.52601626549			-	
k__Bacteria.p__Proteobacteria.c__Gammaproteobacteria.o__Enterobacteriales.f__Enterobacteriaceae.g__Pantoea	3.22869399744			-	
k__Bacteria.p__Bacteroidetes.c__Bacteroidia.o__Bacteroidales.f__Prevotellaceae.g__NA.s__sp13940	1.52084696761			0.0231467121564	
k__Bacteria.p__Firmicutes.c__Clostridia.o__Clostridiales.f__Lachnospiraceae.g__Blautia.s__sp32048_sp32049	2.86362590698	Obese0H	2.60651050159	0.00791962166048	277.pdf
k__Bacteria.p__Firmicutes.c__Clostridia.o__Clostridiales.f__Lachnospiraceae.g__NA.s__sp33781	1.61850660327			-	
k__Bacteria.p__Firmicutes.c__Clostridia.o__Clostridiales.f__Ruminococcaceae.g__NA.s__sp35038_sp35044	2.19976535642			-	
k__Bacteria.p__Actinobacteria.c__Actinobacteria.o__Bifidobacteriales.f__Bifidobacteriaceae.g__Bifidobacterium.s__breve_longum_saguini	0.731277755246			-	
k__Bacteria.p__Firmicutes.c__Clostridia.o__Clostridiales.f__Ruminococcaceae.g__NA.s__sp35164	1.57376670454			0.0430359759234	
k__Bacteria.p__Firmicutes.c__Erysipelotrichia.o__Erysipelotrichales.f__Erysipelotrichaceae.g__Solobacterium.s__sp36754	3.61614279302			-	
k__Bacteria.p__Proteobacteria.c__Betaproteobacteria	3.76706859619	Obese48H	3.49418315274	1.46722880993e-12	278.pdf
k__Bacteria.p__Bacteroidetes.c__Bacteroidia.o__Bacteroidales.f__Prevotellaceae.g__NA.s__sp13942	1.38237763713			-	
k__Bacteria.p__Firmicutes.c__Clostridia.o__Clostridiales.f__Lachnospiraceae.g__Marvinbryantia.s__sp32965	2.69921681593	Obese0H	2.41939571914	1.06212710915e-08	279.pdf
k__Bacteria.p__Firmicutes.c__Clostridia.o__Clostridiales.f__Ruminococcaceae.g__NA.s__sp35765	1.78443391882			0.0231467121564	
k__Bacteria.p__Firmicutes.c__Erysipelotrichia.o__Erysipelotrichales.f__Erysipelotrichaceae.g__Catenibacterium.s__mitsuokai	3.80117591742			-	
k__Bacteria.p__Firmicutes.c__Bacilli.o__Bacillales	3.53035067481	Obese0H	3.20670787857	2.17958653093e-10	280.pdf
k__Bacteria.p__Bacteroidetes.c__Bacteroidia.o__Bacteroidales.f__Bacteroidaceae.g__Bacteroides.s__intestinalis_stercorirosoris	1.07510362143			-	
k__Bacteria.p__Firmicutes.c__Clostridia.o__Clostridiales.f__Clostridiaceae.g__Clostridium.s__paraputrificum	4.0070961586	Obese48H	3.72222192794	1.11859176291e-10	281.pdf
k__Bacteria.p__Proteobacteria.c__Gammaproteobacteria.o__Enterobacteriales.f__Enterobacteriaceae.g__Klebsiella.s__pneumoniae_variicola	1.7099048218			-	
k__Bacteria.p__Firmicutes.c__Bacilli.o__Lactobacillales.f__Streptococcaceae.g__Streptococcus.s__infantis_sanguinis	2.08297666885	Obese0H	2.14323869607	0.00109947274107	282.pdf
k__Bacteria.p__Bacteroidetes.c__Bacteroidia.o__Bacteroidales.f__Porphyromonadaceae	4.40835614127	Obese48H	4.12006076817	1.21950304069e-14	283.pdf
k__Bacteria.p__Firmicutes.c__Clostridia.o__Clostridiales.f__Clostridiaceae.g__Clostridium.s__celatum_sp30555	2.91490004751	Obese48H	2.65972802052	0.000563266341915	284.pdf
k__Bacteria.p__Firmicutes.c__Clostridia.o__Clostridiales.f__Peptostreptococcaceae.g__Romboutsia.s__ilealis	4.60676892955	Obese0H	4.1301786824	0.00185010799764	285.pdf
k__Bacteria.p__Actinobacteria.c__Actinobacteria.o__Corynebacteriales.f__Nocardiaceae.g__Rhodococcus.s__erythropolis_qingshengii_sp5959	1.23459690785			-	
k__Bacteria.p__Fusobacteria.c__Fusobacteriia.o__Fusobacteriales	1.39506221888			0.0430359759234	
k__Bacteria.p__Bacteroidetes.c__Bacteroidia.o__Bacteroidales.f__Bacteroidaceae.g__Bacteroides.s__thetaiotaomicron	1.20532592172			-	
None.Other	2.18104706451			-	
k__Bacteria.p__Firmicutes.c__Clostridia.o__Clostridiales.f__Lachnospiraceae.g__Lachnospira	2.20765652693			-	
k__Bacteria.p__Fusobacteria.c__Fusobacteriia.o__Fusobacteriales.f__Fusobacteriaceae	1.39506221888			0.0430359759234	
k__Bacteria.p__Firmicutes.c__Clostridia.o__Clostridiales.f__Family_XIII.g__NA.s__sp31629	0.603868970997			-	
k__Bacteria.p__Actinobacteria.c__Actinobacteria.o__Corynebacteriales.f__Corynebacteriaceae.g__Corynebacterium.s__simulans	1.18276526957			-	
k__Bacteria.p__Firmicutes.c__Clostridia.o__Clostridiales.f__Ruminococcaceae.g__Anaerotruncus.s__sp34464	0.603868970997			-	
k__Bacteria.p__Firmicutes.c__Bacilli.o__Lactobacillales.f__Streptococcaceae.g__Streptococcus.s__anginosus	1.69735912193			0.0430359759234	
k__Bacteria.p__Firmicutes.c__Bacilli.o__Bacillales.f__Family_XI.g__Gemella.s__asaccharolytica	1.14845307655			-	
k__Bacteria.p__Firmicutes.c__Clostridia.o__Clostridiales.f__Family_XI.g__Peptoniphilus.s__lacrimalis	1.99143664794			0.0430359759234	
k__Bacteria.p__Firmicutes.c__Clostridia.o__Clostridiales.f__Lachnospiraceae.g__NA.s__sp32815	0.680120263999			-	
k__Bacteria.p__Proteobacteria.c__Gammaproteobacteria.o__Pseudomonadales.f__Pseudomonadaceae.g__Pseudomonas.s__costantinii_fluorescens_poae	0.768075526738			-	
k__Bacteria.p__Firmicutes.c__Bacilli.o__Bacillales.f__Paenibacillaceae.g__Paenibacillus	3.46113837173	Obese0H	3.14801493342	6.11864735828e-11	286.pdf
k__Bacteria.p__Firmicutes.c__Clostridia.o__Clostridiales.f__Lachnospiraceae.g__NA.s__sp32812	1.78709340191			0.00196836737116	
k__Bacteria.p__Firmicutes.c__Clostridia.o__Clostridiales.f__Eubacteriaceae.g__Eubacterium.s__callanderi_limosum	2.83153273949			-	
k__Bacteria.p__Actinobacteria.c__Actinobacteria.o__Actinomycetales	2.94072412757	Obese0H	2.65682595629	2.84844921559e-14	287.pdf
k__Bacteria.p__Firmicutes.c__Bacilli	4.85560624004			-	
k__Bacteria.p__Firmicutes.c__Clostridia.o__Clostridiales.f__Ruminococcaceae.g__NA.s__sp35758	2.4524460471	Obese48H	2.13408462667	0.00365479115135	288.pdf
k__Bacteria.p__Firmicutes.c__Negativicutes.o__Selenomonadales.f__Veillonellaceae.g__Megasphaera	2.62143092738	Obese48H	2.36857365811	0.00945878314762	289.pdf
k__Bacteria.p__Firmicutes.c__Clostridia.o__Clostridiales.f__Ruminococcaceae.g__Hydrogenoanaerobacterium.s__sp34616	2.27495059408	Obese48H	2.02988643796	0.0231467121564	290.pdf
k__Bacteria.p__Proteobacteria.c__Gammaproteobacteria.o__Pseudomonadales.f__Pseudomonadaceae.g__Pseudomonas	1.90829544892			0.00676576175149	
k__Bacteria.p__Firmicutes.c__Clostridia.o__Clostridiales.f__Family_XIII.g__NA.s__sp31622	2.12042809686			1.29314172324e-06	
k__Bacteria.p__Firmicutes.c__Clostridia.o__Clostridiales.f__Lachnospiraceae.g__Cellulosilyticum.s__sp32136	1.05418901458			-	
k__Bacteria.p__Actinobacteria.c__Coriobacteriia.o__Coriobacteriales.f__Coriobacteriaceae.g__Collinsella	5.1199262052	Obese48H	4.59889855093	8.86976365234e-05	291.pdf
k__Bacteria.p__Bacteroidetes.c__Bacteroidia.o__Bacteroidales.f__Prevotellaceae.g__Alloprevotella.s__sp13519	1.03907709695			-	
k__Bacteria.p__Bacteroidetes.c__Bacteroidia.o__Bacteroidales.f__Rikenellaceae.g__Alistipes.s__indistinctus	1.44783641706			0.0125078470287	
k__Bacteria.p__Firmicutes.c__Clostridia.o__Clostridiales.f__Lachnospiraceae.g__Eubacterium	4.74276178518	Obese0H	4.37913722194	3.30298321495e-14	292.pdf
k__Bacteria.p__Firmicutes.c__Clostridia.o__Clostridiales.f__Lachnospiraceae.g__Hungatella.s__sp32252	1.89234950555			-	
k__Bacteria.p__Firmicutes.c__Clostridia.o__Clostridiales.f__Lachnospiraceae.g__Lachnoclostridium.s__sp32428	3.3040903688			-	
k__Bacteria.p__Firmicutes.c__Bacilli.o__Lactobacillales.f__Enterococcaceae.g__Enterococcus.s__faecium	0.949405838941			-	
k__Bacteria.p__Firmicutes.c__Clostridia.o__Clostridiales.f__Christensenellaceae.g__NA.s__sp30164	2.5529156345	Obese0H	2.23822185978	0.000669345515874	293.pdf
k__Bacteria.p__Firmicutes.c__Clostridia.o__Clostridiales.f__Lachnospiraceae.g__Lachnoclostridium.s__sp32424	1.89670567742			0.0144186659624	
k__Bacteria.p__Bacteroidetes.c__Bacteroidia.o__Bacteroidales.f__Rikenellaceae.g__Alistipes.s__sp14363	2.10459375569			0.00196836737116	
k__Bacteria.p__Firmicutes.c__Clostridia.o__Clostridiales.f__Family_XI.g__Tissierella	1.24461060054			-	
k__Bacteria.p__Actinobacteria.c__Coriobacteriia.o__Coriobacteriales.f__Coriobacteriaceae	5.14455811463	Obese48H	4.60351565869	0.000116632009053	294.pdf
k__Bacteria.p__Firmicutes.c__Clostridia.o__Clostridiales.f__Lachnospiraceae.g__Lachnoclostridium	4.54816714076			-	
k__Bacteria.p__Firmicutes.c__Bacilli.o__Bacillales.f__Paenibacillaceae.g__Paenibacillus.s__borealis_sp27297	0.574947645181			-	
k__Bacteria.p__Bacteroidetes.c__Bacteroidia.o__Bacteroidales.f__Rikenellaceae.g__NA.s__sp14461	1.43212222409			0.0231467121564	
k__Bacteria.p__Bacteroidetes.c__Bacteroidia.o__Bacteroidales.f__Prevotellaceae.g__Alloprevotella.s__sp13491	1.00360477879			-	
k__Bacteria.p__Firmicutes.c__Clostridia.o__Clostridiales.f__Peptostreptococcaceae.g__Romboutsia.s__lituseburensis	2.33210934261			-	
k__Bacteria.p__Firmicutes.c__Clostridia.o__Clostridiales.f__Lachnospiraceae.g__Lachnoclostridium.s__sp32414_sp33776	1.20849314397			-	
k__Bacteria.p__Firmicutes.c__Bacilli.o__Lactobacillales.f__Streptococcaceae.g__Streptococcus	4.63601114317	Obese48H	4.13067321938	2.82796568678e-05	295.pdf
k__Bacteria.p__Fusobacteria.c__Fusobacteriia.o__Fusobacteriales.f__Fusobacteriaceae.g__Fusobacterium	1.39506221888			0.0430359759234	
k__Bacteria.p__Firmicutes.c__Clostridia.o__Clostridiales.f__Family_XI.g__Parvimonas_Tissierella.s__praeacuta_sp31283	1.46489503881			0.0430359759234	
k__Archaea	3.69640812882			-	
k__Bacteria.p__Actinobacteria.c__Actinobacteria.o__Actinomycetales.f__Actinomycetaceae.g__Actinomyces.s__meyeri_odontolyticus	0.621563486719			-	
k__Bacteria.p__Firmicutes.c__Clostridia.o__Clostridiales.f__Peptostreptococcaceae.g__Asaccharospora_Intestinibacter.s__bartlettii_sp34265	1.11425581447			-	
k__Bacteria.p__Actinobacteria.c__Actinobacteria.o__Micrococcales.f__Micrococcaceae.g__Micrococcus.s__NA	1.24532077324			-	
k__Bacteria.p__Firmicutes.c__Clostridia.o__Clostridiales.f__Lachnospiraceae.g__Lachnoclostridium.s__sp32353_sp32360	2.00619701336			0.0430359759234	
k__Bacteria.p__Firmicutes.c__Bacilli.o__Lactobacillales.f__Streptococcaceae.g__Streptococcus.s__gordonii	1.09062799003	Obese0H	2.25879156281	0.0430359759234	296.pdf
k__Bacteria.p__Firmicutes.c__Clostridia.o__Clostridiales.f__Lachnospiraceae.g__Anaerostipes	4.38088375285	Obese0H	3.98062404312	1.60900016414e-14	297.pdf
k__Bacteria.p__Actinobacteria.c__Coriobacteriia.o__Coriobacteriales.f__Coriobacteriaceae.g__NA.s__NA	1.31183557926			0.0231467121564	
k__Bacteria.p__Firmicutes.c__Erysipelotrichia.o__Erysipelotrichales.f__Erysipelotrichaceae.g__Coprobacillus.s__cateniformis	1.97009516385			-	
k__Bacteria.p__Actinobacteria.c__Actinobacteria.o__Bifidobacteriales.f__Bifidobacteriaceae.g__Bifidobacterium.s__pullorum_saeculare	0.632056244239			-	
k__Bacteria.p__Firmicutes.c__Clostridia.o__Clostridiales.f__Clostridiaceae.g__Clostridium.s__malenominatum	1.84587068972			-	
k__Bacteria.p__Proteobacteria.c__Gammaproteobacteria.o__Pseudomonadales.f__Pseudomonadaceae.g__Pseudomonas.s__aeruginosa	1.34854026015			-	
k__Bacteria.p__Firmicutes.c__Bacilli.o__Lactobacillales.f__Streptococcaceae.g__Streptococcus.s__loxodontisalivarius_saliviloxodontae	0.439053749228			-	
k__Bacteria.p__Bacteroidetes.c__Bacteroidia.o__Bacteroidales.f__Bacteroidaceae.g__Bacteroides.s__massiliensis	2.90385907455	Obese48H	2.63434020834	7.06028982593e-07	298.pdf
k__Bacteria.p__Deinococcus_Thermus	0.693234756873			-	
k__Bacteria.p__Actinobacteria.c__Coriobacteriia.o__Coriobacteriales.f__Coriobacteriaceae.g__Adlercreutzia_Asaccharobacter.s__celatus_equolifaciens	3.0537408624	Obese0H	2.79103638137	2.50163485659e-11	299.pdf
k__Bacteria.p__Proteobacteria.c__Gammaproteobacteria.o__Enterobacteriales.f__Enterobacteriaceae.g__Enterobacter	1.38381879326			-	
k__Bacteria.p__Firmicutes.c__Negativicutes.o__Selenomonadales.f__Veillonellaceae.g__Negativicoccus.s__succinicivorans	3.47254645537	Obese48H	3.17499422707	8.51699683147e-12	300.pdf
k__Bacteria.p__Firmicutes.c__Bacilli.o__Lactobacillales.f__Carnobacteriaceae.g__Carnobacterium.s__mobile	4.3844953235	Obese48H	4.09316846883	6.35651725887e-08	301.pdf
k__Bacteria.p__Firmicutes.c__Clostridia.o__Clostridiales.f__Family_XIII.g__NA.s__sp31561	1.48881359614			0.0231467121564	
k__Bacteria.p__Firmicutes.c__Clostridia.o__Clostridiales.f__Lachnospiraceae.g__Roseburia.s__intestinalis	2.66301751423			-	
k__Bacteria.p__Firmicutes.c__Clostridia.o__Clostridiales.f__Lachnospiraceae.g__NA.s__sp33610	1.58642181978	Obese0H	2.14161777983	0.00365479115135	302.pdf
k__Bacteria.p__Firmicutes.c__Clostridia.o__Clostridiales.f__Lachnospiraceae.g__Blautia.s__sp32056	4.70498593523	Obese0H	4.30428550523	2.14716491979e-12	303.pdf
k__Bacteria.p__Firmicutes.c__Clostridia.o__Clostridiales.f__Ruminococcaceae.g__NA.s__sp35059	2.96327917057	Obese0H	2.68766925905	5.63118563129e-18	304.pdf
k__Bacteria.p__Actinobacteria.c__Coriobacteriia.o__Coriobacteriales.f__Coriobacteriaceae.g__Atopobium.s__vaginae	1.79028608406			0.0430359759234	
k__Bacteria.p__Firmicutes.c__Clostridia.o__Clostridiales.f__Lachnospiraceae.g__Blautia_Lachnoclostridium	3.06191962407	Obese0H	2.38105477639	0.000102776886898	305.pdf
k__Bacteria.p__Firmicutes.c__Clostridia.o__Clostridiales.f__Lachnospiraceae.g__NA.s__sp32660	0.755519748006			-	
k__Bacteria.p__Firmicutes.c__Clostridia.o__Clostridiales.f__Lachnospiraceae.g__Roseburia.s__sp33193	2.47394785673	Obese0H	2.17726507579	0.000298783314724	306.pdf
k__Bacteria.p__Proteobacteria.c__Deltaproteobacteria.o__Desulfovibrionales.f__Desulfovibrionaceae.g__Desulfovibrio.s__desulfuricans	1.02067547917			-	
k__Bacteria.p__Firmicutes.c__Clostridia.o__Clostridiales.f__Ruminococcaceae.g__NA.s__sp35056	2.78982906368	Obese48H	2.50524840716	0.000447406080403	307.pdf
k__Bacteria.p__Firmicutes.c__Bacilli.o__Bacillales.f__Staphylococcaceae.g__Staphylococcus.s__capitis_caprae_epidermidis	1.44209663115			-	
k__Bacteria.p__Firmicutes.c__Clostridia.o__Clostridiales.f__Lachnospiraceae.g__Blautia_Roseburia.s__sp31992_sp33175	0.907687874402			-	
k__Bacteria.p__Proteobacteria.c__Betaproteobacteria.o__Burkholderiales.f__Alcaligenaceae.g__Parasutterella	3.05907770526	Obese48H	2.77961074153	7.99669123165e-08	308.pdf
k__Bacteria.p__Firmicutes.c__Clostridia.o__Clostridiales.f__Lachnospiraceae.g__Eisenbergiella.s__sp32221	2.54585811085			-	
k__Bacteria.p__Firmicutes.c__Clostridia.o__Clostridiales.f__Lachnospiraceae.g__Eubacterium.s__rectale	4.39538669044	Obese0H	4.07464659032	7.46690690897e-15	309.pdf
k__Bacteria.p__Bacteroidetes.c__Bacteroidia.o__Bacteroidales.f__Bacteroidaceae.g__Bacteroides.s__fragilis	3.94608953137	Obese48H	3.65670971751	3.54732435731e-08	310.pdf
k__Bacteria.p__Proteobacteria.c__Gammaproteobacteria.o__Pseudomonadales.f__Pseudomonadaceae	1.90829544892			0.00676576175149	
k__Bacteria.p__Firmicutes.c__Clostridia.o__Clostridiales.f__Ruminococcaceae.g__NA.s__sp35023	0.874434954701			-	
k__Bacteria.p__Gemmatimonadetes.c__Gemmatimonadetes	0.507598179911			-	
k__Bacteria.p__Firmicutes.c__Clostridia.o__Clostridiales.f__Family_XI.g__Peptoniphilus.s__obesi	1.85927977343			-	
k__Bacteria.p__Firmicutes.c__Clostridia.o__Clostridiales.f__Lachnospiraceae.g__Oribacterium.s__sp33049_sp33686	0.916343806832			-	
k__Bacteria.p__Firmicutes.c__Clostridia.o__Clostridiales.f__Ruminococcaceae.g__Intestinimonas	1.64572242314			0.00365479115135	
k__Bacteria.p__Proteobacteria.c__Deltaproteobacteria.o__Desulfovibrionales.f__Desulfovibrionaceae.g__Bilophila	2.9757316562	Obese48H	2.77106935818	5.8719748366e-06	311.pdf
k__Bacteria.p__Proteobacteria.c__Gammaproteobacteria.o__Enterobacteriales.f__Enterobacteriaceae.g__Pantoea.s__ananatis	3.09523432462			-	
k__Bacteria.p__Actinobacteria.c__Actinobacteria.o__Bifidobacteriales.f__Bifidobacteriaceae.g__Gardnerella	1.35681278612			-	
k__Bacteria.p__Firmicutes.c__Clostridia.o__Clostridiales.f__Ruminococcaceae.g__NA.s__sp35646	0.975371151129			-	
k__Bacteria.p__Firmicutes.c__Clostridia.o__Clostridiales.f__Ruminococcaceae.g__Ruminiclostridium.s__sp34921_sp34937	1.74414989627			0.0125078470287	
k__Bacteria.p__Firmicutes.c__Bacilli.o__Lactobacillales.f__Lactobacillaceae.g__Lactobacillus.s__mucosae	0.603808501671			-	
k__Bacteria.p__Bacteroidetes.c__Bacteroidia.o__Bacteroidales.f__Porphyromonadaceae.g__Parabacteroides.s__goldsteinii	3.06072505213	Obese48H	2.73392926022	6.18637854797e-07	312.pdf
k__Bacteria.p__Proteobacteria.c__Gammaproteobacteria.o__Enterobacteriales.f__Enterobacteriaceae.g__Escherichia	5.00017415179	Obese48H	4.66154003922	1.50138394024e-16	313.pdf
k__Bacteria.p__Firmicutes.c__Clostridia.o__Clostridiales.f__Lachnospiraceae.g__Marvinbryantia	3.5346775622	Obese0H	3.19139804912	1.69867011307e-11	314.pdf
k__Bacteria.p__Firmicutes.c__Clostridia.o__Clostridiales.f__Peptostreptococcaceae.g__Asaccharospora.s__sp34265	2.79512392524	Obese48H	2.56290934786	0.00676576175149	315.pdf
k__Bacteria.p__Firmicutes.c__Clostridia.o__Clostridiales.f__Lachnospiraceae.g__NA.s__sp32147	2.11340645356			-	
k__Bacteria.p__Firmicutes.c__Bacilli.o__Lactobacillales.f__Enterococcaceae.g__Enterococcus	3.25860777359	Obese48H	2.93152000155	4.04040502756e-07	316.pdf
k__Bacteria.p__Firmicutes.c__Clostridia.o__Clostridiales.f__Ruminococcaceae.g__Faecalibacterium.s__sp34544	4.02275190209	Obese0H	3.72434953608	0.0270868184314	317.pdf
k__Bacteria.p__Firmicutes.c__Clostridia.o__Clostridiales.f__Christensenellaceae.g__NA.s__sp30430	2.28718906045	Obese0H	2.04920396808	0.0264858684496	318.pdf
k__Bacteria.p__Firmicutes.c__Clostridia.o__Clostridiales.f__Ruminococcaceae.g__NA.s__sp35067	2.13030425755			5.71916591857e-06	
k__Bacteria.p__Firmicutes.c__Clostridia.o__Clostridiales.f__Christensenellaceae.g__NA.s__sp30434	1.35803708822			0.0430359759234	
k__Bacteria.p__Firmicutes.c__Clostridia.o__Clostridiales.f__Lachnospiraceae.g__Blautia_Marvinbryantia.s__sp32994_wexlerae	2.59923367516	Obese0H	2.24945188529	0.00768613092376	319.pdf
k__Bacteria.p__Firmicutes.c__Negativicutes.o__Selenomonadales.f__Veillonellaceae.g__Megasphaera.s__sp36952	2.53117960202	Obese48H	2.24549062546	0.0170312628902	320.pdf
k__Bacteria.p__Firmicutes.c__Negativicutes.o__Selenomonadales.f__Veillonellaceae.g__Megasphaera.s__sp36950	1.87340721369			0.0231467121564	
k__Bacteria.p__Firmicutes.c__Clostridia.o__Clostridiales.f__Ruminococcaceae.g__NA.s__sp33136	2.40335072746	Obese48H	2.09336171416	0.00663537148967	321.pdf
k__Bacteria.p__Firmicutes.c__Clostridia.o__Clostridiales.f__Ruminococcaceae.g__NA.s__sp35759	1.67741844797			0.00365479115135	
k__Bacteria.p__Firmicutes.c__Clostridia.o__Clostridiales.f__Ruminococcaceae.g__NA.s__sp33135	0.612771203142			-	
k__Bacteria.p__Deinococcus_Thermus.c__Deinococci.o__Thermales.f__Thermaceae	0.693234756873			-	
k__Bacteria.p__Firmicutes.c__Bacilli.o__Lactobacillales.f__Streptococcaceae.g__Streptococcus.s__australis_rubneri	1.22488392354	Obese0H	2.57577766927	0.0430359759234	322.pdf
k__Bacteria.p__Proteobacteria.c__Betaproteobacteria.o__Burkholderiales.f__Alcaligenaceae.g__Parasutterella.s__excrementihominis	3.05907770526	Obese48H	2.77709312101	7.99669123165e-08	323.pdf
k__Bacteria.p__Firmicutes.c__Clostridia.o__Clostridiales.f__Christensenellaceae.g__NA.s__sp30337	0.848435065978			-	
k__Bacteria.p__Firmicutes.c__Clostridia.o__Clostridiales.f__Ruminococcaceae.g__Ruminiclostridium.s__sp34903	2.33526018541	Obese48H	2.04256820151	0.00196836737116	324.pdf
k__Bacteria.p__Actinobacteria.c__Coriobacteriia.o__Coriobacteriales.f__Coriobacteriaceae.g__Gordonibacter.s__urolithinfaciens	1.39364835207	Obese0H	2.14384717668	0.0231467121564	325.pdf
k__Bacteria.p__Bacteroidetes.c__Bacteroidia.o__Bacteroidales.f__Prevotellaceae.g__Prevotella.s__copri_sp13942	1.6505217955			-	
k__Bacteria.p__Bacteroidetes.c__Bacteroidia.o__Bacteroidales.f__Bacteroidaceae.g__Bacteroides.s__acidifaciens	1.50591173239	Obese48H	2.97050635125	0.0430359759234	326.pdf
k__Bacteria.p__Firmicutes.c__Clostridia.o__Clostridiales.f__Lachnospiraceae.g__Epulopiscium.s__sp32230	1.95321354365	Obese48H	2.70475648175	0.0430359759234	327.pdf
k__Bacteria.p__Firmicutes.c__Clostridia.o__Clostridiales.f__Family_XI.g__Peptoniphilus.s__senegalensis_tyrrelliae	1.66928901325	Obese48H	2.06980982107	0.0430359759234	328.pdf
k__Bacteria.p__Firmicutes.c__Clostridia.o__Clostridiales.f__Ruminococcaceae.g__Ruminiclostridium.s__sp34909	3.4421583657	Obese0H	3.00038561357	7.33353039116e-05	329.pdf
k__Bacteria.p__Firmicutes.c__Clostridia.o__Clostridiales.f__Peptostreptococcaceae.g__Asaccharospora_Intestinibacter	1.11425581447			-	
k__Bacteria.p__Firmicutes.c__Clostridia.o__Clostridiales.f__Lachnospiraceae.g__Blautia.s__sp32026	0.470269760024			-	
k__Bacteria.p__Firmicutes.c__Clostridia.o__Clostridiales.f__Lachnospiraceae.g__Blautia.s__sp32020	3.38399374919			-	
k__Bacteria.p__Firmicutes.c__Clostridia.o__Clostridiales.f__Peptostreptococcaceae.g__Paeniclostridium	3.22182834234	Obese48H	2.86285902337	0.00815944518054	330.pdf
