"Analyte","n","Mean Change","SD Change","SEM Change","t-statistic","P-value","Adjusted P-value","Significance"
"5aminovalerate",24,0.8375,0.499410522081,0.101941745939617,8.21547632209552,2.71036841359153e-08,3.38796051698942e-08,"***"
"acetate",24,32.2448958333333,5.76508661079622,1.17679337661683,27.4006435403591,4.60308440748523e-19,2.30154220374261e-18,"***"
"butyrate",24,6.53447916666667,2.60486490711701,0.531715822609914,12.2894201917715,1.37159180380079e-11,2.51552867551751e-11,"***"
"propionate",24,5.07864583333333,2.03419623844496,0.415228568406588,12.2309643886554,1.50931720531051e-11,2.51552867551751e-11,"***"
"succinate",24,1.3409375,1.4894806529422,0.304038965121326,4.41041331483582,0.000202404799453847,0.000202404799453847,"***"
