"analyte","n","mean_change","sd_change","sem_change","t_stat","p_value","p_adj","significance"
"5aminovalerate",52,0.795192307692308,0.623868357106282,0.0865149750263915,9.19138342754804,2.10796815739971e-12,2.63496019674964e-12,"***"
"acetate",52,30.5695192307692,10.9552807241403,1.51922409184578,20.121797300903,6.50053186160836e-26,3.25026593080418e-25,"***"
"butyrate",52,6.15336538461538,3.09346206858249,0.428986004114503,14.3439770192898,1.55825881755582e-19,3.89564704388955e-19,"***"
"propionate",52,4.71865384615385,2.57221296258433,0.356701758769652,13.2285690500366,4.09942291670828e-18,6.83237152784713e-18,"***"
"succinate",52,1.26798076923077,1.69203128291649,0.234642521163251,5.40388316211698,1.73145817256254e-06,1.73145817256254e-06,"***"
