"analyte",".y.","group1","group2","n1","n2","statistic","df","p","p.adj","p.adj.signif"
"5aminovalerate","delta_48h_0h","control","case",48,46,0.354414732448955,82.6540228511509,0.724,0.724,"ns"
"acetate","delta_48h_0h","control","case",48,46,-1.33665148154395,75.1760389493419,0.185,0.5425,"ns"
"butyrate","delta_48h_0h","control","case",48,46,0.369894956070609,86.0519503598963,0.712,0.724,"ns"
"propionate","delta_48h_0h","control","case",48,46,-1.24366727703244,91.2871121083731,0.217,0.5425,"ns"
"succinate","delta_48h_0h","control","case",48,46,0.808791963690064,90.2736990643768,0.421,0.701666666666667,"ns"
